{
	"format_version": "1.20.60",
	"minecraft:item": {
		"description": {
			"identifier": "goe_spa:ice_cream",
			"menu_category": {
				"category": "equipment",
				"group": "itemGroup.name.miscFood"
			}
		},
		"components": {
			"minecraft:icon": "goe_spa_ice_cream",
			"minecraft:display_name": { "value": "Ice Cream" },
			"minecraft:max_stack_size": 64,
			"minecraft:use_animation": "eat",
			"minecraft:use_modifiers": { "use_duration": 2 },
			"minecraft:food": { "nutrition": 6 }
		}
	}
}