{
	"format_version": "1.10.0",
	"render_controllers": {
        
		"controller.render.mbl_roads.red_book": {
			"geometry": "Geometry.default",
			"materials": [{ "*": "Material.default" }],
            "arrays": {
                "textures": {
                    "Array.skins": [
                        "Texture.default",
                        "Texture.page_02",
                        "Texture.page_03",
                        "Texture.page_04",
                        "Texture.page_05",
                        "Texture.page_06",
                        "Texture.page_07",
                        "Texture.page_08",
                        "Texture.page_09",
                        "Texture.page_10"
                    ]
                }
            },
            "textures": ["Array.skins[query.variant]"],
			"is_hurt_color": {},
			"on_fire_color": {}
		}
	}
}
