{
  "format_version": "1.12.0",
  "minecraft:geometry": [
    {
      "description": {
        "identifier": "geometry.tdc_box_head",
        "texture_width": 128,
        "texture_height": 128,
        "visible_bounds_width": 2,
        "visible_bounds_height": 3.5,
        "visible_bounds_offset": [
          0,
          1.25,
          0
        ]
      },
      "bones": [
        {
          "name": "head",
          "pivot": [
            0,
            24,
            0
          ]
        },
        {
          "name": "bone",
          "parent": "head",
          "pivot": [
            0,
            31.3,
            1
          ],
          "rotation": [
            -160,
            0,
            180
          ],
          "cubes": [
            {
              "origin": [
                -5.25,
                33.45,
                -4.25
              ],
              "size": [
                10.5,
                0.1,
                11.5
              ],
              "uv": {
                "north": {
                  "uv": [
                    118,
                    128
                  ],
                  "uv_size": [
                    10,
                    0
                  ]
                },
                "east": {
                  "uv": [
                    117,
                    128
                  ],
                  "uv_size": [
                    11,
                    0
                  ]
                },
                "south": {
                  "uv": [
                    118,
                    128
                  ],
                  "uv_size": [
                    10,
                    0
                  ]
                },
                "west": {
                  "uv": [
                    117,
                    128
                  ],
                  "uv_size": [
                    11,
                    0
                  ]
                },
                "up": {
                  "uv": [
                    11,
                    0
                  ],
                  "uv_size": [
                    10,
                    11
                  ]
                },
                "down": {
                  "uv": [
                    21,
                    11
                  ],
                  "uv_size": [
                    10,
                    -11
                  ]
                }
              }
            },
            {
              "origin": [
                -7.65,
                25.45,
                -4.25
              ],
              "size": [
                2,
                0.1,
                11.5
              ],
              "pivot": [
                -6.25,
                25.55,
                1.5
              ],
              "rotation": [
                0,
                0,
                -12.5
              ],
              "uv": {
                "north": {
                  "uv": [
                    126,
                    128
                  ],
                  "uv_size": [
                    2,
                    0
                  ]
                },
                "east": {
                  "uv": [
                    117,
                    128
                  ],
                  "uv_size": [
                    11,
                    0
                  ]
                },
                "south": {
                  "uv": [
                    126,
                    128
                  ],
                  "uv_size": [
                    2,
                    0
                  ]
                },
                "west": {
                  "uv": [
                    117,
                    128
                  ],
                  "uv_size": [
                    11,
                    0
                  ]
                },
                "up": {
                  "uv": [
                    11,
                    22
                  ],
                  "uv_size": [
                    2,
                    11
                  ]
                },
                "down": {
                  "uv": [
                    13,
                    33
                  ],
                  "uv_size": [
                    2,
                    -11
                  ]
                }
              }
            },
            {
              "origin": [
                5.55,
                25.1,
                -4.25
              ],
              "size": [
                2,
                0.2,
                11.5
              ],
              "pivot": [
                6.15,
                25.3,
                1.5
              ],
              "rotation": [
                0,
                0,
                22.5
              ],
              "uv": {
                "north": {
                  "uv": [
                    126,
                    128
                  ],
                  "uv_size": [
                    2,
                    0
                  ]
                },
                "east": {
                  "uv": [
                    117,
                    128
                  ],
                  "uv_size": [
                    11,
                    0
                  ]
                },
                "south": {
                  "uv": [
                    126,
                    128
                  ],
                  "uv_size": [
                    2,
                    0
                  ]
                },
                "west": {
                  "uv": [
                    117,
                    128
                  ],
                  "uv_size": [
                    11,
                    0
                  ]
                },
                "up": {
                  "uv": [
                    11,
                    11
                  ],
                  "uv_size": [
                    2,
                    11
                  ]
                },
                "down": {
                  "uv": [
                    13,
                    22
                  ],
                  "uv_size": [
                    2,
                    -11
                  ]
                }
              }
            },
            {
              "origin": [
                -5.25,
                27.97968,
                7.11108
              ],
              "size": [
                10.5,
                0.1,
                1.5
              ],
              "pivot": [
                0,
                28.07968,
                7.86108
              ],
              "rotation": [
                -25,
                0,
                0
              ],
              "uv": {
                "north": {
                  "uv": [
                    118,
                    128
                  ],
                  "uv_size": [
                    10,
                    0
                  ]
                },
                "east": {
                  "uv": [
                    127,
                    128
                  ],
                  "uv_size": [
                    1,
                    0
                  ]
                },
                "south": {
                  "uv": [
                    118,
                    128
                  ],
                  "uv_size": [
                    10,
                    0
                  ]
                },
                "west": {
                  "uv": [
                    127,
                    128
                  ],
                  "uv_size": [
                    1,
                    0
                  ]
                },
                "up": {
                  "uv": [
                    1,
                    40
                  ],
                  "uv_size": [
                    10,
                    1
                  ]
                },
                "down": {
                  "uv": [
                    11,
                    41
                  ],
                  "uv_size": [
                    10,
                    -1
                  ]
                }
              }
            },
            {
              "origin": [
                -5.25,
                28.13766,
                8.42402
              ],
              "size": [
                10.5,
                0.1,
                2
              ],
              "pivot": [
                0,
                28.23766,
                9.42402
              ],
              "rotation": [
                25,
                0,
                0
              ],
              "uv": {
                "north": {
                  "uv": [
                    118,
                    128
                  ],
                  "uv_size": [
                    10,
                    0
                  ]
                },
                "east": {
                  "uv": [
                    126,
                    128
                  ],
                  "uv_size": [
                    2,
                    0
                  ]
                },
                "south": {
                  "uv": [
                    118,
                    128
                  ],
                  "uv_size": [
                    10,
                    0
                  ]
                },
                "west": {
                  "uv": [
                    126,
                    128
                  ],
                  "uv_size": [
                    2,
                    0
                  ]
                },
                "up": {
                  "uv": [
                    2,
                    33
                  ],
                  "uv_size": [
                    10,
                    2
                  ]
                },
                "down": {
                  "uv": [
                    12,
                    35
                  ],
                  "uv_size": [
                    10,
                    -2
                  ]
                }
              }
            },
            {
              "origin": [
                -5.25,
                26.3,
                -4.25
              ],
              "size": [
                0.1,
                2,
                11.5
              ],
              "uv": {
                "north": {
                  "uv": [
                    128,
                    126
                  ],
                  "uv_size": [
                    0,
                    2
                  ]
                },
                "east": {
                  "uv": [
                    56,
                    40
                  ],
                  "uv_size": [
                    11,
                    2
                  ]
                },
                "south": {
                  "uv": [
                    128,
                    113.25
                  ],
                  "uv_size": [
                    0,
                    2
                  ]
                },
                "west": {
                  "uv": [
                    56,
                    42
                  ],
                  "uv_size": [
                    11,
                    2
                  ]
                },
                "up": {
                  "uv": [
                    128,
                    117
                  ],
                  "uv_size": [
                    0,
                    11
                  ]
                },
                "down": {
                  "uv": [
                    128,
                    128
                  ],
                  "uv_size": [
                    0,
                    -11
                  ]
                }
              }
            },
            {
              "origin": [
                -5.25,
                28.3,
                -4.25
              ],
              "size": [
                0.1,
                5.25,
                11.5
              ],
              "uv": {
                "north": {
                  "uv": [
                    128,
                    123
                  ],
                  "uv_size": [
                    0,
                    5
                  ]
                },
                "east": {
                  "uv": [
                    48,
                    18
                  ],
                  "uv_size": [
                    11,
                    5
                  ]
                },
                "south": {
                  "uv": [
                    128,
                    123
                  ],
                  "uv_size": [
                    0,
                    5
                  ]
                },
                "west": {
                  "uv": [
                    48,
                    23
                  ],
                  "uv_size": [
                    11,
                    5
                  ]
                },
                "up": {
                  "uv": [
                    128,
                    117
                  ],
                  "uv_size": [
                    0,
                    11
                  ]
                },
                "down": {
                  "uv": [
                    128,
                    128
                  ],
                  "uv_size": [
                    0,
                    -11
                  ]
                }
              }
            },
            {
              "origin": [
                -5.5,
                25.75,
                -4.25
              ],
              "size": [
                0.1,
                1,
                11.5
              ],
              "pivot": [
                -5.75,
                26.05,
                1.5
              ],
              "rotation": [
                0,
                0,
                25
              ],
              "uv": {
                "north": {
                  "uv": [
                    128,
                    127
                  ],
                  "uv_size": [
                    0,
                    1
                  ]
                },
                "east": {
                  "uv": [
                    26,
                    34
                  ],
                  "uv_size": [
                    11,
                    1
                  ]
                },
                "south": {
                  "uv": [
                    128,
                    127
                  ],
                  "uv_size": [
                    0,
                    1
                  ]
                },
                "west": {
                  "uv": [
                    37,
                    34
                  ],
                  "uv_size": [
                    11,
                    1
                  ]
                },
                "up": {
                  "uv": [
                    128,
                    117
                  ],
                  "uv_size": [
                    0,
                    11
                  ]
                },
                "down": {
                  "uv": [
                    128,
                    128
                  ],
                  "uv_size": [
                    0,
                    -11
                  ]
                }
              }
            },
            {
              "origin": [
                -5.25,
                28.3,
                -4.25
              ],
              "size": [
                10.5,
                5.25,
                0.1
              ],
              "uv": {
                "north": {
                  "uv": [
                    0,
                    35
                  ],
                  "uv_size": [
                    10,
                    5
                  ]
                },
                "east": {
                  "uv": [
                    128,
                    123
                  ],
                  "uv_size": [
                    0,
                    5
                  ]
                },
                "south": {
                  "uv": [
                    10,
                    35
                  ],
                  "uv_size": [
                    10,
                    5
                  ]
                },
                "west": {
                  "uv": [
                    128,
                    123
                  ],
                  "uv_size": [
                    0,
                    5
                  ]
                },
                "up": {
                  "uv": [
                    118,
                    128
                  ],
                  "uv_size": [
                    10,
                    0
                  ]
                },
                "down": {
                  "uv": [
                    118,
                    128
                  ],
                  "uv_size": [
                    10,
                    0
                  ]
                }
              }
            },
            {
              "origin": [
                -5.25,
                28.3,
                7.15
              ],
              "size": [
                10.5,
                5.25,
                0.1
              ],
              "uv": {
                "north": {
                  "uv": [
                    20,
                    35
                  ],
                  "uv_size": [
                    10,
                    5
                  ]
                },
                "east": {
                  "uv": [
                    128,
                    123
                  ],
                  "uv_size": [
                    0,
                    5
                  ]
                },
                "south": {
                  "uv": [
                    30,
                    35
                  ],
                  "uv_size": [
                    10,
                    5
                  ]
                },
                "west": {
                  "uv": [
                    121.125,
                    111
                  ],
                  "uv_size": [
                    0,
                    5
                  ]
                },
                "up": {
                  "uv": [
                    118,
                    118.75
                  ],
                  "uv_size": [
                    10,
                    0
                  ]
                },
                "down": {
                  "uv": [
                    118,
                    128
                  ],
                  "uv_size": [
                    10,
                    0
                  ]
                }
              }
            },
            {
              "origin": [
                -5.25,
                24.3,
                -4.65
              ],
              "size": [
                10.5,
                3.7,
                0.1
              ],
              "pivot": [
                0,
                27.8,
                -4.15
              ],
              "rotation": [
                -70,
                0,
                0
              ],
              "uv": {
                "north": {
                  "uv": [
                    22,
                    40
                  ],
                  "uv_size": [
                    10,
                    3
                  ]
                },
                "east": {
                  "uv": [
                    128,
                    125
                  ],
                  "uv_size": [
                    0,
                    3
                  ]
                },
                "south": {
                  "uv": [
                    32,
                    40
                  ],
                  "uv_size": [
                    10,
                    3
                  ]
                },
                "west": {
                  "uv": [
                    128,
                    125
                  ],
                  "uv_size": [
                    0,
                    3
                  ]
                },
                "up": {
                  "uv": [
                    118,
                    128
                  ],
                  "uv_size": [
                    10,
                    0
                  ]
                },
                "down": {
                  "uv": [
                    118,
                    128
                  ],
                  "uv_size": [
                    10,
                    0
                  ]
                }
              }
            },
            {
              "origin": [
                5.15,
                26.3,
                -4.25
              ],
              "size": [
                0.1,
                2,
                11.5
              ],
              "uv": {
                "north": {
                  "uv": [
                    128,
                    126
                  ],
                  "uv_size": [
                    0,
                    2
                  ]
                },
                "east": {
                  "uv": [
                    56,
                    44
                  ],
                  "uv_size": [
                    11,
                    2
                  ]
                },
                "south": {
                  "uv": [
                    128,
                    126
                  ],
                  "uv_size": [
                    0,
                    2
                  ]
                },
                "west": {
                  "uv": [
                    56,
                    46
                  ],
                  "uv_size": [
                    11,
                    2
                  ]
                },
                "up": {
                  "uv": [
                    128,
                    117
                  ],
                  "uv_size": [
                    0,
                    11
                  ]
                },
                "down": {
                  "uv": [
                    128,
                    128
                  ],
                  "uv_size": [
                    0,
                    -11
                  ]
                }
              }
            },
            {
              "origin": [
                5.15,
                28.3,
                -4.25
              ],
              "size": [
                0.1,
                5.25,
                11.5
              ],
              "uv": {
                "north": {
                  "uv": [
                    128,
                    123
                  ],
                  "uv_size": [
                    0,
                    5
                  ]
                },
                "east": {
                  "uv": [
                    48,
                    8
                  ],
                  "uv_size": [
                    11,
                    5
                  ]
                },
                "south": {
                  "uv": [
                    128,
                    123
                  ],
                  "uv_size": [
                    0,
                    5
                  ]
                },
                "west": {
                  "uv": [
                    48,
                    13
                  ],
                  "uv_size": [
                    11,
                    5
                  ]
                },
                "up": {
                  "uv": [
                    128,
                    117
                  ],
                  "uv_size": [
                    0,
                    11
                  ]
                },
                "down": {
                  "uv": [
                    128,
                    128
                  ],
                  "uv_size": [
                    0,
                    -11
                  ]
                }
              }
            },
            {
              "origin": [
                5.35,
                28.3,
                0
              ],
              "size": [
                0,
                5.35,
                2
              ],
              "uv": {
                "north": {
                  "uv": [
                    128,
                    123
                  ],
                  "uv_size": [
                    0,
                    5
                  ]
                },
                "east": {
                  "uv": [
                    126,
                    123
                  ],
                  "uv_size": [
                    2,
                    5
                  ]
                },
                "south": {
                  "uv": [
                    128,
                    123
                  ],
                  "uv_size": [
                    0,
                    5
                  ]
                },
                "west": {
                  "uv": [
                    48,
                    28
                  ],
                  "uv_size": [
                    2,
                    5
                  ]
                },
                "up": {
                  "uv": [
                    128,
                    126
                  ],
                  "uv_size": [
                    0,
                    2
                  ]
                },
                "down": {
                  "uv": [
                    128,
                    128
                  ],
                  "uv_size": [
                    0,
                    -2
                  ]
                }
              }
            },
            {
              "origin": [
                -5.3,
                33.65,
                0
              ],
              "size": [
                10.65,
                0,
                2
              ],
              "uv": {
                "north": {
                  "uv": [
                    118,
                    128
                  ],
                  "uv_size": [
                    10,
                    0
                  ]
                },
                "east": {
                  "uv": [
                    126,
                    128
                  ],
                  "uv_size": [
                    2,
                    0
                  ]
                },
                "south": {
                  "uv": [
                    118,
                    128
                  ],
                  "uv_size": [
                    10,
                    0
                  ]
                },
                "west": {
                  "uv": [
                    126,
                    128
                  ],
                  "uv_size": [
                    2,
                    0
                  ]
                },
                "up": {
                  "uv": [
                    56,
                    48
                  ],
                  "uv_size": [
                    10,
                    2
                  ]
                },
                "down": {
                  "uv": [
                    98.5,
                    95.5
                  ],
                  "uv_size": [
                    10,
                    21.5
                  ]
                }
              }
            },
            {
              "origin": [
                -5.35,
                28.3,
                0
              ],
              "size": [
                0,
                5.35,
                2
              ],
              "uv": {
                "north": {
                  "uv": [
                    128,
                    123
                  ],
                  "uv_size": [
                    0,
                    5
                  ]
                },
                "east": {
                  "uv": [
                    59,
                    12
                  ],
                  "uv_size": [
                    2,
                    5
                  ]
                },
                "south": {
                  "uv": [
                    128,
                    123
                  ],
                  "uv_size": [
                    0,
                    5
                  ]
                },
                "west": {
                  "uv": [
                    126,
                    123
                  ],
                  "uv_size": [
                    2,
                    5
                  ]
                },
                "up": {
                  "uv": [
                    128,
                    126
                  ],
                  "uv_size": [
                    0,
                    2
                  ]
                },
                "down": {
                  "uv": [
                    128,
                    128
                  ],
                  "uv_size": [
                    0,
                    -2
                  ]
                }
              }
            },
            {
              "origin": [
                5.65,
                25.5,
                -4.25
              ],
              "size": [
                0.1,
                1,
                11.5
              ],
              "pivot": [
                5.75,
                25.3,
                1.5
              ],
              "rotation": [
                0,
                0,
                -25
              ],
              "uv": {
                "north": {
                  "uv": [
                    128,
                    127
                  ],
                  "uv_size": [
                    0,
                    1
                  ]
                },
                "east": {
                  "uv": [
                    117,
                    127
                  ],
                  "uv_size": [
                    11,
                    1
                  ]
                },
                "south": {
                  "uv": [
                    128,
                    127
                  ],
                  "uv_size": [
                    0,
                    1
                  ]
                },
                "west": {
                  "uv": [
                    37,
                    22
                  ],
                  "uv_size": [
                    11,
                    1
                  ]
                },
                "up": {
                  "uv": [
                    128,
                    117
                  ],
                  "uv_size": [
                    0,
                    11
                  ]
                },
                "down": {
                  "uv": [
                    128,
                    128
                  ],
                  "uv_size": [
                    0,
                    -11
                  ]
                }
              }
            }
          ]
        }
      ]
    }
  ]
}