{
  "format_version": "1.21.0",
  "minecraft:recipe_shaped": {
    "description": {
      "identifier": "goe_spa:brown_smartphone"
    },
    "tags": [ "crafting_table"],
    "pattern": [
      "PPP",
      "PTP",
      "PAP"
    ],
    "key": {
		"P": { "item": "minecraft:brown_dye" },
	    "T": { "item": "minecraft:redstone_block" },
	    "A": { "item": "goe_spa:battery" }
  },
    "unlock": {
      "context": "PlayerInWater"
    },
    "result": { "item": "goe_spa:brown_smartphone"}
  }
}