{
  "resource_pack_name": "vanilla",
  "texture_data": {
    //Phones
    "goe_spa_iron_smartphone": { "textures": "textures/goe/spa/items/phones/iron" },
    "goe_spa_gold_smartphone": { "textures": "textures/goe/spa/items/phones/gold" },
    "goe_spa_diamond_smartphone": { "textures": "textures/goe/spa/items/phones/diamond" },
    "goe_spa_black_smartphone": { "textures": "textures/goe/spa/items/phones/black" },
    "goe_spa_blue_smartphone": { "textures": "textures/goe/spa/items/phones/blue" },
    "goe_spa_brown_smartphone": { "textures": "textures/goe/spa/items/phones/brown" },
    "goe_spa_cyan_smartphone": { "textures": "textures/goe/spa/items/phones/cyan" },
    "goe_spa_dark_gray_smartphone": { "textures": "textures/goe/spa/items/phones/dark_gray" },
    "goe_spa_emerald_smartphone": { "textures": "textures/goe/spa/items/phones/emerald" },
    "goe_spa_green_smartphone": { "textures": "textures/goe/spa/items/phones/green" },
    "goe_spa_light_blue_smartphone": { "textures": "textures/goe/spa/items/phones/light_blue" },
    "goe_spa_light_gray_smartphone": { "textures": "textures/goe/spa/items/phones/light_gray" },
    "goe_spa_lime_smartphone": { "textures": "textures/goe/spa/items/phones/lime" },
    "goe_spa_magenta_smartphone": { "textures": "textures/goe/spa/items/phones/magenta" },
    "goe_spa_netherite_smartphone": { "textures": "textures/goe/spa/items/phones/netherite" },
    "goe_spa_orange_smartphone": { "textures": "textures/goe/spa/items/phones/orange" },
    "goe_spa_pink_smartphone": { "textures": "textures/goe/spa/items/phones/pink" },
    "goe_spa_purple_smartphone": { "textures": "textures/goe/spa/items/phones/purple" },
    "goe_spa_red_smartphone": { "textures": "textures/goe/spa/items/phones/red" },
    "goe_spa_white_smartphone": { "textures": "textures/goe/spa/items/phones/white" },
    "goe_spa_yellow_smartphone": { "textures": "textures/goe/spa/items/phones/yellow" },

    "goe_spa_satellite_hud": { "textures": "textures/goe/spa/ui/satellite_view" },

    "goe_spa_battery": { "textures": "textures/goe/spa/items/battery" },
    "goe_spa_delivery_package" : {"textures": "textures/goe/spa/items/delivery_package"},

    "goe_spa_bannana" : {"textures": "textures/goe/spa/items/food/bannana"},
    "goe_spa_choco_bar" : {"textures": "textures/goe/spa/items/food/choco_bar"},
    "goe_spa_coffee" : {"textures": "textures/goe/spa/items/food/coffee"},
    "goe_spa_hamburger" : {"textures": "textures/goe/spa/items/food/hamburger"},
    "goe_spa_ice_cream" : {"textures": "textures/goe/spa/items/food/ice_cream"},
    "goe_spa_milkshake" : {"textures": "textures/goe/spa/items/food/milkshake"},
    "goe_spa_pineapple" : {"textures": "textures/goe/spa/items/food/pineapple"},
    "goe_spa_pizza" : {"textures": "textures/goe/spa/items/food/pizza"},
    "goe_spa_strawberry" : {"textures": "textures/goe/spa/items/food/strawberry"},
    "goe_spa_strawberry_shake" : {"textures": "textures/goe/spa/items/food/strawberry_shake"},

    "goe_spa_animal_barn": { "textures": "textures/goe/spa/items/builds/animal_barn" },
    "goe_spa_crop_farm": { "textures": "textures/goe/spa/items/builds/crop_farm" },
    "goe_spa_starter_house": { "textures": "textures/goe/spa/items/builds/starter_house" },
    "goe_spa_townhouse": { "textures": "textures/goe/spa/items/builds/townhouse" },
    "goe_spa_underground_bunker": { "textures": "textures/goe/spa/items/builds/underground_bunker" },
    "goe_spa_villager_statue": { "textures": "textures/goe/spa/items/builds/villager_statue" },
    "goe_spa_village_well": { "textures": "textures/goe/spa/items/builds/village_well" },
    "goe_spa_watchtower": { "textures": "textures/goe/spa/items/builds/watchtower" },
    "goe_spa_windmill": { "textures": "textures/goe/spa/items/builds/windmill" },
    "goe_spa_tree_house": { "textures": "textures/goe/spa/items/builds/tree_house" }
  }
}
