{
  "format_version": "1.21.60",
  "minecraft:crafting_items_catalog": {
    "categories": [
      {
        "category_name": "equipment",
        "groups": [
          {
            "group_identifier": {
              "icon": "seal:high_school_black_coat",
              "name": "pa:itemGroup.name.highSchoolCoatPack"
            },
            "items": [
              "seal:high_school_black_coat",
              "seal:high_school_white_coat",
              "seal:high_school_red_coat",
              "seal:high_school_grey_coat",
              "seal:high_school_bronze_coat"
            ]
          }
        ]
      }
    ]
  }
}