{
    "format_version": "1.12",
    "minecraft:recipe_shaped": {
        "description": {
            "identifier": "farmersdelight:beetroot_crate"
        },
        "tags": [
            "crafting_table"
        ],
        "pattern": [
            "WWW",
            "WWW",
            "WWW"
        ],
        "key": {
            "W": {
                "item": "minecraft:beetroot"
            }
        },
        "result": {
            "item": "farmersdelight:beetroot_crate"
        }
    }
}