{
    "format_version": "1.10.0",
    "animation_controllers": {
        "controller.animation.goe_spa.food": {
            "states": {
                "default": {
                    "animations": [ "hold.fp" ],
                    "transitions": [{ "eat": "q.is_using_item" }]
                },
                "eat": {
                    "animations": [ "hold.fp", "eat" ],
                    "transitions": [{ "default": "!q.is_using_item || q.all_animations_finished" }]
                }
            }
        }
    }
}