{
    "format_version": "1.12",
    "minecraft:recipe_shaped": {
        "description": {
            "identifier": "farmersdelight:bamboo_cabinet"
        },
        "tags": [
            "crafting_table"
        ],
        "pattern": [
            "WWW",
            "# #",
            "WWW"
        ],
        "key": {
            "#": {
                "item": "minecraft:bamboo_trapdoor"
            },
            "W": {
                "item": "minecraft:bamboo_slab"
            }
        },
        "result": {
            "item": "farmersdelight:bamboo_cabinet"
        }
    }
}