{
	"format_version": "1.20.20",
	"minecraft:block": {
		"description": {
			"identifier": "mbl_road:construction_sign",
			"menu_category": {
				"category": "construction"
			},
			"traits": {
				"minecraft:placement_direction": {
					"enabled_states": ["minecraft:cardinal_direction"],
					"y_rotation_offset": 180
				}
			}
		},
		"components": {
			"minecraft:collision_box": {
				"origin": [-8, 0, -4],
				"size": [16, 16, 4]
			},
			"minecraft:selection_box": {
				"origin": [-8, 0, -4],
				"size": [16, 16, 4]
			},
			"minecraft:destructible_by_mining": {
				"seconds_to_destroy": 1
			},
			"minecraft:destructible_by_explosion": {
				"explosion_resistance": 30
			},
			"minecraft:geometry": "geometry.mbl_roads.construction_sign",
			"minecraft:material_instances": {
				"*": {
					"texture": "mbl_roads:construction_sign",
					"render_method": "alpha_test"
				}
			},
			"minecraft:light_emission": 1,
			"minecraft:map_color": "#a2a2a2"
		},
		"permutations": [
			{
				"condition": "q.block_state('minecraft:cardinal_direction') == 'north' ",
				"components": {
					"minecraft:transformation": {
						"rotation": [0, 0, 0]
					}
				}
			},
			{
				"condition": "q.block_state('minecraft:cardinal_direction') == 'south' ",
				"components": {
					"minecraft:transformation": {
						"rotation": [0, 180, 0]
					}
				}
			},
			{
				"condition": "q.block_state('minecraft:cardinal_direction') == 'east' ",
				"components": {
					"minecraft:transformation": {
						"rotation": [0, 270, 0]
					}
				}
			},
			{
				"condition": "q.block_state('minecraft:cardinal_direction') == 'west' ",
				"components": {
					"minecraft:transformation": {
						"rotation": [0, 90, 0]
					}
				}
			}
		]
	}
}