{"version":1,"content":[{"path":"animation_controllers/mbl_roads_rider_controllers.json","key":"gO1p15dAl5Yytu8XELogK6H8zRo0ltcT"},{"path":"blocks/mbl_road_ahead_sign.block.json","key":"lP95MAxsJeqSpHyAYZqN2Lizjiey7sO0"},{"path":"blocks/mbl_road_andesite_brick.block.json","key":"pI9HULqn7TctFfVe7MA9coG5t26IN2OO"},{"path":"blocks/mbl_road_base_metal_pole.block.json","key":"cK2nAjzoaJgp8g1ISsetLpRgytWkh9Fe"},{"path":"blocks/mbl_road_bike_sign.block.json","key":"tS2pUhqOK7TvmeTEQ1hd6XOgnufjpeW0"},{"path":"blocks/mbl_road_black_dustbin.block.json","key":"fY2kKw13bUjlLBv6a0LQI7c6Yewcwsxd"},{"path":"blocks/mbl_road_brown_dustbin.block.json","key":"fE8OGZLF9Hao9rp9scOXIiGVg6pLeJqv"},{"path":"blocks/mbl_road_construction_sign.json","key":"yV8cmdTq3vVumIIqzKtwl0SO6Al2ggRs"},{"path":"blocks/mbl_road_dark_asphalt.block.json","key":"iG9vm0Ve11L0A4XacoyyElS4hZHcMqxZ"},{"path":"blocks/mbl_road_dark_asphalt_curb.block.json","key":"rI8FkIH1qnwLqYRmrtCEKMp8ZLLG38hL"},{"path":"blocks/mbl_road_dark_asphalt_curb_corner.block.json","key":"nT3TjNGqeSiqPawP18d1SCNZaiYCVZFw"},{"path":"blocks/mbl_road_dark_asphalt_drain.block.json","key":"dX2lWO7FX2LKcZSCJzNTkvYqnHKmcBvO"},{"path":"blocks/mbl_road_dark_asphalt_half.block.json","key":"pO7zyuNjFA7K5zKHqzGWT1V2uEFLu5HQ"},{"path":"blocks/mbl_road_dark_asphalt_manhole_cover.block.json","key":"jX8Nz6CE1LXkwenoR7N433zj2MWOouFy"},{"path":"blocks/mbl_road_dark_asphalt_pot_hole.block.json","key":"xL50ZtCKWUPjPIx60opcs0goHc9QOtjS"},{"path":"blocks/mbl_road_dead_end_sign.block.json","key":"vO5dGmToHlBHEv4ZkCJIU7tHpd3kkE9g"},{"path":"blocks/mbl_road_diorite_brick.block.json","key":"hT6fdvKUzXtXt4tT903thumvRF03Rxw9"},{"path":"blocks/mbl_road_fire_hydrant.block.json","key":"rW3xcAk0mBmUuwK6mP3d0XOi4NqGWk5R"},{"path":"blocks/mbl_road_for_sale_sign.block.json","key":"sV1ZnqHou3PojsCdbPNWSP36ISSCZmh5"},{"path":"blocks/mbl_road_granite_brick.block.json","key":"jV3SpATgVFshG7dsJB3tYgqz1OOaJhuw"},{"path":"blocks/mbl_road_green_dustbin.block.json","key":"lB0CP9AmOA7g572mSboZICFxes8xq4o2"},{"path":"blocks/mbl_road_grey_dustbin.block.json","key":"yP0aflsVFq5Ys9Krv3PCPayuunzVspMU"},{"path":"blocks/mbl_road_g_r_m_curved_w_line.block.json","key":"mO8YOYZSBi60opoGXvI598nV3X7lo3tt"},{"path":"blocks/mbl_road_g_r_m_curved_y_double_line.block.json","key":"wP21V4nbk49k0siwqKbZ44H1xzWBhgNX"},{"path":"blocks/mbl_road_g_r_m_curved_y_line.block.json","key":"iO84zRB7rrXPdLyV9IBaAt6AoTCs7mYz"},{"path":"blocks/mbl_road_g_r_m_diagonal_double_w_line.block.json","key":"dI2aTu8uaGELSHrQ8mRPJzojJcQfvlyC"},{"path":"blocks/mbl_road_g_r_m_diagonal_double_y_line.block.json","key":"hU6kRZuzQxfNm7nZKHrGrQP6657hcpCp"},{"path":"blocks/mbl_road_g_r_m_diagonal_w_line.block.json","key":"qJ4yAlbe3FTohozn59z6BJZN18jyq1pI"},{"path":"blocks/mbl_road_g_r_m_diagonal_y_line.block.json","key":"vR5ZvL0ZzWF0OewQG4cnfTgFgngSOAAL"},{"path":"blocks/mbl_road_g_r_m_w_arrow_head.block.json","key":"iH7gLt9SOFJxkTisf94qpWUFSJaLgS44"},{"path":"blocks/mbl_road_g_r_m_w_line.block.json","key":"mC5W34jGTWvk2tuuZwkQ9oWwcVJKor5r"},{"path":"blocks/mbl_road_g_r_m_y_arrow_head.block.json","key":"iV41i5aY8r88kEToGi0uEaijV0ZdTjZm"},{"path":"blocks/mbl_road_g_r_m_y_double_line.block.json","key":"sF5QqPjG6VgeAQzi1XH9pCWQHUOlwitc"},{"path":"blocks/mbl_road_g_r_m_y_line.block.json","key":"bC5OGrMVxBCOoOE7FpWLyUPo4t4zXeLS"},{"path":"blocks/mbl_road_g_r_m_zebra_crossing.block.json","key":"zO4RwHyUYh7fMKTGn0ajzPqi0sJUKOV6"},{"path":"blocks/mbl_road_light_asphalt.block.json","key":"iW9HRRi0ftb7J3WGjLGXLA6G1NvOijBN"},{"path":"blocks/mbl_road_light_asphalt_curb.block.json","key":"wP9CgX09AROXEBKk5tYugtTrya8ePUPK"},{"path":"blocks/mbl_road_light_asphalt_curb_corner.block.json","key":"mX2Csl3tKozICl0sVNIikK3wKT8QlWdA"},{"path":"blocks/mbl_road_light_asphalt_drain.block.json","key":"iL2UNEnktYNiC9k6lswor3nvQrT2exqQ"},{"path":"blocks/mbl_road_light_asphalt_half.block.json","key":"kO5fryyL7Kj6OfuyKt80HaESsAWTz54Z"},{"path":"blocks/mbl_road_light_asphalt_manhole_cover.block.json","key":"lN4xCfAwHjER2TCjHaIiXYvFnn737Lcq"},{"path":"blocks/mbl_road_light_asphalt_pot_hole.block.json","key":"tL2WGRaxnvItVsuxWbgxaZNjf54xQ4VL"},{"path":"blocks/mbl_road_l_g_r_m_curved_w_line.block.json","key":"hJ85HewKEETaQZ3jgRT1FLpRS0c4fPPi"},{"path":"blocks/mbl_road_l_g_r_m_curved_y_double_line.block.json","key":"oP1OvYyJMzedW3owpQ2F2tquCwBfksSG"},{"path":"blocks/mbl_road_l_g_r_m_curved_y_line.block.json","key":"lW0uO5qH90OffPnCiAKdfRCPJ5saoUgj"},{"path":"blocks/mbl_road_l_g_r_m_diagonal_w_line.block.json","key":"cN67w75y1FUQSk847lXjWWx9Op6uVNRa"},{"path":"blocks/mbl_road_l_g_r_m_diagonal_y_line.block.json","key":"bT9wbYLuBk46pwSpOibW8IeNMiPkjHtV"},{"path":"blocks/mbl_road_l_g_r_m_d_double_w_line.block.json","key":"uY7rkncUqwf9zA2kPpYmXnS8L9Ye5fid"},{"path":"blocks/mbl_road_l_g_r_m_d_double_y_line.block.json","key":"iB7fRUcbYFOzW7uYZQvZt5kFGlffFr33"},{"path":"blocks/mbl_road_l_g_r_m_w_arrow_head.block.json","key":"wX1TbO5JS0N8gAtpx1Ljk02bP1FZYno3"},{"path":"blocks/mbl_road_l_g_r_m_w_line.block.json","key":"mF9kRatmx2jtJCtWPsdEuqcGKa5fu892"},{"path":"blocks/mbl_road_l_g_r_m_y_arrow_head.block.json","key":"tQ6kXI4atJ0EyKpGgosvNIIlnHqXUaZH"},{"path":"blocks/mbl_road_l_g_r_m_y_double_line.block.json","key":"aB3roSyt7SxxMCoTohhp1W4qhZO1aJbj"},{"path":"blocks/mbl_road_l_g_r_m_y_line.block.json","key":"yJ88FC7YGoxGcQLrdK5VfAVzNuuSRpMY"},{"path":"blocks/mbl_road_l_g_r_m_zebra_crossing.block.json","key":"tF0lsOLxE8Nn1a1LlZzJBFY5did5nbpi"},{"path":"blocks/mbl_road_mail_box.block.json","key":"gM3aoxlygeKbXr2mKbWmcKFpX3CGtlPG"},{"path":"blocks/mbl_road_metal_pole.block.json","key":"aS7AN82c1X52YtmHu2ud1FbcMsS9v0oe"},{"path":"blocks/mbl_road_motorway_barrier.block.json","key":"nH1z5G2jh3lTWeBXKx1NHurdJvVJAK63"},{"path":"blocks/mbl_road_motorway_barrier_corner.block.json","key":"pS8b16u5XOnaOUsH8UIXwQ5wl8QmIvAy"},{"path":"blocks/mbl_road_no_fouling_sign.block.json","key":"aX24yzO5nbSR7Og0sVnL3S8zb8aO3GYN"},{"path":"blocks/mbl_road_no_parking_sign.block.json","key":"uX8q5F7T36KrymZ0Ma0lVlTCd1Zed8sy"},{"path":"blocks/mbl_road_no_u_turn_sign.block.json","key":"fK5gsVIyrxrQckuk70LW8wEkTKRtZtBE"},{"path":"blocks/mbl_road_parking_meter.block.json","key":"wA2zgv8Cva5HI0myQ4bt52B2bWXk7iXc"},{"path":"blocks/mbl_road_parking_sign.block.json","key":"fF7YXHHfWdWMhTr6iIPoAKfkYXCQt1oe"},{"path":"blocks/mbl_road_pedestrian_barrier.block.json","key":"uN1EPUo9Iuw30drxXXoMwPozxHnH4iJ3"},{"path":"blocks/mbl_road_pedestrian_green.block.json","key":"xS2RlLCal41bYfXh3XMmrApasVrJaxbW"},{"path":"blocks/mbl_road_pedestrian_red.block.json","key":"lS4c6gox81XwNIflOo2rXSZI85L6GnLQ"},{"path":"blocks/mbl_road_post_box.block.json","key":"rS7uFpk56YjWY0b13Yf125wQJHhEPas8"},{"path":"blocks/mbl_road_rail_crossing_sign.block.json","key":"bO1TQVRPWn4YqWEcpWffOLjMzOSHlwAk"},{"path":"blocks/mbl_road_safety_barrier.block.json","key":"zG9BEiru7U0SrcvxWAwUfoUNrCJHpNnM"},{"path":"blocks/mbl_road_slow_sign.block.json","key":"lF205tX50g1hyTvd5VAYaprvVq1ZiMnB"},{"path":"blocks/mbl_road_sold_sign.block.json","key":"kM1PrZOSaxgjOMVa67OkvgpQF8cCH1s1"},{"path":"blocks/mbl_road_speed_sign_30.block.json","key":"mB3KbclcvN3NdkMSlQAwLgMZaLnsb7Q4"},{"path":"blocks/mbl_road_speed_sign_50.block.json","key":"rS2koNvA5kiiH6tjlksC6HFMIoRBpTSl"},{"path":"blocks/mbl_road_speed_sign_60.block.json","key":"fI8VuseTS0VxIjQQ36Q3b8ptk3rrz8iH"},{"path":"blocks/mbl_road_stop_sign.block.json","key":"nI6bkZrhAr7qgvOv1UVXJG78dNrT6bBy"},{"path":"blocks/mbl_road_street_bin.block.json","key":"pW8OZJlnnouB2nl3jkYgdY7cvaoE4ikQ"},{"path":"blocks/mbl_road_street_lantern.block.json","key":"hA3nMRPZroaSfkdaXk5V4NCwGEJArtS0"},{"path":"blocks/mbl_road_street_light.block.json","key":"fH3kyebBNnST1Y6QRKfovYz0BPuBtcsA"},{"path":"blocks/mbl_road_traffic_cone.block.json","key":"mI2ppnYHKLjPhQ3Xksusaz6gKoogTYye"},{"path":"blocks/mbl_road_traffic_light.block.json","key":"qZ45JOPIJimwdurIp7CO0X53s4p3Tbz7"},{"path":"blocks/mbl_road_turn_left_sign.block.json","key":"lV8QTVrBFTa5kwzQesf4m3ai6Xrl6WKc"},{"path":"blocks/mbl_road_turn_right_sign.block.json","key":"eM4jWbycNj6BtTr3SEuEnUeuNwoaRfxi"},{"path":"blocks/mbl_road_walking_sign.block.json","key":"pH3yjkuuk6MKWYWN7BIMciPJ0nh677MH"},{"path":"entities/mbl_roads_bull_dozer.behavior.json","key":"eN64cGNI8zoktcBBWAnrlxLfynrOu3uE"},{"path":"entities/mbl_roads_dump_truck.behavior.json","key":"kJ0cWmB7ZT66saprQdnlNICiii8xK5jk"},{"path":"entities/mbl_roads_explainer_book.behavior.json","key":"jP85E1vyPrvN6vTJ1VSlEA065EKKH4tS"},{"path":"entities/mbl_roads_mixer_truck.behavior.json","key":"vK7jcINry6qTmh9NpZOj66b8dlbnlEQj"},{"path":"entities/mbl_roads_steam_roller.behavior.json","key":"cM5CU2jc8TJi7Qhq9SnKlhezJJOlRo6n"},{"path":"entities/mbl_roads_steam_roller_02.behavior.json","key":"hZ1mKiplXspOV8dZzt9yZAGXKUG9Sqss"},{"path":"items/mbl_roads_explainer_book.item.json","key":"jN5aQOMJRlFwOp1ReC66PowvYjrN2QoT"},{"path":"loot_tables/mobblocks/roads/entities/mbl_r_b_d.json","key":"rR2A9RqkIV0C2z3IpRyux1WYlBrpVSWC"},{"path":"loot_tables/mobblocks/roads/entities/mbl_r_d_t.json","key":"pQ88vvYZEKQ69KnJLH0bcjBeiFvV7Asf"},{"path":"loot_tables/mobblocks/roads/entities/mbl_r_e_b.json","key":"iJ4pgQvajIB8KLmxpwI33NlJpMzKG5N4"},{"path":"loot_tables/mobblocks/roads/entities/mbl_r_m_t.json","key":"vS4CpkrACHsFix9GW0ktAH89JPsPxcR2"},{"path":"loot_tables/mobblocks/roads/entities/mbl_r_s_r.json","key":"tZ3OeymuiZsO1XOrckvRmhnLMdcZzrg1"},{"path":"manifest.json"},{"path":"pack_icon.png"},{"path":"recipes/mobblocks/roads/ahead_sign.json","key":"mK09i6CPXtrUEZkZonMRggxuPtlVdRP4"},{"path":"recipes/mobblocks/roads/andesite_brick.json","key":"iC42LZJzpGhcJt2RRFcj2f0bursc22J7"},{"path":"recipes/mobblocks/roads/base_metal_pole.json","key":"dZ201LwC0ONTMmFBibZ8L8aMXdvnZjh3"},{"path":"recipes/mobblocks/roads/bike_sign.json","key":"sS0acow4wM6F7CzH3bYSQTzinuPNToKR"},{"path":"recipes/mobblocks/roads/black_dustbin.json","key":"aR1tAGswWbgtAX2OsHOhq8LgSMErKdrv"},{"path":"recipes/mobblocks/roads/brown_dustbin.json","key":"fK3i7uOWOk6AGuFo3gRvbaJYSxVUB4xX"},{"path":"recipes/mobblocks/roads/bull_dozer.json","key":"qQ8TX9Esp3sUuPsRViWZEKKj1MPljl8f"},{"path":"recipes/mobblocks/roads/concrete_mixer.json","key":"nW2SA3cnLOJivMrmV2hFnPBLFeqMk0eI"},{"path":"recipes/mobblocks/roads/dark_asphalt.json","key":"kW9WB3HgUb0Si5hbahNeXgXfCPLiZpnI"},{"path":"recipes/mobblocks/roads/dark_asphalt_curb.json","key":"aK9EEGHA962c7552wXNaVsJxMstq5oZX"},{"path":"recipes/mobblocks/roads/dark_asphalt_curb_corner.json","key":"iR0YQiZPElkj1fS1fivHmrCbHMGeWXVB"},{"path":"recipes/mobblocks/roads/dark_asphalt_drain.json","key":"iP7RynP64gSlrXnetWVSwr3dQhxusfBQ"},{"path":"recipes/mobblocks/roads/dark_asphalt_half.json","key":"tR4mGy5slLIkMG1ZrMfXdl16i0A9C8TM"},{"path":"recipes/mobblocks/roads/dark_manhole_cover.json","key":"uQ1OC8wMCM4mBS058euSR5qF3CPW83Ux"},{"path":"recipes/mobblocks/roads/dark_pot_hole.json","key":"qR7UHXn9pLq6uPVQvaHZrRRm7Cj4uRsE"},{"path":"recipes/mobblocks/roads/dead_end_sign.json","key":"pA8r96IaloKAlGAhQNcTAwOtuh5oLp9u"},{"path":"recipes/mobblocks/roads/diorite_brick.json","key":"sA2WZ4R3dxsIM2VQLP5k9vqSrNSK7wwy"},{"path":"recipes/mobblocks/roads/dump_truck.json","key":"lT2s2fLRAKgrOtrcREjP9nT4YniMm3wJ"},{"path":"recipes/mobblocks/roads/explainer_book.json","key":"xT3tj0RI7QJrfZlE7Wan2t3oMIS6HBNx"},{"path":"recipes/mobblocks/roads/fire_hydrant.json","key":"pY9HllafJyh2h0cMAfI96qwncI6zHSAH"},{"path":"recipes/mobblocks/roads/for_sale_sign.json","key":"vG74kYiubn8lg0dZ3ph7QnpjoNNfrFnL"},{"path":"recipes/mobblocks/roads/granite_brick.json","key":"mU4ifzhjZbWazH8NNOGG1Ys9VSzUMZOx"},{"path":"recipes/mobblocks/roads/green_dustbin.json","key":"nK8SMVquE6Cmhc7V30woOZgXu45gPBZn"},{"path":"recipes/mobblocks/roads/grey_dustbin.json","key":"rZ7WPAokhShZsYYdJ4BFhldJls0u76s5"},{"path":"recipes/mobblocks/roads/g_road_mark_curved_y_d_line.json","key":"dA8nJOHOzwwcmfgNF3rkHPkkzkAMjSwu"},{"path":"recipes/mobblocks/roads/g_road_mark_y_double_line.json","key":"gR02HzcpAVNxzps0C011TalqeLKg683A"},{"path":"recipes/mobblocks/roads/g_r_m_curved_w_line.json","key":"oS2aq8jU2Ukz3wHN4Jfwn20zWxfg4JPo"},{"path":"recipes/mobblocks/roads/g_r_m_curved_y_line.json","key":"tF1BCtIVPu3wf29ARP557NcOphfrsQJx"},{"path":"recipes/mobblocks/roads/g_r_m_diagonal_double_w_line.json","key":"fO2kg6zMdtjGdJlQ9FTzk4SBd8HRN759"},{"path":"recipes/mobblocks/roads/g_r_m_diagonal_double_y_line.json","key":"vS6UqlGaJ9wn5rR5eEQOxCh9KSkbVZMj"},{"path":"recipes/mobblocks/roads/g_r_m_diagonal_w_line.json","key":"gL5iH5zBIfFTEG9S31eyERy8izpKbrB6"},{"path":"recipes/mobblocks/roads/g_r_m_diagonal_y_line.json","key":"xE1kZzIJdi3uNgz94znzGhMsGLQpdg2y"},{"path":"recipes/mobblocks/roads/g_r_m_w_arrow_head.json","key":"pV2eA4GjriWOVMJBJyyuyAJdzRuLTa5j"},{"path":"recipes/mobblocks/roads/g_r_m_w_line.json","key":"zH6daAyC3IpKj4TGOOoimMe7WSmHXAmY"},{"path":"recipes/mobblocks/roads/g_r_m_y_arrow_head.json","key":"rA0rNsf3d0UQx0w7N45PlzmO3Zsf1281"},{"path":"recipes/mobblocks/roads/g_r_m_y_line.json","key":"dZ9sOFawZURJtuzanHZVwNIbElcnpmro"},{"path":"recipes/mobblocks/roads/g_r_m_zebra_cross.json","key":"oG0ykCBW01wscuzerWeqHLeKNlI5fvWn"},{"path":"recipes/mobblocks/roads/light_asphalt.json","key":"mT4ABnItPiTWkZw4M9jKMqsUSVoCO0Fv"},{"path":"recipes/mobblocks/roads/light_asphalt_curb.json","key":"oZ1u7Qc76lP7mAVTyTpY8uwnC2g6SylV"},{"path":"recipes/mobblocks/roads/light_asphalt_curb_corner.json","key":"tL2PEFRwVgP5fh47ZRrwvLaMFCvC9Kmp"},{"path":"recipes/mobblocks/roads/light_asphalt_drain.json","key":"fW1Zgb22oFRbB7oijzTVFGzpHucpMA8M"},{"path":"recipes/mobblocks/roads/light_asphalt_half.json","key":"gZ9lPhLaUrd5OtqlB9b2klzZ3siutUsM"},{"path":"recipes/mobblocks/roads/light_manhole_cover.json","key":"jL6AnxxK1xpfP0fPQWEHBcqIqyOYnPnX"},{"path":"recipes/mobblocks/roads/light_pot_hole.json","key":"hH05SB46zXBzxvf5GBbEbeBFIh8nBbQL"},{"path":"recipes/mobblocks/roads/l_g_r_m_curved_w_line.json","key":"fZ7ASSCxTpa8YYAITGIXYiFdOKQ835pv"},{"path":"recipes/mobblocks/roads/l_g_r_m_curved_y_line.json","key":"tA2hp6X1cTng61qPaLiRGe21cwckVTux"},{"path":"recipes/mobblocks/roads/l_g_r_m_diagonal_d_w_line.json","key":"qX5b5cso8NO2VYvImOqM89OMAB3TvU9H"},{"path":"recipes/mobblocks/roads/l_g_r_m_diagonal_d_y_line.json","key":"kQ8XoQuMKHXrji6VTYkcZmYudaEcRI5y"},{"path":"recipes/mobblocks/roads/l_g_r_m_diagonal_w_line.json","key":"cC4gEu6wCdXmr1cch4menCvj4EzOz7ot"},{"path":"recipes/mobblocks/roads/l_g_r_m_diagonal_y_line.json","key":"zB2VdJ3CYCjCKJBMPe57FcaaCmMJ4119"},{"path":"recipes/mobblocks/roads/l_g_r_m_w_arrow_head.json","key":"zQ1F6Z4Fk0jcLmYJ55v1XN1PskOmGXJA"},{"path":"recipes/mobblocks/roads/l_g_r_m_w_line.json","key":"oP7GUI1xs5oTSo2Pb3rfwhrXQCEjqPXs"},{"path":"recipes/mobblocks/roads/l_g_r_m_y_arrow_head.json","key":"hO3FxqmkUARLQn8V7eS7Xlb3fMBRG9vQ"},{"path":"recipes/mobblocks/roads/l_g_r_m_y_double_line.json","key":"gR45q2TEZrFmZHCcxwTIGK7cn6SQZ2ft"},{"path":"recipes/mobblocks/roads/l_g_r_m_y_line.json","key":"iE8iIifj8K9jVFwBjK4cXNLLBUNfILew"},{"path":"recipes/mobblocks/roads/l_g_r_m_zebra_cross.json","key":"rR3SlfvfIlFm0yg6o9tBczn6BG9h6vdX"},{"path":"recipes/mobblocks/roads/mail_box.json","key":"lG7psRpxtpJq4oKcBx3JjXYLnjqacayq"},{"path":"recipes/mobblocks/roads/metal_pole.json","key":"eU6SxAXFjJiHE21qTpoRKMrsWKCWO5ev"},{"path":"recipes/mobblocks/roads/motorway_barrier.json","key":"gL6Q5gvLgRCN62GrZ0FPE3sZkzH7O4fZ"},{"path":"recipes/mobblocks/roads/motorway_barrier_corner.json","key":"cS4FlFUHuCqEk6m5RIzMTph0P9FZ8O8G"},{"path":"recipes/mobblocks/roads/no_fouling_sign.json","key":"jC64xi7mMz62gv7l47OjWvy82VxrPIxi"},{"path":"recipes/mobblocks/roads/no_parking_sign.json","key":"pS2wKqvwtKjPU1iK9NlmyoO7XFdzC75s"},{"path":"recipes/mobblocks/roads/no_u_turn_sign.json","key":"rI0CjtnxY3zoUG69e32vhTrNBVi4oTyE"},{"path":"recipes/mobblocks/roads/parking_meter.json","key":"tI1UFHt3gM5KgqVvCJPy9vMC1S7rRgi2"},{"path":"recipes/mobblocks/roads/parking_sign.json","key":"aH6aWucd6qJt2INKoYGaOHuTutMhx0kj"},{"path":"recipes/mobblocks/roads/pedestrian_barrier.json","key":"vP1WjUbOMdcqpUHejdU20V9ktikCEGdj"},{"path":"recipes/mobblocks/roads/pedestrian_green.json","key":"oO9MFSGIuFw3uurG7WZPHlTqRVbsBlWl"},{"path":"recipes/mobblocks/roads/pedestrian_red.json","key":"cX2KyBytxUpMrkesl5OxiSLIOzLYZe9g"},{"path":"recipes/mobblocks/roads/post_box.json","key":"rW14Qfzha8BqjfcMEcYs5mjO1xRdPSxf"},{"path":"recipes/mobblocks/roads/rail_crossing_sign.json","key":"rL1ukfLh09baUpJcNm9dvlMd64W3Hi95"},{"path":"recipes/mobblocks/roads/road_construction_sign.json","key":"lJ17M5fs0Q6RBqB5slmo2x2yCCf556ko"},{"path":"recipes/mobblocks/roads/safety_barrier.json","key":"sC8TEhuyANpI3ZRv4CqwIpTzRXlI2PiM"},{"path":"recipes/mobblocks/roads/slow_sign.json","key":"lB5l9F3X3ez2N8fcBKEiwFTrjqHVd15h"},{"path":"recipes/mobblocks/roads/sold_sign.json","key":"cV0mztSgW1NvUntm0BXhImRWtN0EcaVB"},{"path":"recipes/mobblocks/roads/speed_sign_30.json","key":"nI7N3EekxNUPI5QQndAJoUcbcErVKXTX"},{"path":"recipes/mobblocks/roads/speed_sign_50.json","key":"bX9T7QqjvYjTSuRfkWScZZ8aUMZblTOW"},{"path":"recipes/mobblocks/roads/speed_sign_60.json","key":"fQ80BqeTNrF5ZsgFyQWpgpUQiAQVjFPd"},{"path":"recipes/mobblocks/roads/steam_roller.json","key":"dK0A9glUJPjyXgndhEnBmvNmhqgLtj56"},{"path":"recipes/mobblocks/roads/stop_sign.json","key":"xQ8V7rVXnH7HOIani40es2myPP0xUsLB"},{"path":"recipes/mobblocks/roads/street_bin.json","key":"sY9IoWFebMVIdSMyq1AYwaqioI7TFZHN"},{"path":"recipes/mobblocks/roads/street_lantern.json","key":"hX6tTEJcVxRcTPbVAo7vjZZHaM699RBZ"},{"path":"recipes/mobblocks/roads/street_light.json","key":"iN6qz7445rVzVRU5f8y43zLL7BkgEsYq"},{"path":"recipes/mobblocks/roads/traffic_cone.json","key":"kO4BedqqyN3oqFc2qn3g0IBuEUVfmy49"},{"path":"recipes/mobblocks/roads/traffic_light.json","key":"iU1eU8vgw5zsUracIbPh8NnHtSkWe9Jo"},{"path":"recipes/mobblocks/roads/turn_left_sign.json","key":"dO5w85PRqU9ZCUWa8Kla6CwuXZhjzhA0"},{"path":"recipes/mobblocks/roads/turn_right_sign.json","key":"vO5gb7gYcB4ePxMlQ4JL6tC4qd1K8ejN"},{"path":"recipes/mobblocks/roads/walking_sign.json","key":"pU5lwi0oZOxHf3PhfmVOdfu6UAO3IIKw"},{"path":"scripts/mbl_r_main.js","key":"fZ0rpYF8ql4UzBg2Yr9rWPnUmApnzhBl"},{"path":"texts/en_GB.lang"},{"path":"texts/en_US.lang"},{"path":"texts/languages.json"},{"path":"signatures.json","key":"yG47JZUtATgywM4SgAknUgw3ezxtRnq8"},{"path":"animation_controllers/"},{"path":"blocks/"},{"path":"entities/"},{"path":"items/"},{"path":"loot_tables/mobblocks/roads/entities/"},{"path":"recipes/mobblocks/roads/"},{"path":"scripts/"},{"path":"texts/"}]}