{
	"format_version": "1.19.0",
	"minecraft:client_entity": {
		"description": {
			"identifier": "mbl_road:steam_roller",
			"materials": {
				"default": "entity_alphatest"
			},
			"textures": {
				"default": "textures/mobblocks/roads/entity/steam_roller"
			},
			"geometry": {
				"default": "geometry.mbl_roads.steam_roller"
			},
			"render_controllers": ["controller.render.default"],
			"animations": {
				"drive": "animation.mbl_roads.steam_roller.drive"
			},
			"scripts": {
				"initialize": ["variable.steering = 0;"],
				"pre_animation": ["query.has_rider ? (variable.steering = Math.lerp(variable.steering, query.yaw_speed, 0.15));"],
				"animate": [
					{"drive" : "query.modified_move_speed"}
			  ]
			},
			"spawn_egg": {
				"texture": "mbl_road_steam_roller_spawn_egg"
			}
		}
	}
}