{
	"format_version": "1.10.0",
	"minecraft:client_entity": {
		"description": {
			"identifier": "mbl_road:explainer_book",
			"materials": {
				"default": "entity_alphatest"
			},

			"textures": {
				"default": "textures/mobblocks/roads/entity/book/explainer_book_01",
				"page_02": "textures/mobblocks/roads/entity/book/explainer_book_02",
				"page_03": "textures/mobblocks/roads/entity/book/explainer_book_03",
				"page_04": "textures/mobblocks/roads/entity/book/explainer_book_04",
				"page_05": "textures/mobblocks/roads/entity/book/explainer_book_05",
				"page_06": "textures/mobblocks/roads/entity/book/explainer_book_06",
				"page_07": "textures/mobblocks/roads/entity/book/explainer_book_07",
				"page_08": "textures/mobblocks/roads/entity/book/explainer_book_08",
				"page_09": "textures/mobblocks/roads/entity/book/explainer_book_09",
				"page_10": "textures/mobblocks/roads/entity/book/explainer_book_10"
			},

			"animations": {
				"death": "animation.mbl_roads.explainer_book.death",
				"idle": "animation.mbl_roads.explainer_book.idle",
				"open": "animation.mbl_roads.explainer_book.open",
				"close": "animation.mbl_roads.explainer_book.close",
				"page": "animation.mbl_roads.explainer_book.page",
				"look_at_target": "animation.common.look_at_target",
				"pickup": "controller.animation.mbl_roads.book_close_animaton",
				"turn": "controller.animation.mbl_roads.book_page_animaton"
				
			},
			"particle_effects": {
				"crop": "minecraft:critical_hit_emitter"
			  },
			  "sound_effects": {
				"page": "item.book.page_turn"
			  },
			"scripts": {
				"animate" : ["look_at_target","idle","open","pickup","turn"
				   ]
		   },
			"geometry": {
				"default": "geometry.mbl_roads.explainer_book"
			},
			"render_controllers": ["controller.render.mbl_roads.red_book"]
		}
	}
}