{"format_version":"1.21.10","minecraft:item":{"description":{"identifier":"a:phone5","menu_category":{"category":"nature","group":"itemGroup.name.monsterStoneEgg"}},"components":{"minecraft:icon":"a_phone5","minecraft:max_stack_size":1,"minecraft:stacked_by_data":true,"minecraft:hand_equipped":true,"minecraft:enchantable":{"value":10,"slot":"sword"},"minecraft:mining_speed":1,"minecraft:render_offsets":{"main_hand":{"third_person":{"scale":[0.008,0.008,0.008]},"first_person":{"scale":[0.003039999999998176,0.003039999999998176,0.003039999999998176]}},"off_hand":{"third_person":{"scale":[0.008,0.008,0.008]},"first_person":{"scale":[0.003039999999998176,0.003039999999998176,0.003039999999998176]}}},"minecraft:repairable":{"repair_items":[{"items":["minecraft:emerald"],"repair_amount":10},{"items":["a:phone5"],"repair_amount":"context.other->query.remaining_durability + 0.2 * context.other->query.max_durability"}]},"minecraft:damage":0,"minecraft:can_destroy_in_creative":false,"minecraft:display_name":{"value":"§lNokia§f[§bStar§f]"},"minecraft:tags":{"tags":["minecraft:is_sword","minecraft:transformable_items","minecraft:trimmable_armors"]},"minecraft:allow_off_hand":true,"minecraft:custom_components":["a_phone5:trigger"],"minecraft:glint":false}}}