{
    "format_version": "1.21.60",
    "minecraft:block": {
        "description": {
            "identifier": "farmersdelight:rich_soil_sugar_cane_top",
            "menu_category": {
                "category": "none"
            }
        },
        
        "components": {
            "minecraft:custom_components": [
                "farmersdelight:sugar_cane"
            ],
            "minecraft:destructible_by_mining": {
                "seconds_to_destroy": 0
            },
            "minecraft:destructible_by_explosion": {
                "explosion_resistance": 0
            },
            "minecraft:flammable": {
                "catch_chance_modifier": 30,
                "destroy_chance_modifier": 30
            },
            "minecraft:light_dampening": 0,
            "minecraft:geometry": "geometry.reeds",
            "minecraft:loot": "loot_tables/farmersdelight/crops/sugar_cane.json",
            "minecraft:collision_box": false,
            "minecraft:material_instances": {
                "*": {
                    "texture": "rich_soil_reeds",
                    "ambient_occlusion": false,
                    "face_dimming": false,
                    "render_method": "alpha_test"
                }
            },
            "minecraft:liquid_detection": {
                "detection_rules": [
                    {
                        "on_liquid_touches": "popped"
                    }
                ]
            },
            "minecraft:placement_filter": {
                "conditions": [
                    {
                        "block_filter": [
                            "farmersdelight:rich_soil_sugar_cane_middle",
                            "farmersdelight:rich_soil_sugar_cane_top"
                        ],
                        "allowed_faces": [
                            "up"
                        ]
                    }
                ]
            },
            "tag:reeds": {}
        }
    }
}