{
    "format_version": "1.21.60",
    "minecraft:block": {
        "description": {
            "identifier": "farmersdelight:rich_soil_torchflower",
			"menu_category":{
				"category": "none"
			}
        },
        "components": {
            "minecraft:destructible_by_mining": {
                "seconds_to_destroy": 0.0
            },
			"minecraft:light_dampening": 0,
            "minecraft:destructible_by_explosion": {
                "explosion_resistance": 0.1
            },
            "minecraft:geometry": "geometry.reeds",
			"minecraft:material_instances": {
				"*": {
					"texture": "torchflower",
                    "render_method": "alpha_test",
                    "ambient_occlusion": false,
                    "face_dimming": false
				}
			},
			"minecraft:flammable": {
				"catch_chance_modifier": 30,
				"destroy_chance_modifier": 60
			},
            "minecraft:placement_filter": {
                "conditions": [
                    {
                        "block_filter": [
                            "farmersdelight:rich_soil_farmland",
                            "farmersdelight:rich_soil"
                        ],
                        "allowed_faces": [
                            "up"
                        ]
                    }
                ]
            },
            "minecraft:selection_box": {
                "origin": [
                    -3,
                    0,
                    -3
                ],
                "size": [
                    6,
                    10,
                    6
                ]
            },
            "minecraft:liquid_detection": {
                "detection_rules": [
                    {
                        "on_liquid_touches": "popped"
                    }
                ]
            },
            "minecraft:loot": "loot_tables/farmersdelight/torchflower.json",
            "minecraft:collision_box": false
        }
    }
}