{
    "format_version": "1.21.60",
    "minecraft:block": {
        "description": {
            "identifier": "farmersdelight:rich_soil_torchflower_crop",
            "states": {
                "farmersdelight:growth": [
                    0,
                    1,
                    2,
                    3,
                    4,
                    5,
                    6,
                    7
                ]
            }
        },
        "permutations": [
            {
                "condition": "query.block_state('farmersdelight:growth') == 0",
                "components": {
                    "minecraft:material_instances": {
                        "*": {
                            "texture": "torchflower_crop_stage0",
                            "ambient_occlusion": false,
                            "face_dimming": false,
                            "render_method": "alpha_test"
                        }
                    }
                }
            },
            {
                "condition": "query.block_state('farmersdelight:growth') == 1",
                "components": {
                    "minecraft:material_instances": {
                        "*": {
                            "texture": "torchflower_crop_stage1",
                            "ambient_occlusion": false,
                            "face_dimming": false,
                            "render_method": "alpha_test"
                        }
                    }
                }
            },
            {
                "condition": "query.block_state('farmersdelight:growth') == 2",
                "components": {
                    "minecraft:material_instances": {
                        "*": {
                            "texture": "torchflower_crop_stage1",
                            "ambient_occlusion": false,
                            "face_dimming": false,
                            "render_method": "alpha_test"
                        }
                    }
                }
            },
            {
                "condition": "query.block_state('farmersdelight:growth') == 3",
                "components": {
                    "minecraft:material_instances": {
                        "*": {
                            "texture": "torchflower_crop_stage1",
                            "ambient_occlusion": false,
                            "face_dimming": false,
                            "render_method": "alpha_test"
                        }
                    }
                }
            },
            {
                "condition": "query.block_state('farmersdelight:growth') == 4",
                "components": {
                    "minecraft:material_instances": {
                        "*": {
                            "texture": "torchflower_crop_stage1",
                            "ambient_occlusion": false,
                            "face_dimming": false,
                            "render_method": "alpha_test"
                        }
                    }
                }
            },
            {
                "condition": "query.block_state('farmersdelight:growth') == 5",
                "components": {
                    "minecraft:material_instances": {
                        "*": {
                            "texture": "torchflower_crop_stage1",
                            "ambient_occlusion": false,
                            "face_dimming": false,
                            "render_method": "alpha_test"
                        }
                    }
                }
            },
            {
                "condition": "query.block_state('farmersdelight:growth') == 6",
                "components": {
                    "minecraft:material_instances": {
                        "*": {
                            "texture": "torchflower_crop_stage1",
                            "ambient_occlusion": false,
                            "face_dimming": false,
                            "render_method": "alpha_test"
                        }
                    }
                }
            },
            {
                "condition": "query.block_state('farmersdelight:growth') == 7",
                "components": {
                    "minecraft:material_instances": {
                        "*": {
                            "texture": "torchflower_crop_stage1",
                            "ambient_occlusion": false,
                            "face_dimming": false,
                            "render_method": "alpha_test"
                        }
                    }
                }
            }
        ],
        "components": {
            "minecraft:custom_components": [
                "farmersdelight:torchflower"
            ],
            "minecraft:liquid_detection": {
                "detection_rules": [
                    {
                        "on_liquid_touches": "popped"
                    }
                ]
            },
            "minecraft:loot": "loot_tables/farmersdelight/crops/torchflower_crop.json",
            "minecraft:destructible_by_mining": {
                "seconds_to_destroy": 0.0
            },
            "minecraft:light_dampening": 0,
            "minecraft:geometry": "geometry.reeds",
            "minecraft:destructible_by_explosion": {
                "explosion_resistance": 0.0
            },
            "minecraft:collision_box": false,
            
            "minecraft:placement_filter": {
                "conditions": [
                    {
                        "block_filter": [
                            "farmersdelight:rich_soil_farmland"
                        ],
                        "allowed_faces": [
                            "up"
                        ]
                    }
                ]
            },
            
            "minecraft:selection_box": {
                "origin": [
                    -3,
                    0,
                    -3
                ],
                "size": [
                    6,
                    10,
                    6
                ]
            },
            "tag:crop": {},
            "tag:max_growth:7": {},
            "tag:growth_property:farmersdelight:growth": {}
        }
    }
}