{
	"format_version": "1.8.0",
	"animations": {
		"animation.umbrella_first_person": {
			"loop": true,
			"animation_length": 0.125,
			"override_previous_animation": true,
			"bones": {
				"rightArm": {
					"rotation": [-20, 0, 0]
				},
				"umbrella": {
					"position": [22, 9, 25],
					"scale": 1.8
				}
			}
		},
		"animation.umbrella_first_person2": {
			"loop": true,
			"animation_length": 0.125,
			"override_previous_animation": true,
			"bones": {
				"umbrella": {
					"rotation": [84.15589, -11.31335, 10.89821],
					"position": [-1.14236, -0.82278, 7.67057],
					"scale": 1.8
				}
			}
		},
		"animation.umbrella": {
			"loop": true,
			"animation_length": 0.25,
			"override_previous_animation": true,
			"bones": {
				"rightArm": {
					"rotation": [-20, 0, 0]
				},
				"umbrella": {
					"position": [0, 0.34202, 0.93969]
				}
			}
		},
		"animation.umbrella_size": {
			"loop": true,
			"animation_length": 0.125,
			"override_previous_animation": true,
			"bones": {
				"umbrella": {
					"scale": 1.8
				}
			}
		}
	}
}