{
	"format_version": "1.10.0",
	"minecraft:client_entity": {
		"description": {
			"identifier": "thm_ecp:auction",
			"materials": {
				"default": "entity_alphatest"
			},
			"geometry": {
				"default": "geometry.thm_ecp_auction"
			},
			"render_controllers": [
				"controller.render.default"
			],
            "scripts": {
				"initialize": [
					"v.rot = 0;"
				],
				"pre_animation": [
					"v.rot = query.property('thm_ecp:rot');"
				],
				"animate": [
					"rot",
                    "gavel",
					{"place": "q.is_alive"}
				]
			},
            "animations": {
				"rot": "animation.thm_ecp_auction.rot",
				"place": "animation.thm_ecp_auction.place",
				"gavel": "animation.thm_ecp_auction.gavel"
			},
			"textures": {
				"default": "textures/thm/ecp/auction"
			}
		}
	}
}