{
	"format_version": "1.10.0",
	"minecraft:client_entity": {
		"description": {
			"identifier": "thm_ecp:market",
			"materials": {
				"default": "entity_alphatest",
				"blend": "entity_alphablend"
			},
			"geometry": {
				"default": "geometry.thm_ecp_market",
				"item0": "geometry.thm_ecp_market_item0",
				"item1": "geometry.thm_ecp_market_item1",
				"item2": "geometry.thm_ecp_market_item2"
			},
			"scripts": {
				"initialize": [
					"v.rot = 0;",
					"v.item0 = 0;",
					"v.item1 = 0;",
					"v.item2 = 0;",
					"v.colour1 = 0;",
					"v.colour2 = 0;"
				],
				"pre_animation": [
					"v.rot = query.property('thm_ecp:rot');",
					"v.item0 = query.property('thm_ecp:item1');",
					"v.item1 = query.property('thm_ecp:item0');",
					"v.item2 = query.property('thm_ecp:item2');",
					"v.colour1 = query.property('thm_ecp:colour1');",
					"v.colour2 = query.property('thm_ecp:colour2');"
				],
				"animate": [
					"rot",
					{"place": "q.is_alive"}
				]
			},
			"animations": {
				"rot": "animation.thm_ecp_market.rot",
				"place": "animation.thm_ecp_market.place"
			},
            "textures": {
				"default": "textures/thm/ecp/market/base",
				"blank": "textures/thm/ecp/market_items/blank",
				"coal": "textures/thm/ecp/market_items/coal",
				"concrete": "textures/thm/ecp/market_items/concrete",
				"copper": "textures/thm/ecp/market_items/copper",
				"diamond": "textures/thm/ecp/market_items/diamond",
				"emerald": "textures/thm/ecp/market_items/emerald",
				"end": "textures/thm/ecp/market_items/end",
				"food": "textures/thm/ecp/market_items/food",
				"glass": "textures/thm/ecp/market_items/glass",
				"gold": "textures/thm/ecp/market_items/gold",
				"iron": "textures/thm/ecp/market_items/iron",
				"lapis": "textures/thm/ecp/market_items/lapis",
				"leaves": "textures/thm/ecp/market_items/leaves",
				"natural": "textures/thm/ecp/market_items/natural",
				"nether": "textures/thm/ecp/market_items/nether",
				"netherite": "textures/thm/ecp/market_items/netherite",
				"redstone": "textures/thm/ecp/market_items/redstone",
				"stone": "textures/thm/ecp/market_items/stone",
				"wood": "textures/thm/ecp/market_items/wood",
				"colour1_black": "textures/thm/ecp/market/colour1/black",
				"colour1_blue": "textures/thm/ecp/market/colour1/blue",
				"colour1_brown": "textures/thm/ecp/market/colour1/brown",
				"colour1_green": "textures/thm/ecp/market/colour1/green",
				"colour1_grey": "textures/thm/ecp/market/colour1/grey",
				"colour1_orange": "textures/thm/ecp/market/colour1/orange",
				"colour1_purple": "textures/thm/ecp/market/colour1/purple",
				"colour1_red": "textures/thm/ecp/market/colour1/red",
				"colour1_white": "textures/thm/ecp/market/colour1/white",
				"colour1_yellow": "textures/thm/ecp/market/colour1/yellow",
				"colour2_black": "textures/thm/ecp/market/colour2/black",
				"colour2_blue": "textures/thm/ecp/market/colour2/blue",
				"colour2_brown": "textures/thm/ecp/market/colour2/brown",
				"colour2_green": "textures/thm/ecp/market/colour2/green",
				"colour2_grey": "textures/thm/ecp/market/colour2/grey",
				"colour2_orange": "textures/thm/ecp/market/colour2/orange",
				"colour2_purple": "textures/thm/ecp/market/colour2/purple",
				"colour2_red": "textures/thm/ecp/market/colour2/red",
				"colour2_white": "textures/thm/ecp/market/colour2/white",
				"colour2_yellow": "textures/thm/ecp/market/colour2/yellow"
			},
			"render_controllers": [
				"controller.render.default",
				"controller.render.thm_ecp.market.colour1",
				"controller.render.thm_ecp.market.colour2",
				"controller.render.thm_ecp.market_items.item0",
				"controller.render.thm_ecp.market_items.item1",
				"controller.render.thm_ecp.market_items.item2"
			]
		}
	}
}