{
  "format_version": "1.10.0",
  "minecraft:client_entity": {
    "description": {
      "identifier": "thm_ecp:wandering_buyer",
      "materials": {
        "default": "wandering_trader"
      },
      "textures": {
        "default": "textures/thm/ecp/wandering_buyer",
        "backpack": "textures/thm/ecp/backpack"
      },
      "geometry": {
        "default": "geometry.thm_ecp_wandering_buyer",
        "backpack": "geometry.thm_ecp_backpack"
      },
      "scripts": {
        "scale": "0.9375",
        "animate": [
          "general_controller",
          "move_controller"
        ]
      },
      "animations": {
        "general_controller": "controller.animation.villager.general",
        "move_controller": "controller.animation.villager.move",
        "general": "animation.villager.general",
        "look_at_target": "animation.common.look_at_target",
        "move": "animation.villager.move"
      },
      "render_controllers": [
        "controller.render.wandering_trader",
        "controller.render.thm_ecp.backpack"
      ],
      "spawn_egg": {
        "texture": "spawn_egg_wandering_buyer"
      }
    }
  }
}