{
	"format_version": "1.12.0",
	"minecraft:geometry": [
		{
			"description": {
				"identifier": "geometry.mbl_roads.construction_sign",
				"texture_width": 64,
				"texture_height": 64,
				"visible_bounds_width": 3,
				"visible_bounds_height": 2.5,
				"visible_bounds_offset": [0, 0.75, 0]
			},
			"bones": [
				{
					"name": "block",
					"pivot": [0, 0, 0]
				},
				{
					"name": "bone",
					"parent": "block",
					"pivot": [0, -3, -5],
					"rotation": [-13, 0, 0],
					"cubes": [
						{
							"origin": [-6, -3, -5],
							"size": [4, 18, 1],
							"pivot": [0, 0, 0],
							"rotation": [0, 0, 10],
							"uv": {
								"north": {"uv": [0, 44], "uv_size": [4, 18]},
								"east": {"uv": [24, 44], "uv_size": [1, 18]},
								"south": {"uv": [44, 0], "uv_size": [4, 18]},
								"west": {"uv": [25, 44], "uv_size": [1, 18]},
								"up": {"uv": [32, 44], "uv_size": [4, 1]},
								"down": {"uv": [36, 45], "uv_size": [4, -1]}
							}
						},
						{
							"origin": [2, -3, -5],
							"size": [4, 18, 1],
							"pivot": [0, 0, 0],
							"rotation": [0, 0, -10],
							"uv": {
								"north": {"uv": [4, 44], "uv_size": [4, 18]},
								"east": {"uv": [26, 44], "uv_size": [1, 18]},
								"south": {"uv": [8, 44], "uv_size": [4, 18]},
								"west": {"uv": [27, 44], "uv_size": [1, 18]},
								"up": {"uv": [44, 36], "uv_size": [4, 1]},
								"down": {"uv": [44, 38], "uv_size": [4, -1]}
							}
						},
						{
							"origin": [-11, 1, -5.5],
							"size": [22, 22, 0],
							"uv": {
								"north": {"uv": [0, 0], "uv_size": [22, 22]},
								"east": {"uv": [0, 0], "uv_size": [0, 22]},
								"south": {"uv": [0, 22], "uv_size": [22, 22]},
								"west": {"uv": [0, 0], "uv_size": [0, 22]},
								"up": {"uv": [0, 0], "uv_size": [22, 0]},
								"down": {"uv": [0, 0], "uv_size": [22, 0]}
							}
						},
						{
							"origin": [-11, 1, -5.25],
							"size": [22, 22, 0],
							"uv": {
								"north": {"uv": [22, 0], "uv_size": [22, 22]},
								"east": {"uv": [0, 0], "uv_size": [0, 22]},
								"south": {"uv": [22, 22], "uv_size": [22, 22]},
								"west": {"uv": [0, 0], "uv_size": [0, 22]},
								"up": {"uv": [0, 0], "uv_size": [22, 0]},
								"down": {"uv": [0, 0], "uv_size": [22, 0]}
							}
						}
					]
				},
				{
					"name": "bone2",
					"parent": "block",
					"pivot": [0, -3, 5],
					"rotation": [13, 0, 0],
					"cubes": [
						{
							"origin": [-6, -3, 4],
							"size": [4, 18, 1],
							"pivot": [0, 0, 0],
							"rotation": [0, 0, 10],
							"uv": {
								"north": {"uv": [12, 44], "uv_size": [4, 18]},
								"east": {"uv": [28, 44], "uv_size": [1, 18]},
								"south": {"uv": [16, 44], "uv_size": [4, 18]},
								"west": {"uv": [29, 44], "uv_size": [1, 18]},
								"up": {"uv": [44, 38], "uv_size": [4, 1]},
								"down": {"uv": [44, 40], "uv_size": [4, -1]}
							}
						},
						{
							"origin": [2, -3, 4],
							"size": [4, 18, 1],
							"pivot": [0, 0, 0],
							"rotation": [0, 0, -10],
							"uv": {
								"north": {"uv": [44, 18], "uv_size": [4, 18]},
								"east": {"uv": [30, 44], "uv_size": [1, 18]},
								"south": {"uv": [20, 44], "uv_size": [4, 18]},
								"west": {"uv": [31, 44], "uv_size": [1, 18]},
								"up": {"uv": [40, 44], "uv_size": [4, 1]},
								"down": {"uv": [44, 41], "uv_size": [4, -1]}
							}
						}
					]
				}
			]
		}
	]
}