{
	"format_version": "1.19.0",
	"minecraft:geometry": [
		{
			"description": {
				"identifier": "geometry.mbl_roads.motorway_barrier",
				"texture_width": 64,
				"texture_height": 64,
				"visible_bounds_width": 2,
				"visible_bounds_height": 2.5,
				"visible_bounds_offset": [0, 0.75, 0]
			},
			"bones": [
				{
					"name": "block",
					"pivot": [0, 0, 0],
					"cubes": [
						{
							"origin": [-8, 12, -3],
							"size": [16, 2, 2],
							"uv": {
								"north": {"uv": [8, 0], "uv_size": [16, 2]},
								"east": {"uv": [26, 7], "uv_size": [2, 2]},
								"south": {"uv": [8, 2], "uv_size": [16, 2]},
								"west": {"uv": [26, 9], "uv_size": [2, 2]},
								"up": {"uv": [8, 4], "uv_size": [16, 2]},
								"down": {"uv": [8, 8], "uv_size": [16, -2]}
							}
						},
						{
							"origin": [-8, 9, -3],
							"size": [16, 2, 2],
							"uv": {
								"north": {"uv": [0, 20], "uv_size": [16, 2]},
								"east": {"uv": [22, 26], "uv_size": [2, 2]},
								"south": {"uv": [16, 20], "uv_size": [16, 2]},
								"west": {"uv": [24, 26], "uv_size": [2, 2]},
								"up": {"uv": [0, 22], "uv_size": [16, 2]},
								"down": {"uv": [16, 24], "uv_size": [16, -2]}
							}
						},
						{
							"origin": [-8, 11, -2],
							"size": [16, 1, 1],
							"uv": {
								"north": {"uv": [26, 0], "uv_size": [16, 1]},
								"east": {"uv": [2, 27], "uv_size": [1, 1]},
								"south": {"uv": [26, 1], "uv_size": [16, 1]},
								"west": {"uv": [3, 27], "uv_size": [1, 1]},
								"up": {"uv": [2, 26], "uv_size": [16, 1]},
								"down": {"uv": [26, 3], "uv_size": [16, -1]}
							}
						},
						{
							"origin": [-8, 3, -2],
							"size": [16, 1, 1],
							"uv": {
								"north": {"uv": [2, 24], "uv_size": [16, 1]},
								"east": {"uv": [26, 15], "uv_size": [1, 1]},
								"south": {"uv": [18, 24], "uv_size": [16, 1]},
								"west": {"uv": [26, 26], "uv_size": [1, 1]},
								"up": {"uv": [2, 25], "uv_size": [16, 1]},
								"down": {"uv": [18, 26], "uv_size": [16, -1]}
							}
						},
						{
							"origin": [-8, 4, -3],
							"size": [16, 2, 2],
							"uv": {
								"north": {"uv": [0, 16], "uv_size": [16, 2]},
								"east": {"uv": [18, 26], "uv_size": [2, 2]},
								"south": {"uv": [16, 16], "uv_size": [16, 2]},
								"west": {"uv": [20, 26], "uv_size": [2, 2]},
								"up": {"uv": [0, 18], "uv_size": [16, 2]},
								"down": {"uv": [16, 20], "uv_size": [16, -2]}
							}
						},
						{
							"origin": [-8, 1, -3],
							"size": [16, 2, 2],
							"uv": {
								"north": {"uv": [8, 8], "uv_size": [16, 2]},
								"east": {"uv": [26, 11], "uv_size": [2, 2]},
								"south": {"uv": [8, 10], "uv_size": [16, 2]},
								"west": {"uv": [26, 13], "uv_size": [2, 2]},
								"up": {"uv": [8, 12], "uv_size": [16, 2]},
								"down": {"uv": [8, 16], "uv_size": [16, -2]}
							}
						},
						{
							"origin": [-8, 1, 1],
							"size": [16, 2, 2],
							"uv": {
								"north": {"uv": [24, 10], "uv_size": [-16, 2]},
								"east": {"uv": [28, 11], "uv_size": [-2, 2]},
								"south": {"uv": [24, 8], "uv_size": [-16, 2]},
								"west": {"uv": [28, 13], "uv_size": [-2, 2]},
								"up": {"uv": [8, 14], "uv_size": [16, -2]},
								"down": {"uv": [8, 14], "uv_size": [16, 2]}
							}
						},
						{
							"origin": [-8, 12, 1],
							"size": [16, 2, 2],
							"uv": {
								"north": {"uv": [24, 2], "uv_size": [-16, 2]},
								"east": {"uv": [28, 7], "uv_size": [-2, 2]},
								"south": {"uv": [24, 0], "uv_size": [-16, 2]},
								"west": {"uv": [28, 9], "uv_size": [-2, 2]},
								"up": {"uv": [8, 6], "uv_size": [16, -2]},
								"down": {"uv": [8, 6], "uv_size": [16, 2]}
							}
						},
						{
							"origin": [-8, 9, 1],
							"size": [16, 2, 2],
							"uv": {
								"north": {"uv": [32, 20], "uv_size": [-16, 2]},
								"east": {"uv": [24, 26], "uv_size": [-2, 2]},
								"south": {"uv": [16, 20], "uv_size": [-16, 2]},
								"west": {"uv": [26, 26], "uv_size": [-2, 2]},
								"up": {"uv": [0, 24], "uv_size": [16, -2]},
								"down": {"uv": [16, 22], "uv_size": [16, 2]}
							}
						},
						{
							"origin": [-8, 11, 1],
							"size": [16, 1, 1],
							"uv": {
								"north": {"uv": [42, 1], "uv_size": [-16, 1]},
								"east": {"uv": [3, 27], "uv_size": [-1, 1]},
								"south": {"uv": [42, 0], "uv_size": [-16, 1]},
								"west": {"uv": [4, 27], "uv_size": [-1, 1]},
								"up": {"uv": [2, 27], "uv_size": [16, -1]},
								"down": {"uv": [26, 2], "uv_size": [16, 1]}
							}
						},
						{
							"origin": [-8, 3, 1],
							"size": [16, 1, 1],
							"uv": {
								"north": {"uv": [34, 24], "uv_size": [-16, 1]},
								"east": {"uv": [27, 15], "uv_size": [-1, 1]},
								"south": {"uv": [18, 24], "uv_size": [-16, 1]},
								"west": {"uv": [27, 26], "uv_size": [-1, 1]},
								"up": {"uv": [2, 26], "uv_size": [16, -1]},
								"down": {"uv": [18, 25], "uv_size": [16, 1]}
							}
						},
						{
							"origin": [-8, 4, 1],
							"size": [16, 2, 2],
							"uv": {
								"north": {"uv": [32, 16], "uv_size": [-16, 2]},
								"east": {"uv": [20, 26], "uv_size": [-2, 2]},
								"south": {"uv": [16, 16], "uv_size": [-16, 2]},
								"west": {"uv": [22, 26], "uv_size": [-2, 2]},
								"up": {"uv": [0, 20], "uv_size": [16, -2]},
								"down": {"uv": [16, 18], "uv_size": [16, 2]}
							}
						},
						{
							"origin": [-2, -3, -1],
							"size": [4, 16, 2],
							"uv": {
								"north": {"uv": [0, 0], "uv_size": [4, 16]},
								"east": {"uv": [0, 24], "uv_size": [2, 16]},
								"south": {"uv": [4, 0], "uv_size": [4, 16]},
								"west": {"uv": [24, 0], "uv_size": [2, 16]},
								"up": {"uv": [26, 3], "uv_size": [4, 2]},
								"down": {"uv": [26, 7], "uv_size": [4, -2]}
							}
						}
					]
				}
			]
		}
	]
}