{
	"format_version": "1.19.0",
	"minecraft:geometry": [
		{
			"description": {
				"identifier": "geometry.mbl_roads.black_dustbin",
				"texture_width": 64,
				"texture_height": 64,
				"visible_bounds_width": 2,
				"visible_bounds_height": 2.5,
				"visible_bounds_offset": [0, 0.75, 0]
			},
			"bones": [
				{
					"name": "block",
					"pivot": [0, 0, 0],
					"cubes": [
						{
							"origin": [-5, 0, -5],
							"size": [10, 14, 10],
							"uv": {
								"north": {"uv": [0, 0], "uv_size": [10, 14]},
								"east": {"uv": [10, 0], "uv_size": [10, 14]},
								"south": {"uv": [0, 14], "uv_size": [10, 14]},
								"west": {"uv": [10, 14], "uv_size": [10, 14]},
								"up": {"uv": [20, 22], "uv_size": [10, 10]},
								"down": {"uv": [0, 38], "uv_size": [10, -10]}
							}
						},
						{
							"origin": [-6, 0, 2],
							"size": [1, 3, 3],
							"uv": {
								"north": {"uv": [19, 28], "uv_size": [1, 3]},
								"east": {"uv": [10, 28], "uv_size": [3, 3]},
								"south": {"uv": [31, 10], "uv_size": [1, 3]},
								"west": {"uv": [13, 28], "uv_size": [3, 3]},
								"up": {"uv": [12, 31], "uv_size": [1, 3]},
								"down": {"uv": [13, 34], "uv_size": [1, -3]}
							}
						},
						{
							"origin": [5, 0, 2],
							"size": [1, 3, 3],
							"uv": {
								"north": {"uv": [31, 13], "uv_size": [1, 3]},
								"east": {"uv": [16, 28], "uv_size": [3, 3]},
								"south": {"uv": [14, 31], "uv_size": [1, 3]},
								"west": {"uv": [30, 30], "uv_size": [3, 3]},
								"up": {"uv": [15, 31], "uv_size": [1, 3]},
								"down": {"uv": [16, 34], "uv_size": [1, -3]}
							}
						},
						{
							"origin": [4, 13, 5],
							"size": [1, 2, 2],
							"uv": {
								"north": {"uv": [31, 16], "uv_size": [1, 2]},
								"east": {"uv": [31, 4], "uv_size": [2, 2]},
								"south": {"uv": [17, 31], "uv_size": [1, 2]},
								"west": {"uv": [31, 6], "uv_size": [2, 2]},
								"up": {"uv": [18, 31], "uv_size": [1, 2]},
								"down": {"uv": [31, 20], "uv_size": [1, -2]}
							}
						},
						{
							"origin": [-5, 13, 5],
							"size": [1, 2, 2],
							"uv": {
								"north": {"uv": [19, 31], "uv_size": [1, 2]},
								"east": {"uv": [31, 8], "uv_size": [2, 2]},
								"south": {"uv": [31, 20], "uv_size": [1, 2]},
								"west": {"uv": [10, 31], "uv_size": [2, 2]},
								"up": {"uv": [32, 10], "uv_size": [1, 2]},
								"down": {"uv": [32, 14], "uv_size": [1, -2]}
							}
						},
						{
							"origin": [-4, 14, 6],
							"size": [8, 1, 1],
							"uv": {
								"north": {"uv": [31, 0], "uv_size": [8, 1]},
								"east": {"uv": [32, 14], "uv_size": [1, 1]},
								"south": {"uv": [31, 1], "uv_size": [8, 1]},
								"west": {"uv": [32, 15], "uv_size": [1, 1]},
								"up": {"uv": [31, 2], "uv_size": [8, 1]},
								"down": {"uv": [31, 4], "uv_size": [8, -1]}
							}
						},
						{
							"origin": [-5.5, 14, -6],
							"size": [11, 2, 11],
							"uv": {
								"north": {"uv": [30, 22], "uv_size": [11, 2]},
								"east": {"uv": [30, 24], "uv_size": [11, 2]},
								"south": {"uv": [30, 26], "uv_size": [11, 2]},
								"west": {"uv": [30, 28], "uv_size": [11, 2]},
								"up": {"uv": [20, 0], "uv_size": [11, 11]},
								"down": {"uv": [20, 22], "uv_size": [11, -11]}
							}
						}
					]
				}
			]
		}
	]
}