{
	"format_version": "1.19.0",
	"minecraft:geometry": [
		{
			"description": {
				"identifier": "geometry.mbl_roads.post_box",
				"texture_width": 64,
				"texture_height": 64,
				"visible_bounds_width": 2,
				"visible_bounds_height": 2.5,
				"visible_bounds_offset": [0, 0.75, 0]
			},
			"bones": [
				{
					"name": "block",
					"pivot": [0, 0, 0],
					"cubes": [
						{
							"origin": [-6, 15, 0],
							"size": [12, 1, 4],
							"uv": {
								"north": {"uv": [24, 30], "uv_size": [12, 1]},
								"east": {"uv": [36, 25], "uv_size": [4, 1]},
								"south": {"uv": [24, 31], "uv_size": [12, 1]},
								"west": {"uv": [36, 26], "uv_size": [4, 1]},
								"up": {"uv": [24, 22], "uv_size": [12, 4]},
								"down": {"uv": [24, 30], "uv_size": [12, -4]}
							}
						},
						{
							"origin": [-6, 16, -3],
							"size": [12, 1, 6],
							"uv": {
								"north": {"uv": [24, 32], "uv_size": [12, 1]},
								"east": {"uv": [24, 34], "uv_size": [6, 1]},
								"south": {"uv": [12, 33], "uv_size": [12, 1]},
								"west": {"uv": [30, 34], "uv_size": [6, 1]},
								"up": {"uv": [24, 0], "uv_size": [12, 6]},
								"down": {"uv": [24, 12], "uv_size": [12, -6]}
							}
						},
						{
							"origin": [-6, 14, 0],
							"size": [12, 1, 5],
							"uv": {
								"north": {"uv": [24, 33], "uv_size": [12, 1]},
								"east": {"uv": [32, 35], "uv_size": [5, 1]},
								"south": {"uv": [12, 34], "uv_size": [12, 1]},
								"west": {"uv": [36, 0], "uv_size": [5, 1]},
								"up": {"uv": [24, 12], "uv_size": [12, 5]},
								"down": {"uv": [24, 22], "uv_size": [12, -5]}
							}
						},
						{
							"origin": [5, 14, -5],
							"size": [1, 1, 5],
							"uv": {
								"north": {"uv": [36, 34], "uv_size": [1, 1]},
								"east": {"uv": [36, 1], "uv_size": [5, 1]},
								"south": {"uv": [33, 37], "uv_size": [1, 1]},
								"west": {"uv": [36, 2], "uv_size": [5, 1]},
								"up": {"uv": [36, 3], "uv_size": [1, 5]},
								"down": {"uv": [36, 13], "uv_size": [1, -5]}
							}
						},
						{
							"origin": [5, 15, -4],
							"size": [1, 1, 4],
							"uv": {
								"north": {"uv": [34, 37], "uv_size": [1, 1]},
								"east": {"uv": [36, 27], "uv_size": [4, 1]},
								"south": {"uv": [37, 34], "uv_size": [1, 1]},
								"west": {"uv": [36, 28], "uv_size": [4, 1]},
								"up": {"uv": [36, 29], "uv_size": [1, 4]},
								"down": {"uv": [32, 40], "uv_size": [1, -4]}
							}
						},
						{
							"origin": [-6, 15, -4],
							"size": [1, 1, 4],
							"uv": {
								"north": {"uv": [35, 37], "uv_size": [1, 1]},
								"east": {"uv": [33, 36], "uv_size": [4, 1]},
								"south": {"uv": [37, 35], "uv_size": [1, 1]},
								"west": {"uv": [36, 33], "uv_size": [4, 1]},
								"up": {"uv": [37, 3], "uv_size": [1, 4]},
								"down": {"uv": [37, 11], "uv_size": [1, -4]}
							}
						},
						{
							"origin": [-6, 14, -5],
							"size": [1, 1, 5],
							"uv": {
								"north": {"uv": [36, 37], "uv_size": [1, 1]},
								"east": {"uv": [36, 13], "uv_size": [5, 1]},
								"south": {"uv": [37, 36], "uv_size": [1, 1]},
								"west": {"uv": [36, 14], "uv_size": [5, 1]},
								"up": {"uv": [36, 15], "uv_size": [1, 5]},
								"down": {"uv": [36, 25], "uv_size": [1, -5]}
							}
						},
						{
							"origin": [-6, 3, -6],
							"size": [12, 11, 12],
							"uv": {
								"north": {"uv": [12, 0], "uv_size": [12, 11]},
								"east": {"uv": [12, 11], "uv_size": [12, 11]},
								"south": {"uv": [12, 22], "uv_size": [12, 11]},
								"west": {"uv": [0, 24], "uv_size": [12, 11]},
								"up": {"uv": [0, 0], "uv_size": [12, 12]},
								"down": {"uv": [0, 24], "uv_size": [12, -12]}
							}
						},
						{
							"origin": [4, 0, -6],
							"size": [2, 3, 2],
							"uv": {
								"north": {"uv": [0, 35], "uv_size": [2, 3]},
								"east": {"uv": [2, 35], "uv_size": [2, 3]},
								"south": {"uv": [4, 35], "uv_size": [2, 3]},
								"west": {"uv": [6, 35], "uv_size": [2, 3]},
								"up": {"uv": [37, 11], "uv_size": [2, 2]},
								"down": {"uv": [37, 17], "uv_size": [2, -2]}
							}
						},
						{
							"origin": [4, 0, 4],
							"size": [2, 3, 2],
							"uv": {
								"north": {"uv": [8, 35], "uv_size": [2, 3]},
								"east": {"uv": [10, 35], "uv_size": [2, 3]},
								"south": {"uv": [12, 35], "uv_size": [2, 3]},
								"west": {"uv": [14, 35], "uv_size": [2, 3]},
								"up": {"uv": [37, 17], "uv_size": [2, 2]},
								"down": {"uv": [37, 21], "uv_size": [2, -2]}
							}
						},
						{
							"origin": [-6, 0, 4],
							"size": [2, 3, 2],
							"uv": {
								"north": {"uv": [16, 35], "uv_size": [2, 3]},
								"east": {"uv": [18, 35], "uv_size": [2, 3]},
								"south": {"uv": [20, 35], "uv_size": [2, 3]},
								"west": {"uv": [22, 35], "uv_size": [2, 3]},
								"up": {"uv": [37, 21], "uv_size": [2, 2]},
								"down": {"uv": [37, 25], "uv_size": [2, -2]}
							}
						},
						{
							"origin": [-6, 0, -6],
							"size": [2, 3, 2],
							"uv": {
								"north": {"uv": [24, 35], "uv_size": [2, 3]},
								"east": {"uv": [26, 35], "uv_size": [2, 3]},
								"south": {"uv": [28, 35], "uv_size": [2, 3]},
								"west": {"uv": [30, 35], "uv_size": [2, 3]},
								"up": {"uv": [37, 29], "uv_size": [2, 2]},
								"down": {"uv": [37, 33], "uv_size": [2, -2]}
							}
						}
					]
				}
			]
		}
	]
}