{
	"format_version": "1.19.0",
	"minecraft:geometry": [
		{
			"description": {
				"identifier": "geometry.mbl_roads.parking_meter",
				"texture_width": 32,
				"texture_height": 32,
				"visible_bounds_width": 2,
				"visible_bounds_height": 2.5,
				"visible_bounds_offset": [0, 0.75, 0]
			},
			"bones": [
				{
					"name": "block",
					"pivot": [0, 0, 0],
					"cubes": [
						{
							"origin": [-2, 0, -2],
							"size": [4, 1, 4],
							"uv": {
								"north": {"uv": [20, 3], "uv_size": [4, 1]},
								"east": {"uv": [20, 4], "uv_size": [4, 1]},
								"south": {"uv": [20, 11], "uv_size": [4, 1]},
								"west": {"uv": [20, 19], "uv_size": [4, 1]},
								"up": {"uv": [16, 16], "uv_size": [4, 4]},
								"down": {"uv": [0, 22], "uv_size": [4, -4]}
							}
						},
						{
							"origin": [-3, 1, -2],
							"size": [6, 3, 4],
							"uv": {
								"north": {"uv": [16, 5], "uv_size": [6, 3]},
								"east": {"uv": [20, 0], "uv_size": [4, 3]},
								"south": {"uv": [10, 16], "uv_size": [6, 3]},
								"west": {"uv": [20, 8], "uv_size": [4, 3]},
								"up": {"uv": [8, 8], "uv_size": [6, 4]},
								"down": {"uv": [0, 14], "uv_size": [6, -4]}
							}
						},
						{
							"origin": [-4, 4, -2],
							"size": [8, 5, 4],
							"uv": {
								"north": {"uv": [0, 0], "uv_size": [8, 5]},
								"east": {"uv": [16, 0], "uv_size": [4, 5]},
								"south": {"uv": [0, 5], "uv_size": [8, 5]},
								"west": {"uv": [6, 16], "uv_size": [4, 5]},
								"up": {"uv": [8, 0], "uv_size": [8, 4]},
								"down": {"uv": [8, 8], "uv_size": [8, -4]}
							}
						},
						{
							"origin": [-3, 9, 0],
							"size": [6, 4, 0],
							"uv": {
								"north": {"uv": [6, 12], "uv_size": [6, 4]},
								"east": {"uv": [0, 0], "uv_size": [0, 4]},
								"south": {"uv": [0, 28], "uv_size": [6, 4]},
								"west": {"uv": [0, 0], "uv_size": [0, 4]},
								"up": {"uv": [0, 0], "uv_size": [6, 0]},
								"down": {"uv": [0, 0], "uv_size": [6, 0]}
							}
						},
						{
							"origin": [-3, 9, -1],
							"size": [6, 4, 0],
							"uv": {
								"north": {"uv": [0, 14], "uv_size": [6, 4]},
								"east": {"uv": [0, 0], "uv_size": [0, 4]},
								"south": {"uv": [0, 28], "uv_size": [6, 4]},
								"west": {"uv": [0, 0], "uv_size": [0, 4]},
								"up": {"uv": [0, 0], "uv_size": [6, 0]},
								"down": {"uv": [0, 0], "uv_size": [6, 0]}
							}
						},
						{
							"origin": [-3, 9, 1],
							"size": [6, 4, 0],
							"uv": {
								"north": {"uv": [0, 14], "uv_size": [6, 4]},
								"east": {"uv": [0, 0], "uv_size": [0, 4]},
								"south": {"uv": [0, 28], "uv_size": [6, 4]},
								"west": {"uv": [0, 0], "uv_size": [0, 4]},
								"up": {"uv": [0, 0], "uv_size": [6, 0]},
								"down": {"uv": [0, 0], "uv_size": [6, 0]}
							}
						},
						{
							"origin": [-4, 9, -2],
							"size": [1, 3, 4],
							"uv": {
								"north": {"uv": [4, 18], "uv_size": [1, 3]},
								"east": {"uv": [14, 20], "uv_size": [4, 3]},
								"south": {"uv": [5, 18], "uv_size": [1, 3]},
								"west": {"uv": [20, 16], "uv_size": [4, 3]},
								"up": {"uv": [8, 21], "uv_size": [1, 4]},
								"down": {"uv": [9, 25], "uv_size": [1, -4]}
							}
						},
						{
							"origin": [3, 9, -2],
							"size": [1, 3, 4],
							"uv": {
								"north": {"uv": [15, 23], "uv_size": [1, 3]},
								"east": {"uv": [18, 20], "uv_size": [4, 3]},
								"south": {"uv": [16, 23], "uv_size": [1, 3]},
								"west": {"uv": [4, 21], "uv_size": [4, 3]},
								"up": {"uv": [0, 22], "uv_size": [1, 4]},
								"down": {"uv": [1, 26], "uv_size": [1, -4]}
							}
						},
						{
							"origin": [-3, 12, -2],
							"size": [1, 1, 4],
							"uv": {
								"north": {"uv": [6, 10], "uv_size": [1, 1]},
								"east": {"uv": [22, 5], "uv_size": [4, 1]},
								"south": {"uv": [7, 10], "uv_size": [1, 1]},
								"west": {"uv": [22, 6], "uv_size": [4, 1]},
								"up": {"uv": [2, 22], "uv_size": [1, 4]},
								"down": {"uv": [3, 26], "uv_size": [1, -4]}
							}
						},
						{
							"origin": [2, 12, -2],
							"size": [1, 1, 4],
							"uv": {
								"north": {"uv": [6, 11], "uv_size": [1, 1]},
								"east": {"uv": [22, 7], "uv_size": [4, 1]},
								"south": {"uv": [7, 11], "uv_size": [1, 1]},
								"west": {"uv": [22, 12], "uv_size": [4, 1]},
								"up": {"uv": [22, 20], "uv_size": [1, 4]},
								"down": {"uv": [10, 27], "uv_size": [1, -4]}
							}
						},
						{
							"origin": [-2, 13, -2],
							"size": [4, 1, 4],
							"uv": {
								"north": {"uv": [22, 13], "uv_size": [4, 1]},
								"east": {"uv": [22, 14], "uv_size": [4, 1]},
								"south": {"uv": [22, 15], "uv_size": [4, 1]},
								"west": {"uv": [11, 23], "uv_size": [4, 1]},
								"up": {"uv": [18, 12], "uv_size": [4, 4]},
								"down": {"uv": [10, 23], "uv_size": [4, -4]}
							}
						}
					]
				}
			]
		}
	]
}