{
	"format_version": "1.19.0",
	"minecraft:geometry": [
		{
			"description": {
				"identifier": "geometry.mbl_roads.safety_barrier",
				"texture_width": 64,
				"texture_height": 64,
				"visible_bounds_width": 2,
				"visible_bounds_height": 2.5,
				"visible_bounds_offset": [0, 0.75, 0]
			},
			"bones": [
				{
					"name": "block",
					"pivot": [0, 0, 0]
				},
				{
					"name": "bone",
					"parent": "block",
					"pivot": [0, -3, -5],
					"rotation": [-13, 0, 0],
					"cubes": [
						{
							"origin": [-8, 9, -6],
							"size": [16, 5, 1],
							"uv": {
								"north": {"uv": [0, 0], "uv_size": [16, 5]},
								"east": {"uv": [24, 2], "uv_size": [1, 5]},
								"south": {"uv": [0, 5], "uv_size": [16, 5]},
								"west": {"uv": [24, 7], "uv_size": [1, 5]},
								"up": {"uv": [20, 18], "uv_size": [16, 1]},
								"down": {"uv": [20, 20], "uv_size": [16, -1]}
							}
						},
						{
							"origin": [-8, 2, -6],
							"size": [16, 5, 1],
							"uv": {
								"north": {"uv": [0, 0], "uv_size": [16, 5]},
								"east": {"uv": [24, 2], "uv_size": [1, 5]},
								"south": {"uv": [0, 5], "uv_size": [16, 5]},
								"west": {"uv": [24, 7], "uv_size": [1, 5]},
								"up": {"uv": [20, 18], "uv_size": [16, 1]},
								"down": {"uv": [20, 20], "uv_size": [16, -1]}
							}
						},
						{
							"origin": [-6, -3, -5],
							"size": [4, 18, 1],
							"uv": {
								"north": {"uv": [16, 0], "uv_size": [4, 18]},
								"east": {"uv": [4, 20], "uv_size": [2, 18]},
								"south": {"uv": [16, 18], "uv_size": [4, 18]},
								"west": {"uv": [6, 20], "uv_size": [2, 18]},
								"up": {"uv": [12, 20], "uv_size": [4, 2]},
								"down": {"uv": [12, 24], "uv_size": [4, -2]}
							}
						}
					]
				},
				{
					"name": "bone2",
					"parent": "block",
					"pivot": [0, -3, 5],
					"rotation": [13, 0, 0],
					"cubes": [
						{
							"origin": [-8, 9, 5],
							"size": [16, 5, 1],
							"uv": {
								"north": {"uv": [0, 10], "uv_size": [16, 5]},
								"east": {"uv": [12, 24], "uv_size": [1, 5]},
								"south": {"uv": [0, 15], "uv_size": [16, 5]},
								"west": {"uv": [24, 12], "uv_size": [1, 5]},
								"up": {"uv": [20, 20], "uv_size": [16, 1]},
								"down": {"uv": [20, 22], "uv_size": [16, -1]}
							}
						},
						{
							"origin": [-8, 2, 5],
							"size": [16, 5, 1],
							"uv": {
								"north": {"uv": [0, 10], "uv_size": [16, 5]},
								"east": {"uv": [12, 24], "uv_size": [1, 5]},
								"south": {"uv": [0, 15], "uv_size": [16, 5]},
								"west": {"uv": [24, 12], "uv_size": [1, 5]},
								"up": {"uv": [20, 20], "uv_size": [16, 1]},
								"down": {"uv": [20, 22], "uv_size": [16, -1]}
							}
						},
						{
							"origin": [-6, -3, 4],
							"size": [4, 18, 1],
							"uv": {
								"north": {"uv": [0, 20], "uv_size": [4, 18]},
								"east": {"uv": [8, 20], "uv_size": [2, 18]},
								"south": {"uv": [20, 0], "uv_size": [4, 18]},
								"west": {"uv": [10, 20], "uv_size": [2, 18]},
								"up": {"uv": [20, 22], "uv_size": [4, 2]},
								"down": {"uv": [24, 2], "uv_size": [4, -2]}
							}
						}
					]
				}
			]
		}
	]
}