{
	"format_version": "1.19.0",
	"minecraft:geometry": [
		{
			"description": {
				"identifier": "geometry.mbl_roads.street_light",
				"texture_width": 64,
				"texture_height": 64,
				"visible_bounds_width": 4,
				"visible_bounds_height": 2.5,
				"visible_bounds_offset": [0, 0.75, 0]
			},
			"bones": [
				{
					"name": "block",
					"pivot": [0, 0, 0]
				},
				{
					"name": "bone",
					"parent": "block",
					"pivot": [0, 20, 0],
					"rotation": [-10, 0, 0],
					"cubes": [
						{
							"origin": [-4, 17, -8],
							"size": [8, 3, 16],
							"uv": {
								"north": {"uv": [23, 16], "uv_size": [8, 3]},
								"east": {"uv": [7, 16], "uv_size": [16, 3]},
								"south": {"uv": [23, 19], "uv_size": [8, 3]},
								"west": {"uv": [7, 19], "uv_size": [16, 3]},
								"up": {"uv": [0, 0], "uv_size": [8, 16]},
								"down": {"uv": [8, 16], "uv_size": [8, -16]}
							}
						},
						{
							"origin": [-3.5, 15, -7.5],
							"size": [7, 3, 15],
							"uv": {
								"north": {"uv": [7, 25], "uv_size": [7, 3]},
								"east": {"uv": [7, 22], "uv_size": [15, 3]},
								"south": {"uv": [14, 25], "uv_size": [7, 3]},
								"west": {"uv": [22, 22], "uv_size": [15, 3]},
								"up": {"uv": [0, 16], "uv_size": [7, 15]},
								"down": {"uv": [16, 15], "uv_size": [7, -15]}
							}
						},
						{
							"origin": [-3, 17, 8],
							"size": [6, 2, 2],
							"uv": {
								"north": {"uv": [27, 2], "uv_size": [6, 2]},
								"east": {"uv": [27, 14], "uv_size": [2, 2]},
								"south": {"uv": [27, 4], "uv_size": [6, 2]},
								"west": {"uv": [21, 27], "uv_size": [2, 2]},
								"up": {"uv": [27, 6], "uv_size": [6, 2]},
								"down": {"uv": [27, 10], "uv_size": [6, -2]}
							}
						},
						{
							"origin": [-2, 17, 10],
							"size": [4, 2, 7],
							"uv": {
								"north": {"uv": [27, 10], "uv_size": [4, 2]},
								"east": {"uv": [21, 25], "uv_size": [8, 2]},
								"south": {"uv": [27, 12], "uv_size": [4, 2]},
								"west": {"uv": [27, 0], "uv_size": [8, 2]},
								"up": {"uv": [23, 0], "uv_size": [4, 8]},
								"down": {"uv": [23, 16], "uv_size": [4, -8]}
							}
						}
					]
				}
			]
		}
	]
}