{
	"format_version": "1.12.0",
	"minecraft:geometry": [
		{
			"description": {
				"identifier": "geometry.mbl_roads.traffic_light",
				"texture_width": 32,
				"texture_height": 32,
				"visible_bounds_width": 3,
				"visible_bounds_height": 2.5,
				"visible_bounds_offset": [0, 0.75, 0]
			},
			"bones": [
				{
					"name": "block",
					"pivot": [0, 0, 0]
				},
				{
					"name": "bone",
					"parent": "block",
					"pivot": [0, 0, 0],
					"cubes": [
						{
							"origin": [-4, 0.5, -3],
							"size": [8, 16, 5],
							"inflate": 0.5,
							"uv": {
								"north": {"uv": [0, 0], "uv_size": [8, 16]},
								"east": {"uv": [8, 16], "uv_size": [5, 16]},
								"south": {"uv": [8, 0], "uv_size": [8, 16]},
								"west": {"uv": [13, 16], "uv_size": [5, 16]},
								"up": {"uv": [18, 16], "uv_size": [8, 5]},
								"down": {"uv": [18, 26], "uv_size": [8, -5]}
							}
						},
						{
							"origin": [-4, 0, 2],
							"size": [8, 16, 2],
							"uv": {
								"north": {"uv": [16, 0], "uv_size": [8, 16]},
								"east": {"uv": [8, 16], "uv_size": [5, 16]},
								"south": {"uv": [8, 0], "uv_size": [8, 16]},
								"west": {"uv": [13, 16], "uv_size": [5, 16]},
								"up": {"uv": [18, 16], "uv_size": [8, 5]},
								"down": {"uv": [18, 26], "uv_size": [8, -5]}
							}
						},
						{
							"origin": [-4, 0.5, -2.5],
							"size": [8, 16, 0],
							"inflate": 0.4,
							"uv": {
								"north": {"uv": [0, 16], "uv_size": [8, 16]},
								"east": {"uv": [0, 0], "uv_size": [0, 16]},
								"south": {"uv": [16, 0], "uv_size": [8, 16]},
								"west": {"uv": [0, 0], "uv_size": [0, 16]},
								"up": {"uv": [0, 0], "uv_size": [8, 0]},
								"down": {"uv": [0, 0], "uv_size": [8, 0]}
							}
						}
					]
				}
			]
		},
		{
			"description": {
				"identifier": "geometry.mbl_roads.traffic_light_wall",
				"texture_width": 32,
				"texture_height": 32,
				"visible_bounds_width": 3,
				"visible_bounds_height": 2.5,
				"visible_bounds_offset": [0, 0.75, 0]
			},
			"bones": [
				{
					"name": "block",
					"pivot": [0, 0, 0],
					"cubes": [
						{
							"origin": [-4, 0, 7],
							"size": [8, 16, 5],
							"uv": {
								"north": {
									"uv": [0, 0],
									"uv_size": [8, 16]
								},
								"east": {
									"uv": [8, 16],
									"uv_size": [5, 16]
								},
								"south": {
									"uv": [8, 0],
									"uv_size": [8, 16]
								},
								"west": {
									"uv": [13, 16],
									"uv_size": [5, 16]
								},
								"up": {
									"uv": [18, 16],
									"uv_size": [8, 5]
								},
								"down": {
									"uv": [18, 26],
									"uv_size": [8, -5]
								}
							}
						},
						{
							"origin": [-4, 0, 7.5],
							"size": [8, 16, 0],
							"uv": {
								"north": {
									"uv": [0, 16],
									"uv_size": [8, 16]
								},
								"east": {
									"uv": [0, 0],
									"uv_size": [0, 16]
								},
								"south": {
									"uv": [16, 0],
									"uv_size": [8, 16]
								},
								"west": {
									"uv": [0, 0],
									"uv_size": [0, 16]
								},
								"up": {
									"uv": [0, 0],
									"uv_size": [8, 0]
								},
								"down": {
									"uv": [0, 0],
									"uv_size": [8, 0]
								}
							}
						},
						{
							"origin": [-2, 12, 12],
							"size": [4, 1, 2],
							"uv": {
								"north": {
									"uv": [24, 8],
									"uv_size": [4, 1]
								},
								"east": {
									"uv": [24, 12],
									"uv_size": [2, 1]
								},
								"south": {
									"uv": [24, 9],
									"uv_size": [4, 1]
								},
								"west": {
									"uv": [24, 13],
									"uv_size": [2, 1]
								},
								"up": {
									"uv": [24, 0],
									"uv_size": [4, 2]
								},
								"down": {
									"uv": [24, 4],
									"uv_size": [4, -2]
								}
							}
						},
						{
							"origin": [-2, 3, 12],
							"size": [4, 1, 2],
							"uv": {
								"north": {
									"uv": [24, 10],
									"uv_size": [4, 1]
								},
								"east": {
									"uv": [24, 14],
									"uv_size": [2, 1]
								},
								"south": {
									"uv": [24, 11],
									"uv_size": [4, 1]
								},
								"west": {
									"uv": [24, 15],
									"uv_size": [2, 1]
								},
								"up": {
									"uv": [24, 4],
									"uv_size": [4, 2]
								},
								"down": {
									"uv": [24, 8],
									"uv_size": [4, -2]
								}
							}
						}
					]
				}
			]
		}
	]
}