{
	"format_version": "1.19.0",
	"minecraft:geometry": [
		{
			"description": {
				"identifier": "geometry.mbl_roads.street_bin",
				"texture_width": 64,
				"texture_height": 64,
				"visible_bounds_width": 2,
				"visible_bounds_height": 2.5,
				"visible_bounds_offset": [0, 0.75, 0]
			},
			"bones": [
				{
					"name": "block",
					"pivot": [0, 0, 0],
					"cubes": [
						{
							"origin": [-6, 14, -6],
							"size": [12, 2, 12],
							"uv": {
								"north": {"uv": [26, 28], "uv_size": [12, 2]},
								"east": {"uv": [26, 30], "uv_size": [12, 2]},
								"south": {"uv": [8, 32], "uv_size": [12, 2]},
								"west": {"uv": [20, 32], "uv_size": [12, 2]},
								"up": {"uv": [0, 0], "uv_size": [12, 12]},
								"down": {"uv": [0, 24], "uv_size": [12, -12]}
							}
						},
						{
							"origin": [-4, 0, -4],
							"size": [8, 16, 8],
							"uv": {
								"north": {"uv": [12, 0], "uv_size": [7, 16]},
								"east": {"uv": [12, 16], "uv_size": [7, 16]},
								"south": {"uv": [19, 0], "uv_size": [7, 16]},
								"west": {"uv": [19, 16], "uv_size": [7, 16]},
								"up": {"uv": [26, 14], "uv_size": [7, 7]},
								"down": {"uv": [26, 28], "uv_size": [7, -7]}
							}
						},
						{
							"origin": [-5, 0, -5],
							"size": [1, 14, 1],
							"uv": {
								"north": {"uv": [32, 32], "uv_size": [1, 14]},
								"east": {"uv": [33, 14], "uv_size": [1, 14]},
								"south": {"uv": [33, 32], "uv_size": [1, 14]},
								"west": {"uv": [34, 0], "uv_size": [1, 14]},
								"up": {"uv": [8, 24], "uv_size": [1, 1]},
								"down": {"uv": [9, 25], "uv_size": [1, -1]}
							}
						},
						{
							"origin": [-5, 0, 4],
							"size": [1, 14, 1],
							"uv": {
								"north": {"uv": [34, 32], "uv_size": [-1, 14]},
								"east": {"uv": [34, 14], "uv_size": [-1, 14]},
								"south": {"uv": [33, 32], "uv_size": [-1, 14]},
								"west": {"uv": [35, 0], "uv_size": [-1, 14]},
								"up": {"uv": [8, 25], "uv_size": [1, -1]},
								"down": {"uv": [9, 24], "uv_size": [1, 1]}
							}
						},
						{
							"origin": [4, 0, -5],
							"size": [1, 14, 1],
							"uv": {
								"north": {"uv": [33, 32], "uv_size": [-1, 14]},
								"east": {"uv": [35, 0], "uv_size": [-1, 14]},
								"south": {"uv": [34, 32], "uv_size": [-1, 14]},
								"west": {"uv": [34, 14], "uv_size": [-1, 14]},
								"up": {"uv": [9, 24], "uv_size": [-1, 1]},
								"down": {"uv": [10, 25], "uv_size": [-1, -1]}
							}
						},
						{
							"origin": [4, 0, 4],
							"size": [1, 14, 1],
							"uv": {
								"north": {"uv": [33, 32], "uv_size": [1, 14]},
								"east": {"uv": [34, 0], "uv_size": [1, 14]},
								"south": {"uv": [32, 32], "uv_size": [1, 14]},
								"west": {"uv": [33, 14], "uv_size": [1, 14]},
								"up": {"uv": [9, 25], "uv_size": [-1, -1]},
								"down": {"uv": [10, 24], "uv_size": [-1, 1]}
							}
						},
						{
							"origin": [-4, 0, -5],
							"size": [8, 14, 0],
							"uv": {
								"north": {"uv": [0, 24], "uv_size": [8, 14]},
								"east": {"uv": [0, 0], "uv_size": [0, 14]},
								"south": {"uv": [26, 0], "uv_size": [8, 14]},
								"west": {"uv": [0, 0], "uv_size": [0, 14]},
								"up": {"uv": [0, 0], "uv_size": [8, 0]},
								"down": {"uv": [0, 0], "uv_size": [8, 0]}
							}
						},
						{
							"origin": [-4, 0, 5],
							"size": [8, 14, 0],
							"uv": {
								"north": {"uv": [34, 0], "uv_size": [-8, 14]},
								"east": {"uv": [0, 0], "uv_size": [0, 14]},
								"south": {"uv": [8, 24], "uv_size": [-8, 14]},
								"west": {"uv": [0, 0], "uv_size": [0, 14]},
								"up": {"uv": [0, 0], "uv_size": [8, 0]},
								"down": {"uv": [0, 0], "uv_size": [8, 0]}
							}
						},
						{
							"origin": [-4, 0, 5],
							"size": [8, 14, 0],
							"pivot": [0, 0, 0],
							"rotation": [0, -90, 0],
							"uv": {
								"north": {"uv": [34, 0], "uv_size": [-8, 14]},
								"east": {"uv": [0, 0], "uv_size": [0, 14]},
								"south": {"uv": [8, 24], "uv_size": [-8, 14]},
								"west": {"uv": [0, 0], "uv_size": [0, 14]},
								"up": {"uv": [0, 0], "uv_size": [8, 0]},
								"down": {"uv": [0, 0], "uv_size": [8, 0]}
							}
						},
						{
							"origin": [-4, 0, 5],
							"size": [8, 14, 0],
							"pivot": [0, 0, 0],
							"rotation": [0, 90, 0],
							"uv": {
								"north": {"uv": [26, 0], "uv_size": [8, 14]},
								"east": {"uv": [0, 0], "uv_size": [0, 14]},
								"south": {"uv": [0, 24], "uv_size": [8, 14]},
								"west": {"uv": [0, 0], "uv_size": [0, 14]},
								"up": {"uv": [8, 0], "uv_size": [-8, 0]},
								"down": {"uv": [8, 0], "uv_size": [-8, 0]}
							}
						},
						{
							"origin": [-5, 1, -5],
							"size": [10, 0, 10],
							"uv": {
								"north": {"uv": [0, 0], "uv_size": [10, 0]},
								"east": {"uv": [0, 0], "uv_size": [10, 0]},
								"south": {"uv": [0, 0], "uv_size": [10, 0]},
								"west": {"uv": [0, 0], "uv_size": [10, 0]},
								"up": {"uv": [10, 64], "uv_size": [-10, -10]},
								"down": {"uv": [20, 64], "uv_size": [-10, -10]}
							}
						}
					]
				}
			]
		}
	]
}