{
	"format_version": "1.19.0",
	"minecraft:geometry": [
		{
			"description": {
				"identifier": "geometry.mbl_roads.dark_asphalt_curb",
				"texture_width": 64,
				"texture_height": 64,
				"visible_bounds_width": 2,
				"visible_bounds_height": 2.5,
				"visible_bounds_offset": [0, 0.75, 0]
			},
			"bones": [
				{
					"name": "block",
					"pivot": [0, 0, 0],
					"cubes": [
						{
							"origin": [-8, 0, -8],
							"size": [16, 13, 16],
							"uv": {
								"north": {"uv": [16, 0], "uv_size": [16, 13]},
								"east": {"uv": [16, 13], "uv_size": [16, 13]},
								"south": {"uv": [16, 26], "uv_size": [16, 13]},
								"west": {"uv": [0, 32], "uv_size": [16, 13]},
								"up": {"uv": [0, 0], "uv_size": [16, 16]},
								"down": {"uv": [0, 32], "uv_size": [16, -16]}
							}
						},
						{
							"origin": [-8, 13, 0],
							"size": [16, 3, 8],
							"uv": {
								"north": {"uv": [32, 12], "uv_size": [16, 3]},
								"east": {"uv": [32, 18], "uv_size": [8, 3]},
								"south": {"uv": [32, 15], "uv_size": [16, 3]},
								"west": {"uv": [32, 21], "uv_size": [8, 3]},
								"up": {"uv": [32, 0], "uv_size": [16, 8]},
								"down": {"uv": [48, 6], "uv_size": [16, -6]}
							}
						}
					]
				}
			]
		}
	]
}