{
	"format_version": "1.19.0",
	"minecraft:geometry": [
		{
			"description": {
				"identifier": "geometry.mbl_roads.for_sale_sign",
				"texture_width": 64,
				"texture_height": 64,
				"visible_bounds_width": 2,
				"visible_bounds_height": 2.5,
				"visible_bounds_offset": [0, 0.75, 0]
			},
			"bones": [
				{
					"name": "block",
					"pivot": [0, 0, 0],
					"cubes": [
						{
							"origin": [-1, 0, 6],
							"size": [2, 16, 2],
							"uv": {
								"north": {"uv": [13, 10], "uv_size": [2, 16]},
								"east": {"uv": [15, 10], "uv_size": [2, 16]},
								"south": {"uv": [17, 10], "uv_size": [2, 16]},
								"west": {"uv": [19, 10], "uv_size": [2, 16]},
								"up": {"uv": [8, 20], "uv_size": [2, 2]},
								"down": {"uv": [10, 22], "uv_size": [2, -2]}
							}
						},
						{
							"origin": [-1, 11, -7],
							"size": [2, 2, 1],
							"uv": {
								"north": {"uv": [21, 14], "uv_size": [2, 2]},
								"east": {"uv": [12, 20], "uv_size": [1, 2]},
								"south": {"uv": [21, 16], "uv_size": [2, 2]},
								"west": {"uv": [12, 22], "uv_size": [1, 2]},
								"up": {"uv": [21, 22], "uv_size": [2, 1]},
								"down": {"uv": [23, 15], "uv_size": [2, -1]}
							}
						},
						{
							"origin": [-1, 11, 3],
							"size": [2, 2, 1],
							"uv": {
								"north": {"uv": [21, 18], "uv_size": [2, 2]},
								"east": {"uv": [23, 15], "uv_size": [1, 2]},
								"south": {"uv": [21, 20], "uv_size": [2, 2]},
								"west": {"uv": [23, 17], "uv_size": [1, 2]},
								"up": {"uv": [23, 19], "uv_size": [2, 1]},
								"down": {"uv": [23, 21], "uv_size": [2, -1]}
							}
						},
						{
							"origin": [-1, 13, -8],
							"size": [2, 2, 14],
							"uv": {
								"north": {"uv": [8, 22], "uv_size": [2, 2]},
								"east": {"uv": [21, 10], "uv_size": [14, 2]},
								"south": {"uv": [10, 22], "uv_size": [2, 2]},
								"west": {"uv": [21, 12], "uv_size": [14, 2]},
								"up": {"uv": [0, 20], "uv_size": [2, 14]},
								"down": {"uv": [2, 34], "uv_size": [2, -14]}
							}
						},
						{
							"origin": [-0.5, 2, -8],
							"size": [1, 10, 13],
							"uv": {
								"north": {"uv": [6, 20], "uv_size": [1, 10]},
								"east": {"uv": [0, 0], "uv_size": [13, 10]},
								"south": {"uv": [7, 20], "uv_size": [1, 10]},
								"west": {"uv": [0, 10], "uv_size": [13, 10]},
								"up": {"uv": [4, 20], "uv_size": [1, 13]},
								"down": {"uv": [5, 33], "uv_size": [1, -13]}
							}
						},
						{
							"origin": [0.75, 5, -7],
							"size": [0, 5, 11],
							"pivot": [0, 7, -1],
							"rotation": [25, 0, 0],
							"uv": {
								"north": {"uv": [0, 0], "uv_size": [0, 5]},
								"east": {"uv": [13, 0], "uv_size": [11, 5]},
								"south": {"uv": [0, 0], "uv_size": [0, 5]},
								"west": {"uv": [13, 5], "uv_size": [11, 5]},
								"up": {"uv": [0, 0], "uv_size": [0, 11]},
								"down": {"uv": [0, 11], "uv_size": [0, -11]}
							}
						},
						{
							"origin": [0.75, 4.5, -6],
							"size": [0, 5, 11],
							"pivot": [0, 7, -1],
							"rotation": [-152.5, 0, 180],
							"uv": {
								"north": {"uv": [0, 0], "uv_size": [0, 5]},
								"east": {"uv": [24, 5], "uv_size": [-11, 5]},
								"south": {"uv": [0, 0], "uv_size": [0, 5]},
								"west": {"uv": [24, 0], "uv_size": [-11, 5]},
								"up": {"uv": [0, 0], "uv_size": [0, 11]},
								"down": {"uv": [0, 11], "uv_size": [0, -11]}
							}
						}
					]
				}
			]
		}
	]
}