{
	"format_version": "1.19.0",
	"minecraft:geometry": [
		{
			"description": {
				"identifier": "geometry.mbl_roads.base_metal_pole",
				"texture_width": 16,
				"texture_height": 16,
				"visible_bounds_width": 2,
				"visible_bounds_height": 2.5,
				"visible_bounds_offset": [0, 0.75, 0]
			},
			"bones": [
				{
					"name": "block",
					"pivot": [0, 0, 0],
					"cubes": [
						{
							"origin": [-4, 0, -4],
							"size": [8, 16, 8],
							"uv": {
								"north": {"uv": [8, 0], "uv_size": [8, 16]},
								"east": {"uv": [8, 0], "uv_size": [8, 16]},
								"south": {"uv": [0, 0], "uv_size": [8, 16]},
								"west": {"uv": [0, 0], "uv_size": [8, 16]},
								"up": {"uv": [8, 8], "uv_size": [-8, -8]},
								"down": {"uv": [8, 16], "uv_size": [-8, -8]}
							}
						}
					]
				}
			]
		}
	]
}