{
	"format_version": "1.12.0",
	"minecraft:geometry": [
		{
			"description": {
				"identifier": "geometry.mbl_roads.metal_pole",
				"texture_width": 16,
				"texture_height": 16,
				"visible_bounds_width": 3,
				"visible_bounds_height": 2.5,
				"visible_bounds_offset": [0, 0.75, 0]
			},
			"bones": [
				{
					"name": "block",
					"pivot": [0, 0, 0],
					"cubes": [
						{
							"origin": [-1.5, 0, -1.5],
							"size": [3, 16, 3],
							"pivot": [0, 0, 0],
							"rotation": [0, -45, 0],
							"uv": {
								"north": {"uv": [9, 6], "uv_size": [4, 1]},
								"east": {"uv": [9, 6], "uv_size": [4, 1]},
								"south": {"uv": [1, 6], "uv_size": [4, 1]},
								"west": {"uv": [1, 6], "uv_size": [4, 1]},
								"up": {"uv": [5, 5], "uv_size": [-4, -4]},
								"down": {"uv": [5, 13], "uv_size": [-4, -4]}
							}
						}
					]
				}
			]
		}
	]
}