{
	"format_version": "1.19.0",
	"minecraft:geometry": [
		{
			"description": {
				"identifier": "geometry.mbl_roads.pedestrian_green",
				"texture_width": 32,
				"texture_height": 32,
				"visible_bounds_width": 3,
				"visible_bounds_height": 2.5,
				"visible_bounds_offset": [0, 0.75, 0]
			},
			"bones": [
				{
					"name": "block",
					"pivot": [0, 0, 0],
					"cubes": [
						{
							"origin": [-4, 2, 7],
							"size": [8, 12, 5],
							"uv": {
								"north": {"uv": [0, 0], "uv_size": [8, 12]},
								"east": {"uv": [0, 12], "uv_size": [5, 12]},
								"south": {"uv": [8, 0], "uv_size": [8, 12]},
								"west": {"uv": [5, 12], "uv_size": [5, 12]},
								"up": {"uv": [10, 12], "uv_size": [8, 5]},
								"down": {"uv": [16, 5], "uv_size": [8, -5]}
							}
						},
						{
							"origin": [-4, 2, 7.5],
							"size": [8, 12, 0],
							"uv": {
								"north": {"uv": [10, 19], "uv_size": [8, 12]},
								"east": {"uv": [5, 12], "uv_size": [0, 12]},
								"south": {"uv": [18, 19], "uv_size": [8, 12]},
								"west": {"uv": [5, 12], "uv_size": [0, 12]},
								"up": {"uv": [10, 12], "uv_size": [8, 0]},
								"down": {"uv": [16, 0], "uv_size": [8, 0]}
							}
						},
						{
							"origin": [-2, 12, 12],
							"size": [4, 1, 2],
							"uv": {
								"north": {"uv": [16, 11], "uv_size": [4, 1]},
								"east": {"uv": [14, 18], "uv_size": [2, 1]},
								"south": {"uv": [14, 17], "uv_size": [4, 1]},
								"west": {"uv": [18, 14], "uv_size": [2, 1]},
								"up": {"uv": [16, 5], "uv_size": [4, 2]},
								"down": {"uv": [16, 9], "uv_size": [4, -2]}
							}
						},
						{
							"origin": [-2, 3, 12],
							"size": [4, 1, 2],
							"uv": {
								"north": {"uv": [18, 12], "uv_size": [4, 1]},
								"east": {"uv": [18, 15], "uv_size": [2, 1]},
								"south": {"uv": [18, 13], "uv_size": [4, 1]},
								"west": {"uv": [16, 18], "uv_size": [2, 1]},
								"up": {"uv": [16, 9], "uv_size": [4, 2]},
								"down": {"uv": [10, 19], "uv_size": [4, -2]}
							}
						},
						{
							"origin": [-0.5, 3.5, 7],
							"size": [1, 1, 1],
							"uv": {
								"north": {"uv": [0, 24], "uv_size": [1, 1]},
								"east": {"uv": [0, 24], "uv_size": [1, 1]},
								"south": {"uv": [0, 24], "uv_size": [1, 1]},
								"west": {"uv": [0, 24], "uv_size": [1, 1]},
								"up": {"uv": [1, 25], "uv_size": [-1, -1]},
								"down": {"uv": [1, 25], "uv_size": [-1, -1]}
							}
						}
					]
				}
			]
		}
	]
}