{
	"format_version": "1.12.0",
	"minecraft:geometry": [
		{
			"description": {
				"identifier": "geometry.mbl_roads.street_lantern",
				"texture_width": 64,
				"texture_height": 64,
				"visible_bounds_width": 4,
				"visible_bounds_height": 2.5,
				"visible_bounds_offset": [0, 0.75, 0]
			},
			"bones": [
				{
					"name": "block",
					"pivot": [0, 0, 0],
					"cubes": [
						{
							"origin": [-4, 12, -4],
							"size": [8, 2, 8],
							"uv": {
								"north": {"uv": [4, 26], "uv_size": [8, 2]},
								"east": {"uv": [26, 7], "uv_size": [8, 2]},
								"south": {"uv": [4, 28], "uv_size": [8, 2]},
								"west": {"uv": [28, 9], "uv_size": [8, 2]},
								"up": {"uv": [0, 0], "uv_size": [8, 8]},
								"down": {"uv": [0, 16], "uv_size": [8, -8]}
							}
						},
						{
							"origin": [-4, 1, -4],
							"size": [8, 1, 8],
							"uv": {
								"north": {"uv": [30, 20], "uv_size": [8, 1]},
								"east": {"uv": [32, 13], "uv_size": [8, 1]},
								"south": {"uv": [32, 14], "uv_size": [8, 1]},
								"west": {"uv": [32, 21], "uv_size": [8, 1]},
								"up": {"uv": [8, 0], "uv_size": [8, 8]},
								"down": {"uv": [8, 16], "uv_size": [8, -8]}
							}
						},
						{
							"origin": [-2, 14, -2],
							"size": [4, 3, 4],
							"pivot": [0, 0, 0],
							"rotation": [0, -45, 0],
							"uv": {
								"north": {"uv": [4, 30], "uv_size": [4, 3]},
								"east": {"uv": [30, 4], "uv_size": [4, 3]},
								"south": {"uv": [8, 30], "uv_size": [4, 3]},
								"west": {"uv": [30, 15], "uv_size": [4, 3]},
								"up": {"uv": [28, 11], "uv_size": [4, 4]},
								"down": {"uv": [28, 25], "uv_size": [4, -4]}
							}
						},
						{
							"origin": [-2, 15.5, 1],
							"size": [4, 2, 7],
							"uv": {
								"north": {"uv": [12, 32], "uv_size": [4, 2]},
								"east": {"uv": [16, 29], "uv_size": [7, 2]},
								"south": {"uv": [22, 32], "uv_size": [4, 2]},
								"west": {"uv": [28, 29], "uv_size": [7, 2]},
								"up": {"uv": [24, 21], "uv_size": [4, 7]},
								"down": {"uv": [12, 32], "uv_size": [4, -7]}
							}
						},
						{
							"origin": [-2, 2, -2],
							"size": [4, 9, 4],
							"uv": {
								"north": {"uv": [12, 16], "uv_size": [4, 9]},
								"east": {"uv": [16, 20], "uv_size": [4, 9]},
								"south": {"uv": [20, 20], "uv_size": [4, 9]},
								"west": {"uv": [22, 0], "uv_size": [4, 9]},
								"up": {"uv": [24, 28], "uv_size": [4, 4]},
								"down": {"uv": [28, 29], "uv_size": [4, -4]}
							}
						},
						{
							"origin": [-3, 2, -3],
							"size": [6, 10, 6],
							"uv": {
								"north": {"uv": [0, 16], "uv_size": [6, 10]},
								"east": {"uv": [16, 0], "uv_size": [6, 10]},
								"south": {"uv": [6, 16], "uv_size": [6, 10]},
								"west": {"uv": [16, 10], "uv_size": [6, 10]},
								"up": {"uv": [22, 9], "uv_size": [6, 6]},
								"down": {"uv": [24, 21], "uv_size": [6, -6]}
							}
						}
					]
				},
				{
					"name": "bone",
					"parent": "block",
					"pivot": [0, 20, 0],
					"rotation": [-10, 0, 0],
					"cubes": [
						{
							"origin": [-3, 17, 8],
							"size": [6, 2, 2],
							"uv": {
								"north": {"uv": [30, 18], "uv_size": [6, 2]},
								"east": {"uv": [22, 15], "uv_size": [2, 2]},
								"south": {"uv": [16, 31], "uv_size": [6, 2]},
								"west": {"uv": [22, 17], "uv_size": [2, 2]},
								"up": {"uv": [28, 31], "uv_size": [6, 2]},
								"down": {"uv": [32, 13], "uv_size": [6, -2]}
							}
						},
						{
							"origin": [-2, 17, 10],
							"size": [4, 2, 7],
							"uv": {
								"north": {"uv": [32, 22], "uv_size": [4, 2]},
								"east": {"uv": [30, 0], "uv_size": [7, 2]},
								"south": {"uv": [32, 24], "uv_size": [4, 2]},
								"west": {"uv": [30, 2], "uv_size": [7, 2]},
								"up": {"uv": [0, 26], "uv_size": [4, 7]},
								"down": {"uv": [26, 7], "uv_size": [4, -7]}
							}
						}
					]
				}
			]
		}
	]
}