{
	"format_version": "1.19.0",
	"minecraft:geometry": [
		{
			"description": {
				"identifier": "geometry.mbl_roads.mail_box",
				"texture_width": 64,
				"texture_height": 64,
				"visible_bounds_width": 2,
				"visible_bounds_height": 2.5,
				"visible_bounds_offset": [0, 0.75, 0]
			},
			"bones": [
				{
					"name": "block",
					"pivot": [0, 0, 0],
					"cubes": [
						{
							"origin": [-2, 15, -5],
							"size": [4, 1, 10],
							"uv": {
								"north": {"uv": [24, 13], "uv_size": [4, 1]},
								"east": {"uv": [24, 0], "uv_size": [10, 1]},
								"south": {"uv": [24, 14], "uv_size": [4, 1]},
								"west": {"uv": [24, 1], "uv_size": [10, 1]},
								"up": {"uv": [12, 15], "uv_size": [4, 10]},
								"down": {"uv": [16, 25], "uv_size": [4, -10]}
							}
						},
						{
							"origin": [-3, 14, -5],
							"size": [6, 1, 10],
							"uv": {
								"north": {"uv": [24, 11], "uv_size": [6, 1]},
								"east": {"uv": [24, 2], "uv_size": [10, 1]},
								"south": {"uv": [24, 12], "uv_size": [6, 1]},
								"west": {"uv": [24, 3], "uv_size": [10, 1]},
								"up": {"uv": [0, 10], "uv_size": [6, 10]},
								"down": {"uv": [6, 20], "uv_size": [6, -10]}
							}
						},
						{
							"origin": [-3.5, 9, -5],
							"size": [7, 5, 10],
							"uv": {
								"north": {"uv": [14, 5], "uv_size": [7, 5]},
								"east": {"uv": [12, 10], "uv_size": [10, 5]},
								"south": {"uv": [0, 20], "uv_size": [7, 5]},
								"west": {"uv": [14, 0], "uv_size": [10, 5]},
								"up": {"uv": [0, 0], "uv_size": [7, 10]},
								"down": {"uv": [7, 10], "uv_size": [7, -10]}
							}
						},
						{
							"origin": [3, 11, -4],
							"size": [1, 7, 2],
							"uv": {
								"north": {"uv": [11, 20], "uv_size": [1, 7]},
								"east": {"uv": [22, 14], "uv_size": [2, 7]},
								"south": {"uv": [24, 4], "uv_size": [1, 7]},
								"west": {"uv": [22, 21], "uv_size": [2, 7]},
								"up": {"uv": [21, 5], "uv_size": [1, 2]},
								"down": {"uv": [21, 9], "uv_size": [1, -2]}
							}
						},
						{
							"origin": [-1, 0, -1],
							"size": [2, 9, 2],
							"uv": {
								"north": {"uv": [7, 20], "uv_size": [2, 9]},
								"east": {"uv": [9, 20], "uv_size": [2, 9]},
								"south": {"uv": [20, 15], "uv_size": [2, 9]},
								"west": {"uv": [22, 5], "uv_size": [2, 9]},
								"up": {"uv": [24, 15], "uv_size": [2, 2]},
								"down": {"uv": [24, 19], "uv_size": [2, -2]}
							}
						}
					]
				}
			]
		}
	]
}