{
	"format_version": "1.12.0",
	"minecraft:geometry": [
		{
			"description": {
				"identifier": "geometry.mbl_roads.dark_asphalt_manhole_cover",
				"texture_width": 64,
				"texture_height": 64,
				"visible_bounds_width": 2,
				"visible_bounds_height": 2.5,
				"visible_bounds_offset": [0, 0.75, 0]
			},
			"bones": [
				{
					"name": "block",
					"pivot": [0, 0, 0],
					"cubes": [
						{
							"origin": [-8, 0, -8],
							"size": [16, 13, 16],
							"uv": {
								"north": {"uv": [16, 0], "uv_size": [16, 13]},
								"east": {"uv": [16, 13], "uv_size": [16, 13]},
								"south": {"uv": [16, 26], "uv_size": [16, 13]},
								"west": {"uv": [0, 32], "uv_size": [16, 13]},
								"up": {"uv": [0, 0], "uv_size": [16, 16]},
								"down": {"uv": [0, 32], "uv_size": [16, -16]}
							}
						},
						{
							"origin": [-7, 13, -4],
							"size": [14, 1, 8],
							"uv": {
								"north": {"uv": [32, 16], "uv_size": [14, 1]},
								"east": {"uv": [32, 34], "uv_size": [8, 1]},
								"south": {"uv": [32, 17], "uv_size": [14, 1]},
								"west": {"uv": [32, 35], "uv_size": [8, 1]},
								"up": {"uv": [32, 0], "uv_size": [14, 8]},
								"down": {"uv": [32, 16], "uv_size": [14, -8]}
							}
						},
						{
							"origin": [-5, 13, -6],
							"size": [10, 1, 1],
							"uv": {
								"north": {"uv": [32, 26], "uv_size": [10, 1]},
								"east": {"uv": [32, 40], "uv_size": [1, 1]},
								"south": {"uv": [32, 27], "uv_size": [10, 1]},
								"west": {"uv": [33, 40], "uv_size": [1, 1]},
								"up": {"uv": [32, 28], "uv_size": [10, 1]},
								"down": {"uv": [32, 30], "uv_size": [10, -1]}
							}
						},
						{
							"origin": [-5, 13, 5],
							"size": [10, 1, 1],
							"uv": {
								"north": {"uv": [32, 30], "uv_size": [10, 1]},
								"east": {"uv": [34, 40], "uv_size": [1, 1]},
								"south": {"uv": [32, 31], "uv_size": [10, 1]},
								"west": {"uv": [40, 34], "uv_size": [1, 1]},
								"up": {"uv": [32, 32], "uv_size": [10, 1]},
								"down": {"uv": [32, 34], "uv_size": [10, -1]}
							}
						},
						{
							"origin": [-4, 13, -7],
							"size": [8, 1, 1],
							"uv": {
								"north": {"uv": [32, 36], "uv_size": [8, 1]},
								"east": {"uv": [35, 40], "uv_size": [1, 1]},
								"south": {"uv": [32, 37], "uv_size": [8, 1]},
								"west": {"uv": [40, 35], "uv_size": [1, 1]},
								"up": {"uv": [32, 38], "uv_size": [8, 1]},
								"down": {"uv": [16, 40], "uv_size": [8, -1]}
							}
						},
						{
							"origin": [-4, 13, 6],
							"size": [8, 1, 1],
							"uv": {
								"north": {"uv": [24, 39], "uv_size": [8, 1]},
								"east": {"uv": [36, 40], "uv_size": [1, 1]},
								"south": {"uv": [32, 39], "uv_size": [8, 1]},
								"west": {"uv": [40, 36], "uv_size": [1, 1]},
								"up": {"uv": [16, 40], "uv_size": [8, 1]},
								"down": {"uv": [24, 41], "uv_size": [8, -1]}
							}
						},
						{
							"origin": [-6, 13, -5],
							"size": [12, 1, 1],
							"uv": {
								"north": {"uv": [32, 18], "uv_size": [12, 1]},
								"east": {"uv": [37, 40], "uv_size": [1, 1]},
								"south": {"uv": [32, 19], "uv_size": [12, 1]},
								"west": {"uv": [40, 37], "uv_size": [1, 1]},
								"up": {"uv": [32, 20], "uv_size": [12, 1]},
								"down": {"uv": [32, 22], "uv_size": [12, -1]}
							}
						},
						{
							"origin": [-6, 13, 4],
							"size": [12, 1, 1],
							"uv": {
								"north": {"uv": [32, 22], "uv_size": [12, 1]},
								"east": {"uv": [38, 40], "uv_size": [1, 1]},
								"south": {"uv": [32, 23], "uv_size": [12, 1]},
								"west": {"uv": [40, 38], "uv_size": [1, 1]},
								"up": {"uv": [32, 24], "uv_size": [12, 1]},
								"down": {"uv": [32, 26], "uv_size": [12, -1]}
							}
						}
					]
				}
			]
		}
	]
}