{
	"format_version": "1.19.0",
	"minecraft:geometry": [
		{
			"description": {
				"identifier": "geometry.mbl_roads.traffic_cone",
				"texture_width": 64,
				"texture_height": 64,
				"visible_bounds_width": 3,
				"visible_bounds_height": 2.5,
				"visible_bounds_offset": [0, 0.75, 0]
			},
			"bones": [
				{
					"name": "block",
					"pivot": [0, 0, 0],
					"cubes": [
						{
							"origin": [-6, -3, -6],
							"size": [12, 4, 12],
							"inflate": -0.2,
							"pivot": [0, 0, 0],
							"rotation": [0, 45, 0],
							"uv": {
								"north": {"uv": [12, 16], "uv_size": [12, 4]},
								"east": {"uv": [20, 0], "uv_size": [12, 4]},
								"south": {"uv": [20, 4], "uv_size": [12, 4]},
								"west": {"uv": [20, 8], "uv_size": [12, 4]},
								"up": {"uv": [0, 0], "uv_size": [12, 12]},
								"down": {"uv": [0, 24], "uv_size": [12, -12]}
							}
						},
						{
							"origin": [-4, 0.5, -4],
							"size": [8, 4, 8],
							"inflate": -0.2,
							"pivot": [0, 0, 0],
							"rotation": [0, 45, 0],
							"uv": {
								"north": {"uv": [20, 12], "uv_size": [8, 4]},
								"east": {"uv": [0, 24], "uv_size": [8, 4]},
								"south": {"uv": [24, 16], "uv_size": [8, 4]},
								"west": {"uv": [24, 20], "uv_size": [8, 4]},
								"up": {"uv": [12, 0], "uv_size": [8, 8]},
								"down": {"uv": [12, 16], "uv_size": [8, -8]}
							}
						},
						{
							"origin": [-3, 4, -3],
							"size": [6, 4, 6],
							"inflate": -0.2,
							"pivot": [0, 0, 0],
							"rotation": [0, 45, 0],
							"uv": {
								"north": {"uv": [24, 24], "uv_size": [6, 4]},
								"east": {"uv": [8, 26], "uv_size": [6, 4]},
								"south": {"uv": [14, 26], "uv_size": [6, 4]},
								"west": {"uv": [0, 28], "uv_size": [6, 4]},
								"up": {"uv": [12, 20], "uv_size": [6, 6]},
								"down": {"uv": [18, 26], "uv_size": [6, -6]}
							}
						},
						{
							"origin": [-2, 7.5, -2],
							"size": [4, 4, 4],
							"inflate": -0.2,
							"pivot": [0, 0, 0],
							"rotation": [0, 45, 0],
							"uv": {
								"north": {"uv": [20, 26], "uv_size": [4, 4]},
								"east": {"uv": [28, 12], "uv_size": [4, 4]},
								"south": {"uv": [24, 28], "uv_size": [4, 4]},
								"west": {"uv": [28, 28], "uv_size": [4, 4]},
								"up": {"uv": [6, 30], "uv_size": [4, 4]},
								"down": {"uv": [10, 34], "uv_size": [4, -4]}
							}
						}
					]
				}
			]
		}
	]
}