{
	"format_version": "1.12.0",
	"minecraft:geometry": [
		{
			"description": {
				"identifier": "geometry.mbl_roads.motorway_barrier_corner",
				"texture_width": 64,
				"texture_height": 64,
				"visible_bounds_width": 3,
				"visible_bounds_height": 2.5,
				"visible_bounds_offset": [0, 0.75, 0]
			},
			"bones": [
				{
					"name": "block",
					"pivot": [0, 0, 0],
					"cubes": [
						{
							"origin": [-4, 11.9, 5.75],
							"size": [8, 2, 2],
							"pivot": [0, 0, 0],
							"rotation": [0, -45, 0],
							"uv": {
								"north": {"uv": [8, 2], "uv_size": [16, 2]},
								"east": {"uv": [26, 9], "uv_size": [2, 2]},
								"south": {"uv": [11, 0], "uv_size": [9, 2]},
								"west": {"uv": [26, 7], "uv_size": [2, 2]},
								"up": {"uv": [24, 6], "uv_size": [-16, -2]},
								"down": {"uv": [24, 6], "uv_size": [-16, 2]}
							}
						},
						{
							"origin": [-4, 8.9, 5.75],
							"size": [8, 2, 2],
							"pivot": [0, 0, 0],
							"rotation": [0, -45, 0],
							"uv": {
								"north": {"uv": [16, 20], "uv_size": [16, 2]},
								"east": {"uv": [24, 26], "uv_size": [2, 2]},
								"south": {"uv": [3, 20], "uv_size": [9, 2]},
								"west": {"uv": [22, 26], "uv_size": [2, 2]},
								"up": {"uv": [16, 24], "uv_size": [-16, -2]},
								"down": {"uv": [32, 22], "uv_size": [-16, 2]}
							}
						},
						{
							"origin": [-4, 10.9, 5.75],
							"size": [8, 1, 1],
							"pivot": [0, 0, 0],
							"rotation": [0, -45, 0],
							"uv": {
								"north": {"uv": [26, 1], "uv_size": [16, 1]},
								"east": {"uv": [3, 27], "uv_size": [1, 1]},
								"south": {"uv": [29, 0], "uv_size": [9, 1]},
								"west": {"uv": [2, 27], "uv_size": [1, 1]},
								"up": {"uv": [18, 27], "uv_size": [-16, -1]},
								"down": {"uv": [42, 2], "uv_size": [-16, 1]}
							}
						},
						{
							"origin": [-4, 2.9, 5.75],
							"size": [8, 1, 1],
							"pivot": [0, 0, 0],
							"rotation": [0, -45, 0],
							"uv": {
								"north": {"uv": [18, 24], "uv_size": [16, 1]},
								"east": {"uv": [26, 26], "uv_size": [1, 1]},
								"south": {"uv": [5, 24], "uv_size": [9, 1]},
								"west": {"uv": [26, 15], "uv_size": [1, 1]},
								"up": {"uv": [18, 26], "uv_size": [-16, -1]},
								"down": {"uv": [34, 25], "uv_size": [-16, 1]}
							}
						},
						{
							"origin": [-4, 3.9, 5.75],
							"size": [8, 2, 2],
							"pivot": [0, 0, 0],
							"rotation": [0, -45, 0],
							"uv": {
								"north": {"uv": [16, 16], "uv_size": [16, 2]},
								"east": {"uv": [20, 26], "uv_size": [2, 2]},
								"south": {"uv": [3, 16], "uv_size": [9, 2]},
								"west": {"uv": [18, 26], "uv_size": [2, 2]},
								"up": {"uv": [16, 20], "uv_size": [-16, -2]},
								"down": {"uv": [32, 18], "uv_size": [-16, 2]}
							}
						},
						{
							"origin": [-4, 0.9, 5.75],
							"size": [8, 2, 2],
							"pivot": [0, 0, 0],
							"rotation": [0, -45, 0],
							"uv": {
								"north": {"uv": [8, 10], "uv_size": [16, 2]},
								"east": {"uv": [26, 13], "uv_size": [2, 2]},
								"south": {"uv": [11, 8], "uv_size": [9, 2]},
								"west": {"uv": [26, 11], "uv_size": [2, 2]},
								"up": {"uv": [24, 14], "uv_size": [-16, -2]},
								"down": {"uv": [24, 14], "uv_size": [-16, 2]}
							}
						},
						{
							"origin": [-8, 0.9, 3.5],
							"size": [16, 2, 2],
							"pivot": [0, 0, 0],
							"rotation": [0, -45, 0],
							"uv": {
								"north": {"uv": [24, 8], "uv_size": [-16, 2]},
								"east": {"uv": [28, 13], "uv_size": [-2, 2]},
								"south": {"uv": [24, 10], "uv_size": [-16, 2]},
								"west": {"uv": [28, 11], "uv_size": [-2, 2]},
								"up": {"uv": [24, 12], "uv_size": [-16, 2]},
								"down": {"uv": [24, 16], "uv_size": [-16, -2]}
							}
						},
						{
							"origin": [-8, 11.9, 3.5],
							"size": [16, 2, 2],
							"pivot": [0, 0, 0],
							"rotation": [0, -45, 0],
							"uv": {
								"north": {"uv": [24, 0], "uv_size": [-16, 2]},
								"east": {"uv": [28, 9], "uv_size": [-2, 2]},
								"south": {"uv": [24, 2], "uv_size": [-16, 2]},
								"west": {"uv": [28, 7], "uv_size": [-2, 2]},
								"up": {"uv": [24, 4], "uv_size": [-16, 2]},
								"down": {"uv": [24, 8], "uv_size": [-16, -2]}
							}
						},
						{
							"origin": [-8, 8.9, 3.5],
							"size": [16, 2, 2],
							"pivot": [0, 0, 0],
							"rotation": [0, -45, 0],
							"uv": {
								"north": {"uv": [16, 20], "uv_size": [-16, 2]},
								"east": {"uv": [26, 26], "uv_size": [-2, 2]},
								"south": {"uv": [32, 20], "uv_size": [-16, 2]},
								"west": {"uv": [24, 26], "uv_size": [-2, 2]},
								"up": {"uv": [16, 22], "uv_size": [-16, 2]},
								"down": {"uv": [32, 24], "uv_size": [-16, -2]}
							}
						},
						{
							"origin": [-8, 10.9, 4.5],
							"size": [16, 1, 1],
							"pivot": [0, 0, 0],
							"rotation": [0, -45, 0],
							"uv": {
								"north": {"uv": [42, 0], "uv_size": [-16, 1]},
								"east": {"uv": [4, 27], "uv_size": [-1, 1]},
								"south": {"uv": [42, 1], "uv_size": [-16, 1]},
								"west": {"uv": [3, 27], "uv_size": [-1, 1]},
								"up": {"uv": [18, 26], "uv_size": [-16, 1]},
								"down": {"uv": [42, 3], "uv_size": [-16, -1]}
							}
						},
						{
							"origin": [-8, 2.9, 4.5],
							"size": [16, 1, 1],
							"pivot": [0, 0, 0],
							"rotation": [0, -45, 0],
							"uv": {
								"north": {"uv": [18, 24], "uv_size": [-16, 1]},
								"east": {"uv": [27, 26], "uv_size": [-1, 1]},
								"south": {"uv": [34, 24], "uv_size": [-16, 1]},
								"west": {"uv": [27, 15], "uv_size": [-1, 1]},
								"up": {"uv": [18, 25], "uv_size": [-16, 1]},
								"down": {"uv": [34, 26], "uv_size": [-16, -1]}
							}
						},
						{
							"origin": [-8, 3.9, 3.5],
							"size": [16, 2, 2],
							"pivot": [0, 0, 0],
							"rotation": [0, -45, 0],
							"uv": {
								"north": {"uv": [16, 16], "uv_size": [-16, 2]},
								"east": {"uv": [22, 26], "uv_size": [-2, 2]},
								"south": {"uv": [32, 16], "uv_size": [-16, 2]},
								"west": {"uv": [20, 26], "uv_size": [-2, 2]},
								"up": {"uv": [16, 18], "uv_size": [-16, 2]},
								"down": {"uv": [32, 20], "uv_size": [-16, -2]}
							}
						},
						{
							"origin": [-2, -3.1, 5.5],
							"size": [4, 16, 1],
							"pivot": [0, 0, 0],
							"rotation": [0, -45, 0],
							"uv": {
								"north": {"uv": [4, 0], "uv_size": [4, 16]},
								"east": {"uv": [24, 0], "uv_size": [2, 16]},
								"south": {"uv": [0, 0], "uv_size": [4, 16]},
								"west": {"uv": [0, 24], "uv_size": [2, 16]},
								"up": {"uv": [30, 5], "uv_size": [-4, -2]},
								"down": {"uv": [30, 5], "uv_size": [-4, 2]}
							}
						}
					]
				}
			]
		}
	]
}