{
	"format_version": "1.19.0",
	"minecraft:geometry": [
		{
			"description": {
				"identifier": "geometry.mbl_roads.pedestrian_barrier",
				"texture_width": 64,
				"texture_height": 64,
				"visible_bounds_width": 3,
				"visible_bounds_height": 2.5,
				"visible_bounds_offset": [0, 0.75, 0]
			},
			"bones": [
				{
					"name": "block",
					"pivot": [0, 0, 0],
					"cubes": [
						{
							"origin": [-8, 15, 5.5],
							"size": [16, 1, 3],
							"uv": {
								"north": {"uv": [8, 14], "uv_size": [16, 1]},
								"east": {"uv": [16, 4], "uv_size": [3, 1]},
								"south": {"uv": [8, 15], "uv_size": [16, 1]},
								"west": {"uv": [16, 5], "uv_size": [3, 1]},
								"up": {"uv": [0, 0], "uv_size": [16, 3]},
								"down": {"uv": [0, 6], "uv_size": [16, -3]}
							}
						},
						{
							"origin": [-7, 11, 6],
							"size": [14, 1, 2],
							"uv": {
								"north": {"uv": [16, 0], "uv_size": [14, 1]},
								"east": {"uv": [19, 4], "uv_size": [2, 1]},
								"south": {"uv": [16, 1], "uv_size": [14, 1]},
								"west": {"uv": [19, 5], "uv_size": [2, 1]},
								"up": {"uv": [8, 6], "uv_size": [14, 2]},
								"down": {"uv": [8, 10], "uv_size": [14, -2]}
							}
						},
						{
							"origin": [-7, 1, 6],
							"size": [14, 1, 2],
							"uv": {
								"north": {"uv": [16, 2], "uv_size": [14, 1]},
								"east": {"uv": [22, 13], "uv_size": [2, 1]},
								"south": {"uv": [16, 3], "uv_size": [14, 1]},
								"west": {"uv": [25, 13], "uv_size": [2, 1]},
								"up": {"uv": [8, 10], "uv_size": [14, 2]},
								"down": {"uv": [8, 14], "uv_size": [14, -2]}
							}
						},
						{
							"origin": [7, 0, 6],
							"size": [1, 15, 2],
							"uv": {
								"north": {"uv": [8, 16], "uv_size": [1, 15]},
								"east": {"uv": [0, 6], "uv_size": [2, 15]},
								"south": {"uv": [9, 16], "uv_size": [1, 15]},
								"west": {"uv": [2, 6], "uv_size": [2, 15]},
								"up": {"uv": [21, 4], "uv_size": [1, 2]},
								"down": {"uv": [14, 27], "uv_size": [1, -2]}
							}
						},
						{
							"origin": [5.5, 2, 6.5],
							"size": [1, 9, 1],
							"uv": {
								"north": {"uv": [12, 16], "uv_size": [1, 9]},
								"east": {"uv": [13, 16], "uv_size": [1, 9]},
								"south": {"uv": [14, 16], "uv_size": [1, 9]},
								"west": {"uv": [15, 16], "uv_size": [1, 9]},
								"up": {"uv": [16, 25], "uv_size": [1, 1]},
								"down": {"uv": [25, 17], "uv_size": [1, -1]}
							}
						},
						{
							"origin": [3.5, 2, 6.5],
							"size": [1, 9, 1],
							"uv": {
								"north": {"uv": [16, 16], "uv_size": [1, 9]},
								"east": {"uv": [17, 16], "uv_size": [1, 9]},
								"south": {"uv": [18, 16], "uv_size": [1, 9]},
								"west": {"uv": [19, 16], "uv_size": [1, 9]},
								"up": {"uv": [17, 25], "uv_size": [1, 1]},
								"down": {"uv": [25, 18], "uv_size": [1, -1]}
							}
						},
						{
							"origin": [1.5, 2, 6.5],
							"size": [1, 9, 1],
							"uv": {
								"north": {"uv": [20, 16], "uv_size": [1, 9]},
								"east": {"uv": [0, 21], "uv_size": [1, 9]},
								"south": {"uv": [1, 21], "uv_size": [1, 9]},
								"west": {"uv": [2, 21], "uv_size": [1, 9]},
								"up": {"uv": [18, 25], "uv_size": [1, 1]},
								"down": {"uv": [25, 19], "uv_size": [1, -1]}
							}
						},
						{
							"origin": [-0.5, 2, 6.5],
							"size": [1, 9, 1],
							"uv": {
								"north": {"uv": [3, 21], "uv_size": [1, 9]},
								"east": {"uv": [4, 21], "uv_size": [1, 9]},
								"south": {"uv": [5, 21], "uv_size": [1, 9]},
								"west": {"uv": [6, 21], "uv_size": [1, 9]},
								"up": {"uv": [19, 25], "uv_size": [1, 1]},
								"down": {"uv": [25, 20], "uv_size": [1, -1]}
							}
						},
						{
							"origin": [-2.5, 2, 6.5],
							"size": [1, 9, 1],
							"uv": {
								"north": {"uv": [7, 21], "uv_size": [1, 9]},
								"east": {"uv": [21, 16], "uv_size": [1, 9]},
								"south": {"uv": [22, 4], "uv_size": [1, 9]},
								"west": {"uv": [22, 16], "uv_size": [1, 9]},
								"up": {"uv": [20, 25], "uv_size": [1, 1]},
								"down": {"uv": [25, 21], "uv_size": [1, -1]}
							}
						},
						{
							"origin": [-4.5, 2, 6.5],
							"size": [1, 9, 1],
							"uv": {
								"north": {"uv": [23, 4], "uv_size": [1, 9]},
								"east": {"uv": [23, 16], "uv_size": [1, 9]},
								"south": {"uv": [24, 4], "uv_size": [1, 9]},
								"west": {"uv": [24, 13], "uv_size": [1, 9]},
								"up": {"uv": [21, 25], "uv_size": [1, 1]},
								"down": {"uv": [25, 22], "uv_size": [1, -1]}
							}
						},
						{
							"origin": [-6.5, 2, 6.5],
							"size": [1, 9, 1],
							"uv": {
								"north": {"uv": [24, 22], "uv_size": [1, 9]},
								"east": {"uv": [25, 4], "uv_size": [1, 9]},
								"south": {"uv": [12, 25], "uv_size": [1, 9]},
								"west": {"uv": [13, 25], "uv_size": [1, 9]},
								"up": {"uv": [22, 25], "uv_size": [1, 1]},
								"down": {"uv": [25, 23], "uv_size": [1, -1]}
							}
						},
						{
							"origin": [-8, 0, 6],
							"size": [1, 15, 2],
							"uv": {
								"north": {"uv": [10, 16], "uv_size": [1, 15]},
								"east": {"uv": [4, 6], "uv_size": [2, 15]},
								"south": {"uv": [11, 16], "uv_size": [1, 15]},
								"west": {"uv": [6, 6], "uv_size": [2, 15]},
								"up": {"uv": [25, 14], "uv_size": [1, 2]},
								"down": {"uv": [15, 27], "uv_size": [1, -2]}
							}
						}
					]
				}
			]
		}
	]
}