{
	"format_version": "1.12.0",
	"minecraft:geometry": [
		{
			"description": {
				"identifier": "geometry.mbl_roads.stop_sign",
				"texture_width": 64,
				"texture_height": 64,
				"visible_bounds_width": 3,
				"visible_bounds_height": 2.5,
				"visible_bounds_offset": [0, 0.75, 0]
			},
			"bones": [
				{
					"name": "block",
					"pivot": [0, 0, 0],
					"cubes": [
						{
							"origin": [-5, 2, 7],
							"size": [10, 12, 3],
							"uv": {
								"north": {"uv": [0, 32], "uv_size": [10, 12]},
								"east": {"uv": [10, 32], "uv_size": [3, 12]},
								"south": {"uv": [32, 0], "uv_size": [10, 12]},
								"west": {"uv": [32, 12], "uv_size": [3, 12]},
								"up": {"uv": [13, 32], "uv_size": [10, 3]},
								"down": {"uv": [23, 35], "uv_size": [10, -3]}
							}
						},
						{
							"origin": [-8, 0, 7],
							"size": [16, 16, 0],
							"inflate": 0.4,
							"uv": {
								"north": {"uv": [0, 0], "uv_size": [16, 16]},
								"east": {"uv": [0, 0], "uv_size": [0, 16]},
								"south": {"uv": [0, 16], "uv_size": [16, 16]},
								"west": {"uv": [0, 0], "uv_size": [0, 16]},
								"up": {"uv": [0, 0], "uv_size": [16, 0]},
								"down": {"uv": [0, 0], "uv_size": [16, 0]}
							}
						},
						{
							"origin": [-8, 0, 7.25],
							"size": [16, 16, 0],
							"uv": {
								"north": {"uv": [16, 0], "uv_size": [16, 16]},
								"east": {"uv": [0, 0], "uv_size": [0, 16]},
								"south": {"uv": [16, 16], "uv_size": [16, 16]},
								"west": {"uv": [0, 0], "uv_size": [0, 16]},
								"up": {"uv": [0, 0], "uv_size": [16, 0]},
								"down": {"uv": [0, 0], "uv_size": [16, 0]}
							}
						},
						{
							"origin": [-2, 12, 10],
							"size": [4, 1, 4],
							"uv": {
								"north": {"uv": [13, 35], "uv_size": [4, 1]},
								"east": {"uv": [35, 16], "uv_size": [4, 1]},
								"south": {"uv": [17, 35], "uv_size": [4, 1]},
								"west": {"uv": [35, 17], "uv_size": [4, 1]},
								"up": {"uv": [32, 24], "uv_size": [4, 4]},
								"down": {"uv": [32, 32], "uv_size": [4, -4]}
							}
						},
						{
							"origin": [-2, 3, 10],
							"size": [4, 1, 4],
							"uv": {
								"north": {"uv": [35, 18], "uv_size": [4, 1]},
								"east": {"uv": [35, 19], "uv_size": [4, 1]},
								"south": {"uv": [35, 20], "uv_size": [4, 1]},
								"west": {"uv": [21, 35], "uv_size": [4, 1]},
								"up": {"uv": [33, 32], "uv_size": [4, 4]},
								"down": {"uv": [35, 16], "uv_size": [4, -4]}
							}
						}
					]
				}
			]
		}
	]
}