{
	"format_version": "1.19.0",
	"minecraft:geometry": [
		{
			"description": {
				"identifier": "geometry.mbl_roads.fire_hydrant",
				"texture_width": 64,
				"texture_height": 64,
				"visible_bounds_width": 3,
				"visible_bounds_height": 2.5,
				"visible_bounds_offset": [0, 0.75, 0]
			},
			"bones": [
				{
					"name": "block",
					"pivot": [0, 0, 0],
					"cubes": [
						{
							"origin": [-4, 0, -4],
							"size": [8, 2, 8],
							"uv": {
								"north": {"uv": [12, 22], "uv_size": [8, 2]},
								"east": {"uv": [22, 12], "uv_size": [8, 2]},
								"south": {"uv": [22, 14], "uv_size": [8, 2]},
								"west": {"uv": [20, 22], "uv_size": [8, 2]},
								"up": {"uv": [0, 0], "uv_size": [8, 8]},
								"down": {"uv": [0, 16], "uv_size": [8, -8]}
							}
						},
						{
							"origin": [-3, 2, -3],
							"size": [6, 8, 6],
							"uv": {
								"north": {"uv": [0, 16], "uv_size": [6, 8]},
								"east": {"uv": [16, 0], "uv_size": [6, 8]},
								"south": {"uv": [6, 16], "uv_size": [6, 8]},
								"west": {"uv": [16, 8], "uv_size": [6, 8]},
								"up": {"uv": [12, 16], "uv_size": [6, 6]},
								"down": {"uv": [18, 22], "uv_size": [6, -6]}
							}
						},
						{
							"origin": [-4, 6, -1.5],
							"size": [1, 3, 3],
							"uv": {
								"north": {"uv": [22, 29], "uv_size": [1, 3]},
								"east": {"uv": [28, 0], "uv_size": [3, 3]},
								"south": {"uv": [23, 29], "uv_size": [1, 3]},
								"west": {"uv": [28, 3], "uv_size": [3, 3]},
								"up": {"uv": [24, 29], "uv_size": [1, 3]},
								"down": {"uv": [25, 32], "uv_size": [1, -3]}
							}
						},
						{
							"origin": [3, 6, -1.5],
							"size": [1, 3, 3],
							"uv": {
								"north": {"uv": [26, 29], "uv_size": [1, 3]},
								"east": {"uv": [6, 28], "uv_size": [3, 3]},
								"south": {"uv": [27, 29], "uv_size": [1, 3]},
								"west": {"uv": [28, 6], "uv_size": [3, 3]},
								"up": {"uv": [28, 29], "uv_size": [1, 3]},
								"down": {"uv": [29, 32], "uv_size": [1, -3]}
							}
						},
						{
							"origin": [4, 6.5, -1],
							"size": [1, 2, 2],
							"uv": {
								"north": {"uv": [5, 30], "uv_size": [1, 2]},
								"east": {"uv": [12, 28], "uv_size": [2, 2]},
								"south": {"uv": [30, 12], "uv_size": [1, 2]},
								"west": {"uv": [14, 28], "uv_size": [2, 2]},
								"up": {"uv": [30, 14], "uv_size": [1, 2]},
								"down": {"uv": [15, 32], "uv_size": [1, -2]}
							}
						},
						{
							"origin": [-5, 6.5, -1],
							"size": [1, 2, 2],
							"uv": {
								"north": {"uv": [16, 30], "uv_size": [1, 2]},
								"east": {"uv": [16, 28], "uv_size": [2, 2]},
								"south": {"uv": [17, 30], "uv_size": [1, 2]},
								"west": {"uv": [18, 28], "uv_size": [2, 2]},
								"up": {"uv": [18, 30], "uv_size": [1, 2]},
								"down": {"uv": [19, 32], "uv_size": [1, -2]}
							}
						},
						{
							"origin": [-2, 5, -4],
							"size": [4, 4, 1],
							"uv": {
								"north": {"uv": [0, 24], "uv_size": [4, 4]},
								"east": {"uv": [20, 28], "uv_size": [1, 4]},
								"south": {"uv": [4, 24], "uv_size": [4, 4]},
								"west": {"uv": [21, 28], "uv_size": [1, 4]},
								"up": {"uv": [22, 28], "uv_size": [4, 1]},
								"down": {"uv": [28, 23], "uv_size": [4, -1]}
							}
						},
						{
							"origin": [-1.5, 5.5, -5],
							"size": [3, 3, 1],
							"uv": {
								"north": {"uv": [9, 28], "uv_size": [3, 3]},
								"east": {"uv": [0, 30], "uv_size": [1, 3]},
								"south": {"uv": [28, 9], "uv_size": [3, 3]},
								"west": {"uv": [1, 30], "uv_size": [1, 3]},
								"up": {"uv": [2, 30], "uv_size": [3, 1]},
								"down": {"uv": [12, 31], "uv_size": [3, -1]}
							}
						},
						{
							"origin": [-3, 12, -3],
							"size": [6, 2, 6],
							"uv": {
								"north": {"uv": [24, 24], "uv_size": [6, 2]},
								"east": {"uv": [16, 26], "uv_size": [6, 2]},
								"south": {"uv": [22, 26], "uv_size": [6, 2]},
								"west": {"uv": [0, 28], "uv_size": [6, 2]},
								"up": {"uv": [22, 0], "uv_size": [6, 6]},
								"down": {"uv": [22, 12], "uv_size": [6, -6]}
							}
						},
						{
							"origin": [-2, 14, -2],
							"size": [4, 1, 4],
							"uv": {
								"north": {"uv": [28, 23], "uv_size": [4, 1]},
								"east": {"uv": [26, 28], "uv_size": [4, 1]},
								"south": {"uv": [28, 26], "uv_size": [4, 1]},
								"west": {"uv": [28, 27], "uv_size": [4, 1]},
								"up": {"uv": [8, 24], "uv_size": [4, 4]},
								"down": {"uv": [12, 28], "uv_size": [4, -4]}
							}
						},
						{
							"origin": [-4, 10, -4],
							"size": [8, 2, 8],
							"uv": {
								"north": {"uv": [16, 24], "uv_size": [8, 2]},
								"east": {"uv": [24, 16], "uv_size": [8, 2]},
								"south": {"uv": [24, 18], "uv_size": [8, 2]},
								"west": {"uv": [24, 20], "uv_size": [8, 2]},
								"up": {"uv": [8, 0], "uv_size": [8, 8]},
								"down": {"uv": [8, 16], "uv_size": [8, -8]}
							}
						}
					]
				}
			]
		}
	]
}