{
    "format_version": "1.21.60",
    "minecraft:block": {
        "description": {
            "identifier": "farmersdelight:cabbage_crate",
            "menu_category": {
                "category": "items",
                "group":"farmersdelight:itemGroup.name.crate"
            }
        },
        "components": {
            "minecraft:material_instances": {
                "*": {
                    "texture": "cabbage_crate_side"
                },
                "up": {
                    "texture": "cabbage_crate_top"
                },
                "down": {
                    "texture": "crate_bottom"
                }
            },
            "minecraft:destructible_by_mining": {
                "seconds_to_destroy": 2
            },
            "minecraft:destructible_by_explosion": {
                "explosion_resistance": 3
            },
            "minecraft:geometry": "geometry.block",
            "tag:wood":{}
        }
    }
}