{
  "format_version": "1.21.60",
  "minecraft:crafting_items_catalog": {
    "categories": [
      {
        "category_name": "equipment",
        "groups": [
          {
            "group_identifier": {
              "icon": "seal:umbrella_of_mountain_serenity2",
              "name": "pa:itemGroup.name.umbrellaPack"
            },
            "items": [
              "seal:umbrella_of_mountain_serenity2",
              "seal:umbrella_pink_radiance2",
              "seal:umbrella_blossoms_under_the_moon2",
              "seal:umbrella_red_bloom_harmony2",
              "seal:umbrella_midnight_higanbana2"
            ]
          }
        ]
      }
    ]
  }
}