{
  "format_version": "1.21.10",
  "minecraft:item": {
    "description": {
      "identifier": "pa:cover_1",
      "menu_category": {
        "category": "equipment",
        "group": "itemGroup.name.helmet"
      }
    },
    "components": {
      "minecraft:icon": "pa_cover_1",
      "minecraft:max_stack_size": 1,
      "minecraft:enchantable": {
        "value": 10,
        "slot": "armor_head"
      },
      "minecraft:durability": {
        "max_durability": 200,
        "damage_chance": {
          "min": 60,
          "max": 100
        }
      },
      "minecraft:knockback_resistance": {
        "protection": 0.75
      },
      "minecraft:mining_speed": 5,
      "minecraft:hand_equipped": false,
      "minecraft:wearable": {
        "slot": "slot.armor.head",
        "protection": 999
      },
      "minecraft:render_offsets": {
        "main_hand": {
          "third_person": {
            "scale": [
              0.1,
              0.1,
              0.1
            ]
          },
          "first_person": {
            "scale": [
              0.037999999999977205,
              0.037999999999977205,
              0.037999999999977205
            ]
          }
        },
        "off_hand": {
          "third_person": {
            "scale": [
              0.1,
              0.1,
              0.1
            ]
          },
          "first_person": {
            "scale": [
              0.037999999999977205,
              0.037999999999977205,
              0.037999999999977205
            ]
          }
        }
      },
      "minecraft:repairable": {
        "repair_items": [
          {
            "items": [
              "minecraft:emerald",
              "pa:cover_1"
            ],
            "repair_amount": 10
          }
        ]
      },
      "minecraft:display_name": {},
      "minecraft:allow_off_hand": false,
      "tag:minecraft:is_armor": {},
      "tag:minecraft:transformable_items": {},
      "tag:minecraft:trimmable_armors": {},
      "minecraft:glint": false
    }
  }
}