{
	"for_sale_sign": {
		"sound": "stone"
	},
	"street_bin": {
		"sound": "stone"
	},
	"black_dustbin": {
		"sound": "stone"
	},
	"pedestrian_barrier": {
		"sound": "stone"
	},
	"mail_box": {
		"sound": "stone"
	},
	"post_box": {
		"sound": "stone"
	},
	"fire_hydrant": {
		"sound": "stone"
	},
	"parking_meter": {
		"sound": "stone"
	},
	"street_light": {
		"sound": "stone"
	},
	"pedestrian_green": {
		"sound": "stone"
	},
	"base_metal_pole": {
		"sound": "stone"
	},
	"motorway_barrier": {
		"sound": "stone"
	},
	"safety_barrier": {
		"sound": "stone"
	},
	"traffic_cone": {
		"sound": "stone"
	},
	"dark_asphalt_drain": {
		"sound": "stone"
	},
	"dark_asphalt_curb_corner": {
		"sound": "stone"
	},
	"dark_asphalt_curb": {
		"sound": "stone"
	},
	"dark_asphalt": {
		"sound": "stone"
	},
	"andesite_brick": {
		"sound": "stone"
	},
	"granite_brick": {
		"sound": "stone"
	},
	"diorite_brick": {
		"sound": "stone"
	},
	"light_asphalt": {
		"sound": "stone"
	},
	"gray_road_marking_white_line": {
		"sound": "stone"
	},
	"gray_road_marking_curved_white_line": {
		"sound": "stone"
	},
	"gray_road_marking_yellow_line": {
		"sound": "stone"
	},
	"gray_road_marking_curved_yellow_line": {
		"sound": "stone"
	},
	"gray_road_marking_diagonal_white_line": {
		"sound": "stone"
	},
	"gray_road_marking_diagonal_double_white_line": {
		"sound": "stone"
	},
	"gray_road_marking_diagonal_yellow_line": {
		"sound": "stone"
	},
	"gray_road_marking_diagonal_double_yellow_line": {
		"sound": "stone"
	},
	"gray_road_marking_yellow_arrow_head": {
		"sound": "stone"
	},
	"gray_road_marking_white_arrow_head": {
		"sound": "stone"
	},
	"light_gray_road_marking_white_line": {
		"sound": "stone"
	},
	"light_gray_road_marking_curved_white_line": {
		"sound": "stone"
	},
	"light_gray_road_marking_yellow_line": {
		"sound": "stone"
	},
	"light_gray_road_marking_curved_yellow_line": {
		"sound": "stone"
	},
	"light_gray_road_marking_diagonal_white_line": {
		"sound": "stone"
	},
	"l_gray_road_marking_d_double_white_line": {
		"sound": "stone"
	},
	"light_gray_road_marking_diagonal_yellow_line": {
		"sound": "stone"
	},
	"l_gray_road_marking_d_double_yellow_line": {
		"sound": "stone"
	},
	"light_gray_road_marking_yellow_arrow_head": {
		"sound": "stone"
	},
	"light_gray_road_marking_white_arrow_head": {
		"sound": "stone"
	}
}