{"version":1,"content":[{"path":"animations/mbl_roads.dump_track.animation.json","key":"wP5TrOBeWagMu6RR4sq3JmeJxwFjGREI"},{"path":"animations/mbl_roads.mixer_truck.animation.json","key":"gL1exRqdpukev67wX2ZjAUSR5SwRJ3LE"},{"path":"animations/mbl_roads_bull_dozer.animation.json","key":"pO3BjAJ7zBtxZnCviNsayQtB742H1OVy"},{"path":"animations/mbl_roads_explainer_book.animation.json","key":"iG1jzB0XGljxv7zaUEpuZXOE4aV8Zi1A"},{"path":"animations/mbl_roads_road_roller.animation.json","key":"fM0Ahm2or73fwg6O3qG0yeAakVXhr9gw"},{"path":"animation_controllers/mbl_roads_book_close.animation.controllers.json","key":"fV0VQX15HTmP1jIf3w8rAJeHhqAGEIvp"},{"path":"blocks.json","key":"pK7faX8Oz89yfcHHInb38Gh0WGiybAbz"},{"path":"entity/mbl_roads_bull_dozer.entity.json","key":"jB3OqV3biWOuVbEyq5Fnvm9mwUAXPhlR"},{"path":"entity/mbl_roads_dump_truck.entity.json","key":"wU0JiEadPrHGlLbOC2oYVCpm6lVl3UtC"},{"path":"entity/mbl_roads_explainer_book.entity.json","key":"sM8n9zdO7aFruVb2AUEvUtwm8wbF1ib5"},{"path":"entity/mbl_roads_mixer_truck.entity.json","key":"tY80UdpwNxlpg6cKN5Iohs3TiUZM1bY5"},{"path":"entity/mbl_roads_steam_roller.entity.json","key":"vZ2MrXtx1UU0InySz86pPfYVEUp0n5Tc"},{"path":"entity/mbl_roads_steam_roller_02.entity.json","key":"hL3r3A6CFCCW4pGUmNy9f3PQSKeCuPYw"},{"path":"manifest.json"},{"path":"models/blocks/mbl_roads_base_metal_pole.geo.json","key":"yO0sX4vWBoMzRiiLZ4GBEmYhYkGRH5Xh"},{"path":"models/blocks/mbl_roads_black_dustbin.geo.json","key":"qI5dt1Z3cd3wrlcLn2ldX6OiaIxo5VSN"},{"path":"models/blocks/mbl_roads_construction_sign.geo.json","key":"mB9f3Ts9rnwn3AYw6pinhjnJhmVVfEjW"},{"path":"models/blocks/mbl_roads_construction_table.geo.json","key":"wQ4or3TKW4P43cOdJHWdPxs5HAXhhEgm"},{"path":"models/blocks/mbl_roads_dark_asphalt.geo.json","key":"mA3wjMXr96OGUKHUfeABQ7PdWSGLv2eH"},{"path":"models/blocks/mbl_roads_dark_asphalt_curb.geo.json","key":"jB7y2NzPQCafvFNyp8t62luFZqU9u6zf"},{"path":"models/blocks/mbl_roads_dark_asphalt_curb_corner.geo.json","key":"xI3lQJBHNlNu5uX17pGvbw1cwygW7CEe"},{"path":"models/blocks/mbl_roads_dark_asphalt_drain.geo.json","key":"sV3Mpm8McscM4aYospkAe3266eFyPB6H"},{"path":"models/blocks/mbl_roads_dark_asphalt_half.geo.json","key":"yO3hh7bkQa8RS8YfJoENxNAPqO7OPyEy"},{"path":"models/blocks/mbl_roads_dark_asphalt_manhole_cover.geo.json","key":"nP5Tok08fNzOzysN386UtcyjgrwXTt6a"},{"path":"models/blocks/mbl_roads_dark_asphalt_mark.geo.json","key":"oS1ZmQJvx7J307RflZ9cVGU3FcP6ZhZ7"},{"path":"models/blocks/mbl_roads_dark_asphalt_pot_hole.geo.json","key":"zB3sXK2eoJFluHxM0RsWdqMs09Wh8Sj9"},{"path":"models/blocks/mbl_roads_fire_hydrant.geo.json","key":"qP2QwQWlgYblJ1KHUgeVU9ZbY6MvKu0k"},{"path":"models/blocks/mbl_roads_for_sale_sign.geo.json","key":"aV2XN7FaoJJS9xqkMaGVsiNaTCezPq6y"},{"path":"models/blocks/mbl_roads_mail_box.geo.json","key":"gW51dCUJAoXzbvJscoTJV5OOFRPZy7Rf"},{"path":"models/blocks/mbl_roads_metal_pole.geo.json","key":"xC1cYOQRo9rM32fckyWoHAlRlUU5yQgF"},{"path":"models/blocks/mbl_roads_motorway_barrier.geo.json","key":"nN7wBWL3uO3qhNkS3n3n8Rj7LJSHO3cS"},{"path":"models/blocks/mbl_roads_motorway_barrier_corner.geo.json","key":"pR40y0LWU18MRter2l9JvCvNwm6SMJXg"},{"path":"models/blocks/mbl_roads_myblock.geo.json","key":"xI4RZVWvEvAZfqEMbv5kcx74PpiqjXow"},{"path":"models/blocks/mbl_roads_parking_meter.geo.json","key":"pV5MGgothuHXvrp0crz5cEx6n2EqqYNn"},{"path":"models/blocks/mbl_roads_pedestrian_barrier.geo.json","key":"aU0tMocJgnkmpOFqKceXZb8o1lxu7ZAY"},{"path":"models/blocks/mbl_roads_pedestrian_green.geo.json","key":"pI1Na2ybOg8C21e2bloZLET7gcLpgY5O"},{"path":"models/blocks/mbl_roads_post_box.geo.json","key":"bE8TO3FyLgikGBlz3II0mnEnKQXRKyR1"},{"path":"models/blocks/mbl_roads_safety_barrier.geo.json","key":"hZ3n85PJWseE6j5nuPQNcYxjnYgZcUJ6"},{"path":"models/blocks/mbl_roads_stop_sign.geo.json","key":"wL0OVL4zprV0AHdePwukQ5jzgOQ6R4ar"},{"path":"models/blocks/mbl_roads_street_bin.geo.json","key":"tQ2lGeJJZjN4vIQCI1KxjT7fJq1H7jbt"},{"path":"models/blocks/mbl_roads_street_lantern.geo.json","key":"tC96hgLdQArt9wdRW13Z3EcQxJhGJ72M"},{"path":"models/blocks/mbl_roads_street_light.geo.json","key":"eR3dNvVa4U4CnX0Rhbjind51e6iV0ZMB"},{"path":"models/blocks/mbl_roads_traffic_cone.geo.json","key":"sF8jg8advTi1pSfKKAsoaY5FT9WNzXcZ"},{"path":"models/blocks/mbl_roads_traffic_light.geo.json","key":"pK8BqUCqRcn75ubYHS7X3qEBBKQUwbw5"},{"path":"models/entity/mbl_roads_bull_dozer.geo.json","key":"tL3HJhn4MgdUgbchgN5EoIJhhEfMfKix"},{"path":"models/entity/mbl_roads_dump_track.geo.json","key":"wK6ynxmds3LnmJY5vgV8rXW82wrrdXJ6"},{"path":"models/entity/mbl_roads_explainer_book.geo.json","key":"fG60gIo2eRncTHOkgF60ztq2Ol7IAEs9"},{"path":"models/entity/mbl_roads_mixer_truck.geo.json","key":"hE1AH5il6ORfi67BlwdLi5ke3dRcQjII"},{"path":"models/entity/mbl_roads_road_roller.geo.json","key":"vH5q6sLqNW9OLcGoQUH92MtR1gSErga4"},{"path":"pack_icon.png"},{"path":"render_controllers/mbl_roads.render_controllers.json","key":"nC13eWpECuz8rUxogNUwds2CLJVKQQOZ"},{"path":"sounds/mobblocks/mob/car/death.ogg","key":"aW2Zqy865gkOXz0ui4fuB3WrdxmFx3eq"},{"path":"sounds/mobblocks/mob/car/hurt1.ogg","key":"gW9h0XUGhpz14Km9nojzGZXqMeAugrO5"},{"path":"sounds/mobblocks/mob/road_vehicle/step1.ogg","key":"hN6WWtS1S3to858GuBcgnCm8HswZW5yf"},{"path":"sounds/mobblocks/mob/road_vehicle/step2.ogg","key":"qQ5MMkTcwYMnUY9YJo1LhYEZ9f8VH6i0"},{"path":"sounds/mobblocks/mob/road_vehicle/step3.ogg","key":"kH99888Vegjy0sOwZNYGitlCN18zswkS"},{"path":"sounds/mobblocks/mob/road_vehicle/step4.ogg","key":"vM4xeKFd6tsC96X5U2yOm8V9wVo5QK6a"},{"path":"sounds/sound_definitions.json","key":"dH36GCSGlBBeMZQ8VVV6MbmmAgPc1Fs7"},{"path":"sounds.json","key":"sL7P13MqK4rFEPhYrcbM1MV3pRotQ6Jm"},{"path":"texts/en_GB.lang"},{"path":"texts/en_US.lang"},{"path":"texts/languages.json"},{"path":"textures/item_texture.json","key":"iJ07ZcPGjENiqBj9MJBjBtq7kh9EsIOH"},{"path":"textures/mobblocks/roads/blocks/ahead_sign.png","key":"vW0jOO1OIwWnYBavveCxFF6jufWydWaT"},{"path":"textures/mobblocks/roads/blocks/andesite_brick.png","key":"gL0UyTnL1qePaHowzKx0UroTJLOW9qUA"},{"path":"textures/mobblocks/roads/blocks/base_metal_pole.png","key":"rJ8NdTglilNf3PG7Xl7poYrGU62rX9hj"},{"path":"textures/mobblocks/roads/blocks/bike_sign.png","key":"zU0epGQg8KL0zR0CvFaFdX33f9BUgK63"},{"path":"textures/mobblocks/roads/blocks/black_dustbin.png","key":"mK5Bl3snVQEOM0iHCSAMY93PbNWQEZm5"},{"path":"textures/mobblocks/roads/blocks/brown_dustbin.png","key":"vB1oepg9oxzj9dmxa4xJG8Xb6xFo3zSF"},{"path":"textures/mobblocks/roads/blocks/construction_sign.png","key":"wJ9sVq7VbUSBFll5mTUnGN4b70uyrVuL"},{"path":"textures/mobblocks/roads/blocks/dark_asphalt.png","key":"uY4K4YFOLEGalEsS90umeMQrnu93PuRN"},{"path":"textures/mobblocks/roads/blocks/dark_asphalt_curb.png","key":"xE5Go8QtnGLPbh139PZiN7vGkPGnm3C9"},{"path":"textures/mobblocks/roads/blocks/dark_asphalt_curb_corner.png","key":"rB1h75bhjXNiuusEqJLkE55hudPBsVQo"},{"path":"textures/mobblocks/roads/blocks/dark_asphalt_drain.png","key":"oK28K7Y5J9NBCQCGY8ruF2SCog7d66Si"},{"path":"textures/mobblocks/roads/blocks/dark_asphalt_manhole_cover.png","key":"yC4Z3QTcz6uUNCHzmFvAsVnGhfrkwEKz"},{"path":"textures/mobblocks/roads/blocks/dark_asphalt_pot_hole.png","key":"vW5xzVxurWojyJS8eiimKLRnuHG214KT"},{"path":"textures/mobblocks/roads/blocks/dark_asphalt_pot_hole_01.png","key":"qB83rjY3FAOBdRctFztbJ9bVjY05bRS5"},{"path":"textures/mobblocks/roads/blocks/dark_asphalt_pot_hole_02.png","key":"wN5okHbRjZfJ7setMhFWwNywKR55h7gC"},{"path":"textures/mobblocks/roads/blocks/dark_asphalt_pot_hole_03.png","key":"tP5bgThFsMtlCwSm37FFZT89KudyOObr"},{"path":"textures/mobblocks/roads/blocks/dead_end_sign.png","key":"uQ9gHRBIaApctVdVvpoOELBfMMx2mFEZ"},{"path":"textures/mobblocks/roads/blocks/diorite_brick.png","key":"uS98hZ7dYvsCWsdjb36BAI2n8oc6NshW"},{"path":"textures/mobblocks/roads/blocks/fire_hydrant.png","key":"qC2WqdZRGI1S3ikeMeEnGocn9ofweCBH"},{"path":"textures/mobblocks/roads/blocks/for_sale_sign.png","key":"pO94vcc8yY8KW0UebRaFifMO71Ge19Rw"},{"path":"textures/mobblocks/roads/blocks/granite_brick.png","key":"bE0JGMmZttpwq3Z3l5UxEbOykMcL5Iki"},{"path":"textures/mobblocks/roads/blocks/green_dustbin.png","key":"yY8TEeW3Wa5zYQPJxziOxGIZQQVaZqc8"},{"path":"textures/mobblocks/roads/blocks/grey_dustbin.png","key":"bQ7BPSvaYln6TiXOVwEJXowPOcKSqVuo"},{"path":"textures/mobblocks/roads/blocks/g_road_marking_curved_w_line.png","key":"yO6oPr5BNyOBEkKlN1OHBRywGyE96wqA"},{"path":"textures/mobblocks/roads/blocks/g_road_marking_curved_y_double_line.png","key":"vB1mu2pUUH84Oe7Ue7fEuM6mzsbV7lMI"},{"path":"textures/mobblocks/roads/blocks/g_road_marking_curved_y_line.png","key":"xZ5Ga1164hsB8UyYp6QtpEdqmZxjBzSw"},{"path":"textures/mobblocks/roads/blocks/g_road_marking_diagonal_double_w_line.png","key":"mV1rIrbVrcEjlYtx5TGGAm5ybttiOEBU"},{"path":"textures/mobblocks/roads/blocks/g_road_marking_diagonal_double_y_line.png","key":"iC4VMZKAh6BMtOAawrq4MCJwEByEcGuk"},{"path":"textures/mobblocks/roads/blocks/g_road_marking_diagonal_w_line.png","key":"pS5R0pyAXIKnFvZ6NoLT9B57BUiwnEv4"},{"path":"textures/mobblocks/roads/blocks/g_road_marking_diagonal_y_line.png","key":"gZ2pawqtlvdmQ2sHI7jY2f1hMmcgO3Jc"},{"path":"textures/mobblocks/roads/blocks/g_road_marking_w_arrow_head.png","key":"nB8fud05X8zLjjES6nsErXh5n1jixKqr"},{"path":"textures/mobblocks/roads/blocks/g_road_marking_w_line.png","key":"eZ9Q934MdfgrMqRGb0CsELxbjkihUXNu"},{"path":"textures/mobblocks/roads/blocks/g_road_marking_y_arrow_head.png","key":"mG3n92f0nLNPCBgOy5uLUyJdBwPjz3dh"},{"path":"textures/mobblocks/roads/blocks/g_road_marking_y_double_line.png","key":"iP1FgIL0famRXnvIKBZNw7gb6dUsbAoX"},{"path":"textures/mobblocks/roads/blocks/g_road_marking_y_line.png","key":"cV8u41nTMvBgBrVfWtQAztocX1IOhPWB"},{"path":"textures/mobblocks/roads/blocks/g_road_marking_zebra_crossing.png","key":"uP7f398ko6GaXcISu6uthpxNP3MbaStp"},{"path":"textures/mobblocks/roads/blocks/light_asphalt.png","key":"wQ6L1r80538MJFtf6MgBAq1WzsZXNGeP"},{"path":"textures/mobblocks/roads/blocks/light_asphalt_curb.png","key":"tX5b6LBQw3uTmySGhUHxHLNe00ohs1I9"},{"path":"textures/mobblocks/roads/blocks/light_asphalt_curb_corner.png","key":"kE0qxPNwog8ciUHqn9WbNzxHkkbRN0Xy"},{"path":"textures/mobblocks/roads/blocks/light_asphalt_drain.png","key":"zJ9uOesH6toXGebrRvdiXqFYr1dC5VOV"},{"path":"textures/mobblocks/roads/blocks/light_asphalt_manhole_cover.png","key":"pH9Z84QKxN2Y9bWjTzHJQBtWy6jVx3oy"},{"path":"textures/mobblocks/roads/blocks/light_asphalt_pot_hole.png","key":"qI477M8PIau09GaGMU4QKkp8rS6ztBcb"},{"path":"textures/mobblocks/roads/blocks/light_asphalt_pot_hole_01.png","key":"zG5IRwRGLhvC8KyeSS9wGPr1KCOAoatl"},{"path":"textures/mobblocks/roads/blocks/light_asphalt_pot_hole_02.png","key":"lP37BNF4hWq9SfdV4RXjl4MRQ88dwYdp"},{"path":"textures/mobblocks/roads/blocks/light_asphalt_pot_hole_03.png","key":"yR8AJG8pammakaus6sTiJT0uU3EyoNsp"},{"path":"textures/mobblocks/roads/blocks/l_g_road_marking_curved_w_line.png","key":"tT47XUVawxHzPA9AmNFlavMYeoVneG9V"},{"path":"textures/mobblocks/roads/blocks/l_g_road_marking_curved_y_double_line.png","key":"mS2TbxQfVVAegTYV2OtmfKw74r1wpcwr"},{"path":"textures/mobblocks/roads/blocks/l_g_road_marking_curved_y_line.png","key":"xN2pLwVpg34YemM6lkiIkmQoOI6o4RLE"},{"path":"textures/mobblocks/roads/blocks/l_g_road_marking_diagonal_double_w_line.png","key":"cJ7O0wkRxUhsgkutpkGzVsOrMLhZY8zL"},{"path":"textures/mobblocks/roads/blocks/l_g_road_marking_diagonal_double_y_line.png","key":"eA08qpnGsclmdq6Fx02RO81wiMFVmdlN"},{"path":"textures/mobblocks/roads/blocks/l_g_road_marking_diagonal_w_line.png","key":"lX6lnlpLmZBGNACX9CRbFtypR3BPo7ZT"},{"path":"textures/mobblocks/roads/blocks/l_g_road_marking_diagonal_y_line.png","key":"xU0qXHgeljPGAAxlGZ28zZa9N7OhxfS8"},{"path":"textures/mobblocks/roads/blocks/l_g_road_marking_w_arrow_head.png","key":"nM3vKeBnJ45mSYiLKlBYQw23MPxGS3eJ"},{"path":"textures/mobblocks/roads/blocks/l_g_road_marking_w_line.png","key":"yV3XSU3Xo5q2IzVjUhGkuXkYVtSyMreU"},{"path":"textures/mobblocks/roads/blocks/l_g_road_marking_y_arrow_head.png","key":"qO2vzLpZ1I8lirlJljKvVdyK6n8RjkXR"},{"path":"textures/mobblocks/roads/blocks/l_g_road_marking_y_double_line.png","key":"zZ51ovIAfF8V98XWNHJufGuWR4TOZcdW"},{"path":"textures/mobblocks/roads/blocks/l_g_road_marking_y_line.png","key":"gV66zMvl2HQfq84KPXinKTnk0xAkuTWK"},{"path":"textures/mobblocks/roads/blocks/l_g_road_marking_zebra_crossing.png","key":"mJ7H2IwqMCmdH4s0nuAOEhCvpaNpFwcy"},{"path":"textures/mobblocks/roads/blocks/mail_box.png","key":"qS7TLtAtygGbCPSNJ7vfrRe9VpSGssEa"},{"path":"textures/mobblocks/roads/blocks/motorway_barrier.png","key":"pN7SIG3sno6Vu8X9v7Onl0j4IvNfS3Xb"},{"path":"textures/mobblocks/roads/blocks/no_fouling_sign.png","key":"bW7NncdkORlQqVS8QKb8zgNoPr7Cbyc2"},{"path":"textures/mobblocks/roads/blocks/no_parking_sign.png","key":"sX6qQxvkIAVsh56zNeqhT6OJzZgimTE2"},{"path":"textures/mobblocks/roads/blocks/no_u_turn_sign.png","key":"dJ0OA9KztY2kfLMLP1tiZqOwtOqn9wfV"},{"path":"textures/mobblocks/roads/blocks/parking_meter.png","key":"bG4Q6FHK5BV4rp0IhlWMPCIFzjw1okCK"},{"path":"textures/mobblocks/roads/blocks/parking_sign.png","key":"hQ3hduNLgJkk3XmXEYmyoHoEt0LJk6i8"},{"path":"textures/mobblocks/roads/blocks/pedestrian_barrier.png","key":"aC9fKVCQgxZOMffXh1HG3NZG10W7C4XE"},{"path":"textures/mobblocks/roads/blocks/pedestrian_green.png","key":"uJ4uRS8e0zjoMKHco45XCgjUkBZdxLzz"},{"path":"textures/mobblocks/roads/blocks/pedestrian_red.png","key":"wR2nu0tVBZc5sy8nnuyXSuGpZQ7RFXoa"},{"path":"textures/mobblocks/roads/blocks/post_box.png","key":"tQ6iBJlcULKgjOxHTgzvgK2i7qyBupOv"},{"path":"textures/mobblocks/roads/blocks/priority_parking_sign.png","key":"yI1579PB3zAsfQK3jrTSp9AQmdnQ93jZ"},{"path":"textures/mobblocks/roads/blocks/rail_crossing_sign.png","key":"kV9QvUZg8o9JECssVJ1CE876aGsVCJHp"},{"path":"textures/mobblocks/roads/blocks/safety_barrier.png","key":"mX2EsZwFkyCgo4bSTK4thR7iMwVpApNz"},{"path":"textures/mobblocks/roads/blocks/slow_sign.png","key":"gC0Ishw4CPdzp0TC95SC1puxEOnjPgi7"},{"path":"textures/mobblocks/roads/blocks/sold_sign.png","key":"yB5m3veqEzV5A2a2TOgbJoAFlQqEAmpt"},{"path":"textures/mobblocks/roads/blocks/speed_sign_30.png","key":"bI7aftcKJXZUaFpbBOj9O6HQVrfRd3xl"},{"path":"textures/mobblocks/roads/blocks/speed_sign_50.png","key":"iE0ghaspfvrO1vLX1AA4qhxOg4NLBwX1"},{"path":"textures/mobblocks/roads/blocks/speed_sign_60.png","key":"sY64uziE4OzolBVflpBnoRELBJoYwUnA"},{"path":"textures/mobblocks/roads/blocks/stop_sign.png","key":"bH9Au22AeIBFR1zGJ7AJVpJ1Th2YdFAV"},{"path":"textures/mobblocks/roads/blocks/street_bin.png","key":"cX1XlLN3LnRcJl5rQ7g6GI8ikgZjEvqK"},{"path":"textures/mobblocks/roads/blocks/street_lantern.png","key":"qH0lZhC25SGfKid27nlZ0muYiT6n8kz7"},{"path":"textures/mobblocks/roads/blocks/street_light.png","key":"iK3EFZRLpCq7ib34opU3uukNev4TfCAA"},{"path":"textures/mobblocks/roads/blocks/traffic_cone.png","key":"xQ2kZUz1o2Zn69OGUeyOPFteArxXa6E5"},{"path":"textures/mobblocks/roads/blocks/traffic_light.png","key":"fP2r6Zm77m6nFdgBQ9rLIdPXTtpPyp0H"},{"path":"textures/mobblocks/roads/blocks/turn_left_sign.png","key":"bW2i8oqYw3K3LpbeMFFfac4wb3d5dgom"},{"path":"textures/mobblocks/roads/blocks/turn_right_sign.png","key":"rV9WBXnM9ClYs9wcdyJUoHszZoWg9GkN"},{"path":"textures/mobblocks/roads/blocks/walking_sign.png","key":"bC5qqHokyVI0Qp8dq3888lwclRpxZA6I"},{"path":"textures/mobblocks/roads/entity/book/explainer_book_01.png","key":"gB7pMS7ZwZLF4kjgfVf465jTibjQCluP"},{"path":"textures/mobblocks/roads/entity/book/explainer_book_02.png","key":"jZ36tnnF7zrM3aeZal5ILv95jniVAnpN"},{"path":"textures/mobblocks/roads/entity/book/explainer_book_03.png","key":"gW86Jxu0MO8E4o9rMvEgYJSURzPwnH5m"},{"path":"textures/mobblocks/roads/entity/book/explainer_book_04.png","key":"iT1TkcZ5yfL0zCB8HmWgUeI45j8YOUv1"},{"path":"textures/mobblocks/roads/entity/book/explainer_book_05.png","key":"mF4Cve9ZdBNSlnlqGPlhLgwErd50fjBj"},{"path":"textures/mobblocks/roads/entity/book/explainer_book_06.png","key":"bQ0yHNaSTrcIUkeKgNkdZkVqxzttp0p3"},{"path":"textures/mobblocks/roads/entity/book/explainer_book_07.png","key":"mR6dFv2d20bZNF6kXfpJ0TstVaqVxmEO"},{"path":"textures/mobblocks/roads/entity/book/explainer_book_08.png","key":"nS3VvQV6rv8kowmrFpgcWa7hqHaHVcKj"},{"path":"textures/mobblocks/roads/entity/book/explainer_book_09.png","key":"rQ8NtXEqn24ZS3XvYjVEu6oqlTkmOCL6"},{"path":"textures/mobblocks/roads/entity/book/explainer_book_10.png","key":"kN36llLCimSE25vu7rQz5nJSkCmYpu62"},{"path":"textures/mobblocks/roads/entity/bull_dozer.png","key":"mY9NQqvQhqp57SdIUmgI6Cr2CixiBi3R"},{"path":"textures/mobblocks/roads/entity/dump_track.png","key":"fQ5cIQmI7o5J22kez5WsL2SNqgsh3dBP"},{"path":"textures/mobblocks/roads/entity/mixer_truck.png","key":"nF9cUTyLCsrfEnCkYV06xGK5Cxn225Vv"},{"path":"textures/mobblocks/roads/entity/steam_roller.png","key":"mL3AfpNvWdpfW6BmX8paYpWFyA4NqQHm"},{"path":"textures/mobblocks/roads/entity/steam_roller_02.png","key":"kO6bSZIVZsAJ7c8eEh0PmROcKFUQF7gx"},{"path":"textures/mobblocks/roads/items/bull_dozer_spawn_egg.png","key":"pW72Uc7SpI9qgRrObm6KKi7r2J7QsYZr"},{"path":"textures/mobblocks/roads/items/dump_truck_spawn_egg.png","key":"cZ2pAH0n5WbH4rHz648jLf3vs47aUG6b"},{"path":"textures/mobblocks/roads/items/explainer_book.png","key":"xH3nxCpiuOuoVmASCfZhZXnzr9lhBkFV"},{"path":"textures/mobblocks/roads/items/mixer_truck_spawn_egg.png","key":"lT6mFarJhIzUNayEX4C6sZQYjZENVKQl"},{"path":"textures/mobblocks/roads/items/steam_roller_spawn_egg.png","key":"dY4n5BoJH7rKnpg1qhVwICQOEMYc0ohE"},{"path":"textures/terrain_texture.json","key":"wJ3FuXvgw5jQhX0g51iis6vHUZZ0JhX2"},{"path":"textures/textures_list.json","key":"lT0RJOJaoeL3MUOMMRa9G7Rp5wVKhOIH"},{"path":"signatures.json","key":"aP7L3zuEq6it6R01wxeO5w2y7fkW5yfj"},{"path":"animations/"},{"path":"animation_controllers/"},{"path":"entity/"},{"path":"models/blocks/"},{"path":"models/entity/"},{"path":"render_controllers/"},{"path":"sounds/mobblocks/mob/car/"},{"path":"sounds/mobblocks/mob/road_vehicle/"},{"path":"sounds/"},{"path":"texts/"},{"path":"textures/"},{"path":"textures/mobblocks/roads/blocks/"},{"path":"textures/mobblocks/roads/entity/book/"},{"path":"textures/mobblocks/roads/entity/"},{"path":"textures/mobblocks/roads/items/"}]}