{
  "entity_sounds": {
    "entities": {
        "mbl_road:bull_dozer": {
          "volume": 0.75,
          "pitch" : [ 1.10, 1.20 ],
          "events": {
            "hurt": "mob.car.hurt",
            "death": "mob.car.death",
            "step" : {
              "sound" : "mob.road_vehicle.step",
              "volume" : 1.1
          }
        }
      },
      "mbl_road:steam_roller": {
        "volume": 0.75,
        "pitch" : [ 1.10, 1.20 ],
        "events": {
          "hurt": "mob.car.hurt",
          "death": "mob.car.death",
          "step" : {
            "sound" : "mob.road_vehicle.step",
            "volume" : 1.1
          }
        }
      },
      "mbl_road:steam_roller_02": {
        "volume": 0.75,
        "pitch" : [ 1.10, 1.20 ],
        "events": {
          "hurt": "mob.car.hurt",
          "death": "mob.car.death",
          "step" : {
            "sound" : "mob.road_vehicle.step",
            "volume" : 1.1
          }
        }
      },
      "mbl_road:dump_truck": {
        "volume": 0.75,
        "pitch" : [ 1.10, 1.20 ],
        "events": {
          "hurt": "mob.car.hurt",
          "death": "mob.car.death",
          "step" : {
            "sound" : "mob.road_vehicle.step",
            "volume" : 1.1
          }
        }
      },
      "mbl_road:mixer_truck": {
        "volume": 0.75,
        "pitch" : [ 1.10, 1.20 ],
        "events": {
          "hurt": "mob.car.hurt",
          "death": "mob.car.death",
          "step" : {
            "sound" : "mob.road_vehicle.step",
            "volume" : 1.1
          }
        }
      }
    }
  }
}