{
	"format_version": "1.10.0",
	"minecraft:attachable": {
		"description": {
			"identifier": "goe_spa:netherite_smartphone_hud",
			"materials": {
				"default": "armor",
				"enchanted": "armor_enchanted"
			},
			"textures": {
				"default": "textures/goe/spa/entity/netheritephoneframe",
				"enchanted": "textures/misc/enchanted_item_glint"
			},
			"geometry": {
				"default": "geometry.goe_spa.smartphone_hud"
			},
			"render_controllers": [{"controller.render.item_default": "c.is_first_person"}]
		}
	}
}
