{
	"format_version": "1.10.0",
	"minecraft:attachable": {
		"description": {
			"identifier": "thm_ecp:phone",
			"materials": {
				"default": "entity_alphatest"
			},
			"textures": {
				"default": "textures/thm/ecp/phone"
			},
			"geometry": {
				"default": "geometry.thm_ecp_phone"
			},
			"animations": {
				"first_person_hold": "animation.thm_ecp.phone.first_person_hold",
				"first_person_hold_offhand": "animation.thm_ecp.phone.first_person_hold_offhand",
				"third_person_hold": "animation.thm_ecp.phone.third_person_hold",
				"conroller": "controller.animation.thm_ecp.attachable"
			},
			"scripts": {
				"animate": [
					"conroller"
				]
			},
			"render_controllers": [
				"controller.render.default"
			]
		}
	}
}