{
  "format_version": "1.21.60",
  "minecraft:item": {
    "components": {
      "minecraft:custom_components": [
        "farmersdelight:rice_seed"
      ],
      "minecraft:icon": {
        "textures": {
          "default": "farmersdelight:rice"
        }
      },
      "minecraft:tags": {
        "tags": [
          "farmersdelight:is_rice"
        ]
      },
      "minecraft:compostable": {
        "composting_chance": 35
      }
    },
    "description": {
      "identifier": "farmersdelight:rice",
      "menu_category": {
        "category": "nature",
        "group": "farmersdelight:itemGroup.name.seed"
      }
    }
  }
}