{
  "format_version": "1.21.60",
  "minecraft:item": {
    "components": {
      "minecraft:block_placer": {
        "block": "farmersdelight:tomato_block",
        "use_on": [
          "farmland",
          "farmersdelight:rich_soil_farmland"
        ]
      },
      "minecraft:icon": {
        "textures": {
          "default": "farmersdelight:tomato_seeds"
        }
      },
      "minecraft:compostable": {
        "composting_chance": 35
      }
    },
    "description": {
      "identifier": "farmersdelight:tomato_seeds",
      "menu_category": {
        "category": "nature",
        "group": "farmersdelight:itemGroup.name.seed"
      }
    }
  }
}