{
  "format_version": "1.21.60",
  "minecraft:item": {
    "components": {
      "minecraft:block_placer": {
        "block": "farmersdelight:roast_chicken_block"
      },
      "minecraft:icon": {
        "textures": {
          "default": "farmersdelight:roast_chicken_block"
        }
      },
      "minecraft:max_stack_size": 1,
      "minecraft:compostable": {
        "composting_chance": 85
      }
    },
    "description": {
      "identifier": "farmersdelight:roast_chicken_block_item",
      "menu_category": {
        "category": "equipment",
        "group": "farmersdelight:itemGroup.name.miscFood"
      }
    }
  }
}