{
    "format_version": "1.20.80",
    "minecraft:item": {
      "description": {
        "identifier": "thm_ecp:item_market",
        "menu_category": {
          "category": "items"
        }
      },
      "components": {
        "minecraft:hand_equipped": {
          "value": false
        },
        "minecraft:max_stack_size": {
          "value": 1
        },
        "minecraft:icon": {
          "textures": {
            "default": "thm_ecp_item_market"
          }
        },
        "minecraft:entity_placer": {
          "entity": "thm_ecp:dummy"
        }
      }
    }
  }
  