{
	"format_version": "1.20.60",
	"minecraft:item": {
		"description": {
			"identifier": "goe_spa:blue_smartphone_hud",
			"menu_category": {
				"category": "none",
				"is_hidden_in_commands": false
			}
		},
		"components": {
			"minecraft:icon": "goe_spa_blue_smartphone",
			"minecraft:display_name": { "value": "Blue Smartphone" },
			"minecraft:durability": {
				"max_durability": 1200
			},
			"minecraft:use_modifiers": {
				"use_duration": 999
			},
			"minecraft:cooldown": {
				"category": "book",
				"duration": 0.3
			},
			"minecraft:max_stack_size": 1
		}
	}
}