{
  "format_version": "1.21.60",
  "minecraft:item": {
    "components": {
      "minecraft:block_placer": {
        "block": "farmersdelight:apple_pie_block"
      },
      "minecraft:icon": {
        "textures": {
          "default": "farmersdelight:apple_pie"
        }
      },
      "minecraft:tags": {
        "tags": [
          "farmersdelight:can_cut.tag.farmersdelight:is_knife"
        ]
      },
      "minecraft:compostable": {
        "composting_chance": 45
      }
    },
    "description": {
      "identifier": "farmersdelight:apple_pie",
      "menu_category": {
        "category": "equipment",
        "group": "farmersdelight:itemGroup.name.miscFood"
      }
    }
  }
}