{
  "format_version": "1.21.0",
  "minecraft:recipe_shaped": {
    "description": {
      "identifier": "goe_spa:battery"
    },
    "tags": [ "crafting_table"],
    "pattern": [
      " P ",
      "TAT",
      "PPP"
    ],
    "key": {
		"P": { "item": "minecraft:iron_ingot" },
	    "T": { "item": "minecraft:gold_ingot" },
	    "A": { "item": "minecraft:redstone_block" }
  },
    "unlock": {
      "context": "PlayerInWater"
    },
    "result": { "item": "goe_spa:battery"}
  }
}