{
    "format_version": "1.10.0",
    "animations": {
        "animation.goe_spa.delivery_package.land": {
            "loop": false,
            "animation_length": 1.0,
            "timeline": {
                "0.0": [
                    "/particle goe_spa:package_land",
                    "/playsound goe_spa:package_land @a ~ ~ ~ 1.0 1.2"
                ]
            }
        },
        "animation.goe_spa.delivery_package.spin": {
            "loop": false,
            "animation_length": 1.0,
            "timeline": {
                "0.0": [
                    "/playsound goe_spa:package_collect @a",
                    "/scriptevent goe_spa:delivery_package remove_name"
                ],
                "0.9": [
                    "/scriptevent goe_spa:delivery_package interact",
                    "/particle goe_spa:package_disapear",
                    "/playsound random.pop @a"
                ]
            }
        }
    }
}