{
  "format_version": "1.21.60",
  "minecraft:item": {
    "components": {
      "minecraft:damage": 3,
      "minecraft:digger": {
        "destroy_speeds": [
          {
            "block": "minecraft:web",
            "speed": 13
          },
          {
            "block": "minecraft:white_wool",
            "speed": 13
          },
          {
            "block": "minecraft:orange_wool",
            "speed": 13
          },
          {
            "block": "minecraft:magenta_wool",
            "speed": 13
          },
          {
            "block": "minecraft:light_blue_wool",
            "speed": 13
          },
          {
            "block": "minecraft:yellow_wool",
            "speed": 13
          },
          {
            "block": "minecraft:lime_wool",
            "speed": 13
          },
          {
            "block": "minecraft:pink_wool",
            "speed": 13
          },
          {
            "block": "minecraft:gray_wool",
            "speed": 13
          },
          {
            "block": "minecraft:light_gray_wool",
            "speed": 13
          },
          {
            "block": "minecraft:cyan_wool",
            "speed": 13
          },
          {
            "block": "minecraft:purple_wool",
            "speed": 13
          },
          {
            "block": "minecraft:blue_wool",
            "speed": 13
          },
          {
            "block": "minecraft:red_wool",
            "speed": 13
          },
          {
            "block": "minecraft:brown_wool",
            "speed": 13
          },
          {
            "block": "minecraft:green_wool",
            "speed": 13
          },
          {
            "block": "minecraft:black_wool",
            "speed": 13
          },
          {
            "block": "minecraft:cake",
            "speed": 13
          },
          {
            "block": "minecraft:hay_block",
            "speed": 13
          },
          {
            "block": "minecraft:leaves",
            "speed": 13
          },
          {
            "block": "minecraft:leaves2",
            "speed": 13
          },
          {
            "block": {
              "tags": "q.any_tag('farmersdelight:pie', 'farmersdelight:straw_blocks')"
            },
            "speed": 13
          }
        ],
        "use_efficiency": true
      },
      "minecraft:durability": {
        "max_durability": 250
      },
      "minecraft:enchantable": {
        "slot": "sword",
        "value": 14
      },
      "minecraft:hand_equipped": true,
      "minecraft:icon": {
        "textures": {
          "default": "farmersdelight:iron_knife"
        }
      },
      "minecraft:max_stack_size": 1,
      "minecraft:repairable": {
        "repair_items": [
          {
            "items": [
              "farmersdelight:iron_knife"
            ],
            "repair_amount": "context.other->query.remaining_durability + 0.05 * context.other->query.max_durability"
          },
          {
            "items": [
              "minecraft:iron_ingot"
            ],
            "repair_amount": "query.max_durability * 0.25"
          }
        ]
      },
      "minecraft:tags": {
        "tags": [
          "minecraft:is_sword",
          "farmersdelight:is_knife",
          "farmersdelight:straw_harvesters"
        ]
      }
    },
    "description": {
      "identifier": "farmersdelight:iron_knife",
      "menu_category": {
        "category": "equipment",
        "group": "farmersdelight:itemGroup.name.knife"
      }
    }
  }
}