{
	"format_version": "1.19.10",
	"minecraft:attachable": {
		"description": {
			"identifier": "emotemc:stopemotemc",
			"materials": {
				"default": "entity_alphatest"
			},
			"textures": {
				"default": "textures/items/aa2"
			},
			"geometry": {
				"default": "geometry.auau"
			},
			"scripts": {
				"animate": [
					{
						"1": "c.is_first_person"
					},
					{
						"2": "!c.is_first_person"
					}
				]
			},
			"render_controllers": [
				"controller.render.item_default"
			],
			"animations": {
				"1": "animation.firstaa",
				"2": "animation.thirdaa"
			}
		}
	}
}