  {
    "format_version": "1.20.30",
    "minecraft:recipe_shaped": {
      "description": {
        "identifier": "mbl_road:bull_dozer_recipe"
      },
      "tags": [
        "crafting_table"
      ],
      "pattern": [
        " N ",
        "TAT",
        "GGG"
      ],
      "key": {
        "N": {
          "item": "minecraft:emerald"
        },
        "T": {
          "item": "minecraft:redstone"
        },
        "A": {
          "item": "minecraft:minecart"
        },
        "G": {
          "item": "minecraft:iron_block"
        }
        },
        "unlock": [
          {
            "item": "minecraft:minecart"
          }
        ],
        "result" : {
          "count" : 1,
          "data" : "query.get_actor_info_id('mbl_road:bull_dozer')",
          "item" : "spawn_egg"
        }
        }
      }
    