{
	"format_version": "1.20.30",
	"minecraft:recipe_shaped": {
		"description": {
			"identifier": "mbl_road:dark_asphalt_manhole_cover_recipe"
		},
		"tags": [
			"crafting_table"
		],
		"pattern": [
			" X ",
			" D ",
			"   "
		],
		"key": {
			"D": {
				"item": "mbl_road:dark_asphalt"
			},
			"X": {
				"item": "minecraft:iron_ingot"
			}
		},
		"unlock": [
			{
			  "item": "mbl_road:dark_asphalt"
			}
			],
		"result": [
			{
				"item": "mbl_road:dark_asphalt_manhole_cover"
			}
		]
	}
}