  {
    "format_version": "1.20.30",
    "minecraft:recipe_shapeless": {
      "description": {
        "identifier": "mbl_road:dark_asphalt_half_recipe"
      },
      "tags": [
        "crafting_table"
      ],
      "ingredients": [
        {
          "item" : "mbl_road:dark_asphalt"

        }
      ],
      "unlock": [
        {
          "item": "mbl_road:dark_asphalt"
        }
      ],
      "result": [
        {
          "item": "mbl_road:dark_asphalt_half",
          "count": 2
        }
      ]
    }
  }