  {
    "format_version": "1.20.30",
    "minecraft:recipe_shaped": {
      "description": {
        "identifier": "mbl_road:dead_end_sign_recipe"
      },
      "tags": [
        "crafting_table"
      ],
      "pattern": [
        "   ",
        " I ",
        "  X"
      ],
      "key": {
        "I": {
          "item": "minecraft:acacia_sign"
        },
        "X": {
          "item": "minecraft:paper"
        }
      },
      "unlock": [
        {
          "item": "minecraft:acacia_sign"
        }
        ],
      "result": [
        {
          "item": "mbl_road:dead_end_sign"
        }
      ]
    }
  }