  {
    "format_version": "1.20.30",
    "minecraft:recipe_shaped": {
      "description": {
        "identifier": "mbl_road:fire_hydrant_recipe"
      },
      "tags": [
        "crafting_table"
      ],
      "pattern": [
        " A ",
        " B ",
        " C "
      ],
      "key": {
        "A": {
          "item": "minecraft:red_dye"
        },
        "B": {
          "item": "minecraft:water_bucket"
        },
        "C": {
          "item": "minecraft:iron_ingot"
        }
      },
      "unlock": [
        {
          "item": "minecraft:water_bucket"
        }
      ],
      "result": [
        {
          "item": "mbl_road:fire_hydrant"
        }
      ]
    }
  }