{
	"format_version": "1.20.30",
	"minecraft:recipe_shaped": {
		"description": {
			"identifier": "mbl_road:gray_road_marking_curved_white_line"
		},
		"tags": [
			"crafting_table"
		],
		"pattern": [
			" X",
			"X#",
			"   "
		],
		"key": {
			"#": {
				"item": "mbl_road:dark_asphalt"
			},
			"X": {
				"item": "minecraft:white_dye"
			}
		},
		"unlock": [
			{
			  "item": "mbl_road:dark_asphalt"
			}
		  ],
		"result": [
			{
				"item": "mbl_road:gray_road_marking_curved_white_line"
			}
		]
	}
}