  {
    "format_version": "1.20.30",
    "minecraft:recipe_shaped": {
      "description": {
        "identifier": "mbl_road:grey_dustbin_recipe"
      },
      "tags": [
        "crafting_table"
      ],
      "pattern": [
        " L ",
        " A ",
        "   "
      ],
      "key": {
        "A": {
          "item": "minecraft:chest"
        },
        "L": {
          "item": "minecraft:gray_dye"
        }
      },
      "unlock": [
        {
          "item": "minecraft:chest"
        }
      ],
      "result": [
        {
          "item": "mbl_road:grey_dustbin"
        }
      ]
    }
  }