{
	"format_version": "1.20.30",
	"minecraft:recipe_shaped": {
		"description": {
			"identifier": "mbl_road:light_gray_road_marking_yellow_double_line_recipe"
		},
		"tags": [
			"crafting_table"
		],
		"pattern": [
			" X ",
			"XAX",
			" X "
		],
		"key": {
			"A": {
				"item": "mbl_road:light_asphalt"
			},
			"X": {
				"item": "minecraft:yellow_dye"
			}
		},
		"unlock": [
			{
			  "item": "mbl_road:light_asphalt"
			}
			],
		"result": [
			{
				"item": "mbl_road:light_gray_road_marking_yellow_double_line"
			}
		]
	}
}