{
	"format_version": "1.20.30",
	"minecraft:recipe_shaped": {
		"description": {
			"identifier": "mbl_road:light_gray_road_marking_yellow_arrow_head_recipe"
		},
		"tags": [
			"crafting_table"
		],
		"pattern": [
			" F",
			"FIF",
			"   "
		],
		"key": {
			"I": {
				"item": "mbl_road:light_asphalt"
			},
			"F": {
				"item": "minecraft:yellow_dye"
			}
		},
		"unlock": [
			{
			  "item": "mbl_road:light_asphalt"
			}
			],
		"result": [
			{
				"item": "mbl_road:light_gray_road_marking_yellow_arrow_head"
			}
		]
	}
}