{
	"format_version": "1.20.30",
	"minecraft:recipe_shaped": {
		"description": {
			"identifier": "mbl_road:light_gray_road_marking_white_line_recipe"
		},
		"tags": [
			"crafting_table"
		],
		"pattern": [
			" G ",
			" S ",
			"   "
		],
		"key": {
			"S": {
				"item": "mbl_road:light_asphalt"
			},
			"G": {
				"item": "minecraft:white_dye"
			}
		},
		"unlock": [
			{
			  "item": "mbl_road:light_asphalt"
			}
			],
		"result": [
			{
				"item": "mbl_road:light_gray_road_marking_white_line"
			}
		]
	}
}