{
	"format_version": "1.20.30",
	"minecraft:recipe_shaped": {
		"description": {
			"identifier": "mbl_road:l_gray_road_marking_d_double_white_line_recipe"
		},
		"tags": [
	        "crafting_table"
		],
		"pattern": [
			"  R",
			" B ",
			"R  "
		],
		"key": {
			"B": {
				"item": "mbl_road:light_asphalt"
			},
			"R": {
				"item": "minecraft:white_dye"
			}
		},
		"unlock": [
			{
			  "item": "mbl_road:light_asphalt"
			}
			],
		"result": [
			{
				"item": "mbl_road:l_gray_road_marking_d_double_white_line"
			}
		]
	}
}