{
	"format_version": "1.20.30",
	"minecraft:recipe_shaped": {
		"description": {
			"identifier": "mbl_road:light_gray_road_marking_zebra_crossing_recipe"
		},
		"tags": [
			"crafting_table"
		],
		"pattern": [
			"AAA",
			"ABA",
			"AAA"
		],
		"key": {
			"B": {
				"item": "mbl_road:light_asphalt"
			},
			"A": {
				"item": "minecraft:white_dye"
			}
		},
		"unlock": [
			{
			  "item": "mbl_road:light_asphalt"
			}
			],
		"result": [
			{
				"item": "mbl_road:light_gray_road_marking_zebra_crossing"
			}
		]
	}
}