{
	"format_version": "1.20.30",
	"minecraft:recipe_shaped": {
		"description": {
			"identifier": "mbl_road:light_asphalt_manhole_cover_recipe"
		},
		"tags": [
			"crafting_table"
		],
		"pattern": [
			" X ",
			" # ",
			"   "
		],
		"key": {
			"#": {
				"item": "mbl_road:light_asphalt"
			},
			"X": {
				"item": "minecraft:iron_ingot"
			}
		},
		"unlock": [
			{
			  "item": "mbl_road:light_asphalt"
			}
			],
		"result": [
			{
				"item": "mbl_road:light_asphalt_manhole_cover"
			}
		]
	}
}