  {
    "format_version": "1.20.30",
    "minecraft:recipe_shaped": {
      "description": {
        "identifier": "mbl_road:light_asphalt_drain_recipe"
      },
      "tags": [
        "crafting_table"
      ],
      "pattern": [
        "   ",
        " # ",
        " X "
      ],
      "key": {
        "#": {
          "item": "mbl_road:light_asphalt"
        },
        "X": {
          "item": "minecraft:iron_bars"
        }
      },
      "unlock": [
        {
          "item": "mbl_road:light_asphalt"
        }
        ],
      "result": [
        {
          "item": "mbl_road:light_asphalt_drain"
        }
      ]
    }
  }