  {
    "format_version": "1.20.30",
    "minecraft:recipe_shaped": {
      "description": {
        "identifier": "mbl_road:light_asphalt_curb_corner_recipe"
      },
      "tags": [
        "crafting_table"
      ],
      "pattern": [
        " X ",
        " # ",
        " X "
      ],
      "key": {
        "#": {
          "item": "mbl_road:light_asphalt"
        },
        "X": {
          "item": "minecraft:stone_block_slab"
        }
      },
      "unlock": [
        {
          "item": "mbl_road:light_asphalt"
        }
        ],
      "result": [
        {
          "item": "mbl_road:light_asphalt_curb_corner",
          "count": 1
        }
      ]
    }
  }