  {
    "format_version": "1.20.30",
    "minecraft:recipe_shaped": {
      "description": {
        "identifier": "mbl_road:metal_pole_recipe"
      },
      "tags": [
        "crafting_table"
      ],
      "pattern": [
        "   ",
        " # ",
        " # "
      ],
      "key": {
        "#": {
          "item": "minecraft:iron_ingot"
        }
      },
      "unlock": [
        {
          "item": "minecraft:iron_ingot"
        }
        ],
      "result": [
        {
          "item": "mbl_road:metal_pole",
          "count": 2
        }
      ]
    }
  }