  {
    "format_version": "1.20.30",
    "minecraft:recipe_shaped": {
      "description": {
        "identifier": "mbl_road:no_u_turn_sign_recipe"
      },
      "tags": [
        "crafting_table"
      ],
      "pattern": [
        "  A",
        " S ",
        "   "
      ],
      "key": {
        "S": {
          "item": "minecraft:oak_sign"
        },
        "A": {
          "item": "minecraft:paper"
        }
      },
      "unlock": [
        {
          "item": "minecraft:oak_sign"
        }
        ],
      "result": [
        {
          "item": "mbl_road:no_u_turn_sign"
        }
      ]
    }
  }