  {
    "format_version": "1.20.30",
    "minecraft:recipe_shaped": {
      "description": {
        "identifier": "mbl_road:parking_meter_recipe"
      },
      "tags": [
        "crafting_table"
      ],
      "pattern": [
        " N ",
        " A ",
        " G "
      ],
      "key": {
        "N": {
          "item": "minecraft:blue_dye"
        },
        "A": {
          "item": "minecraft:redstone"
        },
        "G": {
          "item": "minecraft:stone"
        }
        },
        "unlock": [
          {
            "item": "minecraft:redstone"
          }
        ],
        "result": [
          {
            "item": "mbl_road:parking_meter"
          }
        ]
      }
    }