  {
    "format_version": "1.20.30",
    "minecraft:recipe_shaped": {
      "description": {
        "identifier": "mbl_road:pedestrian_barrier_recipe"
      },
      "tags": [
        "crafting_table"
      ],
      "pattern": [
        "   ",
        "XXX",
        " A "
      ],
      "key": {
        "A": {
          "item": "minecraft:stone"
        },
        "X": {
          "item": "minecraft:iron_bars"
        }
      },
      "unlock": [
        {
          "item": "minecraft:iron_bars"
        }
        ],
      "result": [
        {
          "item": "mbl_road:pedestrian_barrier",
          "count": 3
        }
      ]
    }
  }