  {
    "format_version": "1.20.30",
    "minecraft:recipe_shaped": {
      "description": {
        "identifier": "mbl_road:pedestrian_green_recipe"
      },
      "tags": [
        "crafting_table"
      ],
      "pattern": [
        "   ",
        " # ",
        " X "
      ],
      "key": {
        "#": {
          "item": "minecraft:iron_ingot"
        },
        "X": {
          "item": "minecraft:green_dye"
        }
      },
      "unlock": [
        {
          "item": "minecraft:green_dye"
        }
        ],
      "result": [
        {
          "item": "mbl_road:pedestrian_green"
        }
      ]
    }
  }