  {
    "format_version": "1.20.30",
    "minecraft:recipe_shaped": {
      "description": {
        "identifier": "mbl_road:post_box_recipe"
      },
      "tags": [
        "crafting_table"
      ],
      "pattern": [
        " L ",
        " # ",
        "   "
      ],
      "key": {
        "#": {
          "item": "minecraft:chest"
        },
        "L": {
          "item": "minecraft:oak_fence"
        }
      },
      "unlock": [
        {
          "item": "minecraft:oak_fence"
        }
      ],
      "result": [
        {
          "item": "mbl_road:post_box"
        }
      ]
    }
  }