  {
    "format_version": "1.20.30",
    "minecraft:recipe_shaped": {
      "description": {
        "identifier": "mbl_road:rail_crossing_sign_recipe"
      },
      "tags": [
        "crafting_table"
      ],
      "pattern": [
        "   ",
        "X# ",
        "   "
      ],
      "key": {
        "#": {
          "item": "minecraft:oak_sign"
        },
        "X": {
          "item": "minecraft:paper"
        }
      },
      "unlock": [
        {
          "item": "minecraft:oak_sign"
        }
        ],
      "result": [
        {
          "item": "mbl_road:rail_crossing_sign"
        }
      ]
    }
  }