  {
    "format_version": "1.20.30",
    "minecraft:recipe_shaped": {
      "description": {
        "identifier": "mbl_road:safety_barrier_recipe"
      },
      "tags": [
        "crafting_table"
      ],
      "pattern": [
        " X ",
        " # ",
        " # "
      ],
      "key": {
        "#": {
          "item": "minecraft:oak_fence"
        },
        "X": {
          "item": "minecraft:orange_dye"
        }
      },
      "unlock": [
        {
          "item": "minecraft:oak_fence"
        }
        ],
      "result": [
        {
          "item": "mbl_road:safety_barrier",
          "count": 2
        }
      ]
    }
  }