  {
    "format_version": "1.20.30",
    "minecraft:recipe_shaped": {
      "description": {
        "identifier": "mbl_road:speed_sign_60_recipe"
      },
      "tags": [
        "crafting_table"
      ],
      "pattern": [
        "   ",
        " # ",
        " UU"
      ],
      "key": {
        "#": {
          "item": "minecraft:spruce_sign"
        },
        "U": {
          "item": "minecraft:paper"
        }
      },
      "unlock": [
        {
          "item": "minecraft:spruce_sign"
        }
        ],
      "result": [
        {
          "item": "mbl_road:speed_sign_60"
        }
      ]
    }
  }