  {
    "format_version": "1.20.30",
    "minecraft:recipe_shaped": {
      "description": {
        "identifier": "mbl_road:speed_sign_50_recipe"
      },
      "tags": [
        "crafting_table"
      ],
      "pattern": [
        "   ",
        " O ",
        "T  "
      ],
      "key": {
        "O": {
          "item": "minecraft:spruce_sign"
        },
        "T": {
          "item": "minecraft:paper"
        }
      },
      "unlock": [
        {
          "item": "minecraft:spruce_sign"
        }
        ],
      "result": [
        {
          "item": "mbl_road:speed_sign_50"
        }
      ]
    }
  }