  {
    "format_version": "1.20.30",
    "minecraft:recipe_shaped": {
      "description": {
        "identifier": "mbl_road:traffic_light_recipe"
      },
      "tags": [
        "crafting_table"
      ],
      "pattern": [
        " X ",
        " # ",
        " 0 "
      ],
      "key": {
        "#": {
          "item": "minecraft:redstone"
        },
        "X": {
          "item": "minecraft:gold_ingot"
        },
        "0": {
            "item": "minecraft:emerald"
        }
      },
      "unlock": [
        {
          "item": "minecraft:redstone"
        }
        ],
      "result": [
        {
          "item": "mbl_road:traffic_light"
        }
      ]
    }
  }