  {
    "format_version": "1.20.30",
    "minecraft:recipe_shaped": {
      "description": {
        "identifier": "mbl_road:turn_left_sign_recipe"
      },
      "tags": [
        "crafting_table"
      ],
      "pattern": [
        "P  ",
        " # ",
        "   "
      ],
      "key": {
        "#": {
          "item": "minecraft:birch_sign"
        },
        "P": {
          "item": "minecraft:paper"
        }
      },
      "unlock": [
        {
          "item": "minecraft:birch_sign"
        }
        ],
      "result": [
        {
          "item": "mbl_road:turn_left_sign"
        }
      ]
    }
  }