  {
    "format_version": "1.20.30",
    "minecraft:recipe_shaped": {
      "description": {
        "identifier": "mbl_road:turn_right_sign_recipe"
      },
      "tags": [
        "crafting_table"
      ],
      "pattern": [
        "  J",
        " ZJ",
        "   "
      ],
      "key": {
        "Z": {
          "item": "minecraft:birch_sign"
        },
        "J": {
          "item": "minecraft:paper"
        }
      },
      "unlock": [
        {
          "item": "minecraft:birch_sign"
        }
        ],
      "result": [
        {
          "item": "mbl_road:turn_right_sign"
        }
      ]
    }
  }