{
  "format_version": "1.21.0",
  "minecraft:entity": {
    "description": {
      "identifier": "minecraft:player",
      "spawn_category": "creature",
      "is_spawnable": false,
      "is_summonable": false
    },
    "component_groups": {
      "Sea1": { "minecraft:scale": { "value": 1.0 }},
      "Sea2": { "minecraft:scale": { "value": 1.1 }},
      "Sea3": { "minecraft:scale": { "value": 1.2 }},
      "Sea4": { "minecraft:scale": { "value": 1.3 }},
      "Sea5": { "minecraft:scale": { "value": 1.4 }},
      "Sea6": { "minecraft:scale": { "value": 1.5 }},
      
      "Seax1": { "minecraft:scale": { "value": 0.4 }},
      "Seax2": { "minecraft:scale": { "value": 0.5 }},
      "Seax3": { "minecraft:scale": { "value": 0.6 }},
      "Seax4": { "minecraft:scale": { "value": 0.7 }},
      "Seax5": { "minecraft:scale": { "value": 0.8 }},
      
      "Seaxx1": { "minecraft:scale": { "value": 1.75 }},
      "Seaxx2": { "minecraft:scale": { "value": 2.0 }},
      "Seaxx3": { "minecraft:scale": { "value": 3.0 }},
      "Seaxx4": { "minecraft:scale": { "value": 4.0 }},
      "Seaxx5": { "minecraft:scale": { "value": 5.0 }},
      "Seaxx6": { "minecraft:scale": { "value": 10 }},
      "Seaxx7": { "minecraft:scale": { "value": 20 }},
      "Seaxx8": { "minecraft:scale": { "value": 30 }},
      
      "Seaxxx1": { "minecraft:scale": { "value": 0.25 }},
      "Seaxxx2": { "minecraft:scale": { "value": 0.100 }},
      "Seaxxx3": { "minecraft:scale": { "value": 0.050 }},
      "Seaxxx4": { "minecraft:scale": { "value": 0.025 }},
      "Seaxxx5": { "minecraft:scale": { "value": 0.010 }}
    },
    "components": {
      "minecraft:experience_reward": { "on_death": "Math.Min(query.player_level * 7, 100)" },
      "minecraft:type_family": { "family": ["player"] },
      "minecraft:collision_box": { "width": 0.6, "height": 1.8 },
      "minecraft:movement": { "value": 0.1 },
      "minecraft:hurt_on_condition": {
        "damage_conditions": [
          {
            "filters": { "test": "in_lava", "subject": "self", "operator": "==", "value": true },
            "cause": "lava",
            "damage_per_tick": 4
          }
        ]
      },
      "minecraft:attack": { "damage": 1 },
      "minecraft:breathable": {
        "total_supply": 15,
        "suffocate_time": -1,
        "inhale_time": 3.75,
        "generates_bubbles": false
      },
      "minecraft:physics": { "push_towards_closest_space": true },
      "minecraft:pushable": { "is_pushable": false, "is_pushable_by_piston": true }
    },
    "events": {
      "Muww1": { "sequence": [{ "add": { "component_groups": ["Sea1"] },
      "remove": [ "Sea2","Sea3","Sea4","Sea5","Sea6","Seax1","Seax2","Seax3","Seax4","Seax5"] }] },
      "Muww2": { "sequence": [{ "add": { "component_groups": ["Sea2"] },
      "remove": [ "Sea1","Sea3","Sea4","Sea5","Sea6","Seax1","Seax2","Seax3","Seax4","Seax5"] }] },
      "Muww3": { "sequence": [{ "add": { "component_groups": ["Sea3"] },
      "remove": [ "Sea1","Sea2","Sea4","Sea5","Sea6","Seax1","Seax2","Seax3","Seax4","Seax5"] }] },
      "Muww4": { "sequence": [{ "add": { "component_groups": ["Sea4"] },
      "remove": [ "Sea1","Sea2","Sea3","Sea5","Sea6","Seax1","Seax2","Seax3","Seax4","Seax5"] }] },
      "Muww5": { "sequence": [{ "add": { "component_groups": ["Sea5"] },
      "remove": [ "Sea1","Sea2","Sea3","Sea4","Sea6","Seax1","Seax2","Seax3","Seax4","Seax5"] }] },
      "Muww6": { "sequence": [{ "add": { "component_groups": ["Sea6"] },
      "remove": [ "Sea1","Sea2","Sea3","Sea4","Sea5","Seax1","Seax2","Seax3","Seax4","Seax5"] }] },
      
      "Muwwx1": { "sequence": [{ "add": { "component_groups": ["Seax1"] },
      "remove": [ "Sea1","Sea2","Sea3","Sea4","Sea5","Sea6","Seax2","Seax3","Seax4","Seax5"] }] },
      "Muwwx2": { "sequence": [{ "add": { "component_groups": ["Seax2"] },
      "remove": [ "Sea1","Sea2","Sea3","Sea4","Sea5","Sea6","Seax1","Seax3","Seax4","Seax5"] }] },
      "Muwwx3": { "sequence": [{ "add": { "component_groups": ["Seax3"] },
      "remove": [ "Sea1","Sea2","Sea3","Sea4","Sea5","Sea6","Seax1","Seax2","Seax4","Seax5"] }] },
      "Muwwx4": { "sequence": [{ "add": { "component_groups": ["Seax4"] },
      "remove": [ "Sea1","Sea2","Sea3","Sea4","Sea5","Sea6","Seax1","Seax2","Seax3","Seax5"] }] },
      "Muwwx5": { "sequence": [{ "add": { "component_groups": ["Seax5"] },
      "remove": [ "Sea1","Sea2","Sea3","Sea4","Sea5","Sea6","Seax1","Seax2","Seax3","Seax4"] }] },
      
      "Muwwxx1": { "sequence": [{ "add": { "component_groups": ["Seaxx1"] } }] },
      "Muwwxx2": { "sequence": [{ "add": { "component_groups": ["Seaxx2"] } }] },
      "Muwwxx3": { "sequence": [{ "add": { "component_groups": ["Seaxx3"] } }] },
      "Muwwxx4": { "sequence": [{ "add": { "component_groups": ["Seaxx4"] } }] },
      "Muwwxx5": { "sequence": [{ "add": { "component_groups": ["Seaxx5"] } }] },
      "Muwwxx6": { "sequence": [{ "add": { "component_groups": ["Seaxx6"] } }] },
      "Muwwxx7": { "sequence": [{ "add": { "component_groups": ["Seaxx7"] } }] },
      "Muwwxx8": { "sequence": [{ "add": { "component_groups": ["Seaxx8"] } }] },
      
      "Muwwxxx1": { "sequence": [{ "add": { "component_groups": ["Seaxxx1"] } }] },
      "Muwwxxx2": { "sequence": [{ "add": { "component_groups": ["Seaxxx2"] } }] },
      "Muwwxxx3": { "sequence": [{ "add": { "component_groups": ["Seaxxx3"] } }] },
      "Muwwxxx4": { "sequence": [{ "add": { "component_groups": ["Seaxxx4"] } }] },
      "Muwwxxx5": { "sequence": [{ "add": { "component_groups": ["Seaxxx5"] } }] }
    }
  }
}
//ไอควาย