{
	"format_version": "1.21.0",
	"minecraft:geometry": [
		{
			"description": {
				"identifier": "geometry.thm_ecp_auction",
				"texture_width": 32,
				"texture_height": 32,
				"visible_bounds_width": 5,
				"visible_bounds_height": 3.5,
				"visible_bounds_offset": [0, 1.25, 0]
			},
			"bones": [
				{
					"name": "root",
					"pivot": [2, 0, 0]
				},
				{
					"name": "table",
					"parent": "root",
					"pivot": [13.03805, 0, -15.44454],
					"cubes": [
						{
							"origin": [-8.96195, 6, -1],
							"size": [18, 3, 2],
							"uv": {
								"north": {"uv": [0, 24], "uv_size": [18, 3]},
								"east": {"uv": [16, 21], "uv_size": [2, 3]},
								"south": {"uv": [0, 24], "uv_size": [18, 3]},
								"west": {"uv": [16, 21], "uv_size": [2, 3]},
								"up": {"uv": [18, 27], "uv_size": [-18, 2]},
								"down": {"uv": [18, 29], "uv_size": [-18, -2]}
							}
						},
						{
							"origin": [4.03805, 0, -2],
							"size": [4, 14, 4],
							"uv": {
								"north": {"uv": [16, 3], "uv_size": [4, 14]},
								"east": {"uv": [16, 3], "uv_size": [4, 14]},
								"south": {"uv": [16, 3], "uv_size": [4, 14]},
								"west": {"uv": [16, 3], "uv_size": [4, 14]},
								"up": {"uv": [21, 25], "uv_size": [4, 4]},
								"down": {"uv": [21, 25], "uv_size": [4, 4]}
							}
						},
						{
							"origin": [-8.96195, 13, -8],
							"size": [18, 3, 16],
							"uv": {
								"north": {"uv": [0, 18], "uv_size": [18, 3]},
								"east": {"uv": [0, 21], "uv_size": [16, 3]},
								"south": {"uv": [0, 18], "uv_size": [18, 3]},
								"west": {"uv": [0, 21], "uv_size": [16, 3]},
								"up": {"uv": [16, 18], "uv_size": [-16, -18], "uv_rotation": 270},
								"down": {"uv": [0, 18], "uv_size": [16, -18], "uv_rotation": 270}
							}
						},
						{
							"origin": [5.03805, 3.5, -17],
							"size": [2, 3, 13],
							"pivot": [6.03805, 16, -5],
							"rotation": [45, 0, 0],
							"uv": {
								"north": {"uv": [16, 21], "uv_size": [2, 3]},
								"east": {"uv": [16, 0], "uv_size": [13, 3]},
								"south": {"uv": [16, 21], "uv_size": [2, 3]},
								"west": {"uv": [16, 0], "uv_size": [13, 3]},
								"up": {"uv": [22, 16], "uv_size": [-2, -13]},
								"down": {"uv": [22, 16], "uv_size": [-2, -13]}
							}
						},
						{
							"origin": [5.03805, 3.5, 4],
							"size": [2, 3, 13],
							"pivot": [6.03805, 16, 5],
							"rotation": [-45, 0, 0],
							"uv": {
								"north": {"uv": [18, 21], "uv_size": [-2, 3]},
								"east": {"uv": [29, 0], "uv_size": [-13, 3]},
								"south": {"uv": [18, 21], "uv_size": [-2, 3]},
								"west": {"uv": [29, 0], "uv_size": [-13, 3]},
								"up": {"uv": [22, 3], "uv_size": [-2, 13]},
								"down": {"uv": [22, 3], "uv_size": [-2, 13]}
							}
						},
						{
							"origin": [-7.03805, 3.5, 4],
							"size": [2, 3, 13],
							"pivot": [-6.03805, 16, 5],
							"rotation": [-45, 0, 0],
							"uv": {
								"north": {"uv": [16, 21], "uv_size": [2, 3]},
								"east": {"uv": [16, 0], "uv_size": [13, 3]},
								"south": {"uv": [16, 21], "uv_size": [2, 3]},
								"west": {"uv": [16, 0], "uv_size": [13, 3]},
								"up": {"uv": [20, 3], "uv_size": [2, 13]},
								"down": {"uv": [20, 3], "uv_size": [2, 13]}
							}
						},
						{
							"origin": [-7.03805, 3.5, -17],
							"size": [2, 3, 13],
							"pivot": [-6.03805, 16, -5],
							"rotation": [45, 0, 0],
							"uv": {
								"north": {"uv": [18, 21], "uv_size": [-2, 3]},
								"east": {"uv": [29, 0], "uv_size": [-13, 3]},
								"south": {"uv": [18, 21], "uv_size": [-2, 3]},
								"west": {"uv": [29, 0], "uv_size": [-13, 3]},
								"up": {"uv": [20, 16], "uv_size": [2, -13]},
								"down": {"uv": [20, 16], "uv_size": [2, -13]}
							}
						},
						{
							"origin": [-8.03805, 0, -2],
							"size": [4, 14, 4],
							"uv": {
								"north": {"uv": [20, 3], "uv_size": [-4, 14]},
								"east": {"uv": [20, 3], "uv_size": [-4, 14]},
								"south": {"uv": [20, 3], "uv_size": [-4, 14]},
								"west": {"uv": [20, 3], "uv_size": [-4, 14]},
								"up": {"uv": [25, 25], "uv_size": [-4, 4]},
								"down": {"uv": [25, 25], "uv_size": [-4, 4]}
							}
						}
					]
				},
				{
					"name": "gavel",
					"parent": "table",
					"pivot": [8.03805, 25, 1.25],
					"rotation": [0, 0, -67.5],
					"cubes": [
						{
							"origin": [4.27268, 34.84776, -2.75],
							"size": [8, 6, 6],
							"uv": {
								"north": {"uv": [22, 3], "uv_size": [8, 6]},
								"east": {"uv": [22, 3], "uv_size": [1, 6]},
								"south": {"uv": [30, 3], "uv_size": [-8, 6]},
								"west": {"uv": [29, 3], "uv_size": [1, 6]},
								"up": {"uv": [22, 3], "uv_size": [8, 1]},
								"down": {"uv": [22, 9], "uv_size": [7.75, -1]}
							}
						},
						{
							"origin": [6.77268, 22.84776, -1.75],
							"size": [3, 14, 3],
							"uv": {
								"north": {"uv": [30, 0], "uv_size": [2, 14]},
								"east": {"uv": [30, 0], "uv_size": [2, 14]},
								"south": {"uv": [30, 0], "uv_size": [2, 14]},
								"west": {"uv": [30, 0], "uv_size": [2, 14]},
								"down": {"uv": [32, 14], "uv_size": [-2, -1]}
							}
						},
						{
							"origin": [1.27268, 34.84776, -2.75],
							"size": [2, 6, 6],
							"uv": {
								"north": {"uv": [22, 3], "uv_size": [1, 6]},
								"east": {"uv": [22, 3], "uv_size": [1, 6]},
								"south": {"uv": [22, 3], "uv_size": [1, 6]},
								"west": {"uv": [22, 3], "uv_size": [1, 6]},
								"up": {"uv": [23, 4], "uv_size": [-1, -1]},
								"down": {"uv": [23, 9], "uv_size": [-1, -1]}
							}
						},
						{
							"origin": [13.22732, 34.84776, -2.75],
							"size": [2, 6, 6],
							"uv": {
								"north": {"uv": [23, 3], "uv_size": [-1, 6]},
								"east": {"uv": [23, 3], "uv_size": [-1, 6]},
								"south": {"uv": [23, 3], "uv_size": [-1, 6]},
								"west": {"uv": [23, 3], "uv_size": [-1, 6]},
								"up": {"uv": [22, 4], "uv_size": [1, -1]},
								"down": {"uv": [22, 9], "uv_size": [1, -1]}
							}
						},
						{
							"origin": [3.27268, 35.84776, -1.75],
							"size": [1, 4, 4],
							"uv": {
								"north": {"uv": [22, 8], "uv_size": [1, 1]},
								"south": {"uv": [22, 8], "uv_size": [1, 1]},
								"up": {"uv": [23, 9], "uv_size": [-1, -1]},
								"down": {"uv": [23, 9], "uv_size": [-1, -1]}
							}
						},
						{
							"origin": [12.22732, 35.84776, -1.75],
							"size": [1, 4, 4],
							"uv": {
								"north": {"uv": [23, 8], "uv_size": [-1, 1]},
								"south": {"uv": [23, 8], "uv_size": [-1, 1]},
								"up": {"uv": [22, 9], "uv_size": [1, -1]},
								"down": {"uv": [22, 9], "uv_size": [1, -1]}
							}
						}
					]
				},
				{
					"name": "block",
					"parent": "table",
					"pivot": [0.03805, 17.75, 0],
					"cubes": [
						{
							"origin": [-4.96195, 16, -5],
							"size": [10, 2, 10],
							"uv": {
								"north": {"uv": [0, 30], "uv_size": [10, 2]},
								"east": {"uv": [0, 30], "uv_size": [10, 2]},
								"south": {"uv": [0, 30], "uv_size": [10, 2]},
								"west": {"uv": [0, 30], "uv_size": [10, 2]},
								"up": {"uv": [28, 32], "uv_size": [-10, -10], "uv_rotation": 270}
							}
						},
						{
							"origin": [-3.96195, 18, -4],
							"size": [8, 1, 8],
							"uv": {
								"north": {"uv": [6, 27], "uv_size": [7, 1]},
								"east": {"uv": [6, 27], "uv_size": [7, 1]},
								"south": {"uv": [6, 27], "uv_size": [7, 1]},
								"west": {"uv": [6, 27], "uv_size": [7, 1]},
								"up": {"uv": [27, 31], "uv_size": [-8, -8], "uv_rotation": 270}
							}
						}
					]
				}
			]
		}
	]
}