{
	"format_version": "1.12.0",
	"minecraft:geometry": [
		{
			"description": {
				"identifier": "geometry.thm_ecp_market",
				"texture_width": 128,
				"texture_height": 128,
				"visible_bounds_width": 4,
				"visible_bounds_height": 3.5,
				"visible_bounds_offset": [0, 1.25, 0]
			},
			"bones": [
				{
					"name": "root",
					"pivot": [0, 0, 0]
				},
				{
					"name": "frame",
					"parent": "root",
					"pivot": [0, 0, 0],
					"cubes": [
						{
							"origin": [-17, 28, 3.69611],
							"size": [34, 4, 4],
							"uv": {
								"north": {"uv": [32, 16], "uv_size": [34, 4]},
								"east": {"uv": [20, 64], "uv_size": [4, 4]},
								"south": {"uv": [32, 20], "uv_size": [34, 4]},
								"west": {"uv": [24, 64], "uv_size": [4, 4]},
								"up": {"uv": [32, 24], "uv_size": [34, 4]},
								"down": {"uv": [32, 32], "uv_size": [34, -4]}
							}
						},
						{
							"origin": [-17, 22.7, 0.29611],
							"size": [34, 6, 0],
							"uv": {
								"north": {"uv": [32, 0], "uv_size": [34, 6]}
							}
						},
						{
							"origin": [-17, 34.42929, -0.89886],
							"size": [34, 0, 5],
							"pivot": [-21, 34.5, 14.09611],
							"rotation": [22.5, 0, 0],
							"uv": {
								"up": {"uv": [32, 6], "uv_size": [34, 5]}
							}
						},
						{
							"origin": [-17, 28.4, 9.09611],
							"size": [34, 5, 0],
							"pivot": [-23, 27.7, 15.19611],
							"rotation": [22.5, 0, 0],
							"uv": {
								"south": {"uv": [32, 11], "uv_size": [34, 5]}
							}
						},
						{
							"origin": [16.9, 21.22929, -1.79886],
							"size": [0, 7, 7.5],
							"pivot": [12, 33.5, -1.90389],
							"rotation": [22.5, 0, 0],
							"uv": {
								"west": {"uv": [8, 44], "uv_size": [8, 7]}
							}
						},
						{
							"origin": [-16.9, 21.22929, -1.79886],
							"size": [0, 7, 7.5],
							"pivot": [-26, 33.5, -1.90389],
							"rotation": [22.5, 0, 0],
							"uv": {
								"east": {"uv": [16, 44], "uv_size": [8, 7]}
							}
						},
						{
							"origin": [-15, 0, 3.69723],
							"size": [4, 28, 4],
							"uv": {
								"north": {"uv": [32, 32], "uv_size": [4, 28]},
								"east": {"uv": [36, 32], "uv_size": [4, 28]},
								"south": {"uv": [0, 38], "uv_size": [4, 28]},
								"west": {"uv": [4, 38], "uv_size": [4, 28]},
								"up": {"uv": [28, 64], "uv_size": [4, 4]},
								"down": {"uv": [36, 68], "uv_size": [4, -4]}
							}
						},
						{
							"origin": [11, 0, 3.69723],
							"size": [4, 28, 4],
							"uv": {
								"north": {"uv": [32, 32], "uv_size": [4, 28]},
								"east": {"uv": [36, 32], "uv_size": [4, 28]},
								"south": {"uv": [0, 38], "uv_size": [4, 28]},
								"west": {"uv": [4, 38], "uv_size": [4, 28]},
								"up": {"uv": [28, 64], "uv_size": [4, 4]},
								"down": {"uv": [36, 68], "uv_size": [4, -4]}
							}
						},
						{
							"origin": [-15, 0, -6.30277],
							"size": [4, 14, 4],
							"uv": {
								"north": {"uv": [27, 38], "uv_size": [4, 14]},
								"east": {"uv": [8, 51], "uv_size": [4, 14]},
								"south": {"uv": [12, 51], "uv_size": [4, 14]},
								"west": {"uv": [16, 51], "uv_size": [4, 14]},
								"up": {"uv": [40, 64], "uv_size": [4, 4]},
								"down": {"uv": [44, 68], "uv_size": [4, -4]}
							}
						},
						{
							"origin": [11, 0, -6.30277],
							"size": [4, 14, 4],
							"uv": {
								"north": {"uv": [27, 38], "uv_size": [4, 14]},
								"east": {"uv": [8, 51], "uv_size": [4, 14]},
								"south": {"uv": [12, 51], "uv_size": [4, 14]},
								"west": {"uv": [16, 51], "uv_size": [4, 14]},
								"up": {"uv": [40, 64], "uv_size": [4, 4]},
								"down": {"uv": [44, 68], "uv_size": [4, -4]}
							}
						},
						{
							"origin": [-16, 15, -11.575],
							"size": [32, 3, 19],
							"pivot": [1, 17, 1.69723],
							"rotation": [22.5, 0, 0],
							"uv": {
								"north": {"uv": [40, 38], "uv_size": [32, 3]},
								"east": {"uv": [8, 38], "uv_size": [19, 3]},
								"south": {"uv": [40, 41], "uv_size": [32, 3]},
								"west": {"uv": [8, 41], "uv_size": [19, 3]},
								"up": {"uv": [0, 0], "uv_size": [32, 19]},
								"down": {"uv": [0, 38], "uv_size": [32, -19]}
							}
						},
						{
							"origin": [-16, 10, -9.30277],
							"size": [32, 3, 19],
							"inflate": -0.01,
							"uv": {
								"north": {"uv": [40, 38], "uv_size": [32, 3]},
								"east": {"uv": [8, 38], "uv_size": [19, 3]},
								"south": {"uv": [40, 41], "uv_size": [32, 3]},
								"west": {"uv": [8, 41], "uv_size": [19, 3]},
								"up": {"uv": [0, 19], "uv_size": [32, 19]},
								"down": {"uv": [0, 38], "uv_size": [32, -19]}
							}
						},
						{
							"origin": [-18, 16.5, -6.30277],
							"size": [36, 3, 2],
							"pivot": [-13, 7.5, 3.69723],
							"rotation": [22.5, 0, 0],
							"uv": {
								"north": {"uv": [40, 32], "uv_size": [36, 3]},
								"east": {"uv": [24, 44], "uv_size": [2, 3]},
								"south": {"uv": [40, 35], "uv_size": [36, 3]},
								"west": {"uv": [24, 47], "uv_size": [2, 3]},
								"up": {"uv": [40, 50], "uv_size": [36, 2]},
								"down": {"uv": [40, 54], "uv_size": [36, -2]}
							}
						},
						{
							"origin": [-16, 3, -5.30277],
							"size": [32, 3, 2],
							"uv": {
								"north": {"uv": [40, 44], "uv_size": [32, 3]},
								"east": {"uv": [16, 65], "uv_size": [2, 3]},
								"south": {"uv": [40, 47], "uv_size": [32, 3]},
								"west": {"uv": [18, 65], "uv_size": [2, 3]},
								"up": {"uv": [40, 54], "uv_size": [32, 2]},
								"down": {"uv": [40, 58], "uv_size": [32, -2]}
							}
						},
						{
							"origin": [-16, 3, 4.69723],
							"size": [32, 3, 2],
							"uv": {
								"north": {"uv": [40, 44], "uv_size": [32, 3]},
								"east": {"uv": [16, 65], "uv_size": [2, 3]},
								"south": {"uv": [40, 47], "uv_size": [32, 3]},
								"west": {"uv": [18, 65], "uv_size": [2, 3]},
								"up": {"uv": [40, 54], "uv_size": [32, 2]},
								"down": {"uv": [40, 58], "uv_size": [32, -2]}
							}
						},
						{
							"origin": [-14, 3, -8.30277],
							"size": [2, 3, 17],
							"uv": {
								"north": {"uv": [59, 65], "uv_size": [2, 3]},
								"east": {"uv": [40, 58], "uv_size": [17, 3]},
								"south": {"uv": [61, 65], "uv_size": [2, 3]},
								"west": {"uv": [57, 58], "uv_size": [17, 3]},
								"up": {"uv": [32, 60], "uv_size": [2, 17]},
								"down": {"uv": [34, 77], "uv_size": [2, -17]}
							}
						},
						{
							"origin": [12, 3, -8.30277],
							"size": [2, 3, 17],
							"uv": {
								"north": {"uv": [59, 65], "uv_size": [2, 3]},
								"east": {"uv": [40, 58], "uv_size": [17, 3]},
								"south": {"uv": [61, 65], "uv_size": [2, 3]},
								"west": {"uv": [57, 58], "uv_size": [17, 3]},
								"up": {"uv": [32, 60], "uv_size": [2, 17]},
								"down": {"uv": [34, 77], "uv_size": [2, -17]}
							}
						}
					]
				},
				{
					"name": "basket0",
					"parent": "root",
					"pivot": [0, 0, 0],
					"cubes": [
						{
							"origin": [-4, 13.3, 2.89723],
							"size": [8, 3, 0.5],
							"pivot": [3, 16, -10.30277],
							"rotation": [22.5, 0, 0],
							"uv": {
								"north": {"uv": [36, 61], "uv_size": [8, 3]},
								"east": {"uv": [26, 44], "uv_size": [1, 3]},
								"south": {"uv": [44, 61], "uv_size": [8, 3]},
								"west": {"uv": [26, 47], "uv_size": [1, 3]},
								"up": {"uv": [51, 64], "uv_size": [8, 1]},
								"down": {"uv": [59, 65], "uv_size": [8, -1]}
							}
						},
						{
							"origin": [-4.5, 13.3, -8.60277],
							"size": [0.5, 3, 12],
							"pivot": [19, 16, -10.30277],
							"rotation": [22.5, 0, 0],
							"uv": {
								"north": {"uv": [63, 65], "uv_size": [1, 3]},
								"east": {"uv": [20, 52], "uv_size": [12, 3]},
								"south": {"uv": [64, 65], "uv_size": [1, 3]},
								"west": {"uv": [20, 55], "uv_size": [12, 3]},
								"up": {"uv": [31, 38], "uv_size": [1, 12]},
								"down": {"uv": [48, 76], "uv_size": [1, -12]}
							}
						},
						{
							"origin": [4, 13.3, -8.60277],
							"size": [0.5, 3, 12],
							"pivot": [3, 16, -10.30277],
							"rotation": [22.5, 0, 0],
							"uv": {
								"north": {"uv": [65, 65], "uv_size": [1, 3]},
								"east": {"uv": [20, 58], "uv_size": [12, 3]},
								"south": {"uv": [0, 66], "uv_size": [1, 3]},
								"west": {"uv": [20, 61], "uv_size": [12, 3]},
								"up": {"uv": [49, 64], "uv_size": [1, 12]},
								"down": {"uv": [50, 76], "uv_size": [1, -12]}
							}
						},
						{
							"origin": [-4, 13.3, -8.60277],
							"size": [8, 3, 0.5],
							"pivot": [19, 16, -10.30277],
							"rotation": [22.5, 0, 0],
							"uv": {
								"north": {"uv": [52, 61], "uv_size": [8, 3]},
								"east": {"uv": [66, 0], "uv_size": [1, 3]},
								"south": {"uv": [60, 61], "uv_size": [8, 3]},
								"west": {"uv": [1, 66], "uv_size": [1, 3]},
								"up": {"uv": [8, 65], "uv_size": [8, 1]},
								"down": {"uv": [51, 66], "uv_size": [8, -1]}
							}
						}
					]
				},
				{
					"name": "items0",
					"parent": "basket0",
					"pivot": [10, 17, 0]
				},
				{
					"name": "basket1",
					"parent": "root",
					"pivot": [-10, 0, 0],
					"cubes": [
						{
							"origin": [-14, 13.3, 2.89723],
							"size": [8, 3, 0.5],
							"pivot": [-7, 16, -10.30277],
							"rotation": [22.5, 0, 0],
							"uv": {
								"north": {"uv": [36, 61], "uv_size": [8, 3]},
								"east": {"uv": [26, 44], "uv_size": [1, 3]},
								"south": {"uv": [44, 61], "uv_size": [8, 3]},
								"west": {"uv": [26, 47], "uv_size": [1, 3]},
								"up": {"uv": [51, 64], "uv_size": [8, 1]},
								"down": {"uv": [59, 65], "uv_size": [8, -1]}
							}
						},
						{
							"origin": [-14.5, 13.3, -8.60277],
							"size": [0.5, 3, 12],
							"pivot": [9, 16, -10.30277],
							"rotation": [22.5, 0, 0],
							"uv": {
								"north": {"uv": [63, 65], "uv_size": [1, 3]},
								"east": {"uv": [20, 52], "uv_size": [12, 3]},
								"south": {"uv": [64, 65], "uv_size": [1, 3]},
								"west": {"uv": [20, 55], "uv_size": [12, 3]},
								"up": {"uv": [31, 38], "uv_size": [1, 12]},
								"down": {"uv": [48, 76], "uv_size": [1, -12]}
							}
						},
						{
							"origin": [-6, 13.3, -8.60277],
							"size": [0.5, 3, 12],
							"pivot": [-7, 16, -10.30277],
							"rotation": [22.5, 0, 0],
							"uv": {
								"north": {"uv": [65, 65], "uv_size": [1, 3]},
								"east": {"uv": [20, 58], "uv_size": [12, 3]},
								"south": {"uv": [0, 66], "uv_size": [1, 3]},
								"west": {"uv": [20, 61], "uv_size": [12, 3]},
								"up": {"uv": [49, 64], "uv_size": [1, 12]},
								"down": {"uv": [50, 76], "uv_size": [1, -12]}
							}
						},
						{
							"origin": [-14, 13.3, -8.60277],
							"size": [8, 3, 0.5],
							"pivot": [9, 16, -10.30277],
							"rotation": [22.5, 0, 0],
							"uv": {
								"north": {"uv": [52, 61], "uv_size": [8, 3]},
								"east": {"uv": [66, 0], "uv_size": [1, 3]},
								"south": {"uv": [60, 61], "uv_size": [8, 3]},
								"west": {"uv": [1, 66], "uv_size": [1, 3]},
								"up": {"uv": [8, 65], "uv_size": [8, 1]},
								"down": {"uv": [51, 66], "uv_size": [8, -1]}
							}
						}
					]
				},
				{
					"name": "items1",
					"parent": "basket1",
					"pivot": [0, 17, 0]
				},
				{
					"name": "basket2",
					"parent": "root",
					"pivot": [10, 0, 0],
					"cubes": [
						{
							"origin": [6, 13.3, 2.89723],
							"size": [8, 3, 0.5],
							"pivot": [13, 16, -10.30277],
							"rotation": [22.5, 0, 0],
							"uv": {
								"north": {"uv": [36, 61], "uv_size": [8, 3]},
								"east": {"uv": [26, 44], "uv_size": [1, 3]},
								"south": {"uv": [44, 61], "uv_size": [8, 3]},
								"west": {"uv": [26, 47], "uv_size": [1, 3]},
								"up": {"uv": [51, 64], "uv_size": [8, 1]},
								"down": {"uv": [59, 65], "uv_size": [8, -1]}
							}
						},
						{
							"origin": [5.5, 13.3, -8.60277],
							"size": [0.5, 3, 12],
							"pivot": [29, 16, -10.30277],
							"rotation": [22.5, 0, 0],
							"uv": {
								"north": {"uv": [63, 65], "uv_size": [1, 3]},
								"east": {"uv": [20, 52], "uv_size": [12, 3]},
								"south": {"uv": [64, 65], "uv_size": [1, 3]},
								"west": {"uv": [20, 55], "uv_size": [12, 3]},
								"up": {"uv": [31, 38], "uv_size": [1, 12]},
								"down": {"uv": [48, 76], "uv_size": [1, -12]}
							}
						},
						{
							"origin": [14, 13.3, -8.60277],
							"size": [0.5, 3, 12],
							"pivot": [13, 16, -10.30277],
							"rotation": [22.5, 0, 0],
							"uv": {
								"north": {"uv": [65, 65], "uv_size": [1, 3]},
								"east": {"uv": [20, 58], "uv_size": [12, 3]},
								"south": {"uv": [0, 66], "uv_size": [1, 3]},
								"west": {"uv": [20, 61], "uv_size": [12, 3]},
								"up": {"uv": [49, 64], "uv_size": [1, 12]},
								"down": {"uv": [50, 76], "uv_size": [1, -12]}
							}
						},
						{
							"origin": [6, 13.3, -8.60277],
							"size": [8, 3, 0.5],
							"pivot": [29, 16, -10.30277],
							"rotation": [22.5, 0, 0],
							"uv": {
								"north": {"uv": [52, 61], "uv_size": [8, 3]},
								"east": {"uv": [66, 0], "uv_size": [1, 3]},
								"south": {"uv": [60, 61], "uv_size": [8, 3]},
								"west": {"uv": [1, 66], "uv_size": [1, 3]},
								"up": {"uv": [8, 65], "uv_size": [8, 1]},
								"down": {"uv": [51, 66], "uv_size": [8, -1]}
							}
						}
					]
				},
				{
					"name": "items2",
					"parent": "basket2",
					"pivot": [20, 17, 0]
				}
			]
		}
	]
}