{
	"format_version": "1.12.0",
	"minecraft:geometry": [
		{
			"description": {
				"identifier": "geometry.thm_ecp_market_item0",
				"texture_width": 8,
				"texture_height": 11,
				"visible_bounds_width": 2,
				"visible_bounds_height": 2.5,
				"visible_bounds_offset": [0, 0.75, 0]
			},
			"bones": [
				{
					"name": "root",
					"pivot": [0, 0, 0]
				},
				{
					"name": "basket0",
					"parent": "root",
					"pivot": [0, 0, 0]
				},
				{
					"name": "items0",
					"parent": "basket0",
					"pivot": [10, 16.70005, 0.12102],
					"cubes": [
						{
							"origin": [-4, 15.00005, 2.01825],
							"size": [1, 0.4, 1],
							"pivot": [2.5, 15.70005, -10.18175],
							"rotation": [22.5, 0, 0],
							"uv": {
								"north": {"uv": [0, 0], "uv_size": [1, 1]},
								"east": {"uv": [0, 0], "uv_size": [1, 1]},
								"south": {"uv": [0, 0], "uv_size": [1, 1]},
								"west": {"uv": [0, 0], "uv_size": [1, 1]},
								"up": {"uv": [1, 1], "uv_size": [-1, -1]},
								"down": {"uv": [1, 1], "uv_size": [-1, -1]}
							}
						},
						{
							"origin": [-4, 15.00005, 1.01825],
							"size": [1, 0.3, 1],
							"pivot": [2.5, 15.70005, -10.18175],
							"rotation": [22.5, 0, 0],
							"uv": {
								"north": {"uv": [0, 1], "uv_size": [1, 1]},
								"east": {"uv": [0, 1], "uv_size": [1, 1]},
								"south": {"uv": [0, 1], "uv_size": [1, 1]},
								"west": {"uv": [0, 1], "uv_size": [1, 1]},
								"up": {"uv": [1, 2], "uv_size": [-1, -1]},
								"down": {"uv": [1, 2], "uv_size": [-1, -1]}
							}
						},
						{
							"origin": [-4, 15.00005, -1.98175],
							"size": [1, 0.3, 1],
							"pivot": [2.5, 15.70005, -10.18175],
							"rotation": [22.5, 0, 0],
							"uv": {
								"north": {"uv": [0, 4], "uv_size": [1, 1]},
								"east": {"uv": [0, 4], "uv_size": [1, 1]},
								"south": {"uv": [0, 4], "uv_size": [1, 1]},
								"west": {"uv": [0, 4], "uv_size": [1, 1]},
								"up": {"uv": [1, 5], "uv_size": [-1, -1]},
								"down": {"uv": [1, 5], "uv_size": [-1, -1]}
							}
						},
						{
							"origin": [-3, 15.00005, -1.98175],
							"size": [1, 0.4, 1],
							"pivot": [2.5, 15.70005, -10.18175],
							"rotation": [22.5, 0, 0],
							"uv": {
								"north": {"uv": [1, 4], "uv_size": [1, 1]},
								"east": {"uv": [1, 4], "uv_size": [1, 1]},
								"south": {"uv": [1, 4], "uv_size": [1, 1]},
								"west": {"uv": [1, 4], "uv_size": [1, 1]},
								"up": {"uv": [2, 5], "uv_size": [-1, -1]},
								"down": {"uv": [2, 5], "uv_size": [-1, -1]}
							}
						},
						{
							"origin": [-2, 15.00005, -2.98175],
							"size": [1, 0.3, 1],
							"pivot": [2.5, 15.70005, -10.18175],
							"rotation": [22.5, 0, 0],
							"uv": {
								"north": {"uv": [2, 5], "uv_size": [1, 1]},
								"east": {"uv": [2, 5], "uv_size": [1, 1]},
								"south": {"uv": [2, 5], "uv_size": [1, 1]},
								"west": {"uv": [2, 5], "uv_size": [1, 1]},
								"up": {"uv": [3, 6], "uv_size": [-1, -1]},
								"down": {"uv": [3, 6], "uv_size": [-1, -1]}
							}
						},
						{
							"origin": [-2, 15.00005, -1.98175],
							"size": [1, 0.3, 1],
							"pivot": [2.5, 15.70005, -10.18175],
							"rotation": [22.5, 0, 0],
							"uv": {
								"north": {"uv": [2, 4], "uv_size": [1, 1]},
								"east": {"uv": [2, 4], "uv_size": [1, 1]},
								"south": {"uv": [2, 4], "uv_size": [1, 1]},
								"west": {"uv": [2, 4], "uv_size": [1, 1]},
								"up": {"uv": [3, 5], "uv_size": [-1, -1]},
								"down": {"uv": [3, 5], "uv_size": [-1, -1]}
							}
						},
						{
							"origin": [-1, 15.00005, -1.98175],
							"size": [1, 0.4, 1],
							"pivot": [2.5, 15.70005, -10.18175],
							"rotation": [22.5, 0, 0],
							"uv": {
								"north": {"uv": [3, 4], "uv_size": [1, 1]},
								"east": {"uv": [3, 4], "uv_size": [1, 1]},
								"south": {"uv": [3, 4], "uv_size": [1, 1]},
								"west": {"uv": [3, 4], "uv_size": [1, 1]},
								"up": {"uv": [4, 5], "uv_size": [-1, -1]},
								"down": {"uv": [4, 5], "uv_size": [-1, -1]}
							}
						},
						{
							"origin": [-1, 15.00005, -2.98175],
							"size": [1, 0.3, 1],
							"pivot": [2.5, 15.70005, -10.18175],
							"rotation": [22.5, 0, 0],
							"uv": {
								"north": {"uv": [3, 5], "uv_size": [1, 1]},
								"east": {"uv": [3, 5], "uv_size": [1, 1]},
								"south": {"uv": [3, 5], "uv_size": [1, 1]},
								"west": {"uv": [3, 5], "uv_size": [1, 1]},
								"up": {"uv": [4, 6], "uv_size": [-1, -1]},
								"down": {"uv": [4, 6], "uv_size": [-1, -1]}
							}
						},
						{
							"origin": [-1, 15.00005, -0.98175],
							"size": [1, 0.3, 1],
							"pivot": [2.5, 15.70005, -10.18175],
							"rotation": [22.5, 0, 0],
							"uv": {
								"north": {"uv": [3, 3], "uv_size": [1, 1]},
								"east": {"uv": [3, 3], "uv_size": [1, 1]},
								"south": {"uv": [3, 3], "uv_size": [1, 1]},
								"west": {"uv": [3, 3], "uv_size": [1, 1]},
								"up": {"uv": [4, 4], "uv_size": [-1, -1]},
								"down": {"uv": [4, 4], "uv_size": [-1, -1]}
							}
						},
						{
							"origin": [-3, 15.00005, -0.98175],
							"size": [1, 0.3, 1],
							"pivot": [2.5, 15.70005, -10.18175],
							"rotation": [22.5, 0, 0],
							"uv": {
								"north": {"uv": [1, 3], "uv_size": [1, 1]},
								"east": {"uv": [1, 3], "uv_size": [1, 1]},
								"south": {"uv": [1, 3], "uv_size": [1, 1]},
								"west": {"uv": [1, 3], "uv_size": [1, 1]},
								"up": {"uv": [2, 4], "uv_size": [-1, -1]},
								"down": {"uv": [2, 4], "uv_size": [-1, -1]}
							}
						},
						{
							"origin": [-4, 15.00005, -0.98175],
							"size": [1, 0.4, 1],
							"pivot": [2.5, 15.70005, -10.18175],
							"rotation": [22.5, 0, 0],
							"uv": {
								"north": {"uv": [0, 3], "uv_size": [1, 1]},
								"east": {"uv": [0, 3], "uv_size": [1, 1]},
								"south": {"uv": [0, 3], "uv_size": [1, 1]},
								"west": {"uv": [0, 3], "uv_size": [1, 1]},
								"up": {"uv": [1, 4], "uv_size": [-1, -1]},
								"down": {"uv": [1, 4], "uv_size": [-1, -1]}
							}
						},
						{
							"origin": [-2, 15.00005, -0.98175],
							"size": [1, 0.5, 1],
							"pivot": [2.5, 15.70005, -10.18175],
							"rotation": [22.5, 0, 0],
							"uv": {
								"north": {"uv": [2, 3], "uv_size": [1, 1]},
								"east": {"uv": [2, 3], "uv_size": [1, 1]},
								"south": {"uv": [2, 3], "uv_size": [1, 1]},
								"west": {"uv": [2, 3], "uv_size": [1, 1]},
								"up": {"uv": [3, 4], "uv_size": [-1, -1]},
								"down": {"uv": [3, 4], "uv_size": [-1, -1]}
							}
						},
						{
							"origin": [-4, 15.00005, 0.01825],
							"size": [1, 0.5, 1],
							"pivot": [2.5, 15.70005, -10.18175],
							"rotation": [22.5, 0, 0],
							"uv": {
								"north": {"uv": [0, 2], "uv_size": [1, 1]},
								"east": {"uv": [0, 2], "uv_size": [1, 1]},
								"south": {"uv": [0, 2], "uv_size": [1, 1]},
								"west": {"uv": [0, 2], "uv_size": [1, 1]},
								"up": {"uv": [1, 3], "uv_size": [-1, -1]},
								"down": {"uv": [1, 3], "uv_size": [-1, -1]}
							}
						},
						{
							"origin": [-4, 15.00005, -5.98175],
							"size": [1, 0.3, 1],
							"pivot": [2.5, 15.70005, -10.18175],
							"rotation": [22.5, 0, 0],
							"uv": {
								"north": {"uv": [0, 8], "uv_size": [1, 1]},
								"east": {"uv": [0, 8], "uv_size": [1, 1]},
								"south": {"uv": [0, 8], "uv_size": [1, 1]},
								"west": {"uv": [0, 8], "uv_size": [1, 1]},
								"up": {"uv": [1, 9], "uv_size": [-1, -1]},
								"down": {"uv": [1, 9], "uv_size": [-1, -1]}
							}
						},
						{
							"origin": [-4, 15.00005, -6.98175],
							"size": [1, 0.5, 1],
							"pivot": [2.5, 15.70005, -10.18175],
							"rotation": [22.5, 0, 0],
							"uv": {
								"north": {"uv": [0, 9], "uv_size": [1, 1]},
								"east": {"uv": [0, 9], "uv_size": [1, 1]},
								"south": {"uv": [0, 9], "uv_size": [1, 1]},
								"west": {"uv": [0, 9], "uv_size": [1, 1]},
								"up": {"uv": [1, 10], "uv_size": [-1, -1]},
								"down": {"uv": [1, 10], "uv_size": [-1, -1]}
							}
						},
						{
							"origin": [-4, 15.00005, -7.98175],
							"size": [1, 0.4, 1],
							"pivot": [2.5, 15.70005, -10.18175],
							"rotation": [22.5, 0, 0],
							"uv": {
								"north": {"uv": [0, 10], "uv_size": [1, 1]},
								"east": {"uv": [0, 10], "uv_size": [1, 1]},
								"south": {"uv": [0, 10], "uv_size": [1, 1]},
								"west": {"uv": [0, 10], "uv_size": [1, 1]},
								"up": {"uv": [1, 11], "uv_size": [-1, -1]},
								"down": {"uv": [1, 11], "uv_size": [-1, -1]}
							}
						},
						{
							"origin": [0, 15.00005, -5.98175],
							"size": [1, 0.3, 1],
							"pivot": [2.5, 15.70005, -10.18175],
							"rotation": [22.5, 0, 0],
							"uv": {
								"north": {"uv": [4, 8], "uv_size": [1, 1]},
								"east": {"uv": [4, 8], "uv_size": [1, 1]},
								"south": {"uv": [4, 8], "uv_size": [1, 1]},
								"west": {"uv": [4, 8], "uv_size": [1, 1]},
								"up": {"uv": [5, 9], "uv_size": [-1, -1]},
								"down": {"uv": [5, 9], "uv_size": [-1, -1]}
							}
						},
						{
							"origin": [0, 14.90005, -6.98175],
							"size": [1, 0.3, 1],
							"pivot": [2.5, 15.70005, -10.18175],
							"rotation": [22.5, 0, 0],
							"uv": {
								"north": {"uv": [4, 9], "uv_size": [1, 1]},
								"east": {"uv": [4, 9], "uv_size": [1, 1]},
								"south": {"uv": [4, 9], "uv_size": [1, 1]},
								"west": {"uv": [4, 9], "uv_size": [1, 1]},
								"up": {"uv": [5, 10], "uv_size": [-1, -1]},
								"down": {"uv": [5, 10], "uv_size": [-1, -1]}
							}
						},
						{
							"origin": [0, 15.00005, -7.98175],
							"size": [1, 0.4, 1],
							"pivot": [2.5, 15.70005, -10.18175],
							"rotation": [22.5, 0, 0],
							"uv": {
								"north": {"uv": [4, 10], "uv_size": [1, 1]},
								"east": {"uv": [4, 10], "uv_size": [1, 1]},
								"south": {"uv": [4, 10], "uv_size": [1, 1]},
								"west": {"uv": [4, 10], "uv_size": [1, 1]},
								"up": {"uv": [5, 11], "uv_size": [-1, -1]},
								"down": {"uv": [5, 11], "uv_size": [-1, -1]}
							}
						},
						{
							"origin": [3, 15.00005, -5.98175],
							"size": [1, 0.3, 1],
							"pivot": [2.5, 15.70005, -10.18175],
							"rotation": [22.5, 0, 0],
							"uv": {
								"north": {"uv": [7, 8], "uv_size": [1, 1]},
								"east": {"uv": [7, 8], "uv_size": [1, 1]},
								"south": {"uv": [7, 8], "uv_size": [1, 1]},
								"west": {"uv": [7, 8], "uv_size": [1, 1]},
								"up": {"uv": [8, 9], "uv_size": [-1, -1]},
								"down": {"uv": [8, 9], "uv_size": [-1, -1]}
							}
						},
						{
							"origin": [3, 15.00005, -6.98175],
							"size": [1, 0.4, 1],
							"pivot": [2.5, 15.70005, -10.18175],
							"rotation": [22.5, 0, 0],
							"uv": {
								"north": {"uv": [7, 9], "uv_size": [1, 1]},
								"east": {"uv": [7, 9], "uv_size": [1, 1]},
								"south": {"uv": [7, 9], "uv_size": [1, 1]},
								"west": {"uv": [7, 9], "uv_size": [1, 1]},
								"up": {"uv": [8, 10], "uv_size": [-1, -1]},
								"down": {"uv": [8, 10], "uv_size": [-1, -1]}
							}
						},
						{
							"origin": [3, 15.00005, -7.98175],
							"size": [1, 0.3, 1],
							"pivot": [2.5, 15.70005, -10.18175],
							"rotation": [22.5, 0, 0],
							"uv": {
								"north": {"uv": [7, 10], "uv_size": [1, 1]},
								"east": {"uv": [7, 10], "uv_size": [1, 1]},
								"south": {"uv": [7, 10], "uv_size": [1, 1]},
								"west": {"uv": [7, 10], "uv_size": [1, 1]},
								"up": {"uv": [8, 11], "uv_size": [-1, -1]},
								"down": {"uv": [8, 11], "uv_size": [-1, -1]}
							}
						},
						{
							"origin": [3, 15.00005, -2.98175],
							"size": [1, 0.4, 1],
							"pivot": [2.5, 15.70005, -10.18175],
							"rotation": [22.5, 0, 0],
							"uv": {
								"north": {"uv": [7, 5], "uv_size": [1, 1]},
								"east": {"uv": [7, 5], "uv_size": [1, 1]},
								"south": {"uv": [7, 5], "uv_size": [1, 1]},
								"west": {"uv": [7, 5], "uv_size": [1, 1]},
								"up": {"uv": [8, 6], "uv_size": [-1, -1]},
								"down": {"uv": [8, 6], "uv_size": [-1, -1]}
							}
						},
						{
							"origin": [3, 15.00005, -3.98175],
							"size": [1, 0.5, 1],
							"pivot": [2.5, 15.70005, -10.18175],
							"rotation": [22.5, 0, 0],
							"uv": {
								"north": {"uv": [7, 6], "uv_size": [1, 1]},
								"east": {"uv": [7, 6], "uv_size": [1, 1]},
								"south": {"uv": [7, 6], "uv_size": [1, 1]},
								"west": {"uv": [7, 6], "uv_size": [1, 1]},
								"up": {"uv": [8, 7], "uv_size": [-1, -1]},
								"down": {"uv": [8, 7], "uv_size": [-1, -1]}
							}
						},
						{
							"origin": [3, 15.00005, -1.98175],
							"size": [1, 0.3, 1],
							"pivot": [2.5, 15.70005, -10.18175],
							"rotation": [22.5, 0, 0],
							"uv": {
								"north": {"uv": [7, 4], "uv_size": [1, 1]},
								"east": {"uv": [7, 4], "uv_size": [1, 1]},
								"south": {"uv": [7, 4], "uv_size": [1, 1]},
								"west": {"uv": [7, 4], "uv_size": [1, 1]},
								"up": {"uv": [8, 5], "uv_size": [-1, -1]},
								"down": {"uv": [8, 5], "uv_size": [-1, -1]}
							}
						},
						{
							"origin": [3, 15.00005, -0.98175],
							"size": [1, 0.4, 1],
							"pivot": [2.5, 15.70005, -10.18175],
							"rotation": [22.5, 0, 0],
							"uv": {
								"north": {"uv": [7, 3], "uv_size": [1, 1]},
								"east": {"uv": [7, 3], "uv_size": [1, 1]},
								"south": {"uv": [7, 3], "uv_size": [1, 1]},
								"west": {"uv": [7, 3], "uv_size": [1, 1]},
								"up": {"uv": [8, 4], "uv_size": [-1, -1]},
								"down": {"uv": [8, 4], "uv_size": [-1, -1]}
							}
						},
						{
							"origin": [3, 15.00005, 1.01825],
							"size": [1, 0.4, 1],
							"pivot": [2.5, 15.70005, -10.18175],
							"rotation": [22.5, 0, 0],
							"uv": {
								"north": {"uv": [7, 1], "uv_size": [1, 1]},
								"east": {"uv": [7, 1], "uv_size": [1, 1]},
								"south": {"uv": [7, 1], "uv_size": [1, 1]},
								"west": {"uv": [7, 1], "uv_size": [1, 1]},
								"up": {"uv": [8, 2], "uv_size": [-1, -1]},
								"down": {"uv": [8, 2], "uv_size": [-1, -1]}
							}
						},
						{
							"origin": [3, 15.00005, 2.01825],
							"size": [1, 0.5, 1],
							"pivot": [2.5, 15.70005, -10.18175],
							"rotation": [22.5, 0, 0],
							"uv": {
								"north": {"uv": [7, 0], "uv_size": [1, 1]},
								"east": {"uv": [7, 0], "uv_size": [1, 1]},
								"south": {"uv": [7, 0], "uv_size": [1, 1]},
								"west": {"uv": [7, 0], "uv_size": [1, 1]},
								"up": {"uv": [8, 1], "uv_size": [-1, -1]},
								"down": {"uv": [8, 1], "uv_size": [-1, -1]}
							}
						},
						{
							"origin": [3, 15.00005, -4.98175],
							"size": [1, 0.4, 1],
							"pivot": [2.5, 15.70005, -10.18175],
							"rotation": [22.5, 0, 0],
							"uv": {
								"north": {"uv": [7, 7], "uv_size": [1, 1]},
								"east": {"uv": [7, 7], "uv_size": [1, 1]},
								"south": {"uv": [7, 7], "uv_size": [1, 1]},
								"west": {"uv": [7, 7], "uv_size": [1, 1]},
								"up": {"uv": [8, 8], "uv_size": [-1, -1]},
								"down": {"uv": [8, 8], "uv_size": [-1, -1]}
							}
						},
						{
							"origin": [-3, 15.00005, 2.01825],
							"size": [1, 0.3, 1],
							"pivot": [2.5, 15.70005, -10.18175],
							"rotation": [22.5, 0, 0],
							"uv": {
								"north": {"uv": [1, 0], "uv_size": [1, 1]},
								"east": {"uv": [1, 0], "uv_size": [1, 1]},
								"south": {"uv": [1, 0], "uv_size": [1, 1]},
								"west": {"uv": [1, 0], "uv_size": [1, 1]},
								"up": {"uv": [2, 1], "uv_size": [-1, -1]},
								"down": {"uv": [2, 1], "uv_size": [-1, -1]}
							}
						},
						{
							"origin": [-2, 15.00005, 2.01825],
							"size": [1, 0.4, 1],
							"pivot": [2.5, 15.70005, -10.18175],
							"rotation": [22.5, 0, 0],
							"uv": {
								"north": {"uv": [2, 0], "uv_size": [1, 1]},
								"east": {"uv": [2, 0], "uv_size": [1, 1]},
								"south": {"uv": [2, 0], "uv_size": [1, 1]},
								"west": {"uv": [2, 0], "uv_size": [1, 1]},
								"up": {"uv": [3, 1], "uv_size": [-1, -1]},
								"down": {"uv": [3, 1], "uv_size": [-1, -1]}
							}
						},
						{
							"origin": [-1, 15.00005, 2.01825],
							"size": [1, 0.5, 1],
							"pivot": [2.5, 15.70005, -10.18175],
							"rotation": [22.5, 0, 0],
							"uv": {
								"north": {"uv": [3, 0], "uv_size": [1, 1]},
								"east": {"uv": [3, 0], "uv_size": [1, 1]},
								"south": {"uv": [3, 0], "uv_size": [1, 1]},
								"west": {"uv": [3, 0], "uv_size": [1, 1]},
								"up": {"uv": [4, 1], "uv_size": [-1, -1]},
								"down": {"uv": [4, 1], "uv_size": [-1, -1]}
							}
						},
						{
							"origin": [0, 15.00005, 2.01825],
							"size": [1, 0.4, 1],
							"pivot": [2.5, 15.70005, -10.18175],
							"rotation": [22.5, 0, 0],
							"uv": {
								"north": {"uv": [4, 0], "uv_size": [1, 1]},
								"east": {"uv": [4, 0], "uv_size": [1, 1]},
								"south": {"uv": [4, 0], "uv_size": [1, 1]},
								"west": {"uv": [4, 0], "uv_size": [1, 1]},
								"up": {"uv": [5, 1], "uv_size": [-1, -1]},
								"down": {"uv": [5, 1], "uv_size": [-1, -1]}
							}
						},
						{
							"origin": [-4, 15.00005, -4.98175],
							"size": [1, 0.4, 1],
							"pivot": [2.5, 15.70005, -10.18175],
							"rotation": [22.5, 0, 0],
							"uv": {
								"north": {"uv": [0, 7], "uv_size": [1, 1]},
								"east": {"uv": [0, 7], "uv_size": [1, 1]},
								"south": {"uv": [0, 7], "uv_size": [1, 1]},
								"west": {"uv": [0, 7], "uv_size": [1, 1]},
								"up": {"uv": [1, 8], "uv_size": [-1, -1]},
								"down": {"uv": [1, 8], "uv_size": [-1, -1]}
							}
						},
						{
							"origin": [-3, 15.00005, -4.98175],
							"size": [1, 0.3, 1],
							"pivot": [2.5, 15.70005, -10.18175],
							"rotation": [22.5, 0, 0],
							"uv": {
								"north": {"uv": [1, 7], "uv_size": [1, 1]},
								"east": {"uv": [1, 7], "uv_size": [1, 1]},
								"south": {"uv": [1, 7], "uv_size": [1, 1]},
								"west": {"uv": [1, 7], "uv_size": [1, 1]},
								"up": {"uv": [2, 8], "uv_size": [-1, -1]},
								"down": {"uv": [2, 8], "uv_size": [-1, -1]}
							}
						},
						{
							"origin": [-2, 15.00005, -4.98175],
							"size": [1, 0.4, 1],
							"pivot": [2.5, 15.70005, -10.18175],
							"rotation": [22.5, 0, 0],
							"uv": {
								"north": {"uv": [2, 7], "uv_size": [1, 1]},
								"east": {"uv": [2, 7], "uv_size": [1, 1]},
								"south": {"uv": [2, 7], "uv_size": [1, 1]},
								"west": {"uv": [2, 7], "uv_size": [1, 1]},
								"up": {"uv": [3, 8], "uv_size": [-1, -1]},
								"down": {"uv": [3, 8], "uv_size": [-1, -1]}
							}
						},
						{
							"origin": [-1, 15.00005, -4.98175],
							"size": [1, 0.5, 1],
							"pivot": [2.5, 15.70005, -10.18175],
							"rotation": [22.5, 0, 0],
							"uv": {
								"north": {"uv": [3, 7], "uv_size": [1, 1]},
								"east": {"uv": [3, 7], "uv_size": [1, 1]},
								"south": {"uv": [3, 7], "uv_size": [1, 1]},
								"west": {"uv": [3, 7], "uv_size": [1, 1]},
								"up": {"uv": [4, 8], "uv_size": [-1, -1]},
								"down": {"uv": [4, 8], "uv_size": [-1, -1]}
							}
						},
						{
							"origin": [0, 14.90005, -4.98175],
							"size": [1, 0.3, 1],
							"pivot": [2.5, 15.70005, -10.18175],
							"rotation": [22.5, 0, 0],
							"uv": {
								"north": {"uv": [4, 7], "uv_size": [1, 1]},
								"east": {"uv": [4, 7], "uv_size": [1, 1]},
								"south": {"uv": [4, 7], "uv_size": [1, 1]},
								"west": {"uv": [4, 7], "uv_size": [1, 1]},
								"up": {"uv": [5, 8], "uv_size": [-1, -1]},
								"down": {"uv": [5, 8], "uv_size": [-1, -1]}
							}
						},
						{
							"origin": [2, 15.00005, -3.98175],
							"size": [1, 0.3, 1],
							"pivot": [2.5, 15.70005, -10.18175],
							"rotation": [22.5, 0, 0],
							"uv": {
								"north": {"uv": [6, 6], "uv_size": [1, 1]},
								"east": {"uv": [6, 6], "uv_size": [1, 1]},
								"south": {"uv": [6, 6], "uv_size": [1, 1]},
								"west": {"uv": [6, 6], "uv_size": [1, 1]},
								"up": {"uv": [7, 7], "uv_size": [-1, -1]},
								"down": {"uv": [7, 7], "uv_size": [-1, -1]}
							}
						},
						{
							"origin": [-2, 15.00005, -3.98175],
							"size": [1, 0.5, 1],
							"pivot": [2.5, 15.70005, -10.18175],
							"rotation": [22.5, 0, 0],
							"uv": {
								"north": {"uv": [2, 6], "uv_size": [1, 1]},
								"east": {"uv": [2, 6], "uv_size": [1, 1]},
								"south": {"uv": [2, 6], "uv_size": [1, 1]},
								"west": {"uv": [2, 6], "uv_size": [1, 1]},
								"up": {"uv": [3, 7], "uv_size": [-1, -1]},
								"down": {"uv": [3, 7], "uv_size": [-1, -1]}
							}
						},
						{
							"origin": [0, 15.00005, -3.98175],
							"size": [1, 0.3, 1],
							"pivot": [2.5, 15.70005, -10.18175],
							"rotation": [22.5, 0, 0],
							"uv": {
								"north": {"uv": [4, 6], "uv_size": [1, 1]},
								"east": {"uv": [4, 6], "uv_size": [1, 1]},
								"south": {"uv": [4, 6], "uv_size": [1, 1]},
								"west": {"uv": [4, 6], "uv_size": [1, 1]},
								"up": {"uv": [5, 7], "uv_size": [-1, -1]},
								"down": {"uv": [5, 7], "uv_size": [-1, -1]}
							}
						},
						{
							"origin": [1, 14.80005, -3.98175],
							"size": [1, 0.3, 1],
							"pivot": [2.5, 15.70005, -10.18175],
							"rotation": [22.5, 0, 0],
							"uv": {
								"north": {"uv": [5, 6], "uv_size": [1, 1]},
								"east": {"uv": [5, 6], "uv_size": [1, 1]},
								"south": {"uv": [5, 6], "uv_size": [1, 1]},
								"west": {"uv": [5, 6], "uv_size": [1, 1]},
								"up": {"uv": [6, 7], "uv_size": [-1, -1]},
								"down": {"uv": [6, 7], "uv_size": [-1, -1]}
							}
						},
						{
							"origin": [1, 15.00005, -4.98175],
							"size": [1, 0.4, 1],
							"pivot": [2.5, 15.70005, -10.18175],
							"rotation": [22.5, 0, 0],
							"uv": {
								"north": {"uv": [5, 7], "uv_size": [1, 1]},
								"east": {"uv": [5, 7], "uv_size": [1, 1]},
								"south": {"uv": [5, 7], "uv_size": [1, 1]},
								"west": {"uv": [5, 7], "uv_size": [1, 1]},
								"up": {"uv": [6, 8], "uv_size": [-1, -1]},
								"down": {"uv": [6, 8], "uv_size": [-1, -1]}
							}
						},
						{
							"origin": [2, 15.00005, -4.98175],
							"size": [1, 0.3, 1],
							"pivot": [2.5, 15.70005, -10.18175],
							"rotation": [22.5, 0, 0],
							"uv": {
								"north": {"uv": [6, 7], "uv_size": [1, 1]},
								"east": {"uv": [6, 7], "uv_size": [1, 1]},
								"south": {"uv": [6, 7], "uv_size": [1, 1]},
								"west": {"uv": [6, 7], "uv_size": [1, 1]},
								"up": {"uv": [7, 8], "uv_size": [-1, -1]},
								"down": {"uv": [7, 8], "uv_size": [-1, -1]}
							}
						},
						{
							"origin": [1, 15.00005, -7.98175],
							"size": [1, 0.3, 1],
							"pivot": [2.5, 15.70005, -10.18175],
							"rotation": [22.5, 0, 0],
							"uv": {
								"north": {"uv": [5, 10], "uv_size": [1, 1]},
								"east": {"uv": [5, 10], "uv_size": [1, 1]},
								"south": {"uv": [5, 10], "uv_size": [1, 1]},
								"west": {"uv": [5, 10], "uv_size": [1, 1]},
								"up": {"uv": [6, 11], "uv_size": [-1, -1]},
								"down": {"uv": [6, 11], "uv_size": [-1, -1]}
							}
						},
						{
							"origin": [2, 15.00005, -7.98175],
							"size": [1, 0.4, 1],
							"pivot": [2.5, 15.70005, -10.18175],
							"rotation": [22.5, 0, 0],
							"uv": {
								"north": {"uv": [6, 10], "uv_size": [1, 1]},
								"east": {"uv": [6, 10], "uv_size": [1, 1]},
								"south": {"uv": [6, 10], "uv_size": [1, 1]},
								"west": {"uv": [6, 10], "uv_size": [1, 1]},
								"up": {"uv": [7, 11], "uv_size": [-1, -1]},
								"down": {"uv": [7, 11], "uv_size": [-1, -1]}
							}
						},
						{
							"origin": [-1, 15.00005, -3.98175],
							"size": [1, 0.4, 1],
							"pivot": [2.5, 15.70005, -10.18175],
							"rotation": [22.5, 0, 0],
							"uv": {
								"north": {"uv": [3, 6], "uv_size": [1, 1]},
								"east": {"uv": [3, 6], "uv_size": [1, 1]},
								"south": {"uv": [3, 6], "uv_size": [1, 1]},
								"west": {"uv": [3, 6], "uv_size": [1, 1]},
								"up": {"uv": [4, 7], "uv_size": [-1, -1]},
								"down": {"uv": [4, 7], "uv_size": [-1, -1]}
							}
						},
						{
							"origin": [3, 15.00005, 0.01825],
							"size": [1, 0.5, 1],
							"pivot": [2.5, 15.70005, -10.18175],
							"rotation": [22.5, 0, 0],
							"uv": {
								"north": {"uv": [7, 2], "uv_size": [1, 1]},
								"east": {"uv": [7, 2], "uv_size": [1, 1]},
								"south": {"uv": [7, 2], "uv_size": [1, 1]},
								"west": {"uv": [7, 2], "uv_size": [1, 1]},
								"up": {"uv": [8, 3], "uv_size": [-1, -1]},
								"down": {"uv": [8, 3], "uv_size": [-1, -1]}
							}
						},
						{
							"origin": [-1, 15.00005, 0.01825],
							"size": [1, 0.4, 1],
							"pivot": [2.5, 15.70005, -10.18175],
							"rotation": [22.5, 0, 0],
							"uv": {
								"north": {"uv": [3, 2], "uv_size": [1, 1]},
								"east": {"uv": [3, 2], "uv_size": [1, 1]},
								"south": {"uv": [3, 2], "uv_size": [1, 1]},
								"west": {"uv": [3, 2], "uv_size": [1, 1]},
								"up": {"uv": [4, 3], "uv_size": [-1, -1]},
								"down": {"uv": [4, 3], "uv_size": [-1, -1]}
							}
						},
						{
							"origin": [1, 15.00005, 0.01825],
							"size": [1, 0.3, 1],
							"pivot": [2.5, 15.70005, -10.18175],
							"rotation": [22.5, 0, 0],
							"uv": {
								"north": {"uv": [5, 2], "uv_size": [1, 1]},
								"east": {"uv": [5, 2], "uv_size": [1, 1]},
								"south": {"uv": [5, 2], "uv_size": [1, 1]},
								"west": {"uv": [5, 2], "uv_size": [1, 1]},
								"up": {"uv": [6, 3], "uv_size": [-1, -1]},
								"down": {"uv": [6, 3], "uv_size": [-1, -1]}
							}
						},
						{
							"origin": [2, 15.00005, 0.01825],
							"size": [1, 0.4, 1],
							"pivot": [2.5, 15.70005, -10.18175],
							"rotation": [22.5, 0, 0],
							"uv": {
								"north": {"uv": [6, 2], "uv_size": [1, 1]},
								"east": {"uv": [6, 2], "uv_size": [1, 1]},
								"south": {"uv": [6, 2], "uv_size": [1, 1]},
								"west": {"uv": [6, 2], "uv_size": [1, 1]},
								"up": {"uv": [7, 3], "uv_size": [-1, -1]},
								"down": {"uv": [7, 3], "uv_size": [-1, -1]}
							}
						},
						{
							"origin": [0, 15.00005, 0.01825],
							"size": [1, 0.5, 1],
							"pivot": [2.5, 15.70005, -10.18175],
							"rotation": [22.5, 0, 0],
							"uv": {
								"north": {"uv": [4, 2], "uv_size": [1, 1]},
								"east": {"uv": [4, 2], "uv_size": [1, 1]},
								"south": {"uv": [4, 2], "uv_size": [1, 1]},
								"west": {"uv": [4, 2], "uv_size": [1, 1]},
								"up": {"uv": [5, 3], "uv_size": [-1, -1]},
								"down": {"uv": [5, 3], "uv_size": [-1, -1]}
							}
						},
						{
							"origin": [0, 14.90005, 1.01825],
							"size": [1, 0.3, 1],
							"pivot": [2.5, 15.70005, -10.18175],
							"rotation": [22.5, 0, 0],
							"uv": {
								"north": {"uv": [4, 1], "uv_size": [1, 1]},
								"east": {"uv": [4, 1], "uv_size": [1, 1]},
								"south": {"uv": [4, 1], "uv_size": [1, 1]},
								"west": {"uv": [4, 1], "uv_size": [1, 1]},
								"up": {"uv": [5, 2], "uv_size": [-1, -1]},
								"down": {"uv": [5, 2], "uv_size": [-1, -1]}
							}
						},
						{
							"origin": [-1, 15.00005, 1.01825],
							"size": [1, 0.3, 1],
							"pivot": [2.5, 15.70005, -10.18175],
							"rotation": [22.5, 0, 0],
							"uv": {
								"north": {"uv": [3, 1], "uv_size": [1, 1]},
								"east": {"uv": [3, 1], "uv_size": [1, 1]},
								"south": {"uv": [3, 1], "uv_size": [1, 1]},
								"west": {"uv": [3, 1], "uv_size": [1, 1]},
								"up": {"uv": [4, 2], "uv_size": [-1, -1]},
								"down": {"uv": [4, 2], "uv_size": [-1, -1]}
							}
						},
						{
							"origin": [-3, 14.90005, 0.01825],
							"size": [2, 0.3, 2],
							"pivot": [5.5, 15.70005, -10.18175],
							"rotation": [22.5, 0, 0],
							"uv": {
								"north": {"uv": [1, 2], "uv_size": [2, 1]},
								"east": {"uv": [1, 1], "uv_size": [1, 2]},
								"south": {"uv": [1, 1], "uv_size": [2, 1]},
								"west": {"uv": [2, 1], "uv_size": [1, 2]},
								"up": {"uv": [1, 1], "uv_size": [2, 2]},
								"down": {"uv": [3, 3], "uv_size": [-2, -2]}
							}
						},
						{
							"origin": [1, 15.00005, -6.98175],
							"size": [2, 0.5, 2],
							"pivot": [5.5, 15.70005, -10.18175],
							"rotation": [22.5, 0, 0],
							"uv": {
								"north": {"uv": [5, 9], "uv_size": [2, 1]},
								"east": {"uv": [5, 8], "uv_size": [1, 2]},
								"south": {"uv": [5, 8], "uv_size": [2, 1]},
								"west": {"uv": [6, 8], "uv_size": [1, 2]},
								"up": {"uv": [5, 8], "uv_size": [2, 2]},
								"down": {"uv": [7, 10], "uv_size": [-2, -2]}
							}
						},
						{
							"origin": [1, 15.00005, 1.01825],
							"size": [2, 0.3, 2],
							"pivot": [5.5, 15.70005, -10.18175],
							"rotation": [22.5, 0, 0],
							"uv": {
								"north": {"uv": [5, 1], "uv_size": [2, 1]},
								"east": {"uv": [5, 0], "uv_size": [1, 2]},
								"south": {"uv": [5, 0], "uv_size": [2, 1]},
								"west": {"uv": [6, 0], "uv_size": [1, 2]},
								"up": {"uv": [5, 0], "uv_size": [2, 2]},
								"down": {"uv": [7, 2], "uv_size": [-2, -2]}
							}
						},
						{
							"origin": [-4, 14.90005, -3.98175],
							"size": [2, 0.3, 2],
							"pivot": [5.5, 15.70005, -10.18175],
							"rotation": [22.5, 0, 0],
							"uv": {
								"north": {"uv": [0, 5], "uv_size": [2, 2]},
								"east": {"uv": [0, 5], "uv_size": [2, 2]},
								"south": {"uv": [0, 5], "uv_size": [2, 2]},
								"west": {"uv": [0, 5], "uv_size": [2, 2]},
								"up": {"uv": [0, 5], "uv_size": [2, 2]},
								"down": {"uv": [2, 7], "uv_size": [-2, -2]}
							}
						},
						{
							"origin": [-3, 14.90005, -7.98175],
							"size": [3, 0.3, 3],
							"pivot": [5.5, 15.70005, -10.18175],
							"rotation": [22.5, 0, 0],
							"uv": {
								"north": {"uv": [1, 11], "uv_size": [3, 0]},
								"east": {"uv": [1, 8], "uv_size": [1, 3]},
								"south": {"uv": [1, 8], "uv_size": [3, 1]},
								"west": {"uv": [3, 8], "uv_size": [1, 3]},
								"up": {"uv": [1, 8], "uv_size": [3, 3]},
								"down": {"uv": [4, 11], "uv_size": [-3, -3]}
							}
						},
						{
							"origin": [0, 14.90005, -2.98175],
							"size": [3, 0.3, 3],
							"pivot": [5.5, 15.70005, -10.18175],
							"rotation": [22.5, 0, 0],
							"uv": {
								"north": {"uv": [4, 5], "uv_size": [3, 1]},
								"east": {"uv": [4, 3], "uv_size": [1, 3]},
								"south": {"uv": [4, 3], "uv_size": [3, 1]},
								"west": {"uv": [6, 3], "uv_size": [1, 3]},
								"up": {"uv": [4, 3], "uv_size": [3, 3]},
								"down": {"uv": [7, 6], "uv_size": [-3, -3]}
							}
						}
					]
				}
			]
		}
	]
}