{
	"format_version": "1.16.0",
	"minecraft:geometry": [
		{
			"description": {
				"identifier": "geometry.thm_ecp_phone",
				"texture_width": 32,
				"texture_height": 32,
				"visible_bounds_width": 2,
				"visible_bounds_height": 2.5,
				"visible_bounds_offset": [0, 0.75, 0]
			},
			"bones": [
				{
					"name": "main",
					"pivot": [0, 0, 0],
					"binding": "q.item_slot_to_bone_name(context.item_slot)"
				},
				{
					"name": "base",
					"parent": "main",
					"pivot": [0, 0, 0],
					"cubes": [
						{
							"origin": [-2, 1, -0.45],
							"size": [4, 8, 1],
							"uv": {
								"north": {"uv": [2, 2], "uv_size": [8, 16]},
								"east": {"uv": [2, 3], "uv_size": [1, 8]},
								"south": {"uv": [12, 2], "uv_size": [8, 16]},
								"west": {"uv": [7, 3], "uv_size": [1, 8]},
								"up": {"uv": [2, 2], "uv_size": [8, 1]},
								"down": {"uv": [2, 18], "uv_size": [8, -1]}
							}
						},
						{
							"origin": [-2, 9, -0.65],
							"size": [4, 1, 1.2],
							"uv": {
								"north": {"uv": [2, 0], "uv_size": [8, 2]},
								"east": {"uv": [2, 0], "uv_size": [2, 2]},
								"south": {"uv": [2, 0], "uv_size": [8, 2]},
								"west": {"uv": [8, 0], "uv_size": [2, 2]},
								"up": {"uv": [2, 0], "uv_size": [8, 2]},
								"down": {"uv": [2, 2], "uv_size": [8, -2]}
							}
						},
						{
							"origin": [-2, 0, -0.65],
							"size": [4, 1, 1.2],
							"uv": {
								"north": {"uv": [10, 0], "uv_size": [8, 2]},
								"east": {"uv": [10, 0], "uv_size": [2, 2]},
								"south": {"uv": [10, 0], "uv_size": [8, 2]},
								"west": {"uv": [16, 0], "uv_size": [2, 2]},
								"up": {"uv": [10, 0], "uv_size": [8, 2]},
								"down": {"uv": [10, 2], "uv_size": [8, -2]}
							}
						},
						{
							"origin": [-3, 1, -0.65],
							"size": [1, 8, 1.2],
							"uv": {
								"north": {"uv": [0, 2], "uv_size": [2, 16]},
								"east": {"uv": [0, 2], "uv_size": [2, 16]},
								"south": {"uv": [0, 2], "uv_size": [2, 16]},
								"west": {"uv": [0, 2], "uv_size": [2, 16]},
								"up": {"uv": [0, 2], "uv_size": [2, 2]},
								"down": {"uv": [0, 18], "uv_size": [2, -2]}
							}
						},
						{
							"origin": [2, 1, -0.65],
							"size": [1, 8, 1.2],
							"uv": {
								"north": {"uv": [10, 2], "uv_size": [2, 16]},
								"east": {"uv": [10, 2], "uv_size": [2, 16]},
								"south": {"uv": [10, 2], "uv_size": [2, 16]},
								"west": {"uv": [10, 2], "uv_size": [2, 16]},
								"up": {"uv": [10, 2], "uv_size": [2, 2]},
								"down": {"uv": [10, 18], "uv_size": [2, -2]}
							}
						}
					]
				}
			]
		}
	]
}