{
	"format_version": "1.12.0",
	"minecraft:geometry": [
		{
			"description": {
				"identifier": "geometry.thm_ecp_backpack",
				"texture_width": 64,
				"texture_height": 64,
				"visible_bounds_width": 3,
				"visible_bounds_height": 3.5,
				"visible_bounds_offset": [0, 1.25, 0]
			},
			"bones": [
				{
					"name": "body",
					"pivot": [0, 0, 0]
				},
				{
					"name": "backpack",
					"parent": "body",
					"pivot": [0, 20, 9],
					"cubes": [
						{
							"origin": [4.4, 17, -2.6],
							"size": [1.2, 8, 1],
							"uv": {
								"north": {"uv": [29, 39], "uv_size": [1, 8]},
								"east": {"uv": [24, 41], "uv_size": [1, 8]},
								"south": {"uv": [42, 14], "uv_size": [1, 8]},
								"west": {"uv": [42, 22], "uv_size": [1, 8]},
								"up": {"uv": [8, 45], "uv_size": [1, 1]},
								"down": {"uv": [9, 46], "uv_size": [1, -1]}
							}
						},
						{
							"origin": [-6.1, 26.2, 2],
							"size": [12.2, 1, 7],
							"uv": {
								"north": {"uv": [38, 13], "uv_size": [12, 1]},
								"east": {"uv": [42, 30], "uv_size": [7, 1]},
								"south": {"uv": [40, 38], "uv_size": [12, 1]},
								"west": {"uv": [42, 31], "uv_size": [7, 1]},
								"up": {"uv": [6, 26], "uv_size": [12, 7]},
								"down": {"uv": [30, 21], "uv_size": [12, -7]}
							}
						},
						{
							"origin": [-5.1, 25.2, 8],
							"size": [10.2, 1, 1],
							"uv": {
								"north": {"uv": [40, 39], "uv_size": [10, 1]},
								"east": {"uv": [44, 35], "uv_size": [1, 1]},
								"south": {"uv": [40, 40], "uv_size": [10, 1]},
								"west": {"uv": [44, 44], "uv_size": [1, 1]},
								"up": {"uv": [40, 41], "uv_size": [10, 1]},
								"down": {"uv": [42, 7], "uv_size": [10, -1]}
							}
						},
						{
							"origin": [-0.9, 25, 7.4],
							"size": [1.8, 1.2, 1.7],
							"uv": {
								"north": {"uv": [44, 10], "uv_size": [2, 1]},
								"east": {"uv": [44, 32], "uv_size": [2, 1]},
								"south": {"uv": [44, 33], "uv_size": [2, 1]},
								"west": {"uv": [44, 34], "uv_size": [2, 1]},
								"up": {"uv": [42, 32], "uv_size": [2, 2]},
								"down": {"uv": [42, 36], "uv_size": [2, -2]}
							}
						},
						{
							"origin": [5.9, 11, 3],
							"size": [2.2, 5.2, 4],
							"uv": {
								"north": {"uv": [27, 39], "uv_size": [2, 5]},
								"east": {"uv": [38, 6], "uv_size": [4, 5]},
								"south": {"uv": [18, 41], "uv_size": [2, 5]},
								"west": {"uv": [6, 39], "uv_size": [4, 5]},
								"up": {"uv": [0, 42], "uv_size": [2, 4]},
								"down": {"uv": [2, 46], "uv_size": [2, -4]}
							}
						},
						{
							"origin": [-8.1, 11, 3],
							"size": [2.2, 5.2, 4],
							"uv": {
								"north": {"uv": [20, 41], "uv_size": [2, 5]},
								"east": {"uv": [10, 39], "uv_size": [4, 5]},
								"south": {"uv": [22, 41], "uv_size": [2, 5]},
								"west": {"uv": [14, 39], "uv_size": [4, 5]},
								"up": {"uv": [4, 42], "uv_size": [2, 4]},
								"down": {"uv": [42, 11], "uv_size": [2, -4]}
							}
						},
						{
							"origin": [-5.6, 17, -1.6],
							"size": [1.2, 1, 4.6],
							"uv": {
								"north": {"uv": [45, 35], "uv_size": [1, 1]},
								"east": {"uv": [44, 8], "uv_size": [4, 1]},
								"south": {"uv": [45, 42], "uv_size": [1, 1]},
								"west": {"uv": [44, 9], "uv_size": [4, 1]},
								"up": {"uv": [14, 44], "uv_size": [1, 4]},
								"down": {"uv": [44, 18], "uv_size": [1, -4]}
							}
						},
						{
							"origin": [-5.6, 24, -1.6],
							"size": [1.2, 1, 4.6],
							"uv": {
								"north": {"uv": [45, 16], "uv_size": [1, 1]},
								"east": {"uv": [44, 7], "uv_size": [4, 1]},
								"south": {"uv": [45, 17], "uv_size": [1, 1]},
								"west": {"uv": [8, 44], "uv_size": [4, 1]},
								"up": {"uv": [12, 44], "uv_size": [1, 4]},
								"down": {"uv": [13, 48], "uv_size": [1, -4]}
							}
						},
						{
							"origin": [-5.6, 17, -2.6],
							"size": [1.2, 8, 1],
							"uv": {
								"north": {"uv": [40, 42], "uv_size": [1, 8]},
								"east": {"uv": [41, 42], "uv_size": [1, 8]},
								"south": {"uv": [42, 42], "uv_size": [1, 8]},
								"west": {"uv": [43, 14], "uv_size": [1, 8]},
								"up": {"uv": [45, 14], "uv_size": [1, 1]},
								"down": {"uv": [45, 16], "uv_size": [1, -1]}
							}
						},
						{
							"origin": [4.4, 24, -1.6],
							"size": [1.2, 1, 4.6],
							"uv": {
								"north": {"uv": [10, 45], "uv_size": [1, 1]},
								"east": {"uv": [43, 22], "uv_size": [4, 1]},
								"south": {"uv": [11, 45], "uv_size": [1, 1]},
								"west": {"uv": [43, 23], "uv_size": [4, 1]},
								"up": {"uv": [43, 24], "uv_size": [1, 4]},
								"down": {"uv": [43, 46], "uv_size": [1, -4]}
							}
						},
						{
							"origin": [4.4, 17, -1.6],
							"size": [1.2, 1, 4.6],
							"uv": {
								"north": {"uv": [45, 11], "uv_size": [1, 1]},
								"east": {"uv": [43, 28], "uv_size": [4, 1]},
								"south": {"uv": [45, 12], "uv_size": [1, 1]},
								"west": {"uv": [43, 29], "uv_size": [4, 1]},
								"up": {"uv": [6, 44], "uv_size": [1, 4]},
								"down": {"uv": [7, 48], "uv_size": [1, -4]}
							}
						},
						{
							"origin": [-7, 27.2, 1.6],
							"size": [14, 2, 7.1],
							"uv": {
								"north": {"uv": [36, 36], "uv_size": [14, 2]},
								"east": {"uv": [38, 11], "uv_size": [7, 2]},
								"south": {"uv": [38, 0], "uv_size": [14, 2]},
								"west": {"uv": [18, 39], "uv_size": [7, 2]},
								"up": {"uv": [24, 0], "uv_size": [14, 7]},
								"down": {"uv": [24, 14], "uv_size": [14, -7]}
							}
						},
						{
							"origin": [-6, 29.2, 2],
							"size": [12, 2, 6],
							"uv": {
								"north": {"uv": [38, 2], "uv_size": [12, 2]},
								"east": {"uv": [18, 26], "uv_size": [6, 2]},
								"south": {"uv": [38, 4], "uv_size": [12, 2]},
								"west": {"uv": [18, 28], "uv_size": [6, 2]},
								"up": {"uv": [30, 27], "uv_size": [12, 6]},
								"down": {"uv": [6, 39], "uv_size": [12, -6]}
							}
						},
						{
							"origin": [-7.7, 16, 4],
							"size": [1.6, 2, 2],
							"uv": {
								"north": {"uv": [15, 44], "uv_size": [2, 2]},
								"east": {"uv": [44, 18], "uv_size": [2, 2]},
								"south": {"uv": [44, 20], "uv_size": [2, 2]},
								"west": {"uv": [44, 24], "uv_size": [2, 2]},
								"up": {"uv": [44, 26], "uv_size": [2, 2]},
								"down": {"uv": [27, 46], "uv_size": [2, -2]}
							}
						},
						{
							"origin": [6.3, 16, 4],
							"size": [1.6, 2, 2],
							"uv": {
								"north": {"uv": [15, 44], "uv_size": [2, 2]},
								"east": {"uv": [44, 18], "uv_size": [2, 2]},
								"south": {"uv": [44, 20], "uv_size": [2, 2]},
								"west": {"uv": [44, 24], "uv_size": [2, 2]},
								"up": {"uv": [44, 26], "uv_size": [2, 2]},
								"down": {"uv": [27, 46], "uv_size": [2, -2]}
							}
						},
						{
							"origin": [-6.2, 10, 8],
							"size": [12.2, 10.2, 3],
							"uv": {
								"north": {"uv": [0, 16], "uv_size": [12, 10]},
								"east": {"uv": [30, 36], "uv_size": [3, 10]},
								"south": {"uv": [12, 16], "uv_size": [12, 10]},
								"west": {"uv": [33, 36], "uv_size": [3, 10]},
								"up": {"uv": [30, 33], "uv_size": [12, 3]},
								"down": {"uv": [18, 39], "uv_size": [12, -3]}
							}
						},
						{
							"origin": [-6.1, 10, 2],
							"size": [12.2, 16.2, 6],
							"uv": {
								"north": {"uv": [0, 0], "uv_size": [12, 16]},
								"east": {"uv": [24, 14], "uv_size": [6, 16]},
								"south": {"uv": [12, 0], "uv_size": [12, 16]},
								"west": {"uv": [0, 26], "uv_size": [6, 16]},
								"up": {"uv": [18, 30], "uv_size": [12, 6]},
								"down": {"uv": [30, 27], "uv_size": [12, -6]}
							}
						}
					]
				}
			]
		}
	]
}