{
	"format_version": "1.12.0",
	"minecraft:geometry": [
		{
			"description": {
				"identifier": "geometry.goe_spa.delivery_package_item",
				"texture_width": 16,
				"texture_height": 16,
				"visible_bounds_width": 2,
				"visible_bounds_height": 2.5,
				"visible_bounds_offset": [0, 0.75, 0]
			},
			"bones": [
				{
					"name": "rightitem",
					"pivot": [0, 0, 0],
					"cubes": [
						{
							"origin": [-0.53571, 0.00429, -0.18],
							"size": [1.02857, 5.82857, 0.34286],
							"uv": {
								"north": {"uv": [9.14286, 3.42857], "uv_size": [-1.71429, 9.71429]},
								"east": {"uv": [8.57143, 3.42857], "uv_size": [0.57143, 9.71429]},
								"south": {"uv": [7.42857, 3.42857], "uv_size": [1.71429, 9.71429]},
								"west": {"uv": [7.42857, 3.42857], "uv_size": [0.57143, 9.71429]},
								"up": {"uv": [9.14286, 4], "uv_size": [-1.71429, -0.57143]},
								"down": {"uv": [9.14286, 13.14286], "uv_size": [-1.71429, -0.57143]}
							}
						},
						{
							"origin": [0.49286, 0.34714, -0.18],
							"size": [0.68571, 5.14286, 0.34286],
							"uv": {
								"north": {"uv": [7.42857, 4], "uv_size": [-1.14286, 8.57143]},
								"east": {"uv": [6.85714, 4], "uv_size": [0.57143, 8.57143]},
								"south": {"uv": [6.28571, 4], "uv_size": [1.14286, 8.57143]},
								"west": {"uv": [6.28571, 4], "uv_size": [0.57143, 8.57143]},
								"up": {"uv": [7.42857, 4.57143], "uv_size": [-1.14286, -0.57143]},
								"down": {"uv": [7.42857, 12.57143], "uv_size": [-1.14286, -0.57143]}
							}
						},
						{
							"origin": [-1.90714, 0.69, -0.18],
							"size": [1.37143, 4.8, 0.34286],
							"uv": {
								"north": {"uv": [11.42857, 4], "uv_size": [-2.28571, 8]},
								"east": {"uv": [10.85714, 4], "uv_size": [0.57143, 8]},
								"south": {"uv": [9.14286, 4], "uv_size": [2.28571, 8]},
								"west": {"uv": [9.14286, 4], "uv_size": [0.57143, 8]},
								"up": {"uv": [11.42857, 4.57143], "uv_size": [-2.28571, -0.57143]},
								"down": {"uv": [11.42857, 12], "uv_size": [-2.28571, -0.57143]}
							}
						},
						{
							"origin": [1.17857, 0.69, -0.18],
							"size": [0.68571, 4.45714, 0.34286],
							"uv": {
								"north": {"uv": [6.28571, 4.57143], "uv_size": [-1.14286, 7.42857]},
								"east": {"uv": [5.71429, 4.57143], "uv_size": [0.57143, 7.42857]},
								"south": {"uv": [5.14286, 4.57143], "uv_size": [1.14286, 7.42857]},
								"west": {"uv": [5.14286, 4.57143], "uv_size": [0.57143, 7.42857]},
								"up": {"uv": [6.28571, 5.14286], "uv_size": [-1.14286, -0.57143]},
								"down": {"uv": [6.28571, 12], "uv_size": [-1.14286, -0.57143]}
							}
						},
						{
							"origin": [1.86429, 1.03286, -0.18],
							"size": [0.68571, 3.77143, 0.34286],
							"uv": {
								"north": {"uv": [5.14286, 5.14286], "uv_size": [-1.14286, 6.28571]},
								"east": {"uv": [4.57143, 5.14286], "uv_size": [0.57143, 6.28571]},
								"south": {"uv": [4, 5.14286], "uv_size": [1.14286, 6.28571]},
								"west": {"uv": [4, 5.14286], "uv_size": [0.57143, 6.28571]},
								"up": {"uv": [5.14286, 5.71429], "uv_size": [-1.14286, -0.57143]},
								"down": {"uv": [5.14286, 11.42857], "uv_size": [-1.14286, -0.57143]}
							}
						},
						{
							"origin": [-2.59286, 1.03286, -0.18],
							"size": [0.68571, 3.77143, 0.34286],
							"uv": {
								"north": {"uv": [12.57143, 5.14286], "uv_size": [-1.14286, 6.28571]},
								"east": {"uv": [12, 5.14286], "uv_size": [0.57143, 6.28571]},
								"south": {"uv": [11.42857, 5.14286], "uv_size": [1.14286, 6.28571]},
								"west": {"uv": [11.42857, 5.14286], "uv_size": [0.57143, 6.28571]},
								"up": {"uv": [12.57143, 5.71429], "uv_size": [-1.14286, -0.57143]},
								"down": {"uv": [12.57143, 11.42857], "uv_size": [-1.14286, -0.57143]}
							}
						},
						{
							"origin": [2.55, 1.37571, -0.18],
							"size": [0.34286, 3.08571, 0.34286],
							"uv": {
								"north": {"uv": [4, 5.71429], "uv_size": [-0.57143, 5.14286]},
								"east": {"uv": [3.42857, 5.71429], "uv_size": [0.57143, 5.14286]},
								"south": {"uv": [3.42857, 5.71429], "uv_size": [0.57143, 5.14286]},
								"west": {"uv": [3.42857, 5.71429], "uv_size": [0.57143, 5.14286]},
								"up": {"uv": [4, 6.28571], "uv_size": [-0.57143, -0.57143]},
								"down": {"uv": [4, 10.85714], "uv_size": [-0.57143, -0.57143]}
							}
						},
						{
							"origin": [-2.93571, 1.37571, -0.18],
							"size": [0.34286, 3.08571, 0.34286],
							"uv": {
								"north": {"uv": [13.14286, 5.71429], "uv_size": [-0.57143, 5.14286]},
								"east": {"uv": [12.57143, 5.71429], "uv_size": [0.57143, 5.14286]},
								"south": {"uv": [12.57143, 5.71429], "uv_size": [0.57143, 5.14286]},
								"west": {"uv": [12.57143, 5.71429], "uv_size": [0.57143, 5.14286]},
								"up": {"uv": [13.14286, 6.28571], "uv_size": [-0.57143, -0.57143]},
								"down": {"uv": [13.14286, 10.85714], "uv_size": [-0.57143, -0.57143]}
							}
						},
						{
							"origin": [-1.22143, 0.34714, -0.18],
							"size": [0.68571, 0.34286, 0.34286],
							"uv": {
								"north": {"uv": [10.28571, 12], "uv_size": [-1.14286, 0.57143]},
								"east": {"uv": [9.71429, 12], "uv_size": [0.57143, 0.57143]},
								"south": {"uv": [9.14286, 12], "uv_size": [1.14286, 0.57143]},
								"west": {"uv": [9.14286, 12], "uv_size": [0.57143, 0.57143]},
								"up": {"uv": [10.28571, 12.57143], "uv_size": [-1.14286, -0.57143]},
								"down": {"uv": [10.28571, 12.57143], "uv_size": [-1.14286, -0.57143]}
							}
						}
					]
				}
			]
		}
	]
}