{
  "format_version": "1.21.60",
  "minecraft:item": {
    "components": {
      "minecraft:food": {
        "can_always_eat": false,
        "nutrition": 12,
        "saturation_modifier": 0.8,
        "using_converts_to": "minecraft:bowl"
      },
      "minecraft:icon": {
        "textures": {
          "default": "farmersdelight:vegetable_soup"
        }
      },
      "minecraft:max_stack_size": 16,
      "minecraft:use_animation": "eat",
      "minecraft:use_modifiers": {
        "use_duration": 1.6,
        "movement_modifier": 0.4
      },
      "minecraft:compostable": {
        "composting_chance": 55
      }
    },
    "description": {
      "identifier": "farmersdelight:vegetable_soup",
      "menu_category": {
        "category": "equipment",
        "group": "farmersdelight:itemGroup.name.miscFood"
      }
    }
  }
}