{
  "pools": [
    {
      "rolls": 1,
      "entries": [
        {
          "type": "item",
          "name": "minecraft:carrots",
          "functions": [
            {
              "function": "set_count",
              "count": 1
            }
          ]
        }
      ]
    },
    {
        "rolls": 1,
        "entries": [
          {
            "type": "item",
            "weight": 1,
            "name": "minecraft:light_gray_dye",
            "functions": [
              {
                "function": "set_count",
                "count":{
                    "max": 2,
                    "min": 1
                }
              }
            ]
          }
        ]
      }
  ]
}