{
  "pools": [
    {
      "rolls": 1,
      "entries": [
        {
          "type": "item",
          "name": "farmersdelight:onion",
          "functions": [
            {
              "function": "set_count",
              "count": 1
            }
          ]
        }
      ]
    },
    {
        "rolls": 1,
        "entries": [
          {
            "type": "item",
            "weight": 1,
            "name": "minecraft:magenta_dye",
            "functions": [
              {
                "function": "set_count",
                "count":2
              }
            ]
          }
        ]
      }
  ]
}