{
  "format_version": "1.10.0",
  "animation_controllers": {
    "controller.animation.tdc_i_tim_red": {
      "states": {
        "default": {
          "transitions": [
            {
              "walking": "(1.0)"
            }
          ],
          "on_entry": [
            "/function tdc_i_tim_red"
          ]
        },
        "walking": {
          "transitions": [
            {
              "default": "query.get_equipped_item_name=='i_tim_red' && query.is_using_item"
            }
          ],
          "on_entry": [
            "/function tdc_i_tim_red"
          ]
        }
      }
    }
  }
}