{
  "format_version": "1.8.0",
  "minecraft:spawn_rules": {
    "description": {
      "identifier": "goe_spa:smart_wandering_trader",
      "population_control": "animal"
    },
    "conditions": [
      {
        "minecraft:spawns_on_surface": {},
        "minecraft:brightness_filter": {
          "min": 0,
          "max": 15,
          "adjust_for_weather": false
        },
        "minecraft:weight": {
          "default": 1
        },
        "minecraft:herd": {
          "min_size": 1,
          "max_size": 1
        },
        "minecraft:biome_filter": {
          "all_of": [
            { "test": "has_biome_tag", "operator": "!=", "value": "nether" },
            { "test": "has_biome_tag", "operator": "!=", "value": "the_end" }
          ]
        }
      }
    ]
  }
}
