{
	"format_version": "1.12.0",
	"minecraft:geometry": [
		{
			"description": {
				"identifier": "geometry.goe_spa.battery",
				"texture_width": 32,
				"texture_height": 32,
				"visible_bounds_width": 2,
				"visible_bounds_height": 3,
				"visible_bounds_offset": [0, 0.5, 0]
			},
			"bones": [
				{
					"name": "rightitem",
					"pivot": [0, 0, 0],
					"cubes": [
						{
							"origin": [-0.72, 0, -0.144],
							"size": [1.44, 7.68, 0.336],
							"uv": {
								"north": {"uv": [19, 0], "uv_size": [-6, 32]},
								"east": {"uv": [18, 0], "uv_size": [1, 32]},
								"south": {"uv": [13, 0], "uv_size": [6, 32]},
								"west": {"uv": [13, 0], "uv_size": [1, 32]},
								"up": {"uv": [19, 1], "uv_size": [-6, -1]},
								"down": {"uv": [19, 32], "uv_size": [-6, -1]}
							}
						},
						{
							"origin": [0.72, 0, -0.144],
							"size": [0.24, 7.44, 0.336],
							"uv": {
								"north": {"uv": [13, 1], "uv_size": [-1, 31]},
								"east": {"uv": [12, 1], "uv_size": [1, 31]},
								"south": {"uv": [12, 1], "uv_size": [1, 31]},
								"west": {"uv": [12, 1], "uv_size": [1, 31]},
								"up": {"uv": [13, 2], "uv_size": [-1, -1]},
								"down": {"uv": [13, 32], "uv_size": [-1, -1]}
							}
						},
						{
							"origin": [-0.96, 0, -0.144],
							"size": [0.24, 7.44, 0.336],
							"uv": {
								"north": {"uv": [20, 1], "uv_size": [-1, 31]},
								"east": {"uv": [19, 1], "uv_size": [1, 31]},
								"south": {"uv": [19, 1], "uv_size": [1, 31]},
								"west": {"uv": [19, 1], "uv_size": [1, 31]},
								"up": {"uv": [20, 2], "uv_size": [-1, -1]},
								"down": {"uv": [20, 32], "uv_size": [-1, -1]}
							}
						},
						{
							"origin": [0.96, 0, -0.144],
							"size": [0.48, 6.96, 0.336],
							"uv": {
								"north": {"uv": [12, 3], "uv_size": [-2, 29]},
								"east": {"uv": [11, 3], "uv_size": [1, 29]},
								"south": {"uv": [10, 3], "uv_size": [2, 29]},
								"west": {"uv": [10, 3], "uv_size": [1, 29]},
								"up": {"uv": [12, 4], "uv_size": [-2, -1]},
								"down": {"uv": [12, 32], "uv_size": [-2, -1]}
							}
						},
						{
							"origin": [-1.44, 0, -0.144],
							"size": [0.48, 6.96, 0.336],
							"uv": {
								"north": {"uv": [22, 3], "uv_size": [-2, 29]},
								"east": {"uv": [21, 3], "uv_size": [1, 29]},
								"south": {"uv": [20, 3], "uv_size": [2, 29]},
								"west": {"uv": [20, 3], "uv_size": [1, 29]},
								"up": {"uv": [22, 4], "uv_size": [-2, -1]},
								"down": {"uv": [22, 32], "uv_size": [-2, -1]}
							}
						},
						{
							"origin": [1.44, 0.24, -0.144],
							"size": [0.48, 6.48, 0.336],
							"uv": {
								"north": {"uv": [10, 4], "uv_size": [-2, 27]},
								"east": {"uv": [9, 4], "uv_size": [1, 27]},
								"south": {"uv": [8, 4], "uv_size": [2, 27]},
								"west": {"uv": [8, 4], "uv_size": [1, 27]},
								"up": {"uv": [10, 5], "uv_size": [-2, -1]},
								"down": {"uv": [10, 31], "uv_size": [-2, -1]}
							}
						},
						{
							"origin": [-1.92, 0.24, -0.144],
							"size": [0.48, 6.48, 0.336],
							"uv": {
								"north": {"uv": [24, 4], "uv_size": [-2, 27]},
								"east": {"uv": [23, 4], "uv_size": [1, 27]},
								"south": {"uv": [22, 4], "uv_size": [2, 27]},
								"west": {"uv": [22, 4], "uv_size": [1, 27]},
								"up": {"uv": [24, 5], "uv_size": [-2, -1]},
								"down": {"uv": [24, 31], "uv_size": [-2, -1]}
							}
						},
						{
							"origin": [1.92, 0.48, -0.144],
							"size": [0.48, 6, 0.336],
							"uv": {
								"north": {"uv": [8, 5], "uv_size": [-2, 25]},
								"east": {"uv": [7, 5], "uv_size": [1, 25]},
								"south": {"uv": [6, 5], "uv_size": [2, 25]},
								"west": {"uv": [6, 5], "uv_size": [1, 25]},
								"up": {"uv": [8, 6], "uv_size": [-2, -1]},
								"down": {"uv": [8, 30], "uv_size": [-2, -1]}
							}
						},
						{
							"origin": [-2.4, 0.48, -0.144],
							"size": [0.24, 6, 0.336],
							"uv": {
								"north": {"uv": [26, 5], "uv_size": [-1, 25]},
								"east": {"uv": [25, 5], "uv_size": [1, 25]},
								"south": {"uv": [25, 5], "uv_size": [1, 25]},
								"west": {"uv": [25, 5], "uv_size": [1, 25]},
								"up": {"uv": [26, 6], "uv_size": [-1, -1]},
								"down": {"uv": [26, 30], "uv_size": [-1, -1]}
							}
						},
						{
							"origin": [-2.16, 0.48, -0.144],
							"size": [0.24, 5.76, 0.336],
							"uv": {
								"north": {"uv": [25, 6], "uv_size": [-1, 24]},
								"east": {"uv": [24, 6], "uv_size": [1, 24]},
								"south": {"uv": [24, 6], "uv_size": [1, 24]},
								"west": {"uv": [26, 6], "uv_size": [1, 24]},
								"up": {"uv": [25, 7], "uv_size": [-1, -1]},
								"down": {"uv": [25, 30], "uv_size": [-1, -1]}
							}
						},
						{
							"origin": [-2.16, 6.24, -0.144],
							"size": [0.24, 0.24, 0.336],
							"uv": {
								"north": {"uv": [22, 4], "uv_size": [1, 1]},
								"east": {"uv": [22, 4], "uv_size": [1, 1]},
								"south": {"uv": [22, 4], "uv_size": [1, 1]},
								"west": {"uv": [22, 4], "uv_size": [1, 1]},
								"up": {"uv": [23, 5], "uv_size": [-1, -1]},
								"down": {"uv": [23, 5], "uv_size": [-1, -1]}
							}
						}
					]
				}
			]
		}
	]
}