{
	"format_version": "1.12.0",
	"minecraft:geometry": [
		{
			"description": {
				"identifier": "geometry.goe_spa.delivery_package",
				"texture_width": 64,
				"texture_height": 64,
				"visible_bounds_width": 3,
				"visible_bounds_height": 2.5,
				"visible_bounds_offset": [0, 0.75, 0]
			},
			"bones": [
				{
					"name": "package",
					"pivot": [0, 0, 0]
				},
				{
					"name": "top",
					"parent": "package",
					"pivot": [0, 9, 6]
				},
				{
					"name": "top_left",
					"parent": "top",
					"pivot": [0, 9, -6],
					"cubes": [
						{
							"origin": [-8.1, 9.6, -1.5],
							"size": [16.2, 0, 1.5],
							"uv": {
								"north": {"uv": [0, 0], "uv_size": [16, 0]},
								"east": {"uv": [0, 0], "uv_size": [1.5, 0]},
								"south": {"uv": [0, 0], "uv_size": [16, 0]},
								"west": {"uv": [0, 0], "uv_size": [1.5, 0]},
								"up": {"uv": [31, 24], "uv_size": [16, 1.5]},
								"down": {"uv": [38, 27.5], "uv_size": [16, -1.5]}
							}
						},
						{
							"origin": [-0.001, 1.501, -1.5],
							"size": [4.2, 0, 1.5],
							"pivot": [8.099, 1.501, 0],
							"rotation": [0, 0, 90],
							"uv": {
								"north": {"uv": [0, 0], "uv_size": [4, 0]},
								"east": {"uv": [0, 0], "uv_size": [1.5, 0]},
								"south": {"uv": [0, 0], "uv_size": [4, 0]},
								"west": {"uv": [0, 0], "uv_size": [1.5, 0]},
								"up": {"uv": [23, 42], "uv_size": [4, 1.5]},
								"down": {"uv": [27, 43.5], "uv_size": [4, -1.5]}
							}
						},
						{
							"origin": [-8, 9, -6],
							"size": [16, 0.5, 6],
							"uv": {
								"north": {"uv": [7, 42], "uv_size": [16, 0.5]},
								"east": {"uv": [31, 26], "uv_size": [6, 0.5]},
								"south": {"uv": [42, 7], "uv_size": [16, 0.5]},
								"west": {"uv": [44, 16], "uv_size": [6, 0.5]},
								"up": {"uv": [31, 18], "uv_size": [16, 6]},
								"down": {"uv": [0, 42], "uv_size": [16, -6]}
							}
						},
						{
							"origin": [-4.199, 1.501, -1.5],
							"size": [4.2, 0, 1.5],
							"pivot": [-8.099, 1.501, 0],
							"rotation": [0, 0, -90],
							"uv": {
								"north": {"uv": [0, 0], "uv_size": [4, 0]},
								"east": {"uv": [0, 0], "uv_size": [1.5, 0]},
								"south": {"uv": [0, 0], "uv_size": [4, 0]},
								"west": {"uv": [0, 0], "uv_size": [1.5, 0]},
								"up": {"uv": [11, 43], "uv_size": [4, 1.5]},
								"down": {"uv": [15, 44.5], "uv_size": [4, -1.5]}
							}
						}
					]
				},
				{
					"name": "top_right",
					"parent": "top",
					"pivot": [0, 9, 6],
					"cubes": [
						{
							"origin": [-8.1, 9.6, 0],
							"size": [16.2, 0, 1.5],
							"uv": {
								"north": {"uv": [0, 0], "uv_size": [16, 0]},
								"east": {"uv": [0, 0], "uv_size": [1.5, 0]},
								"south": {"uv": [0, 0], "uv_size": [16, 0]},
								"west": {"uv": [0, 0], "uv_size": [1.5, 0]},
								"up": {"uv": [38, 28], "uv_size": [16, 1.5]},
								"down": {"uv": [38, 31.5], "uv_size": [16, -1.5]}
							}
						},
						{
							"origin": [-8, 9, 0],
							"size": [16, 0.5, 6],
							"uv": {
								"north": {"uv": [42, 8], "uv_size": [16, 0.5]},
								"east": {"uv": [44, 17], "uv_size": [6, 0.5]},
								"south": {"uv": [42, 9], "uv_size": [16, 0.5]},
								"west": {"uv": [30, 44], "uv_size": [6, 0.5]},
								"up": {"uv": [16, 36], "uv_size": [16, 6]},
								"down": {"uv": [32, 42], "uv_size": [16, -6]}
							}
						},
						{
							"origin": [-0.001, 1.501, 0],
							"size": [4.2, 0, 1.5],
							"pivot": [8.099, 1.501, 0],
							"rotation": [0, 0, 90],
							"uv": {
								"north": {"uv": [0, 0], "uv_size": [4, 0]},
								"east": {"uv": [0, 0], "uv_size": [1.5, 0]},
								"south": {"uv": [0, 0], "uv_size": [4, 0]},
								"west": {"uv": [0, 0], "uv_size": [1.5, 0]},
								"up": {"uv": [31, 42], "uv_size": [4, 1.5]},
								"down": {"uv": [35, 43.5], "uv_size": [4, -1.5]}
							}
						},
						{
							"origin": [-4.199, 1.501, 0],
							"size": [4.2, 0, 1.5],
							"pivot": [-8.099, 1.501, 0],
							"rotation": [0, 0, -90],
							"uv": {
								"north": {"uv": [0, 0], "uv_size": [4, 0]},
								"east": {"uv": [0, 0], "uv_size": [1.5, 0]},
								"south": {"uv": [0, 0], "uv_size": [4, 0]},
								"west": {"uv": [0, 0], "uv_size": [1.5, 0]},
								"up": {"uv": [39, 42], "uv_size": [4, 1.5]},
								"down": {"uv": [7, 44.5], "uv_size": [4, -1.5]}
							}
						}
					]
				},
				{
					"name": "sides",
					"parent": "package",
					"pivot": [0, 0, 0],
					"cubes": [
						{
							"origin": [-4.199, -3.499, -5],
							"size": [2.2, 0, 3.5],
							"inflate": 0.01,
							"pivot": [-8.099, -3.499, -3],
							"rotation": [0, 0, -90],
							"uv": {
								"north": {"uv": [0, 0], "uv_size": [2, 0]},
								"east": {"uv": [0, 0], "uv_size": [3.5, 0]},
								"south": {"uv": [0, 0], "uv_size": [2, 0]},
								"west": {"uv": [0, 0], "uv_size": [3.5, 0]},
								"up": {"uv": [42, 10], "uv_size": [2, 3.5]},
								"down": {"uv": [42, 17.5], "uv_size": [2, -3.5]}
							}
						},
						{
							"origin": [-0.001, -3.499, 3],
							"size": [4.2, 0, 2.5],
							"pivot": [8.099, -3.499, 5],
							"rotation": [0, 0, 90],
							"uv": {
								"north": {"uv": [0, 0], "uv_size": [4, 0]},
								"east": {"uv": [0, 0], "uv_size": [2.5, 0]},
								"south": {"uv": [0, 0], "uv_size": [4, 0]},
								"west": {"uv": [0, 0], "uv_size": [2.5, 0]},
								"up": {"uv": [10, 24], "uv_size": [4, 2.5]},
								"down": {"uv": [3, 44.5], "uv_size": [4, -2.5]}
							}
						},
						{
							"origin": [3.901, 2.001, 3.4],
							"size": [2.6, 0, 4.4],
							"pivot": [5.001, 2.001, 6.05],
							"rotation": [-90, 0, -90],
							"uv": {
								"north": {"uv": [0, 0], "uv_size": [2.5, 0]},
								"east": {"uv": [0, 0], "uv_size": [4.5, 0]},
								"south": {"uv": [0, 0], "uv_size": [2.5, 0]},
								"west": {"uv": [0, 0], "uv_size": [4.5, 0]},
								"up": {"uv": [0, 42], "uv_size": [2.5, 4.5]},
								"down": {"uv": [42, 4.5], "uv_size": [2.5, -4.5]}
							}
						},
						{
							"origin": [-0.599, 2.001, 6.1],
							"size": [1.6, 0, 1.7],
							"pivot": [0.001, 2.001, 6.05],
							"rotation": [-90, 0, -90],
							"uv": {
								"north": {"uv": [0, 0], "uv_size": [1.5, 0]},
								"east": {"uv": [0, 0], "uv_size": [1.5, 0]},
								"south": {"uv": [0, 0], "uv_size": [1.5, 0]},
								"west": {"uv": [0, 0], "uv_size": [1.5, 0]},
								"up": {"uv": [36, 44], "uv_size": [1.5, 1.5]},
								"down": {"uv": [38, 45.5], "uv_size": [1.5, -1.5]}
							}
						},
						{
							"origin": [-6.001, 2.901, -7.8],
							"size": [0, 2.5, 1.7],
							"pivot": [-6.001, 4.001, -6.05],
							"rotation": [0, 90, -90],
							"uv": {
								"north": {"uv": [0, 0], "uv_size": [0, 2.5]},
								"east": {"uv": [44, 10], "uv_size": [1.5, 2.5]},
								"south": {"uv": [0, 0], "uv_size": [0, 2.5]},
								"west": {"uv": [44, 13], "uv_size": [1.5, 2.5]},
								"up": {"uv": [0, 0], "uv_size": [0, 1.5]},
								"down": {"uv": [0, 1.5], "uv_size": [0, -1.5]}
							}
						},
						{
							"origin": [-6.001, 4.901, -7.8],
							"size": [0, 2.6, 4.4],
							"pivot": [-6.001, 6.001, -6.05],
							"rotation": [0, 90, -90],
							"uv": {
								"north": {"uv": [0, 0], "uv_size": [0, 2.5]},
								"east": {"uv": [0, 24], "uv_size": [4.5, 2.5]},
								"south": {"uv": [0, 0], "uv_size": [0, 2.5]},
								"west": {"uv": [5, 24], "uv_size": [4.5, 2.5]},
								"up": {"uv": [0, 0], "uv_size": [0, 4.5]},
								"down": {"uv": [0, 4.5], "uv_size": [0, -4.5]}
							}
						},
						{
							"origin": [-8, 0, -6],
							"size": [16, 9, 0.5],
							"uv": {
								"north": {"uv": [15, 0], "uv_size": [16, 9]},
								"east": {"uv": [43, 42], "uv_size": [0.5, 9]},
								"south": {"uv": [15, 9], "uv_size": [16, 9]},
								"west": {"uv": [23, 44], "uv_size": [0.5, 9]},
								"up": {"uv": [38, 34], "uv_size": [16, 0.5]},
								"down": {"uv": [38, 35.5], "uv_size": [16, -0.5]}
							}
						},
						{
							"origin": [-7.5, 0, -5.5],
							"size": [15, 1, 11],
							"uv": {
								"north": {"uv": [0, 22], "uv_size": [15, 1]},
								"east": {"uv": [38, 32], "uv_size": [11, 1]},
								"south": {"uv": [0, 23], "uv_size": [15, 1]},
								"west": {"uv": [38, 33], "uv_size": [11, 1]},
								"up": {"uv": [0, 0], "uv_size": [15, 11]},
								"down": {"uv": [0, 22], "uv_size": [15, -11]}
							}
						},
						{
							"origin": [-8, 0, 5.5],
							"size": [16, 9, 0.5],
							"uv": {
								"north": {"uv": [15, 18], "uv_size": [16, 9]},
								"east": {"uv": [24, 44], "uv_size": [0.5, 9]},
								"south": {"uv": [0, 27], "uv_size": [16, 9]},
								"west": {"uv": [25, 44], "uv_size": [0.5, 9]},
								"up": {"uv": [42, 5], "uv_size": [16, 0.5]},
								"down": {"uv": [42, 6.5], "uv_size": [16, -0.5]}
							}
						},
						{
							"origin": [-8, 0, -5.5],
							"size": [0.5, 9, 11],
							"uv": {
								"north": {"uv": [26, 44], "uv_size": [0.5, 9]},
								"east": {"uv": [16, 27], "uv_size": [11, 9]},
								"south": {"uv": [27, 44], "uv_size": [0.5, 9]},
								"west": {"uv": [27, 27], "uv_size": [11, 9]},
								"up": {"uv": [19, 43], "uv_size": [0.5, 11]},
								"down": {"uv": [20, 54], "uv_size": [0.5, -11]}
							}
						},
						{
							"origin": [7.5, 0, -5.5],
							"size": [0.5, 9, 11],
							"uv": {
								"north": {"uv": [28, 44], "uv_size": [0.5, 9]},
								"east": {"uv": [31, 0], "uv_size": [11, 9]},
								"south": {"uv": [29, 44], "uv_size": [0.5, 9]},
								"west": {"uv": [31, 9], "uv_size": [11, 9]},
								"up": {"uv": [21, 43], "uv_size": [0.5, 11]},
								"down": {"uv": [22, 54], "uv_size": [0.5, -11]}
							}
						}
					]
				}
			]
		}
	]
}