{
	"format_version": "1.12.0",
	"minecraft:geometry": [
		{
			"description": {
				"identifier": "geometry.goe_spa.smartphone",
				"texture_width": 32,
				"texture_height": 32,
				"visible_bounds_width": 2,
				"visible_bounds_height": 3,
				"visible_bounds_offset": [0, 0.5, 0]
			},
			"bones": [
				{
					"name": "rightitem",
					"pivot": [0, 0, 0],
					"cubes": [
						{
							"origin": [-1.85, 0.4, -0.2],
							"size": [3.9, 6.1, 0.3],
							"pivot": [0, 0, 0],
							"rotation": [0, 180, 0],
							"uv": {
								"north": {"uv": [0, 8], "uv_size": [3.875, 6.125]},
								"east": {"uv": [14, 4], "uv_size": [0.25, 6.125]},
								"south": {"uv": [4, 8], "uv_size": [3.875, 6.125]},
								"west": {"uv": [14, 11], "uv_size": [0.25, 6.125]},
								"up": {"uv": [15, 8], "uv_size": [3.875, 0.25]},
								"down": {"uv": [15, 9.25], "uv_size": [3.875, -0.25]}
							}
						},
						{
							"origin": [-2.1, -0.1, 0.1],
							"size": [4.3, 7.1, 0.2],
							"pivot": [0, 0, 0],
							"rotation": [0, 180, 0],
							"uv": {
								"north": {"uv": [0, 0], "uv_size": [4.25, 7.125]},
								"east": {"uv": [13, 0], "uv_size": [0.25, 7.125]},
								"south": {"uv": [5, 0], "uv_size": [4.25, 7.125]},
								"west": {"uv": [13, 8], "uv_size": [0.25, 7.125]},
								"up": {"uv": [15, 6], "uv_size": [4.25, 0.25]},
								"down": {"uv": [15, 7.25], "uv_size": [4.25, -0.25]}
							}
						}
					]
				},
				{
					"name": "frame",
					"parent": "rightitem",
					"pivot": [0, 0, 0.1],
					"cubes": [
						{
							"origin": [-1.7, -0.1, -0.3],
							"size": [3.5, 0.5, 0.4],
							"pivot": [0, 0, 0],
							"rotation": [0, 180, 0],
							"uv": {
								"north": {"uv": [14, 2], "uv_size": [3.5, 0.5]},
								"east": {"uv": [6, 16], "uv_size": [0.375, 0.5]},
								"south": {"uv": [14, 3], "uv_size": [3.5, 0.5]},
								"west": {"uv": [7, 16], "uv_size": [0.375, 0.5]},
								"up": {"uv": [15, 4], "uv_size": [3.5, 0.375]},
								"down": {"uv": [15, 5.375], "uv_size": [3.5, -0.375]}
							}
						},
						{
							"origin": [-0.25, 0, -0.4],
							"size": [0.6, 0.3, 0.1],
							"pivot": [0, 0, 0],
							"rotation": [0, 180, 0],
							"uv": {
								"north": {"uv": [16, 10], "uv_size": [0.625, 0.25]},
								"east": {"uv": [17, 15], "uv_size": [0.125, 0.25]},
								"south": {"uv": [16, 11], "uv_size": [0.625, 0.25]},
								"west": {"uv": [16, 17], "uv_size": [0.125, 0.25]},
								"up": {"uv": [4, 17], "uv_size": [0.625, 0.125]},
								"down": {"uv": [5, 17.125], "uv_size": [0.625, -0.125]}
							}
						},
						{
							"origin": [-0.275, 6.6, -0.4],
							"size": [0.3, 0.3, 0.1],
							"pivot": [0, 0, 0],
							"rotation": [0, 180, 0],
							"uv": {
								"north": {"uv": [17, 10], "uv_size": [0.25, 0.25]},
								"east": {"uv": [17, 16], "uv_size": [0.125, 0.25]},
								"south": {"uv": [17, 11], "uv_size": [0.25, 0.25]},
								"west": {"uv": [17, 17], "uv_size": [0.125, 0.25]},
								"up": {"uv": [0, 18], "uv_size": [0.25, 0.125]},
								"down": {"uv": [18, 0.125], "uv_size": [0.25, -0.125]}
							}
						},
						{
							"origin": [0.26, 5.122, 0.24],
							"size": [1.4, 1.4, 0.14],
							"pivot": [0, 0, 0],
							"rotation": [0, 180, 0],
							"uv": {
								"north": {"uv": [8, 8], "uv_size": [2, 2]},
								"east": {"uv": [15, 10], "uv_size": [0.25, 2]},
								"south": {"uv": [10, 0], "uv_size": [2, 2]},
								"west": {"uv": [15, 12], "uv_size": [0.25, 2]},
								"up": {"uv": [15, 14], "uv_size": [2, 0.25]},
								"down": {"uv": [15, 15.25], "uv_size": [2, -0.25]}
							}
						},
						{
							"origin": [0.125, 6.6, -0.4],
							"size": [0.2, 0.2, 0.1],
							"pivot": [0, 0, 0],
							"rotation": [0, 180, 0],
							"uv": {
								"north": {"uv": [12, 17], "uv_size": [0.25, 0.25]},
								"east": {"uv": [1, 18], "uv_size": [0.125, 0.25]},
								"south": {"uv": [17, 12], "uv_size": [0.25, 0.25]},
								"west": {"uv": [18, 1], "uv_size": [0.125, 0.25]},
								"up": {"uv": [2, 18], "uv_size": [0.25, 0.125]},
								"down": {"uv": [18, 2.125], "uv_size": [0.25, -0.125]}
							}
						},
						{
							"origin": [1.8, -0.1, -0.3],
							"size": [0.4, 7.1, 0.4],
							"pivot": [0, 0, 0],
							"rotation": [0, 180, 0],
							"uv": {
								"north": {"uv": [11, 2], "uv_size": [0.375, 7.125]},
								"east": {"uv": [11, 10], "uv_size": [0.375, 7.125]},
								"south": {"uv": [12, 0], "uv_size": [0.375, 7.125]},
								"west": {"uv": [12, 8], "uv_size": [0.375, 7.125]},
								"up": {"uv": [15, 16], "uv_size": [0.375, 0.375]},
								"down": {"uv": [16, 16.375], "uv_size": [0.375, -0.375]}
							}
						},
						{
							"origin": [-2.1, -0.1, -0.3],
							"size": [0.4, 7.1, 0.4],
							"pivot": [0, 0, 0],
							"rotation": [0, 180, 0],
							"uv": {
								"north": {"uv": [10, 2], "uv_size": [0.375, 7.125]},
								"east": {"uv": [8, 10], "uv_size": [0.375, 7.125]},
								"south": {"uv": [9, 10], "uv_size": [0.375, 7.125]},
								"west": {"uv": [10, 10], "uv_size": [0.375, 7.125]},
								"up": {"uv": [13, 16], "uv_size": [0.375, 0.375]},
								"down": {"uv": [16, 13.375], "uv_size": [0.375, -0.375]}
							}
						},
						{
							"origin": [-2.15, 4.9, -0.2],
							"size": [0.1, 0.7, 0.4],
							"pivot": [0, 0, 0],
							"rotation": [0, 180, 0],
							"uv": {
								"north": {"uv": [0, 17], "uv_size": [0.125, 0.75]},
								"east": {"uv": [0, 16], "uv_size": [0.375, 0.75]},
								"south": {"uv": [1, 17], "uv_size": [0.125, 0.75]},
								"west": {"uv": [1, 16], "uv_size": [0.375, 0.75]},
								"up": {"uv": [13, 17], "uv_size": [0.125, 0.375]},
								"down": {"uv": [17, 13.375], "uv_size": [0.125, -0.375]}
							}
						},
						{
							"origin": [-2.15, 3.9, -0.2],
							"size": [0.1, 0.7, 0.4],
							"pivot": [0, 0, 0],
							"rotation": [0, 180, 0],
							"uv": {
								"north": {"uv": [2, 17], "uv_size": [0.125, 0.75]},
								"east": {"uv": [2, 16], "uv_size": [0.375, 0.75]},
								"south": {"uv": [3, 17], "uv_size": [0.125, 0.75]},
								"west": {"uv": [3, 16], "uv_size": [0.375, 0.75]},
								"up": {"uv": [17, 14], "uv_size": [0.125, 0.375]},
								"down": {"uv": [15, 17.375], "uv_size": [0.125, -0.375]}
							}
						},
						{
							"origin": [2.15, 4.6, -0.1],
							"size": [0.1, 0.6, 0.2],
							"pivot": [0, 0, 0],
							"rotation": [0, 180, 0],
							"uv": {
								"north": {"uv": [6, 17], "uv_size": [0.125, 0.625]},
								"east": {"uv": [12, 16], "uv_size": [0.25, 0.625]},
								"south": {"uv": [7, 17], "uv_size": [0.125, 0.625]},
								"west": {"uv": [16, 12], "uv_size": [0.25, 0.625]},
								"up": {"uv": [3, 18], "uv_size": [0.125, 0.25]},
								"down": {"uv": [18, 3.25], "uv_size": [0.125, -0.25]}
							}
						},
						{
							"origin": [-1.7, 6.5, -0.3],
							"size": [3.5, 0.5, 0.4],
							"pivot": [0, 0, 0],
							"rotation": [0, 180, 0],
							"uv": {
								"north": {"uv": [14, 0], "uv_size": [3.5, 0.5]},
								"east": {"uv": [4, 16], "uv_size": [0.375, 0.5]},
								"south": {"uv": [14, 1], "uv_size": [3.5, 0.5]},
								"west": {"uv": [5, 16], "uv_size": [0.375, 0.5]},
								"up": {"uv": [0, 15], "uv_size": [3.5, 0.375]},
								"down": {"uv": [4, 15.375], "uv_size": [3.5, -0.375]}
							}
						}
					]
				}
			]
		}
	]
}