{
	"format_version": "1.12.0",
	"minecraft:geometry": [
		{
			"description": {
				"identifier": "geometry.goe_spa.rainbow",
				"texture_width": 512,
				"texture_height": 256,
				"visible_bounds_width": 513,
				"visible_bounds_height": 269,
				"visible_bounds_offset": [0, 122.5, 0]
			},
			"bones": [
				{
					"name": "root",
					"pivot": [0, 0, 0],
					"rotation": [0, -90, 0],
					"cubes": [
						{
							"origin": [3000, 0, -3072],
							"size": [0, 3072, 6144],
							"uv": {
								"north": {"uv": [0, 0], "uv_size": [0, 256]},
								"east": {"uv": [0, 0], "uv_size": [512, 256]},
								"south": {"uv": [0, 0], "uv_size": [0, 256]},
								"west": {"uv": [0, 0], "uv_size": [512, 256]},
								"up": {"uv": [0, 256], "uv_size": [0, -256]},
								"down": {"uv": [0, 256], "uv_size": [0, -256]}
							}
						}
					],
					"locators": {
						"root": [4800, 1026, 0]
					}
				}
			]
		}
	]
}