{
	"format_version": "1.12.0",
	"minecraft:geometry": [
		{
			"description": {
				"identifier": "geometry.goe_spa.satellite_hud",
				"texture_width": 512,
				"texture_height": 256,
				"visible_bounds_width": 60,
				"visible_bounds_height": 32,
				"visible_bounds_offset": [0, 2, 0]
			},
			"bones": [
				{
					"name": "root",
					"pivot": [0, 0, 0]
				},
				{
					"name": "waist",
					"parent": "root",
					"pivot": [0, 12, 0]
				},
				{
					"name": "body",
					"parent": "waist",
					"pivot": [0, 24, 0]
				},
				{
					"name": "head",
					"parent": "body",
					"pivot": [0, 24, 0],
					"cubes": [
						{
							"origin": [-450.2, -217.675, -344],
							"size": [900.5, 490.25, 0],
							"uv": {
								"south": {"uv": [0, 0], "uv_size": [512, 256]}
							}
						}
					]
				}
			]
		}
	]
}