{
	"format_version": "1.12.0",
	"minecraft:geometry": [
		{
			"description": {
				"identifier": "geometry.goe_spa.smartphone_hud",
				"texture_width": 16,
				"texture_height": 16,
				"visible_bounds_width": 58,
				"visible_bounds_height": 32,
				"visible_bounds_offset": [0, 2, 0]
			},
			"bones": [
				{
					"name": "root",
					"pivot": [0, 0, 0]
				},
				{
					"name": "waist",
					"parent": "root",
					"pivot": [0, 12, 0]
				},
				{
					"name": "body",
					"parent": "waist",
					"pivot": [0, 24, 0]
				},
				{
					"name": "head",
					"parent": "body",
					"pivot": [0, 24, 0],
					"cubes": [
						{
							"origin": [-254.7, 17.325, -589],
							"size": [509, 0, 490],
							"pivot": [-0.2, 17.325, -344],
							"rotation": [-90, 0, 0],
							"uv": {
								"up": {"uv": [0, 16], "uv_size": [16, -16]}
							}
						}
					]
				}
			]
		}
	]
}