{
	"format_version": "1.12.0",
	"minecraft:geometry": [
		{
			"description": {
				"identifier": "geometry.goe_spa.smart_wandering_trader",
				"texture_width": 128,
				"texture_height": 64,
				"visible_bounds_width": 5,
				"visible_bounds_height": 4,
				"visible_bounds_offset": [0, 1, 0]
			},
			"bones": [
				{
					"name": "bb_main",
					"pivot": [0, 0, 0]
				},
				{
					"name": "leg1",
					"parent": "bb_main",
					"pivot": [2, 12, 0],
					"cubes": [
						{
							"origin": [0, 0, -2],
							"size": [4, 12, 4],
							"uv": {
								"north": {"uv": [8, 26], "uv_size": [-4, 12]},
								"east": {"uv": [12, 26], "uv_size": [-4, 12]},
								"south": {"uv": [16, 26], "uv_size": [-4, 12]},
								"west": {"uv": [4, 26], "uv_size": [-4, 12]},
								"up": {"uv": [8, 22], "uv_size": [-4, 4]},
								"down": {"uv": [12, 26], "uv_size": [-4, -4]}
							}
						},
						{
							"origin": [0, 3, -2],
							"size": [4, 9, 4],
							"inflate": 0.2,
							"uv": {
								"north": {"uv": [77, 4], "uv_size": [-4, 9]},
								"east": {"uv": [81, 4], "uv_size": [-4, 9]},
								"south": {"uv": [85, 4], "uv_size": [-4, 9]},
								"west": {"uv": [73, 4], "uv_size": [-4, 9]},
								"up": {"uv": [77, 0], "uv_size": [-4, 4]},
								"down": {"uv": [81, 4], "uv_size": [-4, -4]}
							}
						},
						{
							"origin": [0, 0, -2],
							"size": [4, 2, 4],
							"inflate": 0.2,
							"uv": {
								"north": {"uv": [44, 4], "uv_size": [-4, 2]},
								"east": {"uv": [48, 4], "uv_size": [-4, 2]},
								"south": {"uv": [52, 4], "uv_size": [-4, 2]},
								"west": {"uv": [40, 4], "uv_size": [-4, 2]},
								"up": {"uv": [44, 0], "uv_size": [-4, 4]},
								"down": {"uv": [48, 4], "uv_size": [-4, -4]}
							}
						}
					]
				},
				{
					"name": "leg0",
					"parent": "bb_main",
					"pivot": [-2, 12, 0],
					"cubes": [
						{
							"origin": [-4, 0, -2],
							"size": [4, 12, 4],
							"uv": {
								"north": {"uv": [4, 26], "uv_size": [4, 12]},
								"east": {"uv": [0, 26], "uv_size": [4, 12]},
								"south": {"uv": [12, 26], "uv_size": [4, 12]},
								"west": {"uv": [8, 26], "uv_size": [4, 12]},
								"up": {"uv": [4, 22], "uv_size": [4, 4]},
								"down": {"uv": [8, 26], "uv_size": [4, -4]}
							}
						},
						{
							"origin": [-4, 0, -2],
							"size": [4, 2, 4],
							"inflate": 0.2,
							"uv": {
								"north": {"uv": [40, 4], "uv_size": [4, 2]},
								"east": {"uv": [36, 4], "uv_size": [4, 2]},
								"south": {"uv": [48, 4], "uv_size": [4, 2]},
								"west": {"uv": [44, 4], "uv_size": [4, 2]},
								"up": {"uv": [40, 0], "uv_size": [4, 4]},
								"down": {"uv": [44, 4], "uv_size": [4, -4]}
							}
						},
						{
							"origin": [-4, 3, -2],
							"size": [4, 9, 4],
							"inflate": 0.2,
							"uv": {
								"north": {"uv": [73, 4], "uv_size": [4, 9]},
								"east": {"uv": [69, 4], "uv_size": [4, 9]},
								"south": {"uv": [81, 4], "uv_size": [4, 9]},
								"west": {"uv": [77, 4], "uv_size": [4, 9]},
								"up": {"uv": [73, 0], "uv_size": [4, 4]},
								"down": {"uv": [77, 4], "uv_size": [4, -4]}
							}
						}
					]
				},
				{
					"name": "arms",
					"parent": "bb_main",
					"pivot": [0, 21.05, -1.05],
					"rotation": [-43, 0, 0],
					"cubes": [
						{
							"origin": [-4, 15.05, -3.05],
							"size": [8, 4, 4],
							"uv": {
								"north": {"uv": [49, 33], "uv_size": [8, 4]},
								"east": {"uv": [45, 33], "uv_size": [4, 4]},
								"south": {"uv": [61, 33], "uv_size": [8, 4]},
								"west": {"uv": [57, 33], "uv_size": [4, 4]},
								"up": {"uv": [49, 29], "uv_size": [8, 4]},
								"down": {"uv": [57, 33], "uv_size": [8, -4]}
							}
						},
						{
							"origin": [-4, 15.05, -3.05],
							"size": [2, 4, 4],
							"inflate": 0.2,
							"uv": {
								"north": {"uv": [70, 38], "uv_size": [2, 4]},
								"east": {"uv": [66, 38], "uv_size": [4, 4]},
								"south": {"uv": [76, 38], "uv_size": [2, 4]},
								"west": {"uv": [72, 38], "uv_size": [4, 4]},
								"up": {"uv": [70, 34], "uv_size": [2, 4]},
								"down": {"uv": [72, 38], "uv_size": [2, -4]}
							}
						},
						{
							"origin": [2, 15.05, -3.05],
							"size": [2, 4, 4],
							"inflate": 0.2,
							"uv": {
								"north": {"uv": [72, 38], "uv_size": [-2, 4]},
								"east": {"uv": [76, 38], "uv_size": [-4, 4]},
								"south": {"uv": [78, 38], "uv_size": [-2, 4]},
								"west": {"uv": [70, 38], "uv_size": [-4, 4]},
								"up": {"uv": [72, 34], "uv_size": [-2, 4]},
								"down": {"uv": [74, 38], "uv_size": [-2, -4]}
							}
						},
						{
							"origin": [-8, 15.05, -3.05],
							"size": [4, 8, 4],
							"uv": {
								"north": {"uv": [43, 14], "uv_size": [4, 8]},
								"east": {"uv": [39, 14], "uv_size": [4, 8]},
								"south": {"uv": [51, 14], "uv_size": [4, 8]},
								"west": {"uv": [47, 14], "uv_size": [4, 8]},
								"up": {"uv": [43, 10], "uv_size": [4, 4]},
								"down": {"uv": [47, 14], "uv_size": [4, -4]}
							}
						},
						{
							"origin": [-8, 15.05, -3.05],
							"size": [4, 8, 4],
							"inflate": 0.2,
							"uv": {
								"north": {"uv": [90, 37], "uv_size": [4, 8]},
								"east": {"uv": [86, 37], "uv_size": [4, 8]},
								"south": {"uv": [98, 37], "uv_size": [4, 8]},
								"west": {"uv": [94, 37], "uv_size": [4, 8]},
								"up": {"uv": [90, 33], "uv_size": [4, 4]},
								"down": {"uv": [94, 37], "uv_size": [4, -4]}
							}
						}
					]
				},
				{
					"name": "mirrored",
					"parent": "arms",
					"pivot": [0, 0, 0],
					"cubes": [
						{
							"origin": [4, 15.05, -3.05],
							"size": [4, 8, 4],
							"inflate": 0.2,
							"uv": {
								"north": {"uv": [94, 37], "uv_size": [-4, 8]},
								"east": {"uv": [98, 37], "uv_size": [-4, 8]},
								"south": {"uv": [102, 37], "uv_size": [-4, 8]},
								"west": {"uv": [90, 37], "uv_size": [-4, 8]},
								"up": {"uv": [94, 33], "uv_size": [-4, 4]},
								"down": {"uv": [98, 37], "uv_size": [-4, -4]}
							}
						},
						{
							"origin": [4, 15.05, -3.05],
							"size": [4, 8, 4],
							"uv": {
								"north": {"uv": [47, 14], "uv_size": [-4, 8]},
								"east": {"uv": [51, 14], "uv_size": [-4, 8]},
								"south": {"uv": [55, 14], "uv_size": [-4, 8]},
								"west": {"uv": [43, 14], "uv_size": [-4, 8]},
								"up": {"uv": [47, 10], "uv_size": [-4, 4]},
								"down": {"uv": [51, 14], "uv_size": [-4, -4]}
							}
						}
					]
				},
				{
					"name": "bodywear",
					"parent": "bb_main",
					"pivot": [0, 24, 0],
					"cubes": [
						{
							"origin": [-4, 11, -3],
							"size": [8, 13, 6],
							"inflate": 0.3,
							"uv": {
								"north": {"uv": [6, 44], "uv_size": [8, 13]},
								"east": {"uv": [0, 44], "uv_size": [6, 13]},
								"south": {"uv": [20, 44], "uv_size": [8, 13]},
								"west": {"uv": [14, 44], "uv_size": [6, 13]},
								"up": {"uv": [6, 38], "uv_size": [8, 6]},
								"down": {"uv": [14, 44], "uv_size": [8, -6]}
							}
						},
						{
							"origin": [-3.5, 14, 3.5],
							"size": [7, 10, 2],
							"inflate": 0.3,
							"uv": {
								"north": {"uv": [89, 12], "uv_size": [7, 10]},
								"east": {"uv": [87, 12], "uv_size": [2, 10]},
								"south": {"uv": [98, 12], "uv_size": [7, 10]},
								"west": {"uv": [96, 12], "uv_size": [2, 10]},
								"up": {"uv": [89, 10], "uv_size": [7, 2]},
								"down": {"uv": [96, 12], "uv_size": [7, -2]}
							}
						},
						{
							"origin": [3.5, 14, 3.5],
							"size": [1, 4, 2],
							"inflate": 0.3,
							"uv": {
								"north": {"uv": [105, 35], "uv_size": [1, 4]},
								"east": {"uv": [103, 35], "uv_size": [2, 4]},
								"south": {"uv": [108, 35], "uv_size": [1, 4]},
								"west": {"uv": [106, 35], "uv_size": [2, 4]},
								"up": {"uv": [105, 33], "uv_size": [1, 2]},
								"down": {"uv": [106, 35], "uv_size": [1, -2]}
							}
						},
						{
							"origin": [-4.5, 14, 3.5],
							"size": [1, 4, 2],
							"inflate": 0.3,
							"uv": {
								"north": {"uv": [106, 35], "uv_size": [-1, 4]},
								"east": {"uv": [108, 35], "uv_size": [-2, 4]},
								"south": {"uv": [109, 35], "uv_size": [-1, 4]},
								"west": {"uv": [105, 35], "uv_size": [-2, 4]},
								"up": {"uv": [106, 33], "uv_size": [-1, 2]},
								"down": {"uv": [107, 35], "uv_size": [-1, -2]}
							}
						},
						{
							"origin": [-3.5, 14, 4.5],
							"size": [7, 6, 2],
							"inflate": 0.2,
							"uv": {
								"north": {"uv": [90, 2], "uv_size": [7, 6]},
								"east": {"uv": [88, 2], "uv_size": [2, 6]},
								"south": {"uv": [99, 2], "uv_size": [7, 6]},
								"west": {"uv": [97, 2], "uv_size": [2, 6]},
								"up": {"uv": [90, 0], "uv_size": [7, 2]},
								"down": {"uv": [97, 2], "uv_size": [7, -2]}
							}
						}
					]
				},
				{
					"name": "backpack",
					"parent": "bodywear",
					"pivot": [1.25, 0, 0],
					"cubes": [
						{
							"origin": [4.25, 9, -4],
							"size": [2, 6, 8],
							"uv": {
								"north": {"uv": [38, 47], "uv_size": [2, 6]},
								"east": {"uv": [30, 47], "uv_size": [8, 6]},
								"south": {"uv": [48, 47], "uv_size": [2, 6]},
								"west": {"uv": [40, 47], "uv_size": [8, 6]},
								"up": {"uv": [58, 39], "uv_size": [2, 8]},
								"down": {"uv": [60, 47], "uv_size": [2, -8]}
							}
						},
						{
							"origin": [4.25, 12, -4],
							"size": [2, 1, 8],
							"inflate": 0.1,
							"uv": {
								"north": {"uv": [116, 26], "uv_size": [2, 1]},
								"east": {"uv": [108, 26], "uv_size": [8, 1]},
								"south": {"uv": [126, 26], "uv_size": [2, 1]},
								"west": {"uv": [118, 26], "uv_size": [8, 1]},
								"up": {"uv": [116, 18], "uv_size": [2, 8]},
								"down": {"uv": [118, 26], "uv_size": [2, -8]}
							}
						},
						{
							"origin": [4.25, 12, -5.25],
							"size": [2, 1, 2],
							"inflate": -0.3,
							"pivot": [5.25, 12.5, -4.25],
							"rotation": [40, 0, 0],
							"uv": {
								"north": {"uv": [105, 43], "uv_size": [2, 1]},
								"east": {"uv": [103, 43], "uv_size": [2, 1]},
								"south": {"uv": [109, 43], "uv_size": [2, 1]},
								"west": {"uv": [107, 43], "uv_size": [2, 1]},
								"up": {"uv": [105, 41], "uv_size": [2, 2]},
								"down": {"uv": [107, 43], "uv_size": [2, -2]}
							}
						},
						{
							"origin": [4.25, 12, 3.25],
							"size": [2, 1, 2],
							"inflate": -0.3,
							"pivot": [5.25, 12.5, 4.25],
							"rotation": [-40, 0, 0],
							"uv": {
								"north": {"uv": [105, 43], "uv_size": [2, 1]},
								"east": {"uv": [103, 43], "uv_size": [2, 1]},
								"south": {"uv": [109, 43], "uv_size": [2, 1]},
								"west": {"uv": [107, 43], "uv_size": [2, 1]},
								"up": {"uv": [105, 41], "uv_size": [2, 2]},
								"down": {"uv": [107, 43], "uv_size": [2, -2]}
							}
						},
						{
							"origin": [4.25, 15, -3],
							"size": [1, 9, 6],
							"inflate": 0.02,
							"uv": {
								"north": {"uv": [114, 6], "uv_size": [1, 9]},
								"east": {"uv": [108, 6], "uv_size": [6, 9]},
								"south": {"uv": [121, 6], "uv_size": [1, 9]},
								"west": {"uv": [115, 6], "uv_size": [6, 9]},
								"up": {"uv": [114, 0], "uv_size": [1, 6]},
								"down": {"uv": [115, 6], "uv_size": [1, -6]}
							}
						}
					]
				},
				{
					"name": "body",
					"parent": "bb_main",
					"pivot": [0, 24, 0],
					"cubes": [
						{
							"origin": [-4, 12, -3],
							"size": [8, 12, 6],
							"uv": {
								"north": {"uv": [20, 26], "uv_size": [8, 12]},
								"east": {"uv": [34, 26], "uv_size": [-6, 12]},
								"south": {"uv": [34, 26], "uv_size": [8, 12]},
								"west": {"uv": [28, 26], "uv_size": [6, 12]},
								"up": {"uv": [20, 20], "uv_size": [8, 6]},
								"down": {"uv": [28, 26], "uv_size": [8, -6]}
							}
						}
					]
				},
				{
					"name": "head",
					"parent": "bb_main",
					"pivot": [0, 24, 0],
					"cubes": [
						{
							"origin": [-4, 30, -4],
							"size": [8, 4, 8],
							"uv": {
								"north": {"uv": [8, 8], "uv_size": [8, 4]},
								"east": {"uv": [0, 8], "uv_size": [8, 4]},
								"south": {"uv": [24, 8], "uv_size": [8, 4]},
								"west": {"uv": [16, 8], "uv_size": [8, 4]},
								"up": {"uv": [8, 0], "uv_size": [8, 8]},
								"down": {"uv": [16, 8], "uv_size": [8, -8]}
							}
						},
						{
							"origin": [-4, 30, -9],
							"size": [8, 1, 5],
							"uv": {
								"north": {"uv": [35, 45], "uv_size": [8, 1]},
								"east": {"uv": [30, 45], "uv_size": [5, 1]},
								"south": {"uv": [48, 45], "uv_size": [8, 1]},
								"west": {"uv": [43, 45], "uv_size": [5, 1]},
								"up": {"uv": [35, 40], "uv_size": [8, 5]},
								"down": {"uv": [43, 45], "uv_size": [8, -5]}
							}
						},
						{
							"origin": [-4, 24, -4],
							"size": [8, 6, 8],
							"uv": {
								"north": {"uv": [8, 12], "uv_size": [8, 6]},
								"east": {"uv": [0, 12], "uv_size": [8, 6]},
								"south": {"uv": [24, 12], "uv_size": [8, 6]},
								"west": {"uv": [8, 12], "uv_size": [-8, 6]},
								"up": {"uv": [8, 4], "uv_size": [8, 8]},
								"down": {"uv": [16, 20], "uv_size": [8, -8]}
							}
						},
						{
							"origin": [-4, 26, -4],
							"size": [8, 3, 5],
							"inflate": 0.1,
							"uv": {
								"north": {"uv": [69, 25], "uv_size": [8, 3]},
								"east": {"uv": [64, 25], "uv_size": [5, 3]},
								"south": {"uv": [82, 25], "uv_size": [8, 3]},
								"west": {"uv": [77, 25], "uv_size": [5, 3]},
								"up": {"uv": [69, 20], "uv_size": [8, 5]},
								"down": {"uv": [77, 25], "uv_size": [8, -5]}
							}
						},
						{
							"origin": [-4, 24, -4],
							"size": [8, 10, 8],
							"inflate": 0.2,
							"uv": {
								"north": {"uv": [72, 46], "uv_size": [8, 10]},
								"east": {"uv": [64, 46], "uv_size": [8, 10]},
								"south": {"uv": [88, 46], "uv_size": [8, 10]},
								"west": {"uv": [80, 46], "uv_size": [8, 10]},
								"up": {"uv": [91, 23], "uv_size": [8, 8]},
								"down": {"uv": [99, 31], "uv_size": [8, -8]}
							}
						}
					]
				},
				{
					"name": "nose",
					"parent": "head",
					"pivot": [0, 26, 0],
					"cubes": [
						{
							"origin": [-1, 23, -6],
							"size": [2, 4, 2],
							"uv": {
								"north": {"uv": [26, 2], "uv_size": [2, 4]},
								"east": {"uv": [24, 2], "uv_size": [2, 4]},
								"south": {"uv": [30, 2], "uv_size": [2, 4]},
								"west": {"uv": [28, 2], "uv_size": [2, 4]},
								"up": {"uv": [26, 0], "uv_size": [2, 2]},
								"down": {"uv": [28, 2], "uv_size": [2, -2]}
							}
						}
					]
				}
			]
		}
	]
}