{
	"format_version": "1.12.0",
	"minecraft:geometry": [
		{
			"description": {
				"identifier": "geometry.goe_spa.sun_light",
				"texture_width": 128,
				"texture_height": 128,
				"visible_bounds_width": 363,
				"visible_bounds_height": 58,
				"visible_bounds_offset": [0, -12, 0]
			},
			"bones": [
				{
					"name": "root",
					"pivot": [0, 0, 0]
				},
				{
					"name": "ray",
					"parent": "root",
					"pivot": [0, 0, -5.15],
					"cubes": [
						{
							"origin": [-121.54, -24.72, -5.15],
							"size": [243.08, 49.44, 0],
							"uv": {
								"north": {"uv": [0, 99], "uv_size": [128, 25.5]}
							}
						}
					]
				},
				{
					"name": "light_layer_1",
					"parent": "root",
					"pivot": [0, 0, -15.45],
					"cubes": [
						{
							"origin": [-42.23, -42.23, -58.45],
							"size": [84.46, 84.46, 0],
							"uv": {
								"north": {"uv": [35.5, 25.5], "uv_size": [32, 32]}
							}
						}
					]
				},
				{
					"name": "light_layer_2",
					"parent": "root",
					"pivot": [0, 0, -44.29],
					"cubes": [
						{
							"origin": [-32.96, -32.96, -33.29],
							"size": [65.92, 65.92, 0],
							"uv": {
								"north": {"uv": [4, 52], "uv_size": [28, 28]}
							}
						}
					]
				},
				{
					"name": "light_layer_3",
					"parent": "root",
					"pivot": [0, 0, -77.25],
					"cubes": [
						{
							"origin": [-17.51, -17.51, -77.25],
							"size": [35.02, 35.02, 0],
							"uv": {
								"north": {"uv": [37, 26], "uv_size": [29, 29]}
							}
						}
					]
				},
				{
					"name": "light_layer_3b",
					"parent": "root",
					"pivot": [0, 0, -130.05],
					"cubes": [
						{
							"origin": [-11.33, -11.33, -124.55],
							"size": [22.66, 22.66, 0],
							"uv": {
								"north": {"uv": [96, 32], "uv_size": [12, 12]}
							}
						},
						{
							"origin": [-11.33, -11.33, -172.55],
							"size": [22.66, 22.66, 0],
							"uv": {
								"north": {"uv": [96, 32], "uv_size": [12, 12]}
							}
						}
					]
				},
				{
					"name": "light_layer_4",
					"parent": "root",
					"pivot": [0, 0, -108.15],
					"cubes": [
						{
							"origin": [-15.45, -15.45, -108.15],
							"size": [30.9, 30.9, 0],
							"uv": {
								"north": {"uv": [77, 30.5], "uv_size": [12, 12]}
							}
						}
					]
				},
				{
					"name": "light_layer_5",
					"parent": "root",
					"pivot": [0, 0, -147.29],
					"cubes": [
						{
							"origin": [-32.96, -32.96, -147.29],
							"size": [65.92, 65.92, 0],
							"uv": {
								"north": {"uv": [4, 21], "uv_size": [32, 32]}
							}
						}
					]
				},
				{
					"name": "light_layer_6",
					"parent": "root",
					"pivot": [0, 0, -210.12],
					"cubes": [
						{
							"origin": [-32.96, -32.96, -210.12],
							"size": [65.92, 65.92, 0],
							"uv": {
								"north": {"uv": [91.5, 55], "uv_size": [25, 25]}
							}
						}
					]
				}
			]
		}
	]
}