{
    "format_version": "1.12.0",
    "minecraft:geometry": [
        {
            "description": {
                "identifier": "geometry.goe_spa.sunset_light",
                "texture_width": 512,
                "texture_height": 256,
                "visible_bounds_width": 363,
                "visible_bounds_height": 89,
                "visible_bounds_offset": [
                    0,
                    0.5,
                    0
                ]
            },
            "bones": [
                {
                    "name": "root",
                    "pivot": [
                        0,
                        0,
                        0
                    ]
                },
                {
                    "name": "layer",
                    "parent": "root",
                    "pivot": [
                        0,
                        0,
                        0
                    ]
                },
                {
                    "name": "layer3",
                    "parent": "layer",
                    "pivot": [
                        0,
                        0,
                        0
                    ],
                    "cubes": [
                        {
                            "origin": [
                                -858,
                                -337,
                                21
                            ],
                            "size": [
                                1716,
                                676,
                                0
                            ],
                            "uv": {
                                "north": {
                                    "uv": [
                                        0,
                                        0
                                    ],
                                    "uv_size": [
                                        512,
                                        256
                                    ]
                                }
                            }
                        }
                    ]
                },
                {
                    "name": "layer8",
                    "parent": "layer",
                    "pivot": [
                        0,
                        0,
                        0
                    ],
                    "cubes": [
                        {
                            "origin": [
                                -198,
                                -62,
                                -174
                            ],
                            "size": [
                                396,
                                166,
                                0
                            ],
                            "uv": {
                                "north": {
                                    "uv": [
                                        0,
                                        0
                                    ],
                                    "uv_size": [
                                        512,
                                        256
                                    ]
                                }
                            }
                        }
                    ]
                },
                {
                    "name": "layer7",
                    "parent": "layer",
                    "pivot": [
                        0,
                        0,
                        0
                    ],
                    "cubes": [
                        {
                            "origin": [
                                -231,
                                -62,
                                -153
                            ],
                            "size": [
                                462,
                                166,
                                0
                            ],
                            "uv": {
                                "north": {
                                    "uv": [
                                        0,
                                        0
                                    ],
                                    "uv_size": [
                                        512,
                                        256
                                    ]
                                }
                            }
                        }
                    ]
                },
                {
                    "name": "layer5",
                    "parent": "layer",
                    "pivot": [
                        0,
                        0,
                        0
                    ],
                    "cubes": [
                        {
                            "origin": [
                                -222,
                                -117,
                                -100
                            ],
                            "size": [
                                444,
                                236,
                                0
                            ],
                            "uv": {
                                "north": {
                                    "uv": [
                                        0,
                                        0
                                    ],
                                    "uv_size": [
                                        512,
                                        256
                                    ]
                                }
                            }
                        }
                    ]
                },
                {
                    "name": "layer2",
                    "parent": "layer",
                    "pivot": [
                        0,
                        0,
                        0
                    ],
                    "cubes": [
                        {
                            "origin": [
                                -567,
                                -247,
                                125
                            ],
                            "size": [
                                1134,
                                496,
                                0
                            ],
                            "uv": {
                                "north": {
                                    "uv": [
                                        0,
                                        0
                                    ],
                                    "uv_size": [
                                        512,
                                        256
                                    ]
                                }
                            }
                        }
                    ]
                },
                {
                    "name": "layer1",
                    "parent": "layer",
                    "pivot": [
                        0,
                        0,
                        0
                    ],
                    "cubes": [
                        {
                            "origin": [
                                -1714,
                                -700,
                                242
                            ],
                            "size": [
                                3428,
                                1402,
                                0
                            ],
                            "uv": {
                                "north": {
                                    "uv": [
                                        0,
                                        0
                                    ],
                                    "uv_size": [
                                        512,
                                        256
                                    ]
                                }
                            }
                        }
                    ]
                },
                {
                    "name": "layer4",
                    "parent": "layer",
                    "pivot": [
                        0,
                        0,
                        0
                    ],
                    "cubes": [
                        {
                            "origin": [
                                -379,
                                -182,
                                -56
                            ],
                            "size": [
                                758,
                                366,
                                0
                            ],
                            "uv": {
                                "north": {
                                    "uv": [
                                        0,
                                        0
                                    ],
                                    "uv_size": [
                                        512,
                                        256
                                    ]
                                }
                            }
                        }
                    ]
                },
                {
                    "name": "layer6",
                    "parent": "layer",
                    "pivot": [
                        0,
                        0,
                        0
                    ],
                    "cubes": [
                        {
                            "origin": [
                                -318,
                                -96,
                                -130
                            ],
                            "size": [
                                636,
                                236,
                                0
                            ],
                            "uv": {
                                "north": {
                                    "uv": [
                                        0,
                                        0
                                    ],
                                    "uv_size": [
                                        512,
                                        256
                                    ]
                                }
                            }
                        }
                    ]
                }
            ]
        }
    ]
}