{
  "resource_pack_name": "vanilla",
  "texture_name": "atlas.items",
  "texture_data": {
    "egg_camel": {
      "textures": "textures/items/egg_camel"
    },
    "egg_lion": {
      "textures": "textures/items/egg_lion"
    },
    "egg_penguin": {
      "textures": "textures/items/egg_penguin"
    },
    "egg_tiger": {
      "textures": "textures/items/egg_tiger"
    },
    "egg_elephant": {
      "textures": "textures/items/egg_elephant"
    },
    "egg_deer": {
      "textures": "textures/items/egg_deer"
    },
    "egg_panther": {
      "textures": "textures/items/egg_panther"
    },
    "egg_frog": {
      "textures": "textures/items/egg_frog"
    },
    "egg_crocodile": {
      "textures": "textures/items/egg_crocodile"
    },
    "egg_mouse": {
      "textures": "textures/items/egg_mouse"
    },
    "gallardo": {
      "textures": "textures/items/gallardo"
    },
    "bench": {
      "textures": "textures/items/bench"
    },
    "christmas_tree": {
      "textures": "textures/items/christmas_tree"
    },
    "tivi": {
      "textures": "textures/items/tivi"
    },
    "closet": {
      "textures": "textures/items/closet"
    },
    "laptop": {
      "textures": "textures/items/laptop"
    },
    "piano": {
      "textures": "textures/items/piano"
    },
    "armchairs": {
      "textures": "textures/items/armchairs"
    },
    "chair": {
      "textures": "textures/items/chair"
    },
    "big_table": {
      "textures": "textures/items/big_table"
    },
    "small_table": {
      "textures": "textures/items/small_table"
    },
    "drone": {
      "textures": "textures/items/drone"
    },
    "colorful_gifts": {
      "textures": "textures/items/colorful_gifts"
    },
    "seal_umbrella_pink_radiance2": {
      "textures": "textures/items/pamobile/seal_umbrella_pink_radiance2"
    },
    "seal_umbrella_pink_radiance": {
      "textures": "textures/items/pamobile/seal_umbrella_pink_radiance"
    },
    "seal_umbrella_blossoms_under_the_moon2": {
      "textures": "textures/items/pamobile/seal_umbrella_blossoms_under_the_moon2"
    },
    "seal_umbrella_of_mountain_serenity2": {
      "textures": "textures/items/pamobile/seal_umbrella_of_mountain_serenity2"
    },
    "seal_umbrella_of_mountain_serenity": {
      "textures": "textures/items/pamobile/seal_umbrella_of_mountain_serenity"
    },
    "seal_umbrella_blossoms_under_the_moon": {
      "textures": "textures/items/pamobile/seal_umbrella_blossoms_under_the_moon"
    },
    "seal_umbrella_red_bloom_harmony": {
      "textures": "textures/items/pamobile/seal_umbrella_red_bloom_harmony"
    },
    "seal_umbrella_red_bloom_harmony2": {
      "textures": "textures/items/pamobile/seal_umbrella_red_bloom_harmony2"
    },
    "seal_umbrella_midnight_higanbana": {
      "textures": "textures/items/pamobile/seal_umbrella_midnight_higanbana"
    },
    "seal_umbrella_midnight_higanbana2": {
      "textures": "textures/items/pamobile/seal_umbrella_midnight_higanbana2"
    }
  }
}