{
	"format_version": "1.20.41",
	"animations": {
		"animation.goe_spa.buttons.press": {
			"loop": true,
			"animation_length": 0.25,
			"bones": {
				"button": {
					"position": {
						"0.0": [0, 0, 0],
						"0.125": [0, -0.95372, -0.30071],
						"0.25": [0, 0, 0]
					}
				}
			}
		},
		"animation.goe_spa.buttons.press_hold_last_frame": {
			"animation_length": 0.25,
			"bones": {
				"button": {
					"position": {
						"0.0": [0, 0, 0],
						"0.125": [0, -0.75, 0.75],
						"0.25": [0, 0, 0]
					}
				}
			}
		},
		"animation.goe_spa.buttons.face_camera": {
			"loop": true,
			"bones": {
				"root": {
					"rotation": ["-q.camera_rotation(0) / 2", "q.camera_rotation(1) + 180", 0]
				}
			}
		}
	}
}