{
	"format_version": "1.8.0",
	"animations": {
		"animation.goe_spa.food.hold.tp": {
			"loop": "hold_on_last_frame",
			"bones": {
				"rightitem": {
					"rotation": [72.77061, -7.04613, 17.64205],
					"position": [0.89161, -1.291, -1.9359],
					"scale": 1
				}
			}
		},
		"animation.goe_spa.food.hold.fp": {
			"loop": true,
			"bones": {
				"rightitem": {
					"rotation": [150.45231, 2.85956, 18.33209],
					"position": [-8.03088, 5.06347, -3.98324]
				}
			}
		},
		"animation.goe_spa.food.eat.fp": {
			"loop": "hold_on_last_frame",
			"animation_length": 2,
			"bones": {
				"rightitem": {
					"rotation": {
						"0.0": [0, 0, 0],
						"0.35": [-101.14679, 51.67234, -81.55574]
					},
					"position": {
						"0.0": [0, 0, 0],
						"0.35": [4.69088, 1.77281, -5.89417],
						"0.5": [4.69088, 1.77281, -5.89417],
						"0.6": [5.33174, 2.37439, -5.41731],
						"0.7": [4.69088, 1.77281, -5.89417],
						"0.8": [5.33174, 2.37439, -5.41731],
						"0.9": [4.69088, 1.77281, -5.89417],
						"1.0": [5.33174, 2.37439, -5.41731],
						"1.1": [4.69088, 1.77281, -5.89417],
						"1.2": [5.33174, 2.37439, -5.41731],
						"1.3": [4.69088, 1.77281, -5.89417],
						"1.4": [5.33174, 2.37439, -5.41731],
						"1.5": [4.69088, 1.77281, -5.89417],
						"1.6": [5.33174, 2.37439, -5.41731],
						"1.7": [4.69088, 1.77281, -5.89417],
						"1.8": [5.33174, 2.37439, -5.41731],
						"1.85": [5.33174, 2.37439, -5.41731],
						"1.9": [4.69088, 1.77281, -5.89417],
						"2.0": [5.33174, 2.37439, -5.41731]
					}
				}
			}
		}
	}
}