{
	"format_version": "1.8.0",
	"animations": {
		"animation.goe_spa.item_attachable.fp": {
			"loop": true,
			"bones": {
				"base": {
					"rotation": [153.22234, -2.84528, 22.57091],
					"position": [-7.24528, 8.72965, -4.42145]
				}
			}
		},
		"animation.goe_spa.item_attachable.tp": {
			"loop": true,
			"bones": {
				"base": {
					"rotation": [75.2616, -10.6783, 18.2947]
				}
			}
		},
		"animation.goe_spa.item_attachable.tp_stick": {
			"loop": true,
			"bones": {
				"base": {
					"rotation": [91.29339, -21.42578, 78.72678],
					"position": [1.5, 5.3331, 1.14993],
					"scale": 1.6
				},
				"rightitem": {
					"rotation": [7, 0, 0],
					"position": [0.2, 0.05176, 0.19319]
				}
			}
		},
		"animation.goe_spa.item_attachable.fp_web": {
			"loop": true,
			"bones": {
				"rightitem": {
					"rotation": [21.92806, 45.45317, -91.90204],
					"position": [-11.36126, 1.07169, 3.43122]
				},
				"base": {
					"rotation": [110.85846, 43.66944, 30.59315],
					"position": [1.86565, 1.69655, 3.10501]
				}
			}
		},
		"animation.goe_spa.item_attachable.fp_eat": {
			"loop": "hold_on_last_frame",
			"animation_length": 2,
			"bones": {
				"rightitem": {
					"rotation": {
						"0.0": [0, 0, 0],
						"0.25": [-101.14679, 34.17234, -46.55574]
					},
					"position": {
						"0.0": [0, 0, 0],
						"0.25": [2.90646, 5.30603, -19.69679],
						"0.3": [0.53533, 4.31253, -20.9273],
						"0.4": [2.90646, 5.30603, -19.69679],
						"0.5": [0.53533, 4.31253, -20.9273],
						"0.6": [2.90646, 5.30603, -19.69679],
						"0.7": [0.53533, 4.31253, -20.9273],
						"0.8": [2.90646, 5.30603, -19.69679],
						"0.9": [0.53533, 4.31253, -20.9273],
						"1.0": [2.90646, 5.30603, -19.69679],
						"1.1": [0.53533, 4.31253, -20.9273],
						"1.2": [2.90646, 5.30603, -19.69679],
						"1.3": [0.53533, 4.31253, -20.9273],
						"1.4": [2.90646, 5.30603, -19.69679],
						"1.5": [0.53533, 4.31253, -20.9273],
						"1.6": [2.90646, 5.30603, -19.69679],
						"1.7": [0.53533, 4.31253, -20.9273],
						"1.8": [2.90646, 5.30603, -19.69679],
						"1.9": [0.53533, 4.31253, -20.9273],
						"2.0": [2.90646, 5.30603, -19.69679]
					}
				}
			}
		},
		"animation.goe_spa.item_attachable.fp_drink": {
			"animation_length": 2,
			"bones": {
				"rightitem": {
					"rotation": {
						"0.0": [0, 0, 0],
						"0.25": [-101.14679, 34.17234, -46.55574]
					},
					"position": {
						"0.0": [0, 0, 0],
						"0.25": [2.90646, 5.30603, -19.69679],
						"0.3": [1.81704, 5.5157, -19.97357],
						"0.4": [4.82903, 7.11078, -18.2662],
						"0.5": [1.81704, 5.5157, -19.97357],
						"0.6": [4.82903, 7.11078, -18.2662],
						"0.7": [1.81704, 5.5157, -19.97357],
						"0.8": [4.82903, 7.11078, -18.2662],
						"0.9": [1.81704, 5.5157, -19.97357],
						"1.0": [4.82903, 7.11078, -18.2662],
						"1.1": [1.81704, 5.5157, -19.97357],
						"1.2": [4.82903, 7.11078, -18.2662],
						"1.3": [1.81704, 5.5157, -19.97357],
						"1.4": [4.82903, 7.11078, -18.2662],
						"1.5": [1.81704, 5.5157, -19.97357],
						"1.6": [4.82903, 7.11078, -18.2662],
						"1.7": [1.81704, 5.5157, -19.97357],
						"1.8": [4.82903, 7.11078, -18.2662],
						"1.9": [1.81704, 5.5157, -19.97357],
						"2.0": [4.82903, 7.11078, -18.2662]
					}
				}
			}
		}
	}
}