{
	"format_version": "1.8.0",
	"animations": {
		"animation.goe_spa.vfx.sun_light": {
			"animation_length": 0.16667,
			"bones": {
				"root": {
					"rotation": ["q.rotation_to_camera(0)", "q.rotation_to_camera(1)", 0],
					"scale": "q.rotation_to_camera(0) == 0 ? 0 : (q.variant == 1 ? 1.4 : 1)"
				},
				"ray": {
					"scale": 1.3
				},
				"light_layer_1": {
					"rotation": ["v.length_x * 0.2 * -1", "v.length_y * 0.2 * 1", 0],
					"position": ["v.length_y * 1", "v.length_x * -1", 0]
				},
				"light_layer_2": {
					"rotation": ["v.length_x * 0.2 * -2.5", "v.length_y * 0.2 * 2.5", 0],
					"position": ["v.length_y * 2.5", "v.length_x * -2.5", 0],
					"scale": 2
				},
				"light_layer_3": {
					"rotation": ["v.length_x * 0.2 * -3.2", "v.length_y * 0.2 * 3.2", 0],
					"position": ["v.length_y * 3.2", "v.length_x * -3.2", 0]
				},
				"light_layer_4": {
					"rotation": ["v.length_x * 0.2 * -4.5", "v.length_y * 0.2 * 4.5", 0],
					"position": ["v.length_y * 4.5", "v.length_x * -4.5", 0],
					"scale": 2
				},
				"light_layer_5": {
					"rotation": ["v.length_x * 0.2 * -6", "v.length_y * 0.2 * 6", 0],
					"position": ["v.length_y * 6", "v.length_x * -6", 0],
					"scale": 4
				},
				"light_layer_6": {
					"rotation": ["v.length_x * 0.2 * -8", "v.length_y * 0.2 * 8", 0],
					"position": ["v.length_y * 8", "v.length_x * -8", 0]
				},
				"light_layer_3b": {
					"rotation": ["v.length_x * 0.2 * -3.5", "v.length_y * 0.2 * 3.5", 0],
					"position": ["v.length_y * 3.5", "v.length_x * -3.5", 0]
				}
			}
		},
		"animation.goe_spa.vfx.rainbow": {
			"animation_length": 30,
			"loop": true,
			// "bones": {
			// 	"root": {
			// 		"rotation": [0, "q.rotation_to_camera(1)", 0]
			// 	}
			// },
			"particle_effects": {
				"0.0": { "effect": "rainbow", "locator": "root" }
			}
		}
	}
}