{
  "format_version": "1.12.0",
  "minecraft:geometry": [
    {
      "description": {
        "identifier": "geometry.pa_cover_4",
        "texture_width": 128,
        "texture_height": 128,
        "visible_bounds_width": 4,
        "visible_bounds_height": 4,
        "visible_bounds_offset": [
          0,
          1,
          0
        ]
      },
      "bones": [
        {
          "name": "Head",
          "pivot": [
            0,
            24,
            0
          ],
          "rotation": [
            -6,
            5,
            0
          ]
        },
        {
          "name": "Body",
          "pivot": [
            0,
            24,
            0
          ]
        },
        {
          "name": "bone",
          "parent": "Body",
          "pivot": [
            0,
            24,
            1
          ],
          "rotation": [
            7.5,
            0,
            0
          ],
          "cubes": [
            {
              "origin": [
                -7.9,
                24.9,
                0
              ],
              "size": [
                15.8,
                0.1,
                4.9
              ],
              "uv": {
                "north": {
                  "uv": [
                    46,
                    19
                  ],
                  "uv_size": [
                    18,
                    0.25
                  ]
                },
                "east": {
                  "uv": [
                    46,
                    42
                  ],
                  "uv_size": [
                    5,
                    0.25
                  ]
                },
                "south": {
                  "uv": [
                    20,
                    46
                  ],
                  "uv_size": [
                    18,
                    0.25
                  ]
                },
                "west": {
                  "uv": [
                    46,
                    43
                  ],
                  "uv_size": [
                    5,
                    0.25
                  ]
                },
                "up": {
                  "uv": [
                    20,
                    21
                  ],
                  "uv_size": [
                    18,
                    5
                  ]
                },
                "down": {
                  "uv": [
                    20,
                    31
                  ],
                  "uv_size": [
                    18,
                    -5
                  ]
                }
              }
            },
            {
              "origin": [
                -8,
                4,
                4.9
              ],
              "size": [
                16,
                21,
                0.1
              ],
              "uv": {
                "north": {
                  "uv": [
                    0,
                    0
                  ],
                  "uv_size": [
                    18,
                    21
                  ]
                },
                "east": {
                  "uv": [
                    40,
                    44
                  ],
                  "uv_size": [
                    0.25,
                    21
                  ]
                },
                "south": {
                  "uv": [
                    18,
                    0
                  ],
                  "uv_size": [
                    18,
                    21
                  ]
                },
                "west": {
                  "uv": [
                    41,
                    44
                  ],
                  "uv_size": [
                    0.25,
                    21
                  ]
                },
                "up": {
                  "uv": [
                    46,
                    17
                  ],
                  "uv_size": [
                    18,
                    0.25
                  ]
                },
                "down": {
                  "uv": [
                    46,
                    18.25
                  ],
                  "uv_size": [
                    18,
                    -0.25
                  ]
                }
              }
            },
            {
              "origin": [
                7.9,
                4,
                0
              ],
              "size": [
                0.1,
                21,
                5
              ],
              "uv": {
                "north": {
                  "uv": [
                    44,
                    44
                  ],
                  "uv_size": [
                    0.25,
                    21
                  ]
                },
                "east": {
                  "uv": [
                    10,
                    21
                  ],
                  "uv_size": [
                    5,
                    21
                  ]
                },
                "south": {
                  "uv": [
                    45,
                    29
                  ],
                  "uv_size": [
                    0.25,
                    21
                  ]
                },
                "west": {
                  "uv": [
                    15,
                    21
                  ],
                  "uv_size": [
                    5,
                    21
                  ]
                },
                "up": {
                  "uv": [
                    46,
                    44
                  ],
                  "uv_size": [
                    0.25,
                    5
                  ]
                },
                "down": {
                  "uv": [
                    0,
                    52
                  ],
                  "uv_size": [
                    0.25,
                    -5
                  ]
                }
              }
            },
            {
              "origin": [
                -8,
                4,
                0
              ],
              "size": [
                0.1,
                21,
                5
              ],
              "uv": {
                "north": {
                  "uv": [
                    44.25,
                    44
                  ],
                  "uv_size": [
                    -0.25,
                    21
                  ]
                },
                "east": {
                  "uv": [
                    20,
                    21
                  ],
                  "uv_size": [
                    -5,
                    21
                  ]
                },
                "south": {
                  "uv": [
                    45.25,
                    29
                  ],
                  "uv_size": [
                    -0.25,
                    21
                  ]
                },
                "west": {
                  "uv": [
                    15,
                    21
                  ],
                  "uv_size": [
                    -5,
                    21
                  ]
                },
                "up": {
                  "uv": [
                    46.25,
                    44
                  ],
                  "uv_size": [
                    -0.25,
                    5
                  ]
                },
                "down": {
                  "uv": [
                    0.25,
                    52
                  ],
                  "uv_size": [
                    -0.25,
                    -5
                  ]
                }
              }
            }
          ]
        },
        {
          "name": "bone2",
          "parent": "bone",
          "pivot": [
            -1.3,
            19,
            0
          ],
          "rotation": [
            17.10967,
            3.73171,
            -11.93845
          ],
          "cubes": [
            {
              "origin": [
                3.7,
                9,
                4
              ],
              "size": [
                4,
                12,
                4
              ],
              "uv": {
                "north": {
                  "uv": [
                    20,
                    31
                  ],
                  "uv_size": [
                    4,
                    12
                  ]
                },
                "east": {
                  "uv": [
                    24,
                    31
                  ],
                  "uv_size": [
                    4,
                    12
                  ]
                },
                "south": {
                  "uv": [
                    28,
                    31
                  ],
                  "uv_size": [
                    4,
                    12
                  ]
                },
                "west": {
                  "uv": [
                    32,
                    31
                  ],
                  "uv_size": [
                    4,
                    12
                  ]
                },
                "up": {
                  "uv": [
                    42,
                    13
                  ],
                  "uv_size": [
                    4,
                    4
                  ]
                },
                "down": {
                  "uv": [
                    42,
                    21
                  ],
                  "uv_size": [
                    4,
                    -4
                  ]
                }
              }
            },
            {
              "origin": [
                3.4,
                6,
                3.7
              ],
              "size": [
                4.6,
                3,
                4.6
              ],
              "uv": {
                "north": {
                  "uv": [
                    42,
                    21
                  ],
                  "uv_size": [
                    4.5,
                    3
                  ]
                },
                "east": {
                  "uv": [
                    20,
                    43
                  ],
                  "uv_size": [
                    4.5,
                    3
                  ]
                },
                "south": {
                  "uv": [
                    43,
                    24
                  ],
                  "uv_size": [
                    4.5,
                    3
                  ]
                },
                "west": {
                  "uv": [
                    25,
                    43
                  ],
                  "uv_size": [
                    4.5,
                    3
                  ]
                },
                "up": {
                  "uv": [
                    38,
                    24
                  ],
                  "uv_size": [
                    4.5,
                    4.5
                  ]
                },
                "down": {
                  "uv": [
                    40,
                    33.5
                  ],
                  "uv_size": [
                    4.5,
                    -4.5
                  ]
                }
              }
            }
          ]
        },
        {
          "name": "bone3",
          "parent": "bone",
          "pivot": [
            1.3,
            19,
            0
          ],
          "rotation": [
            17.10967,
            -3.73171,
            11.93845
          ],
          "cubes": [
            {
              "origin": [
                -7.7,
                9,
                4
              ],
              "size": [
                4,
                12,
                4
              ],
              "uv": {
                "north": {
                  "uv": [
                    24,
                    31
                  ],
                  "uv_size": [
                    -4,
                    12
                  ]
                },
                "east": {
                  "uv": [
                    36,
                    31
                  ],
                  "uv_size": [
                    -4,
                    12
                  ]
                },
                "south": {
                  "uv": [
                    32,
                    31
                  ],
                  "uv_size": [
                    -4,
                    12
                  ]
                },
                "west": {
                  "uv": [
                    28,
                    31
                  ],
                  "uv_size": [
                    -4,
                    12
                  ]
                },
                "up": {
                  "uv": [
                    46,
                    13
                  ],
                  "uv_size": [
                    -4,
                    4
                  ]
                },
                "down": {
                  "uv": [
                    46,
                    21
                  ],
                  "uv_size": [
                    -4,
                    -4
                  ]
                }
              }
            },
            {
              "origin": [
                -8,
                6,
                3.7
              ],
              "size": [
                4.6,
                3,
                4.6
              ],
              "uv": {
                "north": {
                  "uv": [
                    46.5,
                    21
                  ],
                  "uv_size": [
                    -4.5,
                    3
                  ]
                },
                "east": {
                  "uv": [
                    29.5,
                    43
                  ],
                  "uv_size": [
                    -4.5,
                    3
                  ]
                },
                "south": {
                  "uv": [
                    47.5,
                    24
                  ],
                  "uv_size": [
                    -4.5,
                    3
                  ]
                },
                "west": {
                  "uv": [
                    24.5,
                    43
                  ],
                  "uv_size": [
                    -4.5,
                    3
                  ]
                },
                "up": {
                  "uv": [
                    42.5,
                    24
                  ],
                  "uv_size": [
                    -4.5,
                    4.5
                  ]
                },
                "down": {
                  "uv": [
                    44.5,
                    33.5
                  ],
                  "uv_size": [
                    -4.5,
                    -4.5
                  ]
                }
              }
            }
          ]
        },
        {
          "name": "RightArm",
          "pivot": [
            -5,
            22,
            0
          ],
          "rotation": [
            -10,
            0,
            0
          ]
        },
        {
          "name": "LeftArm",
          "pivot": [
            5,
            22,
            0
          ],
          "rotation": [
            12,
            0,
            0
          ]
        },
        {
          "name": "RightLeg",
          "pivot": [
            -1.9,
            12,
            0
          ],
          "rotation": [
            11,
            0,
            2
          ]
        },
        {
          "name": "LeftLeg",
          "pivot": [
            1.9,
            12,
            0
          ],
          "rotation": [
            -10,
            0,
            -2
          ]
        }
      ]
    }
  ]
}