{
   "format_version": "1.21.60",
   "minecraft:crafting_items_catalog": {
      "categories": [
         {
            "category_name": "equipment",
            "groups": [
               {
                  "group_identifier": {
                     "icon": "farmersdelight:diamond_knife",
                     "name": "farmersdelight:itemGroup.name.knife"
                  },
                  "items": []
               },
               {
                  "group_identifier": {
                     "icon": "farmersdelight:roast_chicken_block_item",
                     "name": "farmersdelight:itemGroup.name.miscFood"
                  },
                  "items": []
               },
               {
                  "group_identifier": {
                     "icon": "farmersdelight:cooked_bacon",
                     "name": "farmersdelight:itemGroup.name.cookedFood"
                  },
                  "items": []
               }
            ]
         },
         {
            "category_name": "nature",
            "groups": [
               {
                  "group_identifier": {
                     "icon": "farmersdelight:wild_cabbages",
                     "name": "farmersdelight:itemGroup.name.wildcrop"
                  },
                  "items": []
               },
               {
                  "group_identifier": {
                     "icon": "farmersdelight:chicken_cuts",
                     "name": "farmersdelight:itemGroup.name.rawFood"
                  },
                  "items": []
               },
               {
                  "group_identifier": {
                     "icon": "farmersdelight:cabbage_seeds",
                     "name": "farmersdelight:itemGroup.name.seed"
                  },
                  "items": []
               },
               {
                  "group_identifier": {
                     "icon": "farmersdelight:tomato",
                     "name": "farmersdelight:itemGroup.name.crop"
                  },
                  "items": []
               }
            ]
         },
         {
            "category_name": "items",
            "groups": [
               {
                  "group_identifier": {
                     "icon": "farmersdelight:beetroot_crate",
                     "name": "farmersdelight:itemGroup.name.crate"
                  },
                  "items": []
               },
               {
                  "group_identifier": {
                     "icon": "farmersdelight:acacia_cabinet",
                     "name": "farmersdelight:itemGroup.name.cabinet"
                  },
                  "items": []
               },
               {
                  "group_identifier": {
                     "icon": "farmersdelight:tatami_mat",
                     "name": "farmersdelight:itemGroup.name.tatami"
                  },
                  "items": [
                     "farmersdelight:tatami",
                     "farmersdelight:tatami_mat",
                     "farmersdelight:half_tatami_mat"
                  ]
               }
            ]
         }
      ]
   }
}