{
  "format_version": "1.20.80",
  "minecraft:item": {
    "description": {
      "identifier": "thm_ecp:cash_double",
      "menu_category": {
        "category": "items"
      }
    },
    "components": {
      "minecraft:tags": {
        "tags": [
          "thm_ecp:cash_5"
        ]
      },
      "minecraft:hand_equipped": {
        "value": false
      },
      "minecraft:max_stack_size": {
        "value": 64
      },
      "minecraft:icon": {
        "textures": {
          "default": "thm_ecp_cash_double"
        }
      }
    }
  }
}
