{
	"format_version": "1.20.60",
	"minecraft:block": {
		"description": {
			"identifier": "thm_ecp:wall_atm",
			"menu_category": {
				"category": "construction"
			},
			"traits": {
				"minecraft:placement_direction": {
                    "enabled_states": ["minecraft:cardinal_direction"],
					"y_rotation_offset": 270
                   }
			}
		},
		"components": {
			"tag:thm_ecp:atm": {},
			"minecraft:destructible_by_mining": {
                "seconds_to_destroy": 0.45
            },
			"minecraft:destructible_by_explosion":false,
			"minecraft:geometry": "geometry.thm_ecp_wall_atm",
			"minecraft:transformation": {
               "rotation": [0, 0, 0]
              },
			"minecraft:material_instances": {
				"*": {
					"texture": "thm_ecp_wall_atm",
					"render_method": "opaque"
				}
			},
			"minecraft:selection_box": {
			},
			"minecraft:collision_box": {
				"origin": [
					-8,
					0,
					-8
				],
				"size": [
					16,
					16,
					16
				]
			}
		},
		"permutations": [
            { 
             "condition": "query.block_state ('minecraft:cardinal_direction') == 'north'",
             "components": {
              "minecraft:transformation": {
               "rotation": [0, -90, 0]
              }
             }
            },
            { 
             "condition": "query.block_state ('minecraft:cardinal_direction') == 'south'",
             "components": {
              "minecraft:transformation": {
               "rotation": [0, 90, 0]
              }
             }
            },
            { 
             "condition": "query.block_state ('minecraft:cardinal_direction') == 'west'",
             "components": {
              "minecraft:transformation": {
               "rotation": [0, 0, 0]
              }
             }
            },
            {
             "condition": "query.block_state ('minecraft:cardinal_direction') == 'east'",
             "components": {
              "minecraft:transformation": {
               "rotation": [0, 180, 0]
              	}
			} 
            }
        ]
	}
}