{
  "format_version": "1.10.0",
  "render_controllers": {
    "controller.render.carry": {
      "geometry": "geometry.default",
      "materials": [{ "*": "material.default" }],
      "textures": ["texture.default"]
    },
    "controller.render.carry.settings": {
      "geometry": "geometry.default",
      "materials": [
        { "*": "variable.is_enchanted ? material.enchanted : material.default" }
      ],
      "textures": ["texture.default", "texture.enchanted"]
    }
  }
}
