{
	"format_version": "1.16.0",
	"minecraft:geometry": [
		{
			"description": {
				"identifier": "geometry.auau",
				"texture_width": 32,
				"texture_height": 32,
				"visible_bounds_width": 3,
				"visible_bounds_height": 3.5,
				"visible_bounds_offset": [
					0,
					1.25,
					0
				]
			},
			"bones": [
				{
					"name": "bone",
					"pivot": [
						0,
						20.55,
						-1.95
					],
					"binding": "q.item_slot_to_bone_name(c.item_slot)",
					"cubes": [
						{
							"origin": [
								0.94277,
								18.75386,
								-2.1
							],
							"size": [
								0,
								0,
								0.2
							],
							"pivot": [
								0,
								20.55,
								-1.95
							],
							"rotation": [
								-115.5,
								0,
								0
							],
							"uv": {
								"north": {
									"uv": [
										30,
										26
									],
									"uv_size": [
										2,
										6
									]
								},
								"east": {
									"uv": [
										27.5,
										25.975
									],
									"uv_size": [
										1.3,
										6.025
									]
								},
								"south": {
									"uv": [
										21.875,
										26
									],
									"uv_size": [
										2,
										6
									]
								},
								"west": {
									"uv": [
										25.125,
										26
									],
									"uv_size": [
										1.375,
										6
									]
								},
								"up": {
									"uv": [
										26.625,
										25.625
									],
									"uv_size": [
										5.375,
										-0.875
									]
								},
								"down": {
									"uv": [
										6,
										0
									],
									"uv_size": [
										2,
										0
									]
								}
							}
						}
					]
				}
			]
		}
	]
}