{
	"format_version": "1.10.0",
	"minecraft:attachable": {
		"description": {
			"identifier": "oraevhats:_oraev_hats__korilakkuma",
			"render_controllers": ["controller.render.armor"],
			"materials": {
				"default": "entity_alphatest",
				"enchanted": "entity_alphatest_glint"
			},
			"textures": {
				"default": "textures/entity/attachable/_oraev_hats__korilakkuma",
				"enchanted": "textures/misc/enchanted_item_glint"
			},
			"geometry": {
				"default": "geometry._oraev_hats__korilakkuma"
			}
		}
	}
}