{
  "format_version": "1.20.20",
  "sound_definitions": {
    "goe_spa:intro": {
      "category": "ambient",
      "sounds": [{ "name": "sounds/goe/spa/ui/intro", "volume": 1.0 }]
    },
    "goe_spa:outro": {
      "category": "ambient",
      "sounds": [{ "name": "sounds/goe/spa/ui/outro", "volume": 1.0 }]
    },
    "goe_spa:button_click": {
      "category": "ambient",
      "sounds": [{ "name": "sounds/goe/spa/ui/button_click", "volume": 1.0 }]
    },
    "goe_spa:lock_phone": {
      "category": "ambient",
      "sounds": [{ "name": "sounds/goe/spa/ui/lock_phone", "volume": 1.0 }]
    },
    "goe_spa:unlock_phone": {
      "category": "ambient",
      "sounds": [{ "name": "sounds/goe/spa/ui/unlock_phone", "volume": 1.0 }]
    },
    "goe_spa:set_warp": {
      "category": "ambient",
      "sounds": [{ "name": "sounds/goe/spa/ui/set_warp", "volume": 1.0 }]
    },
    "goe_spa:teleport": {
      "category": "ambient",
      "sounds": [{ "name": "sounds/goe/spa/ui/teleport", "volume": 1.0 }]
    },
    "goe_spa:confirm": {
      "category": "ambient",
      "sounds": [{ "name": "sounds/goe/spa/ui/confirm", "volume": 1.0 }]
    },
    "goe_spa:cancel": {
      "category": "ambient",
      "sounds": [{ "name": "sounds/goe/spa/ui/cancel", "volume": 1.0 }]
    },
    "goe_spa:reject": {
      "category": "ambient",
      "sounds": [{ "name": "sounds/goe/spa/ui/reject", "volume": 1.0 }]
    },
    "goe_spa:purchase": {
      "category": "ambient",
      "sounds": [{ "name": "sounds/goe/spa/ui/purchase", "volume": 1.0 }]
    },
    "goe_spa:deposit": {
      "category": "ambient",
      "sounds": [{ "name": "sounds/goe/spa/ui/deposit", "volume": 1.0 }]
    },
    "goe_spa:charged": {
      "category": "ambient",
      "sounds": [{ "name": "sounds/goe/spa/ui/charged", "volume": 2.0 }]
    },
    "goe_spa:correct_answer": {
      "category": "ambient",
      "sounds": [{ "name": "sounds/goe/spa/ui/correct_answer", "volume": 1.0 }]
    },
    "goe_spa:wrong_answer": {
      "category": "ambient",
      "sounds": [{ "name": "sounds/goe/spa/ui/wrong_answer", "volume": 3.0 }]
    },
    "goe_spa:win": {
      "category": "ambient",
      "sounds": [{ "name": "sounds/goe/spa/ui/win", "volume": 2.0 }]
    },
    "goe_spa:lose": {
      "category": "ambient",
      "sounds": [{ "name": "sounds/goe/spa/ui/lose", "volume": 1.0 }]
    },
    "goe_spa:searching": {
      "category": "music",
      "sounds": [{ "name": "sounds/goe/spa/ui/searching", "volume": 4.0 }]
    },
    "goe_spa:delivery": {
      "category": "music",
      "sounds": [{ "name": "sounds/goe/spa/ui/delivery", "volume": 1.0 }]
    },
    "goe_spa:delivery_open": {
      "category": "music",
      "sounds": [{ "name": "sounds/goe/spa/sfx/delivery_open", "volume": 1.0 }]
    },
    "goe_spa:victory": {
      "category": "ambient",
      "sounds": [{ "name": "sounds/goe/spa/ui/victory", "volume": 5.0 }]
    },
    "goe_spa:trumpets": {
      "category": "music",
      "sounds": [{ "name": "sounds/goe/spa/ui/trumpets", "volume": 2.0 }]
    },
    "goe_spa:installed": {
      "category": "music",
      "sounds": [{ "name": "sounds/goe/spa/ui/installed", "volume": 3.0 }]
    },
    "goe_spa:send_message": {
      "category": "music",
      "sounds": [{ "name": "sounds/goe/spa/ui/send_message", "volume": 5.0 }]
    },
    "goe_spa:receive_message": {
      "category": "music",
      "sounds": [{ "name": "sounds/goe/spa/ui/receive_message", "volume": 2.0 }]
    },
    "goe_spa:upgrade": {
      "category": "music",
      "sounds": [{ "name": "sounds/goe/spa/ui/upgrade", "volume": 2.0 }]
    },
    "goe_spa:submit": {
      "category": "music",
      "sounds": [{ "name": "sounds/goe/spa/ui/submit", "volume": 2.0 }]
    },
    "goe_spa:app_installed": {
      "category": "music",
      "sounds": [{ "name": "sounds/goe/spa/ui/app_installed", "volume": 2.0 }]
    },
    "goe_spa:mini_game_music": {
      "category": "music",
      "sounds": [{ "name": "sounds/goe/spa/ui/mini_game_music", "volume": 1.0 }]
    },
    "goe_spa:flashlight": {
      "category": "music",
      "sounds": [{ "name": "sounds/goe/spa/ui/flashlight", "volume": 3.0 }]
    },
    "goe_spa:spray": {
      "category": "music",
      "sounds": [{ "name": "sounds/goe/spa/ui/spray", "volume": 3.0 }]
    },
    "goe_spa:delete": {
      "category": "music",
      "sounds": [{ "name": "sounds/goe/spa/ui/delete", "volume": 1.0 }]
    },
    "goe_spa:boost": {
      "category": "music",
      "sounds": [{ "name": "sounds/goe/spa/ui/boost", "volume": 1.0 }]
    },
    "goe_spa:satellite": {
      "category": "music",
      "sounds": [{ "name": "sounds/goe/spa/ui/satellite", "volume": 2.0 }]
    },
    "goe_spa:satellite_down": {
      "category": "music",
      "sounds": [{ "name": "sounds/goe/spa/ui/satellite_down", "volume": 2.0 }]
    },
    "goe_spa:downloading": {
      "category": "music",
      "sounds": [{ "name": "sounds/goe/spa/ui/downloading", "volume": 1.0 }]
    },


    "goe_spa:open_package": {
      "category": "ambient",
      "sounds": [{ "name": "sounds/goe/spa/sfx/open_package", "volume": 1.0 }]
    },
    "goe_spa:package_collect": {
      "category": "ambient",
      "sounds": [{ "name": "sounds/goe/spa/sfx/package_collect", "volume": 1.0 }]
    },
    "goe_spa:package_falling": {
      "category": "ambient",
      "sounds": [{ "name": "sounds/goe/spa/sfx/package_falling", "volume": 5.0 }]
    },
    "goe_spa:package_land": {
      "category": "player",
      "sounds": [ { "name": "sounds/damage/fallsmall", "volume": 10.0 } ]
    },


    "goe_spa:music_arcade": {
      "category": "music",
      "sounds": [ { "name": "sounds/goe/spa/bg_music/arcade", "volume": 1.0 } ]
    },
    "goe_spa:music_drums": {
      "category": "music",
      "sounds": [ { "name": "sounds/goe/spa/bg_music/drums", "volume": 1.0 } ]
    },
    "goe_spa:music_harp": {
      "category": "music",
      "sounds": [ { "name": "sounds/goe/spa/bg_music/harp", "volume": 1.0 } ]
    },
    "goe_spa:music_piano": {
      "category": "music",
      "sounds": [ { "name": "sounds/goe/spa/bg_music/piano", "volume": 1.0 } ]
    },
    "goe_spa:music_rock": {
      "category": "music",
      "sounds": [ { "name": "sounds/goe/spa/bg_music/rock", "volume": 1.0 } ]
    },
    "goe_spa:music_techno": {
      "category": "music",
      "sounds": [ { "name": "sounds/goe/spa/bg_music/techno", "volume": 1.0 } ]
    },
    "goe_spa:music_violin": {
      "category": "music",
      "sounds": [ { "name": "sounds/goe/spa/bg_music/violin", "volume": 1.0 } ]
    },
    "goe_spa:music_pop": {
      "category": "music",
      "sounds": [ { "name": "sounds/goe/spa/bg_music/pop", "volume": 1.0 } ]
    },
    "goe_spa:music_country": {
      "category": "music",
      "sounds": [ { "name": "sounds/goe/spa/bg_music/country", "volume": 1.0 } ]
    },
    "goe_spa:music_trumpet": {
      "category": "music",
      "sounds": [ { "name": "sounds/goe/spa/bg_music/trumpet", "volume": 1.0 } ]
    },
    "goe_spa:music_jazz": {
      "category": "music",
      "sounds": [ { "name": "sounds/goe/spa/bg_music/jazz", "volume": 1.0 } ]
    },
    "goe_spa:music_reggae": {
      "category": "music",
      "sounds": [ { "name": "sounds/goe/spa/bg_music/reggae", "volume": 1.0 } ]
    },
    "goe_spa:music_rap": {
      "category": "music",
      "sounds": [ { "name": "sounds/goe/spa/bg_music/hip_hop", "volume": 1.0 } ]
    },
    "goe_spa:music_creepy": {
      "category": "music",
      "sounds": [ { "name": "sounds/goe/spa/bg_music/creepy", "volume": 1.0 } ]
    },
    "goe_spa:music_dubstep": {
      "category": "music",
      "sounds": [ { "name": "sounds/goe/spa/bg_music/dubstep", "volume": 1.0 } ]
    },

    "goe_spa:building": {
      "category": "music",
      "sounds": [ { "name": "sounds/goe/spa/build/construction", "volume": 1.0 } ]
    },
    "goe_spa:build_confirm_button": {
      "category": "music",
      "sounds": [ { "name": "sounds/goe/spa/build/confirm_button", "volume": 1.0 } ]
    },
    "goe_spa:build_cancel_button": {
      "category": "music",
      "sounds": [ { "name": "sounds/goe/spa/build/cancel_button", "volume": 1.0 } ]
    },
    "goe_spa:build_border_spawned": {
      "category": "music",
      "sounds": [ { "name": "sounds/goe/spa/build/border_spawned", "volume": 1.0 } ]
    }
  }
}
