{
  "namespace": "hud",
  "$schema": "https://kalmemarq.github.io/Bugrock-JSON-UI-Schemas/ui.schema.json",
  "hud_title_text": {
    "type": "stack_panel",
    "orientation": "vertical",
    "offset": [
      0,
      -19
    ],
    "layer": 1,
    "alpha": 1,
    "propagate_alpha": true,
    "controls": [
      {
        "title_frame": {
          "type": "panel",
          "size": [
            "100%",
            "100%cm"
          ],
          "controls": [
            {
              "title_background": {
                "type": "image",
                "size": [
                  "100%sm + 30px",
                  "100%sm + 6px"
                ],
                "texture": "textures/ui/hud_tip_text_background",
                "alpha": 0
              }
            },
            {
              "title": {
                "type": "label",
                "anchor_from": "top_middle",
                "anchor_to": "top_middle",
                "color": "$title_command_text_color",
                "text": "#text",
                "alpha": 0,
                "layer": 31,
                "localize": false,
                "font_size": "extra_large",
                "variables": [
                  {
                    "requires": "(not $title_shadow)",
                    "$show_shadow": false
                  },
                  {
                    "requires": "$title_shadow",
                    "$show_shadow": true
                  }
                ],
                "shadow": "$show_shadow",
                "text_alignment": "center",
                "offset": [
                  0,
                  6
                ],
                "bindings": [
                  {
                    "binding_name": "#hud_title_text_string",
                    "binding_name_override": "#text",
                    "binding_type": "global"
                  }
                ]
              }
            }
          ]
        }
      },
      {
        "subtitle_frame": {
          "type": "panel",
          "size": [
            "100%",
            "100%cm"
          ],
          "controls": [
            {
              "subtitle_background": {
                "type": "image",
                "size": [
                  "100%sm + 20px",
                  "100%sm + 5px"
                ],
                "offset": [
                  0,
                  16
                ],
                "texture": "textures/ui/hud_tip_text_background",
                "variables": [
                  {
                    "requires": "$subtitle_initially_visible",
                    "$subtitle_bg": "@hud.anim_title_background_alpha_in"
                  },
                  {
                    "requires": "(not $subtitle_initially_visible)",
                    "$subtitle_bg": "@hud.anim_subtitle_background_alpha_in"
                  }
                ],
                "alpha": 0
              }
            },
            {
              "subtitle": {
                "type": "label",
                "anchor_from": "top_middle",
                "anchor_to": "top_middle",
                "color": "$title_command_text_color",
                "text": "#text",
                "layer": 31,
                "localize": false,
                "font_size": "large",
                "variables": [
                  {
                    "requires": "$subtitle_initially_visible",
                    "$anim_type": 1.0
                  },
                  {
                    "requires": "(not $subtitle_initially_visible)",
                    "$anim_type": 1
                  },
                  {
                    "requires": "(not $title_shadow)",
                    "$show_shadow": false
                  },
                  {
                    "requires": "$title_shadow",
                    "$show_shadow": true
                  }
                ],
                "shadow": "$show_shadow",
                "alpha": "$anim_type",
                "text_alignment": "center",
                "offset": [
                  1000000000,
                  19
                ],
                "bindings": [
                  {
                    "binding_name": "#hud_subtitle_text_string",
                    "binding_name_override": "#text",
                    "binding_type": "global"
                  }
                ]
              }
            }
          ]
        }
      }
    ]
  },
  "hud_player_renderer": {
    "type": "panel",
    "size": [
      0,
      0
    ],
    "controls": [
      {
        "hud_player": {
          "type": "custom",
          "renderer": "paper_doll_renderer",
          "layer": 1,
          "animation_reset_name": "screen_animation_reset",
          "anims": [
            "@common.screen_exit_size_animation_push",
            "@common.screen_exit_size_animation_pop",
            "@common.screen_entrance_size_animation_push",
            "@common.screen_entrance_size_animation_pop"
          ],
          "bindings": [
            {
              "binding_name": "#paper_doll_visible",
              "binding_name_override": "#visible"
            }
          ]
        }
      }
    ]
  },
  "custom_progress_bar_hp": {
    "$update_string": "hp:",
    "type": "image",
    "texture": "textures/hp_empty",
    "anchor_from": "bottom_middle",
    "anchor_to": "bottom_right",
    "layer": 1,
    "size": [
      81,
      9
    ],
    "$progress_offset": [
      -10,
      -32
    ],
    "variables": [
      {
        "requires": "$pocket_edition",
        "$progress_offset": [
          -20,
          -32
        ]
      }
    ],
    "offset": "$progress_offset",
    "bindings": [
      {
        "binding_name": "#is_creative_mode",
        "binding_type": "global"
      },
      {
        "binding_type": "view",
        "source_property_name": "(not #is_creative_mode)",
        "target_property_name": "#visible"
      }
    ],
    "controls": [
      {
        "hpText": {
          "type": "label",
          "offset": [
            0,
            0
          ],
          "anchor_from": "center",
          "anchor_to": "center",
          "layer": 7,
          "alpha": 1,
          "font_type": "default",
          "font_size": "medium",
          "font_scale_factor": 0.8,
          "text_alignment": "center",
          "text": "#text",
          "bindings": [
            {
              "binding_name": "#hud_subtitle_text_string",
              "binding_name_override": "#text",
              "binding_type": "global"
            }
          ]
        }
      },
      {
        "progress": {
          "type": "image",
          "size": [
            "100%",
            "100%"
          ],
          "layer": 1,
          "$one": 1,
          "$max_hp": 100.0,
          "clip_direction": "left",
          "clip_pixelperfect": false,
          "texture": "textures/hp_full",
          "bindings": [
            {
              "binding_type": "view",
              "source_control_name": "data_control_hp",
              "source_property_name": "((#preserved_text - $update_string) * $one)",
              "target_property_name": "#hp"
            },
            {
              "binding_type": "view",
              "source_property_name": "(($max_hp - #hp) / $max_hp)",
              "target_property_name": "#clip_ratio"
            }
          ],
          "controls": [
            {
              "data_control_hp": {
                "type": "panel",
                "size": [
                  0,
                  0
                ],
                "bindings": [
                  {
                    "binding_name": "#hud_title_text_string"
                  },
                  {
                    "binding_name": "#hud_title_text_string",
                    "binding_name_override": "#preserved_text",
                    "binding_condition": "visibility_changed"
                  },
                  {
                    "binding_type": "view",
                    "source_property_name": "(not (#hud_title_text_string = #preserved_text) and not ((#hud_title_text_string - $update_string) = #hud_title_text_string))",
                    "target_property_name": "#visible"
                  }
                ]
              }
            }
          ]
        }
      }
    ]
  },
  "root_panel": {
    "modifications": [
      {
        "array_name": "controls",
        "operation": "insert_back",
        "value": [
          {
            "custom_progress_bar_hp@hud.custom_progress_bar_hp": {}
          }
        ]
      }
    ]
  }
}