{
	"texture_data": {
		"mbl_road_bull_dozer_spawn_egg": {
			"textures": ["textures/mobblocks/roads/items/bull_dozer_spawn_egg"]
		},
		"mbl_road_steam_roller_spawn_egg": {
			"textures": ["textures/mobblocks/roads/items/steam_roller_spawn_egg"]
		},
		"mbl_road_dump_truck_spawn_egg": {
			"textures": ["textures/mobblocks/roads/items/dump_truck_spawn_egg"]
		},
		"mbl_road_mixer_truck_spawn_egg": {
			"textures": ["textures/mobblocks/roads/items/mixer_truck_spawn_egg"]
		},
		"mbl_road_explainer_book": {
			"textures": "textures/mobblocks/roads/items/explainer_book.png"
		}
	}
}