{
	"resource_pack_name": "vanilla",
	"texture_name": "atlas.terrain",
	"padding": 8,
	"num_mip_levels": 4,
	"texture_data": {
		"mbl_roads:for_sale_sign": {
			"textures": "textures/mobblocks/roads/blocks/for_sale_sign.png"
		},
		"mbl_roads:sold_sign": {
			"textures": "textures/mobblocks/roads/blocks/sold_sign.png"
		},
		"mbl_roads:no_fouling_sign": {
			"textures": "textures/mobblocks/roads/blocks/no_fouling_sign.png"
		},
		"mbl_roads:ahead_sign": {
			"textures": "textures/mobblocks/roads/blocks/ahead_sign.png"
		},
		"mbl_roads:rail_crossing_sign": {
			"textures": "textures/mobblocks/roads/blocks/rail_crossing_sign.png"
		},
		"mbl_roads:walking_sign": {
			"textures": "textures/mobblocks/roads/blocks/walking_sign.png"
		},
		"mbl_roads:bike_sign": {
			"textures": "textures/mobblocks/roads/blocks/bike_sign.png"
		},
		"mbl_roads:turn_right_sign": {
			"textures": "textures/mobblocks/roads/blocks/turn_right_sign.png"
		},
		"mbl_roads:turn_left_sign": {
			"textures": "textures/mobblocks/roads/blocks/turn_left_sign.png"
		},
		"mbl_roads:no_u_turn_sign": {
			"textures": "textures/mobblocks/roads/blocks/no_u_turn_sign.png"
		},
		"mbl_roads:dead_end_sign": {
			"textures": "textures/mobblocks/roads/blocks/dead_end_sign.png"
		},
		"mbl_roads:street_bin": {
			"textures": "textures/mobblocks/roads/blocks/street_bin.png"
		},
		"mbl_roads:black_dustbin": {
			"textures": "textures/mobblocks/roads/blocks/black_dustbin.png"
		},
		"mbl_roads:grey_dustbin": {
			"textures": "textures/mobblocks/roads/blocks/grey_dustbin.png"
		},
		"mbl_roads:green_dustbin": {
			"textures": "textures/mobblocks/roads/blocks/green_dustbin.png"
		},
		"mbl_roads:brown_dustbin": {
			"textures": "textures/mobblocks/roads/blocks/brown_dustbin.png"
		},
		"mbl_roads:pedestrian_barrier": {
			"textures": "textures/mobblocks/roads/blocks/pedestrian_barrier.png"
		},
		"mbl_roads:mail_box": {
			"textures": "textures/mobblocks/roads/blocks/mail_box.png"
		},
		"mbl_roads:post_box": {
			"textures": "textures/mobblocks/roads/blocks/post_box.png"
		},
		"mbl_roads:fire_hydrant": {
			"textures": "textures/mobblocks/roads/blocks/fire_hydrant.png"
		},
		"mbl_roads:parking_meter": {
			"textures": "textures/mobblocks/roads/blocks/parking_meter.png"
		},
		"mbl_roads:street_light": {
			"textures": "textures/mobblocks/roads/blocks/street_light.png"
		},
		"mbl_roads:street_lantern": {
			"textures": "textures/mobblocks/roads/blocks/street_lantern.png"
		},
		"mbl_roads:construction_sign": {
			"textures": "textures/mobblocks/roads/blocks/construction_sign.png"
		},
		"mbl_roads:traffic_light": {
			"textures": "textures/mobblocks/roads/blocks/traffic_light.png"
		},
		"mbl_roads:traffic_light_carry": {
			"textures": "textures/mobblocks/roads/blocks/traffic_light.png"
		},
		"mbl_roads:stop_sign": {
			"textures": "textures/mobblocks/roads/blocks/stop_sign.png"
		},
		"mbl_roads:slow_sign": {
			"textures": "textures/mobblocks/roads/blocks/slow_sign.png"
		},
		"mbl_roads:no_parking_sign": {
			"textures": "textures/mobblocks/roads/blocks/no_parking_sign.png"
		},
		"mbl_roads:parking_sign": {
			"textures": "textures/mobblocks/roads/blocks/parking_sign.png"
		},
		"mbl_roads:speed_sign_30": {
			"textures": "textures/mobblocks/roads/blocks/speed_sign_30.png"
		},
		"mbl_roads:speed_sign_50": {
			"textures": "textures/mobblocks/roads/blocks/speed_sign_50.png"
		},
		"mbl_roads:speed_sign_60": {
			"textures": "textures/mobblocks/roads/blocks/speed_sign_60.png"
		},
		"mbl_roads:pedestrian_red": {
			"textures": "textures/mobblocks/roads/blocks/pedestrian_red.png"
		},
		"mbl_roads:pedestrian_green": {
			"textures": "textures/mobblocks/roads/blocks/pedestrian_green.png"
		},
		"mbl_roads:base_metal_pole": {
			"textures": "textures/mobblocks/roads/blocks/base_metal_pole.png"
		},
		"mbl_roads:motorway_barrier": {
			"textures": "textures/mobblocks/roads/blocks/motorway_barrier.png"
		},
		"mbl_roads:safety_barrier": {
			"textures": "textures/mobblocks/roads/blocks/safety_barrier.png"
		},
		"mbl_roads:traffic_cone": {
			"textures": "textures/mobblocks/roads/blocks/traffic_cone.png"
		},
		"mbl_roads:dark_asphalt_drain": {
			"textures": "textures/mobblocks/roads/blocks/dark_asphalt_drain.png"
		},
		"mbl_roads:dark_asphalt_manhole_cover": {
			"textures": "textures/mobblocks/roads/blocks/dark_asphalt_manhole_cover.png"
		},
		"mbl_roads:dark_asphalt_curb_corner": {
			"textures": "textures/mobblocks/roads/blocks/dark_asphalt_curb_corner.png"
		},
		"mbl_roads:dark_asphalt_curb": {
			"textures": "textures/mobblocks/roads/blocks/dark_asphalt_curb.png"
		},
		"mbl_roads:light_asphalt_drain": {
			"textures": "textures/mobblocks/roads/blocks/light_asphalt_drain.png"
		},
		"mbl_roads:light_asphalt_manhole_cover": {
			"textures": "textures/mobblocks/roads/blocks/light_asphalt_manhole_cover.png"
		},
		"mbl_roads:light_asphalt_curb_corner": {
			"textures": "textures/mobblocks/roads/blocks/light_asphalt_curb_corner.png"
		},
		"mbl_roads:light_asphalt_curb": {
			"textures": "textures/mobblocks/roads/blocks/light_asphalt_curb.png"
		},
		"mbl_roads:dark_asphalt": {
			"textures": "textures/mobblocks/roads/blocks/dark_asphalt.png"
		},
		"mbl_roads:dark_asphalt_pot_hole": {
			"textures": "textures/mobblocks/roads/blocks/dark_asphalt_pot_hole.png"
		},
		"mbl_roads:dark_asphalt_pot_hole_01": {
			"textures": "textures/mobblocks/roads/blocks/dark_asphalt_pot_hole_01.png"
		},
		"mbl_roads:dark_asphalt_pot_hole_02": {
			"textures": "textures/mobblocks/roads/blocks/dark_asphalt_pot_hole_02.png"
		},
		"mbl_roads:dark_asphalt_pot_hole_03": {
			"textures": "textures/mobblocks/roads/blocks/dark_asphalt_pot_hole_03.png"
		},
		"mbl_roads:andesite_brick": {
			"textures": "textures/mobblocks/roads/blocks/andesite_brick.png"
		},
		"mbl_roads:granite_brick": {
			"textures": "textures/mobblocks/roads/blocks/granite_brick.png"
		},
		"mbl_roads:diorite_brick": {
			"textures": "textures/mobblocks/roads/blocks/diorite_brick.png"
		},
		"mbl_roads:light_asphalt": {
			"textures": "textures/mobblocks/roads/blocks/light_asphalt.png"
		},
		"mbl_roads:light_asphalt_pot_hole": {
			"textures": "textures/mobblocks/roads/blocks/light_asphalt_pot_hole.png"
		},
		"mbl_roads:light_asphalt_pot_hole_01": {
			"textures": "textures/mobblocks/roads/blocks/light_asphalt_pot_hole_01.png"
		},
		"mbl_roads:light_asphalt_pot_hole_02": {
			"textures": "textures/mobblocks/roads/blocks/light_asphalt_pot_hole_02.png"
		},
		"mbl_roads:light_asphalt_pot_hole_03": {
			"textures": "textures/mobblocks/roads/blocks/light_asphalt_pot_hole_03.png"
		},
		"mbl_roads:gray_road_marking_white_line": {
			"textures": "textures/mobblocks/roads/blocks/g_road_marking_w_line.png"
		},
		"mbl_roads:gray_road_marking_zebra_crossing": {
			"textures": "textures/mobblocks/roads/blocks/g_road_marking_zebra_crossing.png"
		},
		"mbl_roads:gray_road_marking_curved_white_line": {
			"textures": "textures/mobblocks/roads/blocks/g_road_marking_curved_w_line.png"
		},
		"mbl_roads:gray_road_marking_diagonal_white_line": {
			"textures": "textures/mobblocks/roads/blocks/g_road_marking_diagonal_w_line.png"
		},
		"mbl_roads:gray_road_marking_diagonal_double_white_line": {
			"textures": "textures/mobblocks/roads/blocks/g_road_marking_diagonal_double_w_line.png"
		},
		"mbl_roads:gray_road_marking_yellow_line": {
			"textures": "textures/mobblocks/roads/blocks/g_road_marking_y_line.png"
		},
		"mbl_roads:gray_road_marking_yellow_double_line": {
			"textures": "textures/mobblocks/roads/blocks/g_road_marking_y_double_line.png"
		},
		"mbl_roads:gray_road_marking_curved_yellow_line": {
			"textures": "textures/mobblocks/roads/blocks/g_road_marking_curved_y_line.png"
		},
		"mbl_roads:gray_road_marking_curved_yellow_double_line": {
			"textures": "textures/mobblocks/roads/blocks/g_road_marking_curved_y_double_line.png"
		},
		"mbl_roads:gray_road_marking_diagonal_yellow_line": {
			"textures": "textures/mobblocks/roads/blocks/g_road_marking_diagonal_y_line.png"
		},
		"mbl_roads:gray_road_marking_diagonal_double_yellow_line": {
			"textures": "textures/mobblocks/roads/blocks/g_road_marking_diagonal_double_y_line.png"
		},
		"mbl_roads:gray_road_marking_white_arrow_head": {
			"textures": "textures/mobblocks/roads/blocks/g_road_marking_w_arrow_head.png"
		},
		"mbl_roads:gray_road_marking_yellow_arrow_head": {
			"textures": "textures/mobblocks/roads/blocks/g_road_marking_y_arrow_head.png"
		},
		"mbl_roads:light_gray_road_marking_white_line": {
			"textures": "textures/mobblocks/roads/blocks/l_g_road_marking_w_line.png"
		},
		"mbl_roads:light_gray_road_marking_zebra_crossing": {
			"textures": "textures/mobblocks/roads/blocks/l_g_road_marking_zebra_crossing.png"
		},
		"mbl_roads:light_gray_road_marking_curved_white_line": {
			"textures": "textures/mobblocks/roads/blocks/l_g_road_marking_curved_w_line.png"
		},
		"mbl_roads:light_gray_road_marking_diagonal_white_line": {
			"textures": "textures/mobblocks/roads/blocks/l_g_road_marking_diagonal_w_line.png"
		},
		"mbl_roads:l_gray_road_marking_d_double_white_line": {
			"textures": "textures/mobblocks/roads/blocks/l_g_road_marking_diagonal_double_w_line.png"
		},
		"mbl_roads:light_gray_road_marking_yellow_line": {
			"textures": "textures/mobblocks/roads/blocks/l_g_road_marking_y_line.png"
		},
		"mbl_roads:light_gray_road_marking_yellow_double_line": {
			"textures": "textures/mobblocks/roads/blocks/l_g_road_marking_y_double_line.png"
		},
		"mbl_roads:light_gray_road_marking_curved_yellow_line": {
			"textures": "textures/mobblocks/roads/blocks/l_g_road_marking_curved_y_line.png"
		},
		"mbl_roads:light_gray_road_marking_curved_yellow_double_line": {
			"textures": "textures/mobblocks/roads/blocks/l_g_road_marking_curved_y_double_line.png"
		},
		"mbl_roads:light_gray_road_marking_diagonal_yellow_line": {
			"textures": "textures/mobblocks/roads/blocks/l_g_road_marking_diagonal_y_line.png"
		},
		"mbl_roads:l_gray_road_marking_d_double_yellow_line": {
			"textures": "textures/mobblocks/roads/blocks/l_g_road_marking_diagonal_double_y_line.png"
		},
		"mbl_roads:light_gray_road_marking_white_arrow_head": {
			"textures": "textures/mobblocks/roads/blocks/l_g_road_marking_w_arrow_head.png"
		},
		"mbl_roads:light_gray_road_marking_yellow_arrow_head": {
			"textures": "textures/mobblocks/roads/blocks/l_g_road_marking_y_arrow_head.png"
		}
	}
}