{
  "pools": [
    {
      "rolls": 1,
      "entries": [
        {
          "type": "item",
          "name": "minecraft:carrot",
          "weight": 9,
          "functions": [
            {
              "function": "set_count",
              "count": {
                "min": 2,
                "max": 4
              }
            }
          ]
        },
        {
          "type": "item",
          "name": "minecraft:carrot",
          "weight": 1,
          "functions": [
            {
              "function": "set_count",
              "count": 1
            }
          ]
        }
      ]
    }
  ]
}