{
  "pools": [
    {
      "rolls": 1,
      "entries": [
        {
          "type": "item",
          "name": "farmersdelight:onion",
          "functions": [
            {
              "function": "set_count",
              "count": 1
            }
          ]
        }
      ]
    },
    {
      "rolls": 1,
      "entries": [
        {
          "type": "item",
          "name": "minecraft:red_flower",
          "functions": [
            {
              "function": "set_count",
              "count": 1
            },
            {
              "function": "set_data",
              "data": 2
            }
          ]
        }
      ]
    }
  ]
}