{
	"format_version": "1.8.0",
	"animations": {
		"animation.mbl_roads.mixer_truck.drive": {
			"loop": true,
			"animation_length": 1.24,
			"bones": {
				"steering_wheel": {
					"rotation": [0, 0, "variable.steering * -0.6"]
				},
				"all": {
					"rotation": {
						"0.0": {
							"post": [0, 0, 0],
							"lerp_mode": "catmullrom"
						},
						"0.32": {
							"post": [-1, 0, 0],
							"lerp_mode": "catmullrom"
						},
						"0.96": {
							"post": [1, 0, 0],
							"lerp_mode": "catmullrom"
						},
						"1.24": {
							"post": [0, 0, 0],
							"lerp_mode": "catmullrom"
						}
					},
					"position": {
						"0.0": {
							"post": [0, 0, 0],
							"lerp_mode": "catmullrom"
						},
						"0.64": {
							"post": [0, 1.3125, 0],
							"lerp_mode": "catmullrom"
						},
						"1.24": {
							"post": [0, 0, 0],
							"lerp_mode": "catmullrom"
						}
					}
				},
				"forward_wheels": {
					"rotation": {
						"0.0": [0, 0, 0],
						"1.24": [360, 0, 0]
					},
					"position": {
						"0.0": [0, 0, 0],
						"1.24": [0, 0, 0]
					}
				},
				"back_wheels": {
					"rotation": {
						"0.0": [0, 0, 0],
						"1.24": [360, 0, 0]
					},
					"position": {
						"0.0": [0, 0, 0],
						"1.24": [0, 0, 0]
					}
				},
				"back_wheels2": {
					"rotation": {
						"0.0": [0, 0, 0],
						"1.24": [360, 0, 0]
					},
					"position": {
						"0.0": [0, 0, 0],
						"1.24": [0, 0, 0]
					}
				}
			}
		}
	}
}