{
	"format_version": "1.8.0",
	"animations": {
		"animation.mbl_roads.dump_truck.drive": {
			"loop": true,
			"animation_length": 0.76,
			"bones": {
				"steering_wheel": {
					"rotation": [0, 0, "variable.steering * -0.6"]
				},
				"all": {
					"rotation": {
						"0.0": {
							"post": [0, 0, 0],
							"lerp_mode": "catmullrom"
						},
						"0.2": {
							"post": [-0.75, 0, 0],
							"lerp_mode": "catmullrom"
						},
						"0.56": {
							"post": [0.73, 0, 0],
							"lerp_mode": "catmullrom"
						},
						"0.76": {
							"post": [0, 0, 0],
							"lerp_mode": "catmullrom"
						}
					},
					"position": {
						"0.0": {
							"post": [0, 0, 0],
							"lerp_mode": "catmullrom"
						},
						"0.4": {
							"post": [0, -0.775, 0],
							"lerp_mode": "catmullrom"
						},
						"0.76": {
							"post": [0, 0, 0],
							"lerp_mode": "catmullrom"
						}
					}
				},
				"forward_wheels": {
					"rotation": {
						"0.0": [0, 0, 0],
						"0.76": [360, 0, 0]
					}
				},
				"back_wheels": {
					"rotation": {
						"0.0": [0, 0, 0],
						"0.76": [360, 0, 0]
					}
				},
				"back_wheels2": {
					"rotation": {
						"0.0": [0, 0, 0],
						"0.76": [360, 0, 0]
					}
				},
				"back_wheels3": {
					"rotation": {
						"0.0": [0, 0, 0],
						"0.76": [360, 0, 0]
					}
				}
			}
		}
	}
}