{
	"format_version": "1.16.0",
	"minecraft:entity": {
		"description": {
			"identifier": "thm_ecp:dummy",
			"is_summonable": false,
			"is_spawnable": false,
			"is_experimental": false
		},
		"component_groups": {
			"thm_ecp:despawn": {
				"minecraft:instant_despawn": {}
			}
		},
		"components": {
			"minecraft:type_family": {
				"family": [
					"dummy"
				]
			},
			"minecraft:damage_sensor": {
				"triggers": {
					"on_damage": {
						"filters": {}
					},
					"deals_damage": false
				}
			},
			"minecraft:health": {
				"value": 1,
				"max": 1
			},
			"minecraft:knockback_resistance": {
				"value": 1,
				"max": 1
			},
			"minecraft:push_through": {
				"value": 1
			},
			"minecraft:collision_box": {
				"width": 0.1,
				"height": 0.1
			},
			"minecraft:physics": {
				"has_gravity": false,
				"has_collision": false
			}
		},

		"events": {
			"minecraft:entity_spawned": {
				"add": {
					"component_groups": [
						"thm_ecp:despawn"
					]
				}
			}
		}

	}
}