{
	"format_version": "1.16.0",
	"minecraft:entity": {
		"description": {
			"identifier": "thm_ecp:market",
			"is_summonable": true,
			"is_spawnable": false,
			"is_experimental": false,
            "properties": {
				"thm_ecp:rot": { 
					"type": "int", 
					"range": [-90, 180], 
					"default": 0 , 
					"client_sync": true 
				},
                "thm_ecp:item0": { 
					"type": "int", 
					"range": [0, 64], 
					"default": 0 , 
					"client_sync": true 
				},
                "thm_ecp:item1": { 
					"type": "int", 
					"range": [0, 64], 
					"default": 0 , 
					"client_sync": true 
				},
                "thm_ecp:item2": { 
					"type": "int", 
					"range": [0, 64], 
					"default": 0 , 
					"client_sync": true 
				},
                "thm_ecp:colour1": { 
					"type": "int", 
					"range": [0, 64], 
					"default": 1 , 
					"client_sync": true 
				},
                "thm_ecp:colour2": { 
					"type": "int", 
					"range": [0, 64], 
					"default": 8 , 
					"client_sync": true 
				}
            }
		},
		"components": {
			"minecraft:type_family": {
				"family": [
					"thm_ecp_market"
				]
			},
			"minecraft:inventory": {
				"additional_slots_per_strength": 0,
				"can_be_siphoned_from": false,
				"container_type": "minecart_chest",
				"inventory_size": 3,
				"private": true,
				"restrict_to_owner": true
			},
			"minecraft:nameable": {
				"allow_name_tag_renaming": false,
				"always_show": true
			},
			"minecraft:damage_sensor": {
				"triggers": {
					"on_damage": {
						"filters": {}
					},
					"deals_damage": false
				}
			},
            "minecraft:custom_hit_test": {
                "hitboxes": [
                    {
                        "width": 2,
                        "height": 2,
                        "pivot": [
                            0,
                            0,
                            0
                        ]
                    }
                ]
            },
			"minecraft:health": {
				"value": 1,
				"max": 1
			},
			"minecraft:knockback_resistance": {
				"value": 1,
				"max": 1
			},
			"minecraft:push_through": {
				"value": 1
			},
			"minecraft:collision_box": {
				"width": 2.0,
				"height": 2
			},
			"minecraft:physics": {
				"has_gravity": true,
				"has_collision": true
			}
		}
	}
}