{
	"format_version": "1.16.0",
	"minecraft:entity": {
		"description": {
			"identifier": "thm_ecp:storage",
			"is_summonable": true,
			"is_spawnable": false,
			"is_experimental": false
		},
		"components": {
			"minecraft:type_family": {
				"family": [
					"thm_ecp_storage"
				]
			},
            "minecraft:inventory": {
				"additional_slots_per_strength": 0,
				"can_be_siphoned_from": false,
				"container_type": "minecart_chest",
				"inventory_size": 27,
				"private": true,
				"restrict_to_owner": true
			},
			"minecraft:damage_sensor": {
				"triggers": {
					"on_damage": {
						"filters": {}
					},
					"deals_damage": false
				}
			},
			"minecraft:health": {
				"value": 1,
				"max": 1
			},
			"minecraft:knockback_resistance": {
				"value": 1,
				"max": 1
			},
			"minecraft:push_through": {
				"value": 1
			},
			"minecraft:collision_box": {
				"width": 0.1,
				"height": 0.1
			},
			"minecraft:physics": {
				"has_gravity": false,
				"has_collision": false
			}
		}

	}
}