{
  "format_version": "1.21.10",
  "minecraft:item": {
    "description": {
      "identifier": "seal:high_school_red_coat",
      "menu_category": {
        "category": "equipment",
        "group": "pa:itemGroup.name.highSchoolCoatPack"
      }
    },
    "components": {
      "minecraft:icon": "seal_high_school_red_coat",
      "minecraft:max_stack_size": 1,
      "minecraft:enchantable": {
        "value": 10,
        "slot": "armor_torso"
      },
      "minecraft:knockback_resistance": {
        "protection": 0.75
      },
      "minecraft:mining_speed": 5,
      "minecraft:hand_equipped": false,
      "minecraft:wearable": {
        "slot": "slot.armor.chest",
        "protection": 7
      },
      "minecraft:render_offsets": {
        "main_hand": {
          "third_person": {
            "scale": [
              0.1,
              0.1,
              0.1
            ]
          },
          "first_person": {
            "scale": [
              0.037999999999977205,
              0.037999999999977205,
              0.037999999999977205
            ]
          }
        },
        "off_hand": {
          "third_person": {
            "scale": [
              0.1,
              0.1,
              0.1
            ]
          },
          "first_person": {
            "scale": [
              0.037999999999977205,
              0.037999999999977205,
              0.037999999999977205
            ]
          }
        }
      },
      "minecraft:repairable": {
        "repair_items": [
          {
            "items": [
              "minecraft:emerald",
              "seal:high_school_red_coat"
            ],
            "repair_amount": 10
          }
        ]
      },
      "minecraft:display_name": {},
      "minecraft:allow_off_hand": false,
      "tag:minecraft:is_armor": {},
      "tag:minecraft:transformable_items": {},
      "tag:minecraft:trimmable_armors": {},
      "minecraft:glint": false,
      "minecraft:tags": {
        "tags": [
          "minecraft:is_armor",
          "minecraft:transformable_items",
          "minecraft:trimmable_armors"
        ]
      }
    }
  }
}