{
	"format_version": "1.8.0",
	"animations": {
		"animation.thm_ecp_auction.rot": {
			"loop": true,
			"bones": {
				"root": {
					"rotation": [0, "v.rot", 0]
				}
			}
		},
		"animation.thm_ecp_auction.place": {
			"animation_length": 0.25,
			"bones": {
				"root": {
					"scale": {
						"0.0": [1, 1, 1],
						"0.125": [1, 0.8, 1],
						"0.25": [1, 1, 1]
					}
				}
			}
		},
		"animation.thm_ecp_auction.gavel": {
			"loop": true,
			"animation_length": 4.5,
			"bones": {
				"gavel": {
					"rotation": {
						"3.0": [0, 0, 0],
						"3.5": [0, 0, 32.5],
						"4.0": [0, 0, -55],
						"4.5": [0, 0, 0]
					},
					"position": {
						"0.0": [0, 0, 0],
						"3.0": [0, 0, 0],
						"3.5": [0, 0, 0],
						"4.0": [3, 5, 0],
						"4.5": [0, 0, 0]
					},
					"scale": {
						"3.0": [1, 1, 1],
						"3.5": [1, 1.2, 1],
						"3.9167": [1, 1.2, 1],
						"4.0": [0.8, 1, 1],
						"4.1667": [1, 1, 1]
					}
				},
				"block": {
					"position": {
						"3.9167": [0, 0, 0],
						"4.0": [0, -0.6, 0],
						"4.1667": [0, 0, 0]
					},
					"scale": {
						"3.9167": [1, 1, 1],
						"4.0": [1, 0.7, 1],
						"4.1667": [1, 1, 1]
					}
				}
			}
		}
	}
}