{
	"format_version": "1.8.0",
	"animations": {
		"animation.thm_ecp.phone.first_person_hold": {
			"loop": true,
			"bones": {
				"main": {
					"rotation": [31.21267, -11.75299, 204.15649],
					"position": [-8.34806, 30.59034, -7.52412],
					"scale": 0.3
				}
			}
		},
		"animation.thm_ecp.phone.first_person_hold_offhand": {
			"loop": true,
			"bones": {
				"main": {
					"rotation": [-6.49846, -15.63366, 6.82831],
					"position": [-18.40229, 25.54598, 11.82786],
					"scale": 0.6
				}
			}
		},
		"animation.thm_ecp.phone.third_person_hold": {
			"loop": true,
			"bones": {
				"base": {
					"rotation": [123.99288, -35.88075, -143.67099],
					"position": [0.47785, 20.28788, -1.84301],
					"scale": 0.5
				}
			}
		}
	}
}