{
    "format_version": "1.12",
    "minecraft:recipe_shapeless": {
        "description": {
            "identifier": "farmersdelight:cake_from_slice"
        },
        "tags": [
            "crafting_table"
        ],
        "ingredients": [
            {
                "item": "farmersdelight:cake_slice"
            },
            {
                "item": "farmersdelight:cake_slice"
            },
            {
                "item": "farmersdelight:cake_slice"
            },
            {
                "item": "farmersdelight:cake_slice"
            },
            {
                "item": "farmersdelight:cake_slice"
            },
            {
                "item": "farmersdelight:cake_slice"
            },
            {
                "item": "farmersdelight:cake_slice"
            },
            {
                "item": "farmersdelight:cake_slice"
            }
        ],
        "result": {
            "item": "minecraft:cake"
        }
    }
}