{
    "format_version": "1.12",
    "minecraft:recipe_shaped": {
        "description": {
            "identifier": "farmersdelight:chocolate_pie_from_item"
        },
        "tags": [
            "crafting_table"
        ],
        "pattern": [
            "AAA",
            "BBB",
            "W#W"
        ],
        "key": {
            "A": {
                "item": "minecraft:cocoa_beans"
            },
            "W": {
                "item": "minecraft:sugar"
            },
            "#": {
                "item": "farmersdelight:pie_crust"
            },
            "B": {
                "item": "minecraft:milk_bucket"
            }
        },
        "result": [
            {
                "item": "farmersdelight:chocolate_pie"
            },
            {
                "item": "minecraft:bucket",
                "count": 3
            }
        ]
    }
}