{
    "format_version": "1.12",
    "minecraft:recipe_shaped": {
        "description": {
            "identifier": "farmersdelight:sweet_berry_cheesecake_from_item"
        },
        "tags": [
            "crafting_table"
        ],
        "pattern": [
            "AAA",
            "AAA",
            "W#W"
        ],
        "key": {
            "A": {
                "item": "minecraft:sweet_berries"
            },
            "#": {
                "item": "farmersdelight:pie_crust"
            },
            "W": {
                "item": "minecraft:milk_bucket"
            }
        },
        "result": [
            {
                "item": "farmersdelight:sweet_berry_cheesecake"
            },
            {
                "item": "minecraft:bucket",
                "count": 2
            }
        ]
    }
}