{
  "format_version": "1.20.80",
  "minecraft:item": {
    "description": {
      "identifier": "thm_ecp:atm_card_blue",
      "menu_category": {
        "category": "items"
      }
    },
    "components": {
      "minecraft:tags": {
        "tags": [
          "thm_ecp:atm_card"
        ]
      },
      "minecraft:hand_equipped": {
        "value": true
      },
      "minecraft:max_stack_size": {
        "value": 1
      },
      "minecraft:use_modifiers": {
        "use_duration": 0.1
      },
      "minecraft:icon": {
        "textures": {
          "default": "thm_ecp_atm_card_blue"
        }
      }
    }
  }
}
