{
    "format_version": "1.17.41",
    "minecraft:recipe_shaped": {
        "description": {
            "identifier": "thm_ecp:item_market_crim_crim"
        },
        "tags": ["crafting_table"],
        "pattern": [
            "XXX",
            "I I",
            "GGG"
        ],
        "key": {
            "X": "minecraft:wool",
            "I": "minecraft:crimson_fence",
            "G": "minecraft:crimson_planks"
        },
        "result": "thm_ecp:item_market"
    }
}
