{
  "tiers": [
    {
      "groups": [
        {
          //CUSTOM ITEMS
          "num_to_select": 2,
          "trades": [
            {
              "max_uses": 9999,
              "wants": [ { "item": "minecraft:redstone", "quantity": 8 } ],
              "gives": [ { "item": "minecraft:emerald", "quantity": 1 } ]
            },
            {
              "max_uses": 9999,
              "wants": [ { "item": "minecraft:emerald", "quantity": 2 } ],
              "gives": [ { "item": "goe_spa:battery", "quantity": 1 } ]
            }
          ]
        },
        {
          "num_to_select": 3,
          "trades": [
            {
              "max_uses": 9999,
              "wants": [ { "item": "minecraft:emerald", "quantity": 2 } ],
              "gives": [ { "item": "goe_spa:black_smartphone", "quantity": 1 } ]
            },
            {
              "max_uses": 9999,
              "wants": [ { "item": "minecraft:emerald", "quantity": 2 } ],
              "gives": [ { "item": "goe_spa:blue_smartphone", "quantity": 1 } ]
            },
            {
              "max_uses": 9999,
              "wants": [ { "item": "minecraft:emerald", "quantity": 2 } ],
              "gives": [ { "item": "goe_spa:brown_smartphone", "quantity": 1 } ]
            },
            {
              "max_uses": 9999,
              "wants": [ { "item": "minecraft:emerald", "quantity": 2 } ],
              "gives": [ { "item": "goe_spa:cyan_smartphone", "quantity": 1 } ]
            },
            {
              "max_uses": 9999,
              "wants": [ { "item": "minecraft:emerald", "quantity": 2 } ],
              "gives": [ { "item": "goe_spa:dark_gray_smartphone", "quantity": 1 } ]
            },
            {
              "max_uses": 9999,
              "wants": [ { "item": "minecraft:emerald", "quantity": 2 } ],
              "gives": [ { "item": "goe_spa:green_smartphone", "quantity": 1 } ]
            },
            {
              "max_uses": 9999,
              "wants": [ { "item": "minecraft:emerald", "quantity": 2 } ],
              "gives": [ { "item": "goe_spa:iron_smartphone", "quantity": 1 } ]
            },
            {
              "max_uses": 9999,
              "wants": [ { "item": "minecraft:emerald", "quantity": 2 } ],
              "gives": [ { "item": "goe_spa:light_blue_smartphone", "quantity": 1 } ]
            },
            {
              "max_uses": 9999,
              "wants": [ { "item": "minecraft:emerald", "quantity": 2 } ],
              "gives": [ { "item": "goe_spa:light_gray_smartphone", "quantity": 1 } ]
            },
            {
              "max_uses": 9999,
              "wants": [ { "item": "minecraft:emerald", "quantity": 2 } ],
              "gives": [ { "item": "goe_spa:lime_smartphone", "quantity": 1 } ]
            },
            {
              "max_uses": 9999,
              "wants": [ { "item": "minecraft:emerald", "quantity": 2 } ],
              "gives": [ { "item": "goe_spa:magenta_smartphone", "quantity": 1 } ]
            },
            {
              "max_uses": 9999,
              "wants": [ { "item": "minecraft:emerald", "quantity": 2 } ],
              "gives": [ { "item": "goe_spa:netherite_smartphone", "quantity": 1 } ]
            },
            {
              "max_uses": 9999,
              "wants": [ { "item": "minecraft:emerald", "quantity": 2 } ],
              "gives": [ { "item": "goe_spa:orange_smartphone", "quantity": 1 } ]
            },
            {
              "max_uses": 9999,
              "wants": [ { "item": "minecraft:emerald", "quantity": 2 } ],
              "gives": [ { "item": "goe_spa:pink_smartphone", "quantity": 1 } ]
            },
            {
              "max_uses": 9999,
              "wants": [ { "item": "minecraft:emerald", "quantity": 2 } ],
              "gives": [ { "item": "goe_spa:purple_smartphone", "quantity": 1 } ]
            },
            {
              "max_uses": 9999,
              "wants": [ { "item": "minecraft:emerald", "quantity": 2 } ],
              "gives": [ { "item": "goe_spa:red_smartphone", "quantity": 1 } ]
            },
            {
              "max_uses": 9999,
              "wants": [ { "item": "minecraft:emerald", "quantity": 2 } ],
              "gives": [ { "item": "goe_spa:white_smartphone", "quantity": 1 } ]
            },
            {
              "max_uses": 9999,
              "wants": [ { "item": "minecraft:emerald", "quantity": 2 } ],
              "gives": [ { "item": "goe_spa:yellow_smartphone", "quantity": 1 } ]
            }
          ]
        }
      ]
    }
  ]
}
