{
	"format_version": "1.16.0",
	"minecraft:entity": {
		"description": {
			"identifier": "goe_spa:biome_check",
			"is_spawnable": false,
			"is_summonable": true,
			"is_experimental": false,
            "properties": {
                "goe_spa:weather": {
                    "client_sync": true,
                    "type": "int",
                    "default": "0",
                    "range": [0, 2]
                },
                "goe_spa:underground": {
                    "client_sync": true,
                    "type": "bool",
                    "default": false
                },
                "goe_spa:in_water": {
                    "client_sync": true,
                    "type": "bool",
                    "default": false
                }
            }
		},
		"component_groups": {
            "goe_spa:time_to_despawn":{
                "minecraft:timer": {
                    "time": 0.5,
                    "looping": true,
                    "time_down_event": {
                        "event": "goe_spa:despawn",
                        "target": "self"
                    }
                }
            },

            "goe_spa:despawn":{ "minecraft:instant_despawn": {} }
        },
		"components": {
			"minecraft:type_family": {"family": ["utility"]},
			"minecraft:collision_box": { "width": 0.0, "height": 0.0 },
			"minecraft:damage_sensor": { "triggers": [ { "cause": "all", "deals_damage": false } ] },
			"minecraft:knockback_resistance": { "value": 1 },
			"minecraft:physics": { "has_gravity": false },
			"minecraft:pushable": { "is_pushable": false, "is_pushable_by_piston": false },
			"minecraft:scale" : { "value" : 0.0 },
			"minecraft:movement": { "value": 0 }
		},
		"events": {
            "minecraft:entity_spawned": {
                "sequence": [
                    {"add": { "component_groups": ["goe_spa:time_to_despawn"]}},
                    {
                        "filters": { "test": "has_biome_tag", "subject": "self", "operator": "equals", "value": "bamboo_jungle" },
                        "queue_command": {"command":"tag @s add bamboo_jungle"}
                    },
                    {
                        "filters": { "test": "has_biome_tag", "subject": "self", "operator": "equals", "value": "bamboo_jungle_hills" },
                        "queue_command": {"command":"tag @s add bamboo_jungle_hills"}
                    },
                    {
                        "filters": { "test": "has_biome_tag", "subject": "self", "operator": "equals", "value": "basalt_deltas" },
                        "queue_command": {"command":"tag @s add basalt_deltas"}
                    },
                    {
                        "filters": { "test": "has_biome_tag", "subject": "self", "operator": "equals", "value": "beach" },
                        "queue_command": {"command":"tag @s add beach"}
                    },
                    {
                        "filters": { "test": "has_biome_tag", "subject": "self", "operator": "equals", "value": "birch_forest" },
                        "queue_command": {"command":"tag @s add birch_forest"}
                    },
                    {
                        "filters": { "test": "has_biome_tag", "subject": "self", "operator": "equals", "value": "birch_forest_hills" },
                        "queue_command": {"command":"tag @s add birch_forest_hills"}
                    },
                    {
                        "filters": { "test": "has_biome_tag", "subject": "self", "operator": "equals", "value": "birch_forest_hills_mutated" },
                        "queue_command": {"command":"tag @s add birch_forest_hills_mutated"}
                    },
                    {
                        "filters": { "test": "has_biome_tag", "subject": "self", "operator": "equals", "value": "birch_forest_mutated" },
                        "queue_command": {"command":"tag @s add birch_forest_mutated"}
                    },
                    {
                        "filters": { "test": "has_biome_tag", "subject": "self", "operator": "equals", "value": "cherry_grove" },
                        "queue_command": {"command":"tag @s add cherry_grove"}
                    },
                    {
                        "filters": { "test": "has_biome_tag", "subject": "self", "operator": "equals", "value": "cold_beach" },
                        "queue_command": {"command":"tag @s add cold_beach"}
                    },
                    {
                        "filters": { "test": "has_biome_tag", "subject": "self", "operator": "equals", "value": "cold_ocean" },
                        "queue_command": {"command":"tag @s add cold_ocean"}
                    },
                    {
                        "filters": { "test": "has_biome_tag", "subject": "self", "operator": "equals", "value": "cold_taiga" },
                        "queue_command": {"command":"tag @s add cold_taiga"}
                    },
                    {
                        "filters": { "test": "has_biome_tag", "subject": "self", "operator": "equals", "value": "cold_taiga_hills" },
                        "queue_command": {"command":"tag @s add cold_taiga_hills"}
                    },
                    {
                        "filters": { "test": "has_biome_tag", "subject": "self", "operator": "equals", "value": "cold_taiga_mutated" },
                        "queue_command": {"command":"tag @s add cold_taiga_mutated"}
                    },
                    {
                        "filters": { "test": "has_biome_tag", "subject": "self", "operator": "equals", "value": "crimson_forest" },
                        "queue_command": {"command":"tag @s add crimson_forest"}
                    },
                    {
                        "filters": { "test": "has_biome_tag", "subject": "self", "operator": "equals", "value": "deep_cold_ocean" },
                        "queue_command": {"command":"tag @s add deep_cold_ocean"}
                    },
                    {
                        "filters": { "test": "has_biome_tag", "subject": "self", "operator": "equals", "value": "deep_dark" },
                        "queue_command": {"command":"tag @s add deep_dark"}
                    },
                    {
                        "filters": { "test": "has_biome_tag", "subject": "self", "operator": "equals", "value": "deep_frozen_ocean" },
                        "queue_command": {"command":"tag @s add deep_frozen_ocean"}
                    },
                    {
                        "filters": { "test": "has_biome_tag", "subject": "self", "operator": "equals", "value": "deep_lukewarm_ocean" },
                        "queue_command": {"command":"tag @s add deep_lukewarm_ocean"}
                    },
                    {
                        "filters": { "test": "has_biome_tag", "subject": "self", "operator": "equals", "value": "deep_ocean" },
                        "queue_command": {"command":"tag @s add deep_ocean"}
                    },
                    {
                        "filters": { "test": "has_biome_tag", "subject": "self", "operator": "equals", "value": "deep_warm_ocean" },
                        "queue_command": {"command":"tag @s add deep_warm_ocean"}
                    },
                    {
                        "filters": { "test": "has_biome_tag", "subject": "self", "operator": "equals", "value": "desert" },
                        "queue_command": {"command":"tag @s add desert"}
                    },
                    {
                        "filters": { "test": "has_biome_tag", "subject": "self", "operator": "equals", "value": "desert_hills" },
                        "queue_command": {"command":"tag @s add desert_hills"}
                    },
                    {
                        "filters": { "test": "has_biome_tag", "subject": "self", "operator": "equals", "value": "desert_mutated" },
                        "queue_command": {"command":"tag @s add desert_mutated"}
                    },
                    {
                        "filters": { "test": "has_biome_tag", "subject": "self", "operator": "equals", "value": "dripstone_caves" },
                        "queue_command": {"command":"tag @s add dripstone_caves"}
                    },
                    {
                        "filters": { "test": "has_biome_tag", "subject": "self", "operator": "equals", "value": "extreme_hills" },
                        "queue_command": {"command":"tag @s add extreme_hills"}
                    },
                    {
                        "filters": { "test": "has_biome_tag", "subject": "self", "operator": "equals", "value": "extreme_hills_edge" },
                        "queue_command": {"command":"tag @s add extreme_hills_edge"}
                    },
                    {
                        "filters": { "test": "has_biome_tag", "subject": "self", "operator": "equals", "value": "extreme_hills_mutated" },
                        "queue_command": {"command":"tag @s add extreme_hills_mutated"}
                    },
                    {
                        "filters": { "test": "has_biome_tag", "subject": "self", "operator": "equals", "value": "extreme_hills_plus_trees" },
                        "queue_command": {"command":"tag @s add extreme_hills_plus_trees"}
                    },
                    {
                        "filters": { "test": "has_biome_tag", "subject": "self", "operator": "equals", "value": "extreme_hills_plus_trees_mutated" },
                        "queue_command": {"command":"tag @s add extreme_hills_plus_trees_mutated"}
                    },
                    {
                        "filters": { "test": "has_biome_tag", "subject": "self", "operator": "equals", "value": "flower_forest" },
                        "queue_command": {"command":"tag @s add flower_forest"}
                    },
                    {
                        "filters": { "test": "has_biome_tag", "subject": "self", "operator": "equals", "value": "forest" },
                        "queue_command": {"command":"tag @s add forest"}
                    },
                    {
                        "filters": { "test": "has_biome_tag", "subject": "self", "operator": "equals", "value": "forest_hills" },
                        "queue_command": {"command":"tag @s add forest_hills"}
                    },
                    {
                        "filters": { "test": "has_biome_tag", "subject": "self", "operator": "equals", "value": "frozen_ocean" },
                        "queue_command": {"command":"tag @s add frozen_ocean"}
                    },
                    {
                        "filters": { "test": "has_biome_tag", "subject": "self", "operator": "equals", "value": "frozen_peaks" },
                        "queue_command": {"command":"tag @s add frozen_peaks"}
                    },
                    {
                        "filters": { "test": "has_biome_tag", "subject": "self", "operator": "equals", "value": "frozen_river" },
                        "queue_command": {"command":"tag @s add frozen_river"}
                    },
                    {
                        "filters": { "test": "has_biome_tag", "subject": "self", "operator": "equals", "value": "frozen" },
                        "queue_command": {"command":"tag @s add frozen"}
                    },
                    {
                        "filters": { "test": "has_biome_tag", "subject": "self", "operator": "equals", "value": "grove" },
                        "queue_command": {"command":"tag @s add grove"}
                    },
                    {
                        "filters": {"all_of": [
                            { "test": "has_biome_tag", "subject": "self", "operator": "equals", "value": "nether" },
                            { "test": "has_biome_tag", "subject": "self", "operator": "not", "value": "basalt_deltas" },
                            { "test": "has_biome_tag", "subject": "self", "operator": "not", "value": "crimson_forest" },
                            { "test": "has_biome_tag", "subject": "self", "operator": "not", "value": "soulsand_valley" },
                            { "test": "has_biome_tag", "subject": "self", "operator": "not", "value": "warped_forest" }
                            ]},
                        "queue_command": {"command":"tag @s add hell"}
                    },
                    {
                        "filters": { "test": "has_biome_tag", "subject": "self", "operator": "equals", "value": "ice_mountains" },
                        "queue_command": {"command":"tag @s add ice_mountains"}
                    },
                    {
                        "filters": { "test": "has_biome_tag", "subject": "self", "operator": "equals", "value": "ice_plains" },
                        "queue_command": {"command":"tag @s add ice_plains"}
                    },
                    {
                        "filters": { "test": "has_biome_tag", "subject": "self", "operator": "equals", "value": "ice_plains_spikes" },
                        "queue_command": {"command":"tag @s add ice_plains_spikes"}
                    },
                    {
                        "filters": { "test": "has_biome_tag", "subject": "self", "operator": "equals", "value": "jagged_peaks" },
                        "queue_command": {"command":"tag @s add jagged_peaks"}
                    },
                    {
                        "filters": { "test": "has_biome_tag", "subject": "self", "operator": "equals", "value": "jungle" },
                        "queue_command": {"command":"tag @s add jungle"}
                    },
                    {
                        "filters": { "test": "has_biome_tag", "subject": "self", "operator": "equals", "value": "jungle_edge" },
                        "queue_command": {"command":"tag @s add jungle_edge"}
                    },
                    {
                        "filters": { "test": "has_biome_tag", "subject": "self", "operator": "equals", "value": "jungle_edge_mutated" },
                        "queue_command": {"command":"tag @s add jungle_edge_mutated"}
                    },
                    {
                        "filters": { "test": "has_biome_tag", "subject": "self", "operator": "equals", "value": "jungle_hills" },
                        "queue_command": {"command":"tag @s add jungle_hills"}
                    },
                    {
                        "filters": { "test": "has_biome_tag", "subject": "self", "operator": "equals", "value": "jungle_mutated" },
                        "queue_command": {"command":"tag @s add jungle_mutated"}
                    },
                    {
                        "filters": { "test": "has_biome_tag", "subject": "self", "operator": "equals", "value": "legacy_frozen_ocean" },
                        "queue_command": {"command":"tag @s add legacy_frozen_ocean"}
                    },
                    {
                        "filters": { "test": "has_biome_tag", "subject": "self", "operator": "equals", "value": "lukewarm_ocean" },
                        "queue_command": {"command":"tag @s add lukewarm_ocean"}
                    },
                    {
                        "filters": { "test": "has_biome_tag", "subject": "self", "operator": "equals", "value": "lush_caves" },
                        "queue_command": {"command":"tag @s add lush_caves"}
                    },
                    {
                        "filters": { "test": "has_biome_tag", "subject": "self", "operator": "equals", "value": "mangrove_swamp" },
                        "queue_command": {"command":"tag @s add mangrove_swamp"}
                    },
                    {
                        "filters": { "test": "has_biome_tag", "subject": "self", "operator": "equals", "value": "meadow" },
                        "queue_command": {"command":"tag @s add meadow"}
                    },
                    {
                        "filters": { "test": "has_biome_tag", "subject": "self", "operator": "equals", "value": "mega_taiga" },
                        "queue_command": {"command":"tag @s add mega_taiga"}
                    },
                    {
                        "filters": { "test": "has_biome_tag", "subject": "self", "operator": "equals", "value": "mega_taiga_hills" },
                        "queue_command": {"command":"tag @s add mega_taiga_hills"}
                    },
                    {
                        "filters": { "test": "has_biome_tag", "subject": "self", "operator": "equals", "value": "mesa" },
                        "queue_command": {"command":"tag @s add mesa"}
                    },
                    {
                        "filters": { "test": "has_biome_tag", "subject": "self", "operator": "equals", "value": "mesa_bryce" },
                        "queue_command": {"command":"tag @s add mesa_bryce"}
                    },
                    {
                        "filters": { "test": "has_biome_tag", "subject": "self", "operator": "equals", "value": "mesa_plateau" },
                        "queue_command": {"command":"tag @s add mesa_plateau"}
                    },
                    {
                        "filters": { "test": "has_biome_tag", "subject": "self", "operator": "equals", "value": "mesa_plateau_mutated" },
                        "queue_command": {"command":"tag @s add mesa_plateau_mutated"}
                    },
                    {
                        "filters": { "test": "has_biome_tag", "subject": "self", "operator": "equals", "value": "mesa_plateau_stone" },
                        "queue_command": {"command":"tag @s add mesa_plateau_stone"}
                    },
                    {
                        "filters": { "test": "has_biome_tag", "subject": "self", "operator": "equals", "value": "mesa_plateau_stone_mutated" },
                        "queue_command": {"command":"tag @s add mesa_plateau_stone_mutated"}
                    },
                    {
                        "filters": { "test": "has_biome_tag", "subject": "self", "operator": "equals", "value": "mushroom_island" },
                        "queue_command": {"command":"tag @s add mushroom_island"}
                    },
                    {
                        "filters": { "test": "has_biome_tag", "subject": "self", "operator": "equals", "value": "mushroom_island_shore" },
                        "queue_command": {"command":"tag @s add mushroom_island_shore"}
                    },
                    {
                        "filters": { "test": "has_biome_tag", "subject": "self", "operator": "equals", "value": "ocean" },
                        "queue_command": {"command":"tag @s add ocean"}
                    },
                    {
                        "filters": { "test": "has_biome_tag", "subject": "self", "operator": "equals", "value": "plains" },
                        "queue_command": {"command":"tag @s add plains"}
                    },
                    {
                        "filters": { "test": "has_biome_tag", "subject": "self", "operator": "equals", "value": "redwood_taiga_hills_mutated" },
                        "queue_command": {"command":"tag @s add redwood_taiga_hills_mutated"}
                    },
                    {
                        "filters": { "test": "has_biome_tag", "subject": "self", "operator": "equals", "value": "redwood_taiga_mutated" },
                        "queue_command": {"command":"tag @s add redwood_taiga_mutated"}
                    },
                    {
                        "filters": { "test": "has_biome_tag", "subject": "self", "operator": "equals", "value": "river" },
                        "queue_command": {"command":"tag @s add river"}
                    },
                    {
                        "filters": { "test": "has_biome_tag", "subject": "self", "operator": "equals", "value": "roofed_forest" },
                        "queue_command": {"command":"tag @s add roofed_forest"}
                    },
                    {
                        "filters": { "test": "has_biome_tag", "subject": "self", "operator": "equals", "value": "roofed_forest_mutated" },
                        "queue_command": {"command":"tag @s add roofed_forest_mutated"}
                    },
                    {
                        "filters": { "test": "has_biome_tag", "subject": "self", "operator": "equals", "value": "savanna" },
                        "queue_command": {"command":"tag @s add savanna"}
                    },
                    {
                        "filters": { "test": "has_biome_tag", "subject": "self", "operator": "equals", "value": "savanna_mutated" },
                        "queue_command": {"command":"tag @s add savanna_mutated"}
                    },
                    {
                        "filters": { "test": "has_biome_tag", "subject": "self", "operator": "equals", "value": "savanna_plateau" },
                        "queue_command": {"command":"tag @s add savanna_plateau"}
                    },
                    {
                        "filters": { "test": "has_biome_tag", "subject": "self", "operator": "equals", "value": "savanna_plateau_mutated" },
                        "queue_command": {"command":"tag @s add savanna_plateau_mutated"}
                    },
                    {
                        "filters": { "test": "has_biome_tag", "subject": "self", "operator": "equals", "value": "snowy_slopes" },
                        "queue_command": {"command":"tag @s add snowy_slopes"}
                    },
                    {
                        "filters": { "test": "has_biome_tag", "subject": "self", "operator": "equals", "value": "soulsand_valley" },
                        "queue_command": {"command":"tag @s add soulsand_valley"}
                    },
                    {
                        "filters": { "test": "has_biome_tag", "subject": "self", "operator": "equals", "value": "stone_beach" },
                        "queue_command": {"command":"tag @s add stone_beach"}
                    },
                    {
                        "filters": { "test": "has_biome_tag", "subject": "self", "operator": "equals", "value": "stony_peaks" },
                        "queue_command": {"command":"tag @s add stony_peaks"}
                    },
                    {
                        "filters": { "test": "has_biome_tag", "subject": "self", "operator": "equals", "value": "sunflower_plains" },
                        "queue_command": {"command":"tag @s add sunflower_plains"}
                    },
                    {
                        "filters": { "test": "has_biome_tag", "subject": "self", "operator": "equals", "value": "swampland" },
                        "queue_command": {"command":"tag @s add swampland"}
                    },
                    {
                        "filters": { "test": "has_biome_tag", "subject": "self", "operator": "equals", "value": "swampland_mutated" },
                        "queue_command": {"command":"tag @s add swampland_mutated"}
                    },
                    {
                        "filters": { "test": "has_biome_tag", "subject": "self", "operator": "equals", "value": "taiga" },
                        "queue_command": {"command":"tag @s add taiga"}
                    },
                    {
                        "filters": { "test": "has_biome_tag", "subject": "self", "operator": "equals", "value": "taiga_hills" },
                        "queue_command": {"command":"tag @s add taiga_hills"}
                    },
                    {
                        "filters": { "test": "has_biome_tag", "subject": "self", "operator": "equals", "value": "taiga_mutated" },
                        "queue_command": {"command":"tag @s add taiga_mutated"}
                    },
                    {
                        "filters": { "test": "has_biome_tag", "subject": "self", "operator": "equals", "value": "the_end" },
                        "queue_command": {"command":"tag @s add the_end"}
                    },
                    {
                        "filters": { "test": "has_biome_tag", "subject": "self", "operator": "equals", "value": "warm_ocean" },
                        "queue_command": {"command":"tag @s add warm_ocean"}
                    },
                    {
                        "filters": { "test": "has_biome_tag", "subject": "self", "operator": "equals", "value": "warped_forest" },
                        "queue_command": {"command":"tag @s add warped_forest"}
                    },
                    {
						"filters": { "test": "weather_at_position", "value": "rain" },
						"set_property": { "goe_spa:weather": 1 }
					},
                    {
						"filters": { "test": "is_underground", "value": true },
						"set_property": { "goe_spa:underground": true }
					},
                    {
						"filters": { "test": "is_underwater", "value": true },
						"set_property": { "goe_spa:in_water": true }
					}
                ]
            },
            //DESPAWN
            "goe_spa:despawn": {
                "add": { "component_groups": [ "goe_spa:despawn" ] }
            }
        }
	}
}