{
    "format_version": "1.21.0",
    "minecraft:entity": {
        "description": {
            "identifier": "goe_spa:delivery_package_entity",
            "is_spawnable": false,
            "is_summonable": true,
            "animations": {
                "land": "animation.goe_spa.delivery_package.land",
                "spin": "animation.goe_spa.delivery_package.spin"
            },
            "scripts": {
                "animate": [
                    { "land": "q.is_on_ground" },
                    { "spin": "q.variant == 1" }
                ]
            }
        },
        "component_groups": {
            "goe_spa:spin": {
                "minecraft:variant": { "value": 1 }
            },
            "goe_spa:despawn": {
                "minecraft:instant_despawn": {}
            }
        },
        "components": {
            "minecraft:variant": { "value": 0 },
            "minecraft:nameable": {
                "allow_name_tag_renaming": false,
                "always_show": false
            },
            "minecraft:collision_box": { "height": 0.4, "width": 0.8 },
            "minecraft:type_family": { "family": [ "delivery_package" ] },
            "minecraft:physics": {},
            "minecraft:damage_sensor": { "triggers": [{ "cause": "all", "deals_damage": false }] },
            "minecraft:knockback_resistance": { "value": 1, "max": 1 },
            "minecraft:interact": {
                "interactions": [
                    {
                        "on_interact": {
                            "event": "goe_spa:on_interact"
                        }
                    }
                ]
            }
        },
        "events": {
            "goe_spa:on_interact": {
                "add": { "component_groups": [ "goe_spa:spin" ] }
            },
            "goe_spa:despawn": {
                "add": { "component_groups": [ "goe_spa:despawn" ] }
            }
        }
    }
}