{
    "format_version": "1.21.20",
    "minecraft:entity": {
        "description": {
            "identifier": "goe_spa:rainbow",
            "is_spawnable": false,
            "is_summonable": true
        },
        "components": {
            "minecraft:type_family": { "family": [ "rainbow", "inanimate" ] },
            "minecraft:damage_sensor": { "triggers": [{ "cause": "all", "deals_damage": false }] },
            "minecraft:knockback_resistance": { "value": 1 },
            "minecraft:persistent": {},
            "minecraft:collision_box": { "height": 0, "width": 0 }
        }
    }
}