{
    "format_version": "1.16.0",
    "minecraft:entity": {
        "description": {
            "identifier": "goe_spa:satellite",
            "is_spawnable": false,
            "is_summonable": true,
            "is_experimental": false,
		  "animations": {
			  "satellite_used": "controller.animation.goe_spa.satellite.ride"
		  },
		  "scripts": {
			"animate": [
			  "satellite_used"
			]
		  }
        },
		"component_groups": {
			"goe_spa:despawn":{ "minecraft:instant_despawn": {} }
		},
        "components": {
			"minecraft:type_family": {
				"family": [
					"satellite", "furniture"
				]
			},
			"minecraft:variant": { "value": 0 },
            "minecraft:health": { "value": 2, "max": 2 },
            "minecraft:collision_box": { "width": 0, "height": 0 },
			"minecraft:scale": { "value": 1 },
			"minecraft:movement": { "value": 0 },
            "minecraft:physics": { "has_gravity": false },
            "minecraft:knockback_resistance": { "value": 1 },
			"minecraft:pushable": {
                "is_pushable": false,
                "is_pushable_by_piston": false
            },
            "minecraft:damage_sensor": {
                "triggers": [
                  {
                    "cause": "all",
                    "deals_damage": false
                  }
                ]
            },
			"minecraft:rideable": {
			  "seat_count": 1,
			  "family_types": ["player"],
			  "interact_text": "Satellite View Opened. Sneak to Exit",
			  "rider_can_interact": false,
			  "seats": [{ "position": [0.0, 0, 0.0], "rotate_rider_by": -90 }]
			}
        },
		"events": {
			"goe_spa":{
				"add": {
					"component_groups": [
						"goe_spa:despawn"
					]
				}
			}
		}
    }
}