{
	"format_version": "1.19.0",
	"minecraft:entity": {
		"description": {
			"identifier": "goe_spa:sun_light",
			"is_spawnable": false,
			"is_summonable": true,
			"properties": {
				"goe_spa:variant": {
					"type": "int",
					"client_sync": true,
					"default": 0,
					"range": [0, 2]
				}
			}
		},
		"component_groups": {
			"goe_spa:despawn": { "minecraft:instant_despawn": {} }
		},
		"components": {
			"minecraft:collision_box": { "width": 0, "height": 0 }, 
			"minecraft:physics": { "has_collision": false, "has_gravity": false },
			"minecraft:knockback_resistance": { "value": 100 },
			"minecraft:damage_sensor": { "triggers": { "cause": "all", "deals_damage": false } },
			"minecraft:timer": {
				"time": 0.2,
				"time_down_event": {
					"event": "goe_spa:despawn"
				}
			}
		},
		"events": {
			"goe_spa:sun": { "set_property": {"goe_spa:variant": 0} },
			"goe_spa:moon": { "set_property": {"goe_spa:variant": 1} },
			"goe_spa:despawn": { "add": { "component_groups": ["goe_spa:despawn"] } }
		}
	}
}
