{
	"format_version": "1.12.0",
	"minecraft:geometry": [
		{
			"description": {
				"identifier": "geometry.goe_spa.bannana",
				"texture_width": 16,
				"texture_height": 16,
				"visible_bounds_width": 4,
				"visible_bounds_height": 2.5,
				"visible_bounds_offset": [0, 0.75, 0]
			},
			"bones": [
				{
					"name": "rightitem",
					"pivot": [0, 0, 0],
					"cubes": [
						{
							"origin": [0.45, 7.525, -0.1],
							"size": [1.5, 0.9, 0.475],
							"uv": {
								"north": {"uv": [8, 1], "uv_size": [-2.5, 1.5]},
								"east": {"uv": [7.5, 1], "uv_size": [0.5, 1.5]},
								"south": {"uv": [5.5, 1], "uv_size": [2.5, 1.5]},
								"west": {"uv": [5.5, 1], "uv_size": [0.5, 1.5]},
								"up": {"uv": [8, 1.5], "uv_size": [-2.5, -0.5]},
								"down": {"uv": [8, 2.5], "uv_size": [-2.5, -0.5]}
							}
						},
						{
							"origin": [1.95, 6.625, -0.1],
							"size": [0.3, 1.5, 0.475],
							"uv": {
								"north": {"uv": [5.5, 1.5], "uv_size": [-0.5, 2.5]},
								"east": {"uv": [5, 1.5], "uv_size": [0.5, 2.5]},
								"south": {"uv": [5, 1.5], "uv_size": [0.5, 2.5]},
								"west": {"uv": [5, 1.5], "uv_size": [0.5, 2.5]},
								"up": {"uv": [5.5, 2], "uv_size": [-0.5, -0.5]},
								"down": {"uv": [5.5, 4], "uv_size": [-0.5, -0.5]}
							}
						},
						{
							"origin": [2.25, 6.025, -0.1],
							"size": [0.3, 1.8, 0.475],
							"uv": {
								"north": {"uv": [5, 2], "uv_size": [-0.5, 3]},
								"east": {"uv": [4.5, 2], "uv_size": [0.5, 3]},
								"south": {"uv": [4.5, 2], "uv_size": [0.5, 3]},
								"west": {"uv": [4.5, 2], "uv_size": [0.5, 3]},
								"up": {"uv": [5, 2.5], "uv_size": [-0.5, -0.5]},
								"down": {"uv": [5, 5], "uv_size": [-0.5, -0.5]}
							}
						},
						{
							"origin": [2.55, 1.225, -0.1],
							"size": [0.3, 6.3, 0.475],
							"uv": {
								"north": {"uv": [4.5, 2.5], "uv_size": [-0.5, 10.5]},
								"east": {"uv": [4, 2.5], "uv_size": [0.5, 10.5]},
								"south": {"uv": [4, 2.5], "uv_size": [0.5, 10.5]},
								"west": {"uv": [4, 2.5], "uv_size": [0.5, 10.5]},
								"up": {"uv": [4.5, 3], "uv_size": [-0.5, -0.5]},
								"down": {"uv": [4.5, 13], "uv_size": [-0.5, -0.5]}
							}
						},
						{
							"origin": [1.35, 7.225, -0.1],
							"size": [0.6, 0.3, 0.475],
							"uv": {
								"north": {"uv": [6.5, 2.5], "uv_size": [-1, 0.5]},
								"east": {"uv": [6, 2.5], "uv_size": [0.5, 0.5]},
								"south": {"uv": [5.5, 2.5], "uv_size": [1, 0.5]},
								"west": {"uv": [5.5, 2.5], "uv_size": [0.5, 0.5]},
								"up": {"uv": [6.5, 3], "uv_size": [-1, -0.5]},
								"down": {"uv": [6.5, 3], "uv_size": [-1, -0.5]}
							}
						},
						{
							"origin": [2.85, 1.825, -0.1],
							"size": [0.6, 5.4, 0.475],
							"uv": {
								"north": {"uv": [4, 3], "uv_size": [-1, 9]},
								"east": {"uv": [3.5, 3], "uv_size": [0.5, 9]},
								"south": {"uv": [3, 3], "uv_size": [1, 9]},
								"west": {"uv": [3, 3], "uv_size": [0.5, 9]},
								"up": {"uv": [4, 3.5], "uv_size": [-1, -0.5]},
								"down": {"uv": [4, 12], "uv_size": [-1, -0.5]}
							}
						},
						{
							"origin": [3.45, 2.425, -0.1],
							"size": [0.3, 4.5, 0.475],
							"uv": {
								"north": {"uv": [3, 3.5], "uv_size": [-0.5, 7.5]},
								"east": {"uv": [2.5, 3.5], "uv_size": [0.5, 7.5]},
								"south": {"uv": [2.5, 3.5], "uv_size": [0.5, 7.5]},
								"west": {"uv": [2.5, 3.5], "uv_size": [0.5, 7.5]},
								"up": {"uv": [3, 4], "uv_size": [-0.5, -0.5]},
								"down": {"uv": [3, 11], "uv_size": [-0.5, -0.5]}
							}
						},
						{
							"origin": [3.75, 2.725, -0.1],
							"size": [0.3, 3.6, 0.475],
							"uv": {
								"north": {"uv": [2.5, 4.5], "uv_size": [-0.5, 6]},
								"east": {"uv": [2, 4.5], "uv_size": [0.5, 6]},
								"south": {"uv": [2, 4.5], "uv_size": [0.5, 6]},
								"west": {"uv": [2, 4.5], "uv_size": [0.5, 6]},
								"up": {"uv": [2.5, 5], "uv_size": [-0.5, -0.5]},
								"down": {"uv": [2.5, 10.5], "uv_size": [-0.5, -0.5]}
							}
						},
						{
							"origin": [4.05, 3.625, -0.1],
							"size": [0.3, 2.1, 0.475],
							"uv": {
								"north": {"uv": [2, 5.5], "uv_size": [-0.5, 3.5]},
								"east": {"uv": [1.5, 5.5], "uv_size": [0.5, 3.5]},
								"south": {"uv": [1.5, 5.5], "uv_size": [0.5, 3.5]},
								"west": {"uv": [1.5, 5.5], "uv_size": [0.5, 3.5]},
								"up": {"uv": [2, 6], "uv_size": [-0.5, -0.5]},
								"down": {"uv": [2, 9], "uv_size": [-0.5, -0.5]}
							}
						},
						{
							"origin": [2.25, 1.225, -0.1],
							"size": [0.3, 3.9, 0.475],
							"uv": {
								"north": {"uv": [5, 6.5], "uv_size": [-0.5, 6.5]},
								"east": {"uv": [4.5, 6.5], "uv_size": [0.5, 6.5]},
								"south": {"uv": [4.5, 6.5], "uv_size": [0.5, 6.5]},
								"west": {"uv": [4.5, 6.5], "uv_size": [0.5, 6.5]},
								"up": {"uv": [5, 7], "uv_size": [-0.5, -0.5]},
								"down": {"uv": [5, 13], "uv_size": [-0.5, -0.5]}
							}
						},
						{
							"origin": [1.95, 0.925, -0.1],
							"size": [0.3, 3.6, 0.475],
							"uv": {
								"north": {"uv": [5.5, 7.5], "uv_size": [-0.5, 6]},
								"east": {"uv": [5, 7.5], "uv_size": [0.5, 6]},
								"south": {"uv": [5, 7.5], "uv_size": [0.5, 6]},
								"west": {"uv": [5, 7.5], "uv_size": [0.5, 6]},
								"up": {"uv": [5.5, 8], "uv_size": [-0.5, -0.5]},
								"down": {"uv": [5.5, 13.5], "uv_size": [-0.5, -0.5]}
							}
						},
						{
							"origin": [1.65, 0.625, -0.1],
							"size": [0.3, 3.3, 0.475],
							"uv": {
								"north": {"uv": [6, 8.5], "uv_size": [-0.5, 5.5]},
								"east": {"uv": [5.5, 8.5], "uv_size": [0.5, 5.5]},
								"south": {"uv": [5.5, 8.5], "uv_size": [0.5, 5.5]},
								"west": {"uv": [5.5, 8.5], "uv_size": [0.5, 5.5]},
								"up": {"uv": [6, 9], "uv_size": [-0.5, -0.5]},
								"down": {"uv": [6, 14], "uv_size": [-0.5, -0.5]}
							}
						},
						{
							"origin": [1.35, 0.625, -0.1],
							"size": [0.3, 3, 0.475],
							"uv": {
								"north": {"uv": [6.5, 9], "uv_size": [-0.5, 5]},
								"east": {"uv": [6, 9], "uv_size": [0.5, 5]},
								"south": {"uv": [6, 9], "uv_size": [0.5, 5]},
								"west": {"uv": [6, 9], "uv_size": [0.5, 5]},
								"up": {"uv": [6.5, 9.5], "uv_size": [-0.5, -0.5]},
								"down": {"uv": [6.5, 14], "uv_size": [-0.5, -0.5]}
							}
						},
						{
							"origin": [1.05, 0.325, -0.1],
							"size": [0.3, 3, 0.475],
							"uv": {
								"north": {"uv": [7, 9.5], "uv_size": [-0.5, 5]},
								"east": {"uv": [6.5, 9.5], "uv_size": [0.5, 5]},
								"south": {"uv": [6.5, 9.5], "uv_size": [0.5, 5]},
								"west": {"uv": [6.5, 9.5], "uv_size": [0.5, 5]},
								"up": {"uv": [7, 10], "uv_size": [-0.5, -0.5]},
								"down": {"uv": [7, 14.5], "uv_size": [-0.5, -0.5]}
							}
						},
						{
							"origin": [0.75, 0.325, -0.1],
							"size": [0.3, 2.7, 0.475],
							"uv": {
								"north": {"uv": [7.5, 10], "uv_size": [-0.5, 4.5]},
								"east": {"uv": [7, 10], "uv_size": [0.5, 4.5]},
								"south": {"uv": [7, 10], "uv_size": [0.5, 4.5]},
								"west": {"uv": [7, 10], "uv_size": [0.5, 4.5]},
								"up": {"uv": [7.5, 10.5], "uv_size": [-0.5, -0.5]},
								"down": {"uv": [7.5, 14.5], "uv_size": [-0.5, -0.5]}
							}
						},
						{
							"origin": [0.45, 0.325, -0.1],
							"size": [0.3, 2.4, 0.475],
							"uv": {
								"north": {"uv": [8, 10.5], "uv_size": [-0.5, 4]},
								"east": {"uv": [7.5, 10.5], "uv_size": [0.5, 4]},
								"south": {"uv": [7.5, 10.5], "uv_size": [0.5, 4]},
								"west": {"uv": [7.5, 10.5], "uv_size": [0.5, 4]},
								"up": {"uv": [8, 11], "uv_size": [-0.5, -0.5]},
								"down": {"uv": [8, 14.5], "uv_size": [-0.5, -0.5]}
							}
						},
						{
							"origin": [-0.15, 0.025, -0.1],
							"size": [0.6, 2.4, 0.475],
							"uv": {
								"north": {"uv": [9, 11], "uv_size": [-1, 4]},
								"east": {"uv": [8.5, 11], "uv_size": [0.5, 4]},
								"south": {"uv": [8, 11], "uv_size": [1, 4]},
								"west": {"uv": [8, 11], "uv_size": [0.5, 4]},
								"up": {"uv": [9, 11.5], "uv_size": [-1, -0.5]},
								"down": {"uv": [9, 15], "uv_size": [-1, -0.5]}
							}
						},
						{
							"origin": [-3.15, 1.225, -0.1],
							"size": [1.2, 1.2, 0.475],
							"uv": {
								"north": {"uv": [14, 11], "uv_size": [-2, 2]},
								"east": {"uv": [13.5, 11], "uv_size": [0.5, 2]},
								"south": {"uv": [12, 11], "uv_size": [2, 2]},
								"west": {"uv": [12, 11], "uv_size": [0.5, 2]},
								"up": {"uv": [14, 11.5], "uv_size": [-2, -0.5]},
								"down": {"uv": [14, 13], "uv_size": [-2, -0.5]}
							}
						},
						{
							"origin": [-1.95, 0.325, -0.1],
							"size": [1.8, 1.8, 0.475],
							"uv": {
								"north": {"uv": [12, 11.5], "uv_size": [-3, 3]},
								"east": {"uv": [11.5, 11.5], "uv_size": [0.5, 3]},
								"south": {"uv": [9, 11.5], "uv_size": [3, 3]},
								"west": {"uv": [9, 11.5], "uv_size": [0.5, 3]},
								"up": {"uv": [12, 12], "uv_size": [-3, -0.5]},
								"down": {"uv": [12, 14.5], "uv_size": [-3, -0.5]}
							}
						},
						{
							"origin": [-3.45, 1.525, -0.1],
							"size": [0.3, 0.6, 0.475],
							"uv": {
								"north": {"uv": [14.5, 11.5], "uv_size": [-0.5, 1]},
								"east": {"uv": [14, 11.5], "uv_size": [0.5, 1]},
								"south": {"uv": [14, 11.5], "uv_size": [0.5, 1]},
								"west": {"uv": [14, 11.5], "uv_size": [0.5, 1]},
								"up": {"uv": [14.5, 12], "uv_size": [-0.5, -0.5]},
								"down": {"uv": [14.5, 12.5], "uv_size": [-0.5, -0.5]}
							}
						},
						{
							"origin": [2.85, 1.525, -0.1],
							"size": [0.3, 0.3, 0.475],
							"uv": {
								"north": {"uv": [4, 12], "uv_size": [-0.5, 0.5]},
								"east": {"uv": [3.5, 12], "uv_size": [0.5, 0.5]},
								"south": {"uv": [3.5, 12], "uv_size": [0.5, 0.5]},
								"west": {"uv": [3.5, 12], "uv_size": [0.5, 0.5]},
								"up": {"uv": [4, 12.5], "uv_size": [-0.5, -0.5]},
								"down": {"uv": [4, 12.5], "uv_size": [-0.5, -0.5]}
							}
						},
						{
							"origin": [-2.55, 0.625, -0.1],
							"size": [0.6, 0.6, 0.475],
							"uv": {
								"north": {"uv": [13, 13], "uv_size": [-1, 1]},
								"east": {"uv": [12.5, 13], "uv_size": [0.5, 1]},
								"south": {"uv": [12, 13], "uv_size": [1, 1]},
								"west": {"uv": [12, 13], "uv_size": [0.5, 1]},
								"up": {"uv": [13, 13.5], "uv_size": [-1, -0.5]},
								"down": {"uv": [13, 14], "uv_size": [-1, -0.5]}
							}
						},
						{
							"origin": [-2.85, 0.925, -0.1],
							"size": [0.3, 0.3, 0.475],
							"uv": {
								"north": {"uv": [13.5, 13], "uv_size": [-0.5, 0.5]},
								"east": {"uv": [13, 13], "uv_size": [0.5, 0.5]},
								"south": {"uv": [13, 13], "uv_size": [0.5, 0.5]},
								"west": {"uv": [13, 13], "uv_size": [0.5, 0.5]},
								"up": {"uv": [13.5, 13.5], "uv_size": [-0.5, -0.5]},
								"down": {"uv": [13.5, 13.5], "uv_size": [-0.5, -0.5]}
							}
						},
						{
							"origin": [-2.25, 0.325, -0.1],
							"size": [0.3, 0.3, 0.475],
							"uv": {
								"north": {"uv": [12.5, 14], "uv_size": [-0.5, 0.5]},
								"east": {"uv": [12, 14], "uv_size": [0.5, 0.5]},
								"south": {"uv": [12, 14], "uv_size": [0.5, 0.5]},
								"west": {"uv": [12, 14], "uv_size": [0.5, 0.5]},
								"up": {"uv": [12.5, 14.5], "uv_size": [-0.5, -0.5]},
								"down": {"uv": [12.5, 14.5], "uv_size": [-0.5, -0.5]}
							}
						},
						{
							"origin": [-1.35, 0.025, -0.1],
							"size": [1.2, 0.3, 0.475],
							"uv": {
								"north": {"uv": [11, 14.5], "uv_size": [-2, 0.5]},
								"east": {"uv": [10.5, 14.5], "uv_size": [0.5, 0.5]},
								"south": {"uv": [9, 14.5], "uv_size": [2, 0.5]},
								"west": {"uv": [9, 14.5], "uv_size": [0.5, 0.5]},
								"up": {"uv": [11, 15], "uv_size": [-2, -0.5]},
								"down": {"uv": [11, 15], "uv_size": [-2, -0.5]}
							}
						}
					]
				}
			]
		}
	]
}