{
	"format_version": "1.12.0",
	"minecraft:geometry": [
		{
			"description": {
				"identifier": "geometry.goe_spa.choco_bar",
				"texture_width": 16,
				"texture_height": 16,
				"visible_bounds_width": 4,
				"visible_bounds_height": 2.5,
				"visible_bounds_offset": [0, 0.75, 0]
			},
			"bones": [
				{
					"name": "rightitem",
					"pivot": [0, 0, 0],
					"cubes": [
						{
							"origin": [3.38, 2.46, -0.1],
							"size": [0.24, 4.8, 0.44],
							"pivot": [2, 0.6, 0],
							"rotation": [0, 0, -45],
							"uv": {
								"north": {"uv": [6.5, 1.5], "uv_size": [-0.5, 10]},
								"east": {"uv": [6, 1.5], "uv_size": [0.5, 10]},
								"south": {"uv": [6, 1.5], "uv_size": [0.5, 10]},
								"west": {"uv": [6, 1.5], "uv_size": [0.5, 10]},
								"up": {"uv": [6.5, 2], "uv_size": [-0.5, -0.5]},
								"down": {"uv": [6.5, 11.5], "uv_size": [-0.5, -0.5]}
							}
						},
						{
							"origin": [3.62, 2.7, -0.1],
							"size": [0.24, 4.32, 0.44],
							"pivot": [2, 0.6, 0],
							"rotation": [0, 0, -45],
							"uv": {
								"north": {"uv": [6, 2], "uv_size": [-0.5, 9]},
								"east": {"uv": [5.5, 2], "uv_size": [0.5, 9]},
								"south": {"uv": [5.5, 2], "uv_size": [0.5, 9]},
								"west": {"uv": [5.5, 2], "uv_size": [0.5, 9]},
								"up": {"uv": [6, 2.5], "uv_size": [-0.5, -0.5]},
								"down": {"uv": [6, 11], "uv_size": [-0.5, -0.5]}
							}
						},
						{
							"origin": [3.14, 2.22, -0.1],
							"size": [0.24, 4.8, 0.44],
							"pivot": [2, 0.6, 0],
							"rotation": [0, 0, -45],
							"uv": {
								"north": {"uv": [7, 2], "uv_size": [-0.5, 10]},
								"east": {"uv": [6.5, 2], "uv_size": [0.5, 10]},
								"south": {"uv": [6.5, 2], "uv_size": [0.5, 10]},
								"west": {"uv": [6.5, 2], "uv_size": [0.5, 10]},
								"up": {"uv": [7, 2.5], "uv_size": [-0.5, -0.5]},
								"down": {"uv": [7, 12], "uv_size": [-0.5, -0.5]}
							}
						},
						{
							"origin": [3.86, 2.46, -0.1],
							"size": [0.24, 4.32, 0.44],
							"pivot": [2, 0.6, 0],
							"rotation": [0, 0, -45],
							"uv": {
								"north": {"uv": [5.5, 2.5], "uv_size": [-0.5, 9]},
								"east": {"uv": [5, 2.5], "uv_size": [0.5, 9]},
								"south": {"uv": [5, 2.5], "uv_size": [0.5, 9]},
								"west": {"uv": [5, 2.5], "uv_size": [0.5, 9]},
								"up": {"uv": [5.5, 3], "uv_size": [-0.5, -0.5]},
								"down": {"uv": [5.5, 11.5], "uv_size": [-0.5, -0.5]}
							}
						},
						{
							"origin": [2.9, 1.98, -0.1],
							"size": [0.24, 4.8, 0.44],
							"pivot": [2, 0.6, 0],
							"rotation": [0, 0, -45],
							"uv": {
								"north": {"uv": [7.5, 2.5], "uv_size": [-0.5, 10]},
								"east": {"uv": [7, 2.5], "uv_size": [0.5, 10]},
								"south": {"uv": [7, 2.5], "uv_size": [0.5, 10]},
								"west": {"uv": [7, 2.5], "uv_size": [0.5, 10]},
								"up": {"uv": [7.5, 3], "uv_size": [-0.5, -0.5]},
								"down": {"uv": [7.5, 12.5], "uv_size": [-0.5, -0.5]}
							}
						},
						{
							"origin": [4.1, 2.22, -0.1],
							"size": [0.24, 4.32, 0.44],
							"pivot": [2, 0.6, 0],
							"rotation": [0, 0, -45],
							"uv": {
								"north": {"uv": [5, 3], "uv_size": [-0.5, 9]},
								"east": {"uv": [4.5, 3], "uv_size": [0.5, 9]},
								"south": {"uv": [4.5, 3], "uv_size": [0.5, 9]},
								"west": {"uv": [4.5, 3], "uv_size": [0.5, 9]},
								"up": {"uv": [5, 3.5], "uv_size": [-0.5, -0.5]},
								"down": {"uv": [5, 12], "uv_size": [-0.5, -0.5]}
							}
						},
						{
							"origin": [2.66, 1.74, -0.1],
							"size": [0.24, 4.8, 0.44],
							"pivot": [2, 0.6, 0],
							"rotation": [0, 0, -45],
							"uv": {
								"north": {"uv": [8, 3], "uv_size": [-0.5, 10]},
								"east": {"uv": [7.5, 3], "uv_size": [0.5, 10]},
								"south": {"uv": [7.5, 3], "uv_size": [0.5, 10]},
								"west": {"uv": [7.5, 3], "uv_size": [0.5, 10]},
								"up": {"uv": [8, 3.5], "uv_size": [-0.5, -0.5]},
								"down": {"uv": [8, 13], "uv_size": [-0.5, -0.5]}
							}
						},
						{
							"origin": [4.34, 1.98, -0.1],
							"size": [0.24, 4.32, 0.44],
							"pivot": [2, 0.6, 0],
							"rotation": [0, 0, -45],
							"uv": {
								"north": {"uv": [4.5, 3.5], "uv_size": [-0.5, 9]},
								"east": {"uv": [4, 3.5], "uv_size": [0.5, 9]},
								"south": {"uv": [4, 3.5], "uv_size": [0.5, 9]},
								"west": {"uv": [4, 3.5], "uv_size": [0.5, 9]},
								"up": {"uv": [4.5, 4], "uv_size": [-0.5, -0.5]},
								"down": {"uv": [4.5, 12.5], "uv_size": [-0.5, -0.5]}
							}
						},
						{
							"origin": [2.42, 1.5, -0.1],
							"size": [0.24, 4.8, 0.44],
							"pivot": [2, 0.6, 0],
							"rotation": [0, 0, -45],
							"uv": {
								"north": {"uv": [8.5, 3.5], "uv_size": [-0.5, 10]},
								"east": {"uv": [8, 3.5], "uv_size": [0.5, 10]},
								"south": {"uv": [8, 3.5], "uv_size": [0.5, 10]},
								"west": {"uv": [8, 3.5], "uv_size": [0.5, 10]},
								"up": {"uv": [8.5, 4], "uv_size": [-0.5, -0.5]},
								"down": {"uv": [8.5, 13.5], "uv_size": [-0.5, -0.5]}
							}
						},
						{
							"origin": [4.58, 2.46, -0.1],
							"size": [0.24, 3.6, 0.44],
							"pivot": [2, 0.6, 0],
							"rotation": [0, 0, -45],
							"uv": {
								"north": {"uv": [4, 4], "uv_size": [-0.5, 7.5]},
								"east": {"uv": [3.5, 4], "uv_size": [0.5, 7.5]},
								"south": {"uv": [3.5, 4], "uv_size": [0.5, 7.5]},
								"west": {"uv": [3.5, 4], "uv_size": [0.5, 7.5]},
								"up": {"uv": [4, 4.5], "uv_size": [-0.5, -0.5]},
								"down": {"uv": [4, 11.5], "uv_size": [-0.5, -0.5]}
							}
						},
						{
							"origin": [2.18, 1.26, -0.1],
							"size": [0.24, 4.8, 0.44],
							"pivot": [2, 0.6, 0],
							"rotation": [0, 0, -45],
							"uv": {
								"north": {"uv": [9, 4], "uv_size": [-0.5, 10]},
								"east": {"uv": [8.5, 4], "uv_size": [0.5, 10]},
								"south": {"uv": [8.5, 4], "uv_size": [0.5, 10]},
								"west": {"uv": [8.5, 4], "uv_size": [0.5, 10]},
								"up": {"uv": [9, 4.5], "uv_size": [-0.5, -0.5]},
								"down": {"uv": [9, 14], "uv_size": [-0.5, -0.5]}
							}
						},
						{
							"origin": [4.82, 3.42, -0.1],
							"size": [0.24, 2.4, 0.44],
							"pivot": [2, 0.6, 0],
							"rotation": [0, 0, -45],
							"uv": {
								"north": {"uv": [3.5, 4.5], "uv_size": [-0.5, 5]},
								"east": {"uv": [3, 4.5], "uv_size": [0.5, 5]},
								"south": {"uv": [3, 4.5], "uv_size": [0.5, 5]},
								"west": {"uv": [3, 4.5], "uv_size": [0.5, 5]},
								"up": {"uv": [3.5, 5], "uv_size": [-0.5, -0.5]},
								"down": {"uv": [3.5, 9.5], "uv_size": [-0.5, -0.5]}
							}
						},
						{
							"origin": [1.94, 1.02, -0.1],
							"size": [0.24, 4.8, 0.44],
							"pivot": [2, 0.6, 0],
							"rotation": [0, 0, -45],
							"uv": {
								"north": {"uv": [9.5, 4.5], "uv_size": [-0.5, 10]},
								"east": {"uv": [9, 4.5], "uv_size": [0.5, 10]},
								"south": {"uv": [9, 4.5], "uv_size": [0.5, 10]},
								"west": {"uv": [9, 4.5], "uv_size": [0.5, 10]},
								"up": {"uv": [9.5, 5], "uv_size": [-0.5, -0.5]},
								"down": {"uv": [9.5, 14.5], "uv_size": [-0.5, -0.5]}
							}
						},
						{
							"origin": [5.06, 4.14, -0.1],
							"size": [0.24, 1.44, 0.44],
							"pivot": [2, 0.6, 0],
							"rotation": [0, 0, -45],
							"uv": {
								"north": {"uv": [3, 5], "uv_size": [-0.5, 3]},
								"east": {"uv": [2.5, 5], "uv_size": [0.5, 3]},
								"south": {"uv": [2.5, 5], "uv_size": [0.5, 3]},
								"west": {"uv": [2.5, 5], "uv_size": [0.5, 3]},
								"up": {"uv": [3, 5.5], "uv_size": [-0.5, -0.5]},
								"down": {"uv": [3, 8], "uv_size": [-0.5, -0.5]}
							}
						},
						{
							"origin": [1.7, 0.78, -0.1],
							"size": [0.24, 4.8, 0.44],
							"pivot": [2, 0.6, 0],
							"rotation": [0, 0, -45],
							"uv": {
								"north": {"uv": [10, 5], "uv_size": [-0.5, 10]},
								"east": {"uv": [9.5, 5], "uv_size": [0.5, 10]},
								"south": {"uv": [9.5, 5], "uv_size": [0.5, 10]},
								"west": {"uv": [9.5, 5], "uv_size": [0.5, 10]},
								"up": {"uv": [10, 5.5], "uv_size": [-0.5, -0.5]},
								"down": {"uv": [10, 15], "uv_size": [-0.5, -0.5]}
							}
						},
						{
							"origin": [5.3, 4.38, -0.1],
							"size": [0.24, 0.96, 0.44],
							"pivot": [2, 0.6, 0],
							"rotation": [0, 0, -45],
							"uv": {
								"north": {"uv": [2.5, 5.5], "uv_size": [-0.5, 2]},
								"east": {"uv": [2, 5.5], "uv_size": [0.5, 2]},
								"south": {"uv": [2, 5.5], "uv_size": [0.5, 2]},
								"west": {"uv": [2, 5.5], "uv_size": [0.5, 2]},
								"up": {"uv": [2.5, 6], "uv_size": [-0.5, -0.5]},
								"down": {"uv": [2.5, 7.5], "uv_size": [-0.5, -0.5]}
							}
						},
						{
							"origin": [1.46, 0.54, -0.1],
							"size": [0.24, 4.8, 0.44],
							"pivot": [2, 0.6, 0],
							"rotation": [0, 0, -45],
							"uv": {
								"north": {"uv": [10.5, 5.5], "uv_size": [-0.5, 10]},
								"east": {"uv": [10, 5.5], "uv_size": [0.5, 10]},
								"south": {"uv": [10, 5.5], "uv_size": [0.5, 10]},
								"west": {"uv": [10, 5.5], "uv_size": [0.5, 10]},
								"up": {"uv": [10.5, 6], "uv_size": [-0.5, -0.5]},
								"down": {"uv": [10.5, 15.5], "uv_size": [-0.5, -0.5]}
							}
						},
						{
							"origin": [5.54, 4.62, -0.1],
							"size": [0.24, 0.48, 0.44],
							"pivot": [2, 0.6, 0],
							"rotation": [0, 0, -45],
							"uv": {
								"north": {"uv": [2, 6], "uv_size": [-0.5, 1]},
								"east": {"uv": [1.5, 6], "uv_size": [0.5, 1]},
								"south": {"uv": [1.5, 6], "uv_size": [0.5, 1]},
								"west": {"uv": [1.5, 6], "uv_size": [0.5, 1]},
								"up": {"uv": [2, 6.5], "uv_size": [-0.5, -0.5]},
								"down": {"uv": [2, 7], "uv_size": [-0.5, -0.5]}
							}
						},
						{
							"origin": [1.22, 0.54, -0.1],
							"size": [0.24, 4.56, 0.44],
							"pivot": [2, 0.6, 0],
							"rotation": [0, 0, -45],
							"uv": {
								"north": {"uv": [11, 6], "uv_size": [-0.5, 9.5]},
								"east": {"uv": [10.5, 6], "uv_size": [0.5, 9.5]},
								"south": {"uv": [10.5, 6], "uv_size": [0.5, 9.5]},
								"west": {"uv": [10.5, 6], "uv_size": [0.5, 9.5]},
								"up": {"uv": [11, 6.5], "uv_size": [-0.5, -0.5]},
								"down": {"uv": [11, 15.5], "uv_size": [-0.5, -0.5]}
							}
						},
						{
							"origin": [0.98, 1.02, -0.1],
							"size": [0.24, 3.84, 0.44],
							"pivot": [2, 0.6, 0],
							"rotation": [0, 0, -45],
							"uv": {
								"north": {"uv": [11.5, 6.5], "uv_size": [-0.5, 8]},
								"east": {"uv": [11, 6.5], "uv_size": [0.5, 8]},
								"south": {"uv": [11, 6.5], "uv_size": [0.5, 8]},
								"west": {"uv": [11, 6.5], "uv_size": [0.5, 8]},
								"up": {"uv": [11.5, 7], "uv_size": [-0.5, -0.5]},
								"down": {"uv": [11.5, 14.5], "uv_size": [-0.5, -0.5]}
							}
						},
						{
							"origin": [0.74, 1.02, -0.1],
							"size": [0.24, 3.6, 0.44],
							"pivot": [2, 0.6, 0],
							"rotation": [0, 0, -45],
							"uv": {
								"north": {"uv": [12, 7], "uv_size": [-0.5, 7.5]},
								"east": {"uv": [11.5, 7], "uv_size": [0.5, 7.5]},
								"south": {"uv": [11.5, 7], "uv_size": [0.5, 7.5]},
								"west": {"uv": [11.5, 7], "uv_size": [0.5, 7.5]},
								"up": {"uv": [12, 7.5], "uv_size": [-0.5, -0.5]},
								"down": {"uv": [12, 14.5], "uv_size": [-0.5, -0.5]}
							}
						},
						{
							"origin": [0.5, 1.5, -0.1],
							"size": [0.24, 2.88, 0.44],
							"pivot": [2, 0.6, 0],
							"rotation": [0, 0, -45],
							"uv": {
								"north": {"uv": [12.5, 7.5], "uv_size": [-0.5, 6]},
								"east": {"uv": [12, 7.5], "uv_size": [0.5, 6]},
								"south": {"uv": [12, 7.5], "uv_size": [0.5, 6]},
								"west": {"uv": [12, 7.5], "uv_size": [0.5, 6]},
								"up": {"uv": [12.5, 8], "uv_size": [-0.5, -0.5]},
								"down": {"uv": [12.5, 13.5], "uv_size": [-0.5, -0.5]}
							}
						},
						{
							"origin": [0.26, 1.5, -0.1],
							"size": [0.24, 2.64, 0.44],
							"pivot": [2, 0.6, 0],
							"rotation": [0, 0, -45],
							"uv": {
								"north": {"uv": [13, 8], "uv_size": [-0.5, 5.5]},
								"east": {"uv": [12.5, 8], "uv_size": [0.5, 5.5]},
								"south": {"uv": [12.5, 8], "uv_size": [0.5, 5.5]},
								"west": {"uv": [12.5, 8], "uv_size": [0.5, 5.5]},
								"up": {"uv": [13, 8.5], "uv_size": [-0.5, -0.5]},
								"down": {"uv": [13, 13.5], "uv_size": [-0.5, -0.5]}
							}
						},
						{
							"origin": [0.02, 1.98, -0.1],
							"size": [0.24, 1.92, 0.44],
							"pivot": [2, 0.6, 0],
							"rotation": [0, 0, -45],
							"uv": {
								"north": {"uv": [13.5, 8.5], "uv_size": [-0.5, 4]},
								"east": {"uv": [13, 8.5], "uv_size": [0.5, 4]},
								"south": {"uv": [13, 8.5], "uv_size": [0.5, 4]},
								"west": {"uv": [13, 8.5], "uv_size": [0.5, 4]},
								"up": {"uv": [13.5, 9], "uv_size": [-0.5, -0.5]},
								"down": {"uv": [13.5, 12.5], "uv_size": [-0.5, -0.5]}
							}
						},
						{
							"origin": [-0.22, 1.98, -0.1],
							"size": [0.24, 1.68, 0.44],
							"pivot": [2, 0.6, 0],
							"rotation": [0, 0, -45],
							"uv": {
								"north": {"uv": [14, 9], "uv_size": [-0.5, 3.5]},
								"east": {"uv": [13.5, 9], "uv_size": [0.5, 3.5]},
								"south": {"uv": [13.5, 9], "uv_size": [0.5, 3.5]},
								"west": {"uv": [13.5, 9], "uv_size": [0.5, 3.5]},
								"up": {"uv": [14, 9.5], "uv_size": [-0.5, -0.5]},
								"down": {"uv": [14, 12.5], "uv_size": [-0.5, -0.5]}
							}
						},
						{
							"origin": [-0.46, 2.46, -0.1],
							"size": [0.24, 0.96, 0.44],
							"pivot": [2, 0.6, 0],
							"rotation": [0, 0, -45],
							"uv": {
								"north": {"uv": [14.5, 9.5], "uv_size": [-0.5, 2]},
								"east": {"uv": [14, 9.5], "uv_size": [0.5, 2]},
								"south": {"uv": [14, 9.5], "uv_size": [0.5, 2]},
								"west": {"uv": [14, 9.5], "uv_size": [0.5, 2]},
								"up": {"uv": [14.5, 10], "uv_size": [-0.5, -0.5]},
								"down": {"uv": [14.5, 11.5], "uv_size": [-0.5, -0.5]}
							}
						},
						{
							"origin": [-0.7, 2.46, -0.1],
							"size": [0.24, 0.72, 0.44],
							"pivot": [2, 0.6, 0],
							"rotation": [0, 0, -45],
							"uv": {
								"north": {"uv": [15, 10], "uv_size": [-0.5, 1.5]},
								"east": {"uv": [14.5, 10], "uv_size": [0.5, 1.5]},
								"south": {"uv": [14.5, 10], "uv_size": [0.5, 1.5]},
								"west": {"uv": [14.5, 10], "uv_size": [0.5, 1.5]},
								"up": {"uv": [15, 10.5], "uv_size": [-0.5, -0.5]},
								"down": {"uv": [15, 11.5], "uv_size": [-0.5, -0.5]}
							}
						},
						{
							"origin": [-0.94, 2.46, -0.1],
							"size": [0.24, 0.48, 0.44],
							"pivot": [2, 0.6, 0],
							"rotation": [0, 0, -45],
							"uv": {
								"north": {"uv": [15.5, 10.5], "uv_size": [-0.5, 1]},
								"east": {"uv": [15, 10.5], "uv_size": [0.5, 1]},
								"south": {"uv": [15, 10.5], "uv_size": [0.5, 1]},
								"west": {"uv": [15, 10.5], "uv_size": [0.5, 1]},
								"up": {"uv": [15.5, 11], "uv_size": [-0.5, -0.5]},
								"down": {"uv": [15.5, 11.5], "uv_size": [-0.5, -0.5]}
							}
						}
					]
				}
			]
		}
	]
}