{
	"format_version": "1.12.0",
	"minecraft:geometry": [
		{
			"description": {
				"identifier": "geometry.goe_spa.hamburger",
				"texture_width": 16,
				"texture_height": 16,
				"visible_bounds_width": 4,
				"visible_bounds_height": 2.5,
				"visible_bounds_offset": [0, 0.75, 0]
			},
			"bones": [
				{
					"name": "rightitem",
					"pivot": [0, 0, 0],
					"cubes": [
						{
							"origin": [-1.04, -0.04, -0.08],
							"size": [2.16, 6.24, 0.4],
							"uv": {
								"north": {"uv": [10.5, 1.5], "uv_size": [-4.5, 13]},
								"east": {"uv": [10, 1.5], "uv_size": [0.5, 13]},
								"south": {"uv": [6, 1.5], "uv_size": [4.5, 13]},
								"west": {"uv": [6, 1.5], "uv_size": [0.5, 13]},
								"up": {"uv": [10.5, 2], "uv_size": [-4.5, -0.5]},
								"down": {"uv": [10.5, 14.5], "uv_size": [-4.5, -0.5]}
							}
						},
						{
							"origin": [1.12, -0.04, -0.08],
							"size": [0.72, 6, 0.4],
							"uv": {
								"north": {"uv": [6, 2], "uv_size": [-1.5, 12.5]},
								"east": {"uv": [5.5, 2], "uv_size": [0.5, 12.5]},
								"south": {"uv": [4.5, 2], "uv_size": [1.5, 12.5]},
								"west": {"uv": [4.5, 2], "uv_size": [0.5, 12.5]},
								"up": {"uv": [6, 2.5], "uv_size": [-1.5, -0.5]},
								"down": {"uv": [6, 14.5], "uv_size": [-1.5, -0.5]}
							}
						},
						{
							"origin": [-1.52, -0.04, -0.08],
							"size": [0.48, 6, 0.4],
							"uv": {
								"north": {"uv": [11.5, 2], "uv_size": [-1, 12.5]},
								"east": {"uv": [11, 2], "uv_size": [0.5, 12.5]},
								"south": {"uv": [10.5, 2], "uv_size": [1, 12.5]},
								"west": {"uv": [10.5, 2], "uv_size": [0.5, 12.5]},
								"up": {"uv": [11.5, 2.5], "uv_size": [-1, -0.5]},
								"down": {"uv": [11.5, 14.5], "uv_size": [-1, -0.5]}
							}
						},
						{
							"origin": [1.84, -0.04, -0.08],
							"size": [0.48, 5.76, 0.4],
							"uv": {
								"north": {"uv": [4.5, 2.5], "uv_size": [-1, 12]},
								"east": {"uv": [4, 2.5], "uv_size": [0.5, 12]},
								"south": {"uv": [3.5, 2.5], "uv_size": [1, 12]},
								"west": {"uv": [3.5, 2.5], "uv_size": [0.5, 12]},
								"up": {"uv": [4.5, 3], "uv_size": [-1, -0.5]},
								"down": {"uv": [4.5, 14.5], "uv_size": [-1, -0.5]}
							}
						},
						{
							"origin": [-2, -0.04, -0.08],
							"size": [0.48, 5.76, 0.4],
							"uv": {
								"north": {"uv": [12.5, 2.5], "uv_size": [-1, 12]},
								"east": {"uv": [12, 2.5], "uv_size": [0.5, 12]},
								"south": {"uv": [11.5, 2.5], "uv_size": [1, 12]},
								"west": {"uv": [11.5, 2.5], "uv_size": [0.5, 12]},
								"up": {"uv": [12.5, 3], "uv_size": [-1, -0.5]},
								"down": {"uv": [12.5, 14.5], "uv_size": [-1, -0.5]}
							}
						},
						{
							"origin": [2.32, -0.04, -0.08],
							"size": [0.24, 5.52, 0.4],
							"uv": {
								"north": {"uv": [3.5, 3], "uv_size": [-0.5, 11.5]},
								"east": {"uv": [3, 3], "uv_size": [0.5, 11.5]},
								"south": {"uv": [3, 3], "uv_size": [0.5, 11.5]},
								"west": {"uv": [3, 3], "uv_size": [0.5, 11.5]},
								"up": {"uv": [3.5, 3.5], "uv_size": [-0.5, -0.5]},
								"down": {"uv": [3.5, 14.5], "uv_size": [-0.5, -0.5]}
							}
						},
						{
							"origin": [-2.24, -0.04, -0.08],
							"size": [0.24, 5.52, 0.4],
							"uv": {
								"north": {"uv": [13, 3], "uv_size": [-0.5, 11.5]},
								"east": {"uv": [12.5, 3], "uv_size": [0.5, 11.5]},
								"south": {"uv": [12.5, 3], "uv_size": [0.5, 11.5]},
								"west": {"uv": [12.5, 3], "uv_size": [0.5, 11.5]},
								"up": {"uv": [13, 3.5], "uv_size": [-0.5, -0.5]},
								"down": {"uv": [13, 14.5], "uv_size": [-0.5, -0.5]}
							}
						},
						{
							"origin": [2.56, 0.2, -0.08],
							"size": [0.24, 5.04, 0.4],
							"uv": {
								"north": {"uv": [3, 3.5], "uv_size": [-0.5, 10.5]},
								"east": {"uv": [2.5, 3.5], "uv_size": [0.5, 10.5]},
								"south": {"uv": [2.5, 3.5], "uv_size": [0.5, 10.5]},
								"west": {"uv": [2.5, 3.5], "uv_size": [0.5, 10.5]},
								"up": {"uv": [3, 4], "uv_size": [-0.5, -0.5]},
								"down": {"uv": [3, 14], "uv_size": [-0.5, -0.5]}
							}
						},
						{
							"origin": [-2.48, 0.2, -0.08],
							"size": [0.24, 5.04, 0.4],
							"uv": {
								"north": {"uv": [13.5, 3.5], "uv_size": [-0.5, 10.5]},
								"east": {"uv": [13, 3.5], "uv_size": [0.5, 10.5]},
								"south": {"uv": [13, 3.5], "uv_size": [0.5, 10.5]},
								"west": {"uv": [13, 3.5], "uv_size": [0.5, 10.5]},
								"up": {"uv": [13.5, 4], "uv_size": [-0.5, -0.5]},
								"down": {"uv": [13.5, 14], "uv_size": [-0.5, -0.5]}
							}
						},
						{
							"origin": [2.8, 2.6, -0.08],
							"size": [0.24, 1.92, 0.4],
							"uv": {
								"north": {"uv": [2.5, 5], "uv_size": [-0.5, 4]},
								"east": {"uv": [2, 5], "uv_size": [0.5, 4]},
								"south": {"uv": [2, 5], "uv_size": [0.5, 4]},
								"west": {"uv": [2, 5], "uv_size": [0.5, 4]},
								"up": {"uv": [2.5, 5.5], "uv_size": [-0.5, -0.5]},
								"down": {"uv": [2.5, 9], "uv_size": [-0.5, -0.5]}
							}
						},
						{
							"origin": [-2.72, 3.56, -0.08],
							"size": [0.24, 0.96, 0.4],
							"uv": {
								"north": {"uv": [14, 5], "uv_size": [-0.5, 2]},
								"east": {"uv": [13.5, 5], "uv_size": [0.5, 2]},
								"south": {"uv": [13.5, 5], "uv_size": [0.5, 2]},
								"west": {"uv": [13.5, 5], "uv_size": [0.5, 2]},
								"up": {"uv": [14, 5.5], "uv_size": [-0.5, -0.5]},
								"down": {"uv": [14, 7], "uv_size": [-0.5, -0.5]}
							}
						},
						{
							"origin": [3.04, 3.08, -0.08],
							"size": [0.24, 0.24, 0.4],
							"uv": {
								"north": {"uv": [2, 7.5], "uv_size": [-0.5, 0.5]},
								"east": {"uv": [1.5, 7.5], "uv_size": [0.5, 0.5]},
								"south": {"uv": [1.5, 7.5], "uv_size": [0.5, 0.5]},
								"west": {"uv": [1.5, 7.5], "uv_size": [0.5, 0.5]},
								"up": {"uv": [2, 8], "uv_size": [-0.5, -0.5]},
								"down": {"uv": [2, 8], "uv_size": [-0.5, -0.5]}
							}
						},
						{
							"origin": [-2.72, 2.6, -0.08],
							"size": [0.24, 0.72, 0.4],
							"uv": {
								"north": {"uv": [14, 7.5], "uv_size": [-0.5, 1.5]},
								"east": {"uv": [13.5, 7.5], "uv_size": [0.5, 1.5]},
								"south": {"uv": [13.5, 7.5], "uv_size": [0.5, 1.5]},
								"west": {"uv": [13.5, 7.5], "uv_size": [0.5, 1.5]},
								"up": {"uv": [14, 8], "uv_size": [-0.5, -0.5]},
								"down": {"uv": [14, 9], "uv_size": [-0.5, -0.5]}
							}
						},
						{
							"origin": [-2.96, 2.84, -0.08],
							"size": [0.24, 0.24, 0.4],
							"uv": {
								"north": {"uv": [14.5, 8], "uv_size": [-0.5, 0.5]},
								"east": {"uv": [14, 8], "uv_size": [0.5, 0.5]},
								"south": {"uv": [14, 8], "uv_size": [0.5, 0.5]},
								"west": {"uv": [14, 8], "uv_size": [0.5, 0.5]},
								"up": {"uv": [14.5, 8.5], "uv_size": [-0.5, -0.5]},
								"down": {"uv": [14.5, 8.5], "uv_size": [-0.5, -0.5]}
							}
						},
						{
							"origin": [2.8, 0.44, -0.08],
							"size": [0.24, 1.92, 0.4],
							"uv": {
								"north": {"uv": [2.5, 9.5], "uv_size": [-0.5, 4]},
								"east": {"uv": [2, 9.5], "uv_size": [0.5, 4]},
								"south": {"uv": [2, 9.5], "uv_size": [0.5, 4]},
								"west": {"uv": [2, 9.5], "uv_size": [0.5, 4]},
								"up": {"uv": [2.5, 10], "uv_size": [-0.5, -0.5]},
								"down": {"uv": [2.5, 13.5], "uv_size": [-0.5, -0.5]}
							}
						},
						{
							"origin": [-2.72, 0.44, -0.08],
							"size": [0.24, 1.92, 0.4],
							"uv": {
								"north": {"uv": [14, 9.5], "uv_size": [-0.5, 4]},
								"east": {"uv": [13.5, 9.5], "uv_size": [0.5, 4]},
								"south": {"uv": [13.5, 9.5], "uv_size": [0.5, 4]},
								"west": {"uv": [13.5, 9.5], "uv_size": [0.5, 4]},
								"up": {"uv": [14, 10], "uv_size": [-0.5, -0.5]},
								"down": {"uv": [14, 13.5], "uv_size": [-0.5, -0.5]}
							}
						},
						{
							"origin": [3.04, 0.44, -0.08],
							"size": [0.24, 1.44, 0.4],
							"uv": {
								"north": {"uv": [2, 10.5], "uv_size": [-0.5, 3]},
								"east": {"uv": [1.5, 10.5], "uv_size": [0.5, 3]},
								"south": {"uv": [1.5, 10.5], "uv_size": [0.5, 3]},
								"west": {"uv": [1.5, 10.5], "uv_size": [0.5, 3]},
								"up": {"uv": [2, 11], "uv_size": [-0.5, -0.5]},
								"down": {"uv": [2, 13.5], "uv_size": [-0.5, -0.5]}
							}
						},
						{
							"origin": [-2.96, 0.44, -0.08],
							"size": [0.24, 1.44, 0.4],
							"uv": {
								"north": {"uv": [14.5, 10.5], "uv_size": [-0.5, 3]},
								"east": {"uv": [14, 10.5], "uv_size": [0.5, 3]},
								"south": {"uv": [14, 10.5], "uv_size": [0.5, 3]},
								"west": {"uv": [14, 10.5], "uv_size": [0.5, 3]},
								"up": {"uv": [14.5, 11], "uv_size": [-0.5, -0.5]},
								"down": {"uv": [14.5, 13.5], "uv_size": [-0.5, -0.5]}
							}
						}
					]
				}
			]
		}
	]
}