{
	"format_version": "1.12.0",
	"minecraft:geometry": [
		{
			"description": {
				"identifier": "geometry.goe_spa.ice_cream",
				"texture_width": 16,
				"texture_height": 16,
				"visible_bounds_width": 4,
				"visible_bounds_height": 2.5,
				"visible_bounds_offset": [0, 0.75, 0]
			},
			"bones": [
				{
					"name": "rightitem",
					"pivot": [0, 0, 0],
					"cubes": [
						{
							"origin": [3.64142, 2.13431, -0.1],
							"size": [1.44, 4.56, 0.44],
							"pivot": [0, 0, 0],
							"rotation": [0, 0, -45],
							"uv": {
								"north": {"uv": [7.5, 1.5], "uv_size": [-3, 9.5]},
								"east": {"uv": [7, 1.5], "uv_size": [0.5, 9.5]},
								"south": {"uv": [4.5, 1.5], "uv_size": [3, 9.5]},
								"west": {"uv": [4.5, 1.5], "uv_size": [0.5, 9.5]},
								"up": {"uv": [7.5, 2], "uv_size": [-3, -0.5]},
								"down": {"uv": [7.5, 11], "uv_size": [-3, -0.5]}
							}
						},
						{
							"origin": [5.80142, 6.21431, -0.1],
							"size": [0.48, 0.24, 0.44],
							"pivot": [0, 0, 0],
							"rotation": [0, 0, -45],
							"uv": {
								"north": {"uv": [3, 2], "uv_size": [-1, 0.5]},
								"east": {"uv": [2.5, 2], "uv_size": [0.5, 0.5]},
								"south": {"uv": [2, 2], "uv_size": [1, 0.5]},
								"west": {"uv": [2, 2], "uv_size": [0.5, 0.5]},
								"up": {"uv": [3, 2.5], "uv_size": [-1, -0.5]},
								"down": {"uv": [3, 2.5], "uv_size": [-1, -0.5]}
							}
						},
						{
							"origin": [5.08142, 2.37431, -0.1],
							"size": [0.48, 4.08, 0.44],
							"pivot": [0, 0, 0],
							"rotation": [0, 0, -45],
							"uv": {
								"north": {"uv": [4.5, 2], "uv_size": [-1, 8.5]},
								"east": {"uv": [4, 2], "uv_size": [0.5, 8.5]},
								"south": {"uv": [3.5, 2], "uv_size": [1, 8.5]},
								"west": {"uv": [3.5, 2], "uv_size": [0.5, 8.5]},
								"up": {"uv": [4.5, 2.5], "uv_size": [-1, -0.5]},
								"down": {"uv": [4.5, 10.5], "uv_size": [-1, -0.5]}
							}
						},
						{
							"origin": [3.40142, 1.41431, -0.1],
							"size": [0.24, 5.04, 0.44],
							"pivot": [0, 0, 0],
							"rotation": [0, 0, -45],
							"uv": {
								"north": {"uv": [8, 2], "uv_size": [-0.5, 10.5]},
								"east": {"uv": [7.5, 2], "uv_size": [0.5, 10.5]},
								"south": {"uv": [7.5, 2], "uv_size": [0.5, 10.5]},
								"west": {"uv": [7.5, 2], "uv_size": [0.5, 10.5]},
								"up": {"uv": [8, 2.5], "uv_size": [-0.5, -0.5]},
								"down": {"uv": [8, 12.5], "uv_size": [-0.5, -0.5]}
							}
						},
						{
							"origin": [5.56142, 2.85431, -0.1],
							"size": [0.48, 3.36, 0.44],
							"pivot": [0, 0, 0],
							"rotation": [0, 0, -45],
							"uv": {
								"north": {"uv": [3.5, 2.5], "uv_size": [-1, 7]},
								"east": {"uv": [3, 2.5], "uv_size": [0.5, 7]},
								"south": {"uv": [2.5, 2.5], "uv_size": [1, 7]},
								"west": {"uv": [2.5, 2.5], "uv_size": [0.5, 7]},
								"up": {"uv": [3.5, 3], "uv_size": [-1, -0.5]},
								"down": {"uv": [3.5, 9.5], "uv_size": [-1, -0.5]}
							}
						},
						{
							"origin": [2.68142, 1.41431, -0.1],
							"size": [0.72, 4.8, 0.44],
							"pivot": [0, 0, 0],
							"rotation": [0, 0, -45],
							"uv": {
								"north": {"uv": [9.5, 2.5], "uv_size": [-1.5, 10]},
								"east": {"uv": [9, 2.5], "uv_size": [0.5, 10]},
								"south": {"uv": [8, 2.5], "uv_size": [1.5, 10]},
								"west": {"uv": [8, 2.5], "uv_size": [0.5, 10]},
								"up": {"uv": [9.5, 3], "uv_size": [-1.5, -0.5]},
								"down": {"uv": [9.5, 12.5], "uv_size": [-1.5, -0.5]}
							}
						},
						{
							"origin": [2.20142, 0.93431, -0.1],
							"size": [0.48, 5.04, 0.44],
							"pivot": [0, 0, 0],
							"rotation": [0, 0, -45],
							"uv": {
								"north": {"uv": [10.5, 3], "uv_size": [-1, 10.5]},
								"east": {"uv": [10, 3], "uv_size": [0.5, 10.5]},
								"south": {"uv": [9.5, 3], "uv_size": [1, 10.5]},
								"west": {"uv": [9.5, 3], "uv_size": [0.5, 10.5]},
								"up": {"uv": [10.5, 3.5], "uv_size": [-1, -0.5]},
								"down": {"uv": [10.5, 13.5], "uv_size": [-1, -0.5]}
							}
						},
						{
							"origin": [6.04142, 3.57431, -0.1],
							"size": [0.24, 2.16, 0.44],
							"pivot": [0, 0, 0],
							"rotation": [0, 0, -45],
							"uv": {
								"north": {"uv": [2.5, 3.5], "uv_size": [-0.5, 4.5]},
								"east": {"uv": [2, 3.5], "uv_size": [0.5, 4.5]},
								"south": {"uv": [2, 3.5], "uv_size": [0.5, 4.5]},
								"west": {"uv": [2, 3.5], "uv_size": [0.5, 4.5]},
								"up": {"uv": [2.5, 4], "uv_size": [-0.5, -0.5]},
								"down": {"uv": [2.5, 8], "uv_size": [-0.5, -0.5]}
							}
						},
						{
							"origin": [1.96142, 0.69431, -0.1],
							"size": [0.24, 5.04, 0.44],
							"pivot": [0, 0, 0],
							"rotation": [0, 0, -45],
							"uv": {
								"north": {"uv": [11, 3.5], "uv_size": [-0.5, 10.5]},
								"east": {"uv": [10.5, 3.5], "uv_size": [0.5, 10.5]},
								"south": {"uv": [10.5, 3.5], "uv_size": [0.5, 10.5]},
								"west": {"uv": [10.5, 3.5], "uv_size": [0.5, 10.5]},
								"up": {"uv": [11, 4], "uv_size": [-0.5, -0.5]},
								"down": {"uv": [11, 14], "uv_size": [-0.5, -0.5]}
							}
						},
						{
							"origin": [6.28142, 3.81431, -0.1],
							"size": [0.24, 1.44, 0.44],
							"pivot": [0, 0, 0],
							"rotation": [0, 0, -45],
							"uv": {
								"north": {"uv": [2, 4.5], "uv_size": [-0.5, 3]},
								"east": {"uv": [1.5, 4.5], "uv_size": [0.5, 3]},
								"south": {"uv": [1.5, 4.5], "uv_size": [0.5, 3]},
								"west": {"uv": [1.5, 4.5], "uv_size": [0.5, 3]},
								"up": {"uv": [2, 5], "uv_size": [-0.5, -0.5]},
								"down": {"uv": [2, 7.5], "uv_size": [-0.5, -0.5]}
							}
						},
						{
							"origin": [1.72142, 0.69431, -0.1],
							"size": [0.24, 4.08, 0.44],
							"pivot": [0, 0, 0],
							"rotation": [0, 0, -45],
							"uv": {
								"north": {"uv": [11.5, 5.5], "uv_size": [-0.5, 8.5]},
								"east": {"uv": [11, 5.5], "uv_size": [0.5, 8.5]},
								"south": {"uv": [11, 5.5], "uv_size": [0.5, 8.5]},
								"west": {"uv": [11, 5.5], "uv_size": [0.5, 8.5]},
								"up": {"uv": [11.5, 6], "uv_size": [-0.5, -0.5]},
								"down": {"uv": [11.5, 14], "uv_size": [-0.5, -0.5]}
							}
						},
						{
							"origin": [1.48142, 0.45431, -0.1],
							"size": [0.24, 3.84, 0.44],
							"pivot": [0, 0, 0],
							"rotation": [0, 0, -45],
							"uv": {
								"north": {"uv": [12, 6.5], "uv_size": [-0.5, 8]},
								"east": {"uv": [11.5, 6.5], "uv_size": [0.5, 8]},
								"south": {"uv": [11.5, 6.5], "uv_size": [0.5, 8]},
								"west": {"uv": [11.5, 6.5], "uv_size": [0.5, 8]},
								"up": {"uv": [12, 7], "uv_size": [-0.5, -0.5]},
								"down": {"uv": [12, 14.5], "uv_size": [-0.5, -0.5]}
							}
						},
						{
							"origin": [1.24142, 0.45431, -0.1],
							"size": [0.24, 3.36, 0.44],
							"pivot": [0, 0, 0],
							"rotation": [0, 0, -45],
							"uv": {
								"north": {"uv": [12.5, 7.5], "uv_size": [-0.5, 7]},
								"east": {"uv": [12, 7.5], "uv_size": [0.5, 7]},
								"south": {"uv": [12, 7.5], "uv_size": [0.5, 7]},
								"west": {"uv": [12, 7.5], "uv_size": [0.5, 7]},
								"up": {"uv": [12.5, 8], "uv_size": [-0.5, -0.5]},
								"down": {"uv": [12.5, 14.5], "uv_size": [-0.5, -0.5]}
							}
						},
						{
							"origin": [1.00142, 0.21431, -0.1],
							"size": [0.24, 3.12, 0.44],
							"pivot": [0, 0, 0],
							"rotation": [0, 0, -45],
							"uv": {
								"north": {"uv": [13, 8.5], "uv_size": [-0.5, 6.5]},
								"east": {"uv": [12.5, 8.5], "uv_size": [0.5, 6.5]},
								"south": {"uv": [12.5, 8.5], "uv_size": [0.5, 6.5]},
								"west": {"uv": [12.5, 8.5], "uv_size": [0.5, 6.5]},
								"up": {"uv": [13, 9], "uv_size": [-0.5, -0.5]},
								"down": {"uv": [13, 15], "uv_size": [-0.5, -0.5]}
							}
						},
						{
							"origin": [5.56142, 2.37431, -0.1],
							"size": [0.24, 0.48, 0.44],
							"pivot": [0, 0, 0],
							"rotation": [0, 0, -45],
							"uv": {
								"north": {"uv": [3.5, 9.5], "uv_size": [-0.5, 1]},
								"east": {"uv": [3, 9.5], "uv_size": [0.5, 1]},
								"south": {"uv": [3, 9.5], "uv_size": [0.5, 1]},
								"west": {"uv": [3, 9.5], "uv_size": [0.5, 1]},
								"up": {"uv": [3.5, 10], "uv_size": [-0.5, -0.5]},
								"down": {"uv": [3.5, 10.5], "uv_size": [-0.5, -0.5]}
							}
						},
						{
							"origin": [0.76142, 0.21431, -0.1],
							"size": [0.24, 2.4, 0.44],
							"pivot": [0, 0, 0],
							"rotation": [0, 0, -45],
							"uv": {
								"north": {"uv": [13.5, 10], "uv_size": [-0.5, 5]},
								"east": {"uv": [13, 10], "uv_size": [0.5, 5]},
								"south": {"uv": [13, 10], "uv_size": [0.5, 5]},
								"west": {"uv": [13, 10], "uv_size": [0.5, 5]},
								"up": {"uv": [13.5, 10.5], "uv_size": [-0.5, -0.5]},
								"down": {"uv": [13.5, 15], "uv_size": [-0.5, -0.5]}
							}
						},
						{
							"origin": [5.08142, 2.13431, -0.1],
							"size": [0.24, 0.24, 0.44],
							"pivot": [0, 0, 0],
							"rotation": [0, 0, -45],
							"uv": {
								"north": {"uv": [4.5, 10.5], "uv_size": [-0.5, 0.5]},
								"east": {"uv": [4, 10.5], "uv_size": [0.5, 0.5]},
								"south": {"uv": [4, 10.5], "uv_size": [0.5, 0.5]},
								"west": {"uv": [4, 10.5], "uv_size": [0.5, 0.5]},
								"up": {"uv": [4.5, 11], "uv_size": [-0.5, -0.5]},
								"down": {"uv": [4.5, 11], "uv_size": [-0.5, -0.5]}
							}
						},
						{
							"origin": [3.64142, 1.89431, -0.1],
							"size": [1.2, 0.24, 0.44],
							"pivot": [0, 0, 0],
							"rotation": [0, 0, -45],
							"uv": {
								"north": {"uv": [7.5, 11], "uv_size": [-2.5, 0.5]},
								"east": {"uv": [7, 11], "uv_size": [0.5, 0.5]},
								"south": {"uv": [5, 11], "uv_size": [2.5, 0.5]},
								"west": {"uv": [5, 11], "uv_size": [0.5, 0.5]},
								"up": {"uv": [7.5, 11.5], "uv_size": [-2.5, -0.5]},
								"down": {"uv": [7.5, 11.5], "uv_size": [-2.5, -0.5]}
							}
						},
						{
							"origin": [3.64142, 1.65431, -0.1],
							"size": [0.48, 0.24, 0.44],
							"pivot": [0, 0, 0],
							"rotation": [0, 0, -45],
							"uv": {
								"north": {"uv": [7.5, 11.5], "uv_size": [-1, 0.5]},
								"east": {"uv": [7, 11.5], "uv_size": [0.5, 0.5]},
								"south": {"uv": [6.5, 11.5], "uv_size": [1, 0.5]},
								"west": {"uv": [6.5, 11.5], "uv_size": [0.5, 0.5]},
								"up": {"uv": [7.5, 12], "uv_size": [-1, -0.5]},
								"down": {"uv": [7.5, 12], "uv_size": [-1, -0.5]}
							}
						},
						{
							"origin": [0.52142, -0.02569, -0.1],
							"size": [0.24, 1.92, 0.44],
							"pivot": [0, 0, 0],
							"rotation": [0, 0, -45],
							"uv": {
								"north": {"uv": [14, 11.5], "uv_size": [-0.5, 4]},
								"east": {"uv": [13.5, 11.5], "uv_size": [0.5, 4]},
								"south": {"uv": [13.5, 11.5], "uv_size": [0.5, 4]},
								"west": {"uv": [13.5, 11.5], "uv_size": [0.5, 4]},
								"up": {"uv": [14, 12], "uv_size": [-0.5, -0.5]},
								"down": {"uv": [14, 15.5], "uv_size": [-0.5, -0.5]}
							}
						},
						{
							"origin": [2.68142, 1.17431, -0.1],
							"size": [0.48, 0.24, 0.44],
							"pivot": [0, 0, 0],
							"rotation": [0, 0, -45],
							"uv": {
								"north": {"uv": [9.5, 12.5], "uv_size": [-1, 0.5]},
								"east": {"uv": [9, 12.5], "uv_size": [0.5, 0.5]},
								"south": {"uv": [8.5, 12.5], "uv_size": [1, 0.5]},
								"west": {"uv": [8.5, 12.5], "uv_size": [0.5, 0.5]},
								"up": {"uv": [9.5, 13], "uv_size": [-1, -0.5]},
								"down": {"uv": [9.5, 13], "uv_size": [-1, -0.5]}
							}
						},
						{
							"origin": [0.28142, -0.02569, -0.1],
							"size": [0.24, 1.2, 0.44],
							"pivot": [0, 0, 0],
							"rotation": [0, 0, -45],
							"uv": {
								"north": {"uv": [14.5, 13], "uv_size": [-0.5, 2.5]},
								"east": {"uv": [14, 13], "uv_size": [0.5, 2.5]},
								"south": {"uv": [14, 13], "uv_size": [0.5, 2.5]},
								"west": {"uv": [14, 13], "uv_size": [0.5, 2.5]},
								"up": {"uv": [14.5, 13.5], "uv_size": [-0.5, -0.5]},
								"down": {"uv": [14.5, 15.5], "uv_size": [-0.5, -0.5]}
							}
						},
						{
							"origin": [0.04142, -0.02569, -0.1],
							"size": [0.24, 0.72, 0.44],
							"pivot": [0, 0, 0],
							"rotation": [0, 0, -45],
							"uv": {
								"north": {"uv": [15, 14], "uv_size": [-0.5, 1.5]},
								"east": {"uv": [14.5, 14], "uv_size": [0.5, 1.5]},
								"south": {"uv": [14.5, 14], "uv_size": [0.5, 1.5]},
								"west": {"uv": [14.5, 14], "uv_size": [0.5, 1.5]},
								"up": {"uv": [15, 14.5], "uv_size": [-0.5, -0.5]},
								"down": {"uv": [15, 15.5], "uv_size": [-0.5, -0.5]}
							}
						}
					]
				}
			]
		}
	]
}