{
	"format_version": "1.12.0",
	"minecraft:geometry": [
		{
			"description": {
				"identifier": "geometry.goe_spa.milkshake",
				"texture_width": 16,
				"texture_height": 16,
				"visible_bounds_width": 4,
				"visible_bounds_height": 2.5,
				"visible_bounds_offset": [0, 0.75, 0]
			},
			"bones": [
				{
					"name": "rightitem",
					"pivot": [0, 0, 0],
					"cubes": [
						{
							"origin": [-0.52, 0.04, -0.1],
							"size": [0.48, 7.2, 0.44],
							"uv": {
								"north": {"uv": [9, 0.5], "uv_size": [-1, 15]},
								"east": {"uv": [8.5, 0.5], "uv_size": [0.5, 15]},
								"south": {"uv": [8, 0.5], "uv_size": [1, 15]},
								"west": {"uv": [8, 0.5], "uv_size": [0.5, 15]},
								"up": {"uv": [9, 1], "uv_size": [-1, -0.5]},
								"down": {"uv": [9, 15.5], "uv_size": [-1, -0.5]}
							}
						},
						{
							"origin": [-0.04, 0.04, -0.1],
							"size": [0.24, 6.96, 0.44],
							"uv": {
								"north": {"uv": [8, 1], "uv_size": [-0.5, 14.5]},
								"east": {"uv": [7.5, 1], "uv_size": [0.5, 14.5]},
								"south": {"uv": [7.5, 1], "uv_size": [0.5, 14.5]},
								"west": {"uv": [7.5, 1], "uv_size": [0.5, 14.5]},
								"up": {"uv": [8, 1.5], "uv_size": [-0.5, -0.5]},
								"down": {"uv": [8, 15.5], "uv_size": [-0.5, -0.5]}
							}
						},
						{
							"origin": [-0.76, 0.04, -0.1],
							"size": [0.24, 6.96, 0.44],
							"uv": {
								"north": {"uv": [9.5, 1], "uv_size": [-0.5, 14.5]},
								"east": {"uv": [9, 1], "uv_size": [0.5, 14.5]},
								"south": {"uv": [9, 1], "uv_size": [0.5, 14.5]},
								"west": {"uv": [9, 1], "uv_size": [0.5, 14.5]},
								"up": {"uv": [9.5, 1.5], "uv_size": [-0.5, -0.5]},
								"down": {"uv": [9.5, 15.5], "uv_size": [-0.5, -0.5]}
							}
						},
						{
							"origin": [0.2, 0.28, -0.1],
							"size": [0.96, 6.48, 0.44],
							"uv": {
								"north": {"uv": [7.5, 1.5], "uv_size": [-2, 13.5]},
								"east": {"uv": [7, 1.5], "uv_size": [0.5, 13.5]},
								"south": {"uv": [5.5, 1.5], "uv_size": [2, 13.5]},
								"west": {"uv": [5.5, 1.5], "uv_size": [0.5, 13.5]},
								"up": {"uv": [7.5, 2], "uv_size": [-2, -0.5]},
								"down": {"uv": [7.5, 15], "uv_size": [-2, -0.5]}
							}
						},
						{
							"origin": [-1.24, 0.28, -0.1],
							"size": [0.48, 6.48, 0.44],
							"uv": {
								"north": {"uv": [10.5, 1.5], "uv_size": [-1, 13.5]},
								"east": {"uv": [10, 1.5], "uv_size": [0.5, 13.5]},
								"south": {"uv": [9.5, 1.5], "uv_size": [1, 13.5]},
								"west": {"uv": [9.5, 1.5], "uv_size": [0.5, 13.5]},
								"up": {"uv": [10.5, 2], "uv_size": [-1, -0.5]},
								"down": {"uv": [10.5, 15], "uv_size": [-1, -0.5]}
							}
						},
						{
							"origin": [1.16, 0.52, -0.1],
							"size": [0.72, 6, 0.44],
							"uv": {
								"north": {"uv": [5.5, 2], "uv_size": [-1.5, 12.5]},
								"east": {"uv": [5, 2], "uv_size": [0.5, 12.5]},
								"south": {"uv": [4, 2], "uv_size": [1.5, 12.5]},
								"west": {"uv": [4, 2], "uv_size": [0.5, 12.5]},
								"up": {"uv": [5.5, 2.5], "uv_size": [-1.5, -0.5]},
								"down": {"uv": [5.5, 14.5], "uv_size": [-1.5, -0.5]}
							}
						},
						{
							"origin": [-1.96, 0.52, -0.1],
							"size": [0.72, 6, 0.44],
							"uv": {
								"north": {"uv": [12, 2], "uv_size": [-1.5, 12.5]},
								"east": {"uv": [11.5, 2], "uv_size": [0.5, 12.5]},
								"south": {"uv": [10.5, 2], "uv_size": [1.5, 12.5]},
								"west": {"uv": [10.5, 2], "uv_size": [0.5, 12.5]},
								"up": {"uv": [12, 2.5], "uv_size": [-1.5, -0.5]},
								"down": {"uv": [12, 14.5], "uv_size": [-1.5, -0.5]}
							}
						},
						{
							"origin": [1.88, 2.92, -0.1],
							"size": [0.48, 3.36, 0.44],
							"uv": {
								"north": {"uv": [4, 2.5], "uv_size": [-1, 7]},
								"east": {"uv": [3.5, 2.5], "uv_size": [0.5, 7]},
								"south": {"uv": [3, 2.5], "uv_size": [1, 7]},
								"west": {"uv": [3, 2.5], "uv_size": [0.5, 7]},
								"up": {"uv": [4, 3], "uv_size": [-1, -0.5]},
								"down": {"uv": [4, 9.5], "uv_size": [-1, -0.5]}
							}
						},
						{
							"origin": [-2.44, 2.92, -0.1],
							"size": [0.48, 3.36, 0.44],
							"uv": {
								"north": {"uv": [13, 2.5], "uv_size": [-1, 7]},
								"east": {"uv": [12.5, 2.5], "uv_size": [0.5, 7]},
								"south": {"uv": [12, 2.5], "uv_size": [1, 7]},
								"west": {"uv": [12, 2.5], "uv_size": [0.5, 7]},
								"up": {"uv": [13, 3], "uv_size": [-1, -0.5]},
								"down": {"uv": [13, 9.5], "uv_size": [-1, -0.5]}
							}
						},
						{
							"origin": [2.36, 4.36, -0.1],
							"size": [0.24, 1.68, 0.44],
							"uv": {
								"north": {"uv": [3, 3], "uv_size": [-0.5, 3.5]},
								"east": {"uv": [2.5, 3], "uv_size": [0.5, 3.5]},
								"south": {"uv": [2.5, 3], "uv_size": [0.5, 3.5]},
								"west": {"uv": [2.5, 3], "uv_size": [0.5, 3.5]},
								"up": {"uv": [3, 3.5], "uv_size": [-0.5, -0.5]},
								"down": {"uv": [3, 6.5], "uv_size": [-0.5, -0.5]}
							}
						},
						{
							"origin": [-2.68, 4.36, -0.1],
							"size": [0.24, 1.68, 0.44],
							"uv": {
								"north": {"uv": [13.5, 3], "uv_size": [-0.5, 3.5]},
								"east": {"uv": [13, 3], "uv_size": [0.5, 3.5]},
								"south": {"uv": [13, 3], "uv_size": [0.5, 3.5]},
								"west": {"uv": [13, 3], "uv_size": [0.5, 3.5]},
								"up": {"uv": [13.5, 3.5], "uv_size": [-0.5, -0.5]},
								"down": {"uv": [13.5, 6.5], "uv_size": [-0.5, -0.5]}
							}
						},
						{
							"origin": [2.6, 5.08, -0.1],
							"size": [0.24, 0.72, 0.44],
							"uv": {
								"north": {"uv": [2.5, 3.5], "uv_size": [-0.5, 1.5]},
								"east": {"uv": [2, 3.5], "uv_size": [0.5, 1.5]},
								"south": {"uv": [2, 3.5], "uv_size": [0.5, 1.5]},
								"west": {"uv": [2, 3.5], "uv_size": [0.5, 1.5]},
								"up": {"uv": [2.5, 4], "uv_size": [-0.5, -0.5]},
								"down": {"uv": [2.5, 5], "uv_size": [-0.5, -0.5]}
							}
						},
						{
							"origin": [-2.92, 5.08, -0.1],
							"size": [0.24, 0.72, 0.44],
							"uv": {
								"north": {"uv": [14, 3.5], "uv_size": [-0.5, 1.5]},
								"east": {"uv": [13.5, 3.5], "uv_size": [0.5, 1.5]},
								"south": {"uv": [13.5, 3.5], "uv_size": [0.5, 1.5]},
								"west": {"uv": [13.5, 3.5], "uv_size": [0.5, 1.5]},
								"up": {"uv": [14, 4], "uv_size": [-0.5, -0.5]},
								"down": {"uv": [14, 5], "uv_size": [-0.5, -0.5]}
							}
						},
						{
							"origin": [1.88, 1.48, -0.1],
							"size": [0.24, 1.44, 0.44],
							"uv": {
								"north": {"uv": [4, 9.5], "uv_size": [-0.5, 3]},
								"east": {"uv": [3.5, 9.5], "uv_size": [0.5, 3]},
								"south": {"uv": [3.5, 9.5], "uv_size": [0.5, 3]},
								"west": {"uv": [3.5, 9.5], "uv_size": [0.5, 3]},
								"up": {"uv": [4, 10], "uv_size": [-0.5, -0.5]},
								"down": {"uv": [4, 12.5], "uv_size": [-0.5, -0.5]}
							}
						},
						{
							"origin": [-2.2, 1.48, -0.1],
							"size": [0.24, 1.44, 0.44],
							"uv": {
								"north": {"uv": [12.5, 9.5], "uv_size": [-0.5, 3]},
								"east": {"uv": [12, 9.5], "uv_size": [0.5, 3]},
								"south": {"uv": [12, 9.5], "uv_size": [0.5, 3]},
								"west": {"uv": [12, 9.5], "uv_size": [0.5, 3]},
								"up": {"uv": [12.5, 10], "uv_size": [-0.5, -0.5]},
								"down": {"uv": [12.5, 12.5], "uv_size": [-0.5, -0.5]}
							}
						},
						{
							"origin": [1.16, 0.28, -0.1],
							"size": [0.24, 0.24, 0.44],
							"uv": {
								"north": {"uv": [5.5, 14.5], "uv_size": [-0.5, 0.5]},
								"east": {"uv": [5, 14.5], "uv_size": [0.5, 0.5]},
								"south": {"uv": [5, 14.5], "uv_size": [0.5, 0.5]},
								"west": {"uv": [5, 14.5], "uv_size": [0.5, 0.5]},
								"up": {"uv": [5.5, 15], "uv_size": [-0.5, -0.5]},
								"down": {"uv": [5.5, 15], "uv_size": [-0.5, -0.5]}
							}
						},
						{
							"origin": [-1.48, 0.28, -0.1],
							"size": [0.24, 0.24, 0.44],
							"uv": {
								"north": {"uv": [11, 14.5], "uv_size": [-0.5, 0.5]},
								"east": {"uv": [10.5, 14.5], "uv_size": [0.5, 0.5]},
								"south": {"uv": [10.5, 14.5], "uv_size": [0.5, 0.5]},
								"west": {"uv": [10.5, 14.5], "uv_size": [0.5, 0.5]},
								"up": {"uv": [11, 15], "uv_size": [-0.5, -0.5]},
								"down": {"uv": [11, 15], "uv_size": [-0.5, -0.5]}
							}
						},
						{
							"origin": [0.2, 0.04, -0.1],
							"size": [0.48, 0.24, 0.44],
							"uv": {
								"north": {"uv": [7.5, 15], "uv_size": [-1, 0.5]},
								"east": {"uv": [7, 15], "uv_size": [0.5, 0.5]},
								"south": {"uv": [6.5, 15], "uv_size": [1, 0.5]},
								"west": {"uv": [6.5, 15], "uv_size": [0.5, 0.5]},
								"up": {"uv": [7.5, 15.5], "uv_size": [-1, -0.5]},
								"down": {"uv": [7.5, 15.5], "uv_size": [-1, -0.5]}
							}
						}
					]
				}
			]
		}
	]
}