{
	"format_version": "1.12.0",
	"minecraft:geometry": [
		{
			"description": {
				"identifier": "geometry.goe_spa.pineapple",
				"texture_width": 16,
				"texture_height": 16,
				"visible_bounds_width": 4,
				"visible_bounds_height": 2.5,
				"visible_bounds_offset": [0, 0.75, 0]
			},
			"bones": [
				{
					"name": "rightitem",
					"pivot": [0, 0, 0],
					"cubes": [
						{
							"origin": [3.12, 0.68, -0.1],
							"size": [0.24, 5.76, 0.44],
							"pivot": [0, 0, 0],
							"rotation": [0, 0, -33],
							"uv": {
								"north": {"uv": [6, 0.5], "uv_size": [-0.5, 12]},
								"east": {"uv": [5.5, 0.5], "uv_size": [0.5, 12]},
								"south": {"uv": [5.5, 0.5], "uv_size": [0.5, 12]},
								"west": {"uv": [5.5, 0.5], "uv_size": [0.5, 12]},
								"up": {"uv": [6, 1], "uv_size": [-0.5, -0.5]},
								"down": {"uv": [6, 12.5], "uv_size": [-0.5, -0.5]}
							}
						},
						{
							"origin": [3.6, 5.24, -0.1],
							"size": [0.24, 0.96, 0.44],
							"pivot": [0, 0, 0],
							"rotation": [0, 0, -33],
							"uv": {
								"north": {"uv": [5, 1], "uv_size": [-0.5, 2]},
								"east": {"uv": [4.5, 1], "uv_size": [0.5, 2]},
								"south": {"uv": [4.5, 1], "uv_size": [0.5, 2]},
								"west": {"uv": [4.5, 1], "uv_size": [0.5, 2]},
								"up": {"uv": [5, 1.5], "uv_size": [-0.5, -0.5]},
								"down": {"uv": [5, 3], "uv_size": [-0.5, -0.5]}
							}
						},
						{
							"origin": [3.36, 1.16, -0.1],
							"size": [0.24, 4.8, 0.44],
							"pivot": [0, 0, 0],
							"rotation": [0, 0, -33],
							"uv": {
								"north": {"uv": [5.5, 1.5], "uv_size": [-0.5, 10]},
								"east": {"uv": [5, 1.5], "uv_size": [0.5, 10]},
								"south": {"uv": [5, 1.5], "uv_size": [0.5, 10]},
								"west": {"uv": [5, 1.5], "uv_size": [0.5, 10]},
								"up": {"uv": [5.5, 2], "uv_size": [-0.5, -0.5]},
								"down": {"uv": [5.5, 11.5], "uv_size": [-0.5, -0.5]}
							}
						},
						{
							"origin": [2.88, 0.44, -0.1],
							"size": [0.24, 5.52, 0.44],
							"pivot": [0, 0, 0],
							"rotation": [0, 0, -33],
							"uv": {
								"north": {"uv": [6.5, 1.5], "uv_size": [-0.5, 11.5]},
								"east": {"uv": [6, 1.5], "uv_size": [0.5, 11.5]},
								"south": {"uv": [6, 1.5], "uv_size": [0.5, 11.5]},
								"west": {"uv": [6, 1.5], "uv_size": [0.5, 11.5]},
								"up": {"uv": [6.5, 2], "uv_size": [-0.5, -0.5]},
								"down": {"uv": [6.5, 13], "uv_size": [-0.5, -0.5]}
							}
						},
						{
							"origin": [2.16, -0.04, -0.1],
							"size": [0.24, 6, 0.44],
							"pivot": [0, 0, 0],
							"rotation": [0, 0, -33],
							"uv": {
								"north": {"uv": [8, 1.5], "uv_size": [-0.5, 12.5]},
								"east": {"uv": [7.5, 1.5], "uv_size": [0.5, 12.5]},
								"south": {"uv": [7.5, 1.5], "uv_size": [0.5, 12.5]},
								"west": {"uv": [7.5, 1.5], "uv_size": [0.5, 12.5]},
								"up": {"uv": [8, 2], "uv_size": [-0.5, -0.5]},
								"down": {"uv": [8, 14], "uv_size": [-0.5, -0.5]}
							}
						},
						{
							"origin": [2.4, -0.04, -0.1],
							"size": [0.24, 5.76, 0.44],
							"pivot": [0, 0, 0],
							"rotation": [0, 0, -33],
							"uv": {
								"north": {"uv": [7.5, 2], "uv_size": [-0.5, 12]},
								"east": {"uv": [7, 2], "uv_size": [0.5, 12]},
								"south": {"uv": [7, 2], "uv_size": [0.5, 12]},
								"west": {"uv": [7, 2], "uv_size": [0.5, 12]},
								"up": {"uv": [7.5, 2.5], "uv_size": [-0.5, -0.5]},
								"down": {"uv": [7.5, 14], "uv_size": [-0.5, -0.5]}
							}
						},
						{
							"origin": [1.2, 5.48, -0.1],
							"size": [0.48, 0.24, 0.44],
							"pivot": [0, 0, 0],
							"rotation": [0, 0, -33],
							"uv": {
								"north": {"uv": [10, 2], "uv_size": [-1, 0.5]},
								"east": {"uv": [9.5, 2], "uv_size": [0.5, 0.5]},
								"south": {"uv": [9, 2], "uv_size": [1, 0.5]},
								"west": {"uv": [9, 2], "uv_size": [0.5, 0.5]},
								"up": {"uv": [10, 2.5], "uv_size": [-1, -0.5]},
								"down": {"uv": [10, 2.5], "uv_size": [-1, -0.5]}
							}
						},
						{
							"origin": [4.32, 5.24, -0.1],
							"size": [0.96, 0.24, 0.44],
							"pivot": [0, 0, 0],
							"rotation": [0, 0, -33],
							"uv": {
								"north": {"uv": [3.5, 2.5], "uv_size": [-2, 0.5]},
								"east": {"uv": [3, 2.5], "uv_size": [0.5, 0.5]},
								"south": {"uv": [1.5, 2.5], "uv_size": [2, 0.5]},
								"west": {"uv": [1.5, 2.5], "uv_size": [0.5, 0.5]},
								"up": {"uv": [3.5, 3], "uv_size": [-2, -0.5]},
								"down": {"uv": [3.5, 3], "uv_size": [-2, -0.5]}
							}
						},
						{
							"origin": [1.44, -0.28, -0.1],
							"size": [0.48, 5.76, 0.44],
							"pivot": [0, 0, 0],
							"rotation": [0, 0, -33],
							"uv": {
								"north": {"uv": [9.5, 2.5], "uv_size": [-1, 12]},
								"east": {"uv": [9, 2.5], "uv_size": [0.5, 12]},
								"south": {"uv": [8.5, 2.5], "uv_size": [1, 12]},
								"west": {"uv": [8.5, 2.5], "uv_size": [0.5, 12]},
								"up": {"uv": [9.5, 3], "uv_size": [-1, -0.5]},
								"down": {"uv": [9.5, 14.5], "uv_size": [-1, -0.5]}
							}
						},
						{
							"origin": [3.84, 5, -0.1],
							"size": [1.2, 0.24, 0.44],
							"pivot": [0, 0, 0],
							"rotation": [0, 0, -33],
							"uv": {
								"north": {"uv": [4.5, 3], "uv_size": [-2.5, 0.5]},
								"east": {"uv": [4, 3], "uv_size": [0.5, 0.5]},
								"south": {"uv": [2, 3], "uv_size": [2.5, 0.5]},
								"west": {"uv": [2, 3], "uv_size": [0.5, 0.5]},
								"up": {"uv": [4.5, 3.5], "uv_size": [-2.5, -0.5]},
								"down": {"uv": [4.5, 3.5], "uv_size": [-2.5, -0.5]}
							}
						},
						{
							"origin": [2.64, 0.2, -0.1],
							"size": [0.24, 5.04, 0.44],
							"pivot": [0, 0, 0],
							"rotation": [0, 0, -33],
							"uv": {
								"north": {"uv": [7, 3], "uv_size": [-0.5, 10.5]},
								"east": {"uv": [6.5, 3], "uv_size": [0.5, 10.5]},
								"south": {"uv": [6.5, 3], "uv_size": [0.5, 10.5]},
								"west": {"uv": [6.5, 3], "uv_size": [0.5, 10.5]},
								"up": {"uv": [7, 3.5], "uv_size": [-0.5, -0.5]},
								"down": {"uv": [7, 13.5], "uv_size": [-0.5, -0.5]}
							}
						},
						{
							"origin": [1.92, -0.28, -0.1],
							"size": [0.24, 5.52, 0.44],
							"pivot": [0, 0, 0],
							"rotation": [0, 0, -33],
							"uv": {
								"north": {"uv": [8.5, 3], "uv_size": [-0.5, 11.5]},
								"east": {"uv": [8, 3], "uv_size": [0.5, 11.5]},
								"south": {"uv": [8, 3], "uv_size": [0.5, 11.5]},
								"west": {"uv": [8, 3], "uv_size": [0.5, 11.5]},
								"up": {"uv": [8.5, 3.5], "uv_size": [-0.5, -0.5]},
								"down": {"uv": [8.5, 14.5], "uv_size": [-0.5, -0.5]}
							}
						},
						{
							"origin": [3.6, 4.76, -0.1],
							"size": [0.96, 0.24, 0.44],
							"pivot": [0, 0, 0],
							"rotation": [0, 0, -33],
							"uv": {
								"north": {"uv": [5, 3.5], "uv_size": [-2, 0.5]},
								"east": {"uv": [4.5, 3.5], "uv_size": [0.5, 0.5]},
								"south": {"uv": [3, 3.5], "uv_size": [2, 0.5]},
								"west": {"uv": [3, 3.5], "uv_size": [0.5, 0.5]},
								"up": {"uv": [5, 4], "uv_size": [-2, -0.5]},
								"down": {"uv": [5, 4], "uv_size": [-2, -0.5]}
							}
						},
						{
							"origin": [3.6, 3.8, -0.1],
							"size": [0.72, 0.96, 0.44],
							"pivot": [0, 0, 0],
							"rotation": [0, 0, -33],
							"uv": {
								"north": {"uv": [5, 4], "uv_size": [-1.5, 2]},
								"east": {"uv": [4.5, 4], "uv_size": [0.5, 2]},
								"south": {"uv": [3.5, 4], "uv_size": [1.5, 2]},
								"west": {"uv": [3.5, 4], "uv_size": [0.5, 2]},
								"up": {"uv": [5, 4.5], "uv_size": [-1.5, -0.5]},
								"down": {"uv": [5, 6], "uv_size": [-1.5, -0.5]}
							}
						},
						{
							"origin": [1.2, -0.52, -0.1],
							"size": [0.24, 5.28, 0.44],
							"pivot": [0, 0, 0],
							"rotation": [0, 0, -33],
							"uv": {
								"north": {"uv": [10, 4], "uv_size": [-0.5, 11]},
								"east": {"uv": [9.5, 4], "uv_size": [0.5, 11]},
								"south": {"uv": [9.5, 4], "uv_size": [0.5, 11]},
								"west": {"uv": [9.5, 4], "uv_size": [0.5, 11]},
								"up": {"uv": [10, 4.5], "uv_size": [-0.5, -0.5]},
								"down": {"uv": [10, 15], "uv_size": [-0.5, -0.5]}
							}
						},
						{
							"origin": [4.32, 4.04, -0.1],
							"size": [0.48, 0.48, 0.44],
							"pivot": [0, 0, 0],
							"rotation": [0, 0, -33],
							"uv": {
								"north": {"uv": [3.5, 4.5], "uv_size": [-1, 1]},
								"east": {"uv": [3, 4.5], "uv_size": [0.5, 1]},
								"south": {"uv": [2.5, 4.5], "uv_size": [1, 1]},
								"west": {"uv": [2.5, 4.5], "uv_size": [0.5, 1]},
								"up": {"uv": [3.5, 5], "uv_size": [-1, -0.5]},
								"down": {"uv": [3.5, 5.5], "uv_size": [-1, -0.5]}
							}
						},
						{
							"origin": [0.72, -0.28, -0.1],
							"size": [0.48, 4.8, 0.44],
							"pivot": [0, 0, 0],
							"rotation": [0, 0, -33],
							"uv": {
								"north": {"uv": [11, 4.5], "uv_size": [-1, 10]},
								"east": {"uv": [10.5, 4.5], "uv_size": [0.5, 10]},
								"south": {"uv": [10, 4.5], "uv_size": [1, 10]},
								"west": {"uv": [10, 4.5], "uv_size": [0.5, 10]},
								"up": {"uv": [11, 5], "uv_size": [-1, -0.5]},
								"down": {"uv": [11, 14.5], "uv_size": [-1, -0.5]}
							}
						},
						{
							"origin": [4.8, 4.04, -0.1],
							"size": [0.24, 0.24, 0.44],
							"pivot": [0, 0, 0],
							"rotation": [0, 0, -33],
							"uv": {
								"north": {"uv": [2.5, 5], "uv_size": [-0.5, 0.5]},
								"east": {"uv": [2, 5], "uv_size": [0.5, 0.5]},
								"south": {"uv": [2, 5], "uv_size": [0.5, 0.5]},
								"west": {"uv": [2, 5], "uv_size": [0.5, 0.5]},
								"up": {"uv": [2.5, 5.5], "uv_size": [-0.5, -0.5]},
								"down": {"uv": [2.5, 5.5], "uv_size": [-0.5, -0.5]}
							}
						},
						{
							"origin": [0.48, -0.28, -0.1],
							"size": [0.24, 4.56, 0.44],
							"pivot": [0, 0, 0],
							"rotation": [0, 0, -33],
							"uv": {
								"north": {"uv": [11.5, 5], "uv_size": [-0.5, 9.5]},
								"east": {"uv": [11, 5], "uv_size": [0.5, 9.5]},
								"south": {"uv": [11, 5], "uv_size": [0.5, 9.5]},
								"west": {"uv": [11, 5], "uv_size": [0.5, 9.5]},
								"up": {"uv": [11.5, 5.5], "uv_size": [-0.5, -0.5]},
								"down": {"uv": [11.5, 14.5], "uv_size": [-0.5, -0.5]}
							}
						},
						{
							"origin": [0.24, -0.04, -0.1],
							"size": [0.24, 4.08, 0.44],
							"pivot": [0, 0, 0],
							"rotation": [0, 0, -33],
							"uv": {
								"north": {"uv": [12, 5.5], "uv_size": [-0.5, 8.5]},
								"east": {"uv": [11.5, 5.5], "uv_size": [0.5, 8.5]},
								"south": {"uv": [11.5, 5.5], "uv_size": [0.5, 8.5]},
								"west": {"uv": [11.5, 5.5], "uv_size": [0.5, 8.5]},
								"up": {"uv": [12, 6], "uv_size": [-0.5, -0.5]},
								"down": {"uv": [12, 14], "uv_size": [-0.5, -0.5]}
							}
						},
						{
							"origin": [3.6, 2.12, -0.1],
							"size": [0.48, 1.68, 0.44],
							"pivot": [0, 0, 0],
							"rotation": [0, 0, -33],
							"uv": {
								"north": {"uv": [5, 6], "uv_size": [-1, 3.5]},
								"east": {"uv": [4.5, 6], "uv_size": [0.5, 3.5]},
								"south": {"uv": [4, 6], "uv_size": [1, 3.5]},
								"west": {"uv": [4, 6], "uv_size": [0.5, 3.5]},
								"up": {"uv": [5, 6.5], "uv_size": [-1, -0.5]},
								"down": {"uv": [5, 9.5], "uv_size": [-1, -0.5]}
							}
						},
						{
							"origin": [0, -0.04, -0.1],
							"size": [0.24, 3.84, 0.44],
							"pivot": [0, 0, 0],
							"rotation": [0, 0, -33],
							"uv": {
								"north": {"uv": [12.5, 6], "uv_size": [-0.5, 8]},
								"east": {"uv": [12, 6], "uv_size": [0.5, 8]},
								"south": {"uv": [12, 6], "uv_size": [0.5, 8]},
								"west": {"uv": [12, 6], "uv_size": [0.5, 8]},
								"up": {"uv": [12.5, 6.5], "uv_size": [-0.5, -0.5]},
								"down": {"uv": [12.5, 14], "uv_size": [-0.5, -0.5]}
							}
						},
						{
							"origin": [4.08, 3.32, -0.1],
							"size": [0.48, 0.24, 0.44],
							"pivot": [0, 0, 0],
							"rotation": [0, 0, -33],
							"uv": {
								"north": {"uv": [4, 6.5], "uv_size": [-1, 0.5]},
								"east": {"uv": [3.5, 6.5], "uv_size": [0.5, 0.5]},
								"south": {"uv": [3, 6.5], "uv_size": [1, 0.5]},
								"west": {"uv": [3, 6.5], "uv_size": [0.5, 0.5]},
								"up": {"uv": [4, 7], "uv_size": [-1, -0.5]},
								"down": {"uv": [4, 7], "uv_size": [-1, -0.5]}
							}
						},
						{
							"origin": [4.32, 3.08, -0.1],
							"size": [0.48, 0.24, 0.44],
							"pivot": [0, 0, 0],
							"rotation": [0, 0, -33],
							"uv": {
								"north": {"uv": [3.5, 7], "uv_size": [-1, 0.5]},
								"east": {"uv": [3, 7], "uv_size": [0.5, 0.5]},
								"south": {"uv": [2.5, 7], "uv_size": [1, 0.5]},
								"west": {"uv": [2.5, 7], "uv_size": [0.5, 0.5]},
								"up": {"uv": [3.5, 7.5], "uv_size": [-1, -0.5]},
								"down": {"uv": [3.5, 7.5], "uv_size": [-1, -0.5]}
							}
						},
						{
							"origin": [-0.24, 0.2, -0.1],
							"size": [0.24, 3.12, 0.44],
							"pivot": [0, 0, 0],
							"rotation": [0, 0, -33],
							"uv": {
								"north": {"uv": [13, 7], "uv_size": [-0.5, 6.5]},
								"east": {"uv": [12.5, 7], "uv_size": [0.5, 6.5]},
								"south": {"uv": [12.5, 7], "uv_size": [0.5, 6.5]},
								"west": {"uv": [12.5, 7], "uv_size": [0.5, 6.5]},
								"up": {"uv": [13, 7.5], "uv_size": [-0.5, -0.5]},
								"down": {"uv": [13, 13.5], "uv_size": [-0.5, -0.5]}
							}
						},
						{
							"origin": [-0.48, 0.44, -0.1],
							"size": [0.24, 2.4, 0.44],
							"pivot": [0, 0, 0],
							"rotation": [0, 0, -33],
							"uv": {
								"north": {"uv": [13.5, 8], "uv_size": [-0.5, 5]},
								"east": {"uv": [13, 8], "uv_size": [0.5, 5]},
								"south": {"uv": [13, 8], "uv_size": [0.5, 5]},
								"west": {"uv": [13, 8], "uv_size": [0.5, 5]},
								"up": {"uv": [13.5, 8.5], "uv_size": [-0.5, -0.5]},
								"down": {"uv": [13.5, 13], "uv_size": [-0.5, -0.5]}
							}
						},
						{
							"origin": [3.6, 1.64, -0.1],
							"size": [0.24, 0.48, 0.44],
							"pivot": [0, 0, 0],
							"rotation": [0, 0, -33],
							"uv": {
								"north": {"uv": [5, 9.5], "uv_size": [-0.5, 1]},
								"east": {"uv": [4.5, 9.5], "uv_size": [0.5, 1]},
								"south": {"uv": [4.5, 9.5], "uv_size": [0.5, 1]},
								"west": {"uv": [4.5, 9.5], "uv_size": [0.5, 1]},
								"up": {"uv": [5, 10], "uv_size": [-0.5, -0.5]},
								"down": {"uv": [5, 10.5], "uv_size": [-0.5, -0.5]}
							}
						},
						{
							"origin": [-0.72, 0.68, -0.1],
							"size": [0.24, 1.44, 0.44],
							"pivot": [0, 0, 0],
							"rotation": [0, 0, -33],
							"uv": {
								"north": {"uv": [14, 9.5], "uv_size": [-0.5, 3]},
								"east": {"uv": [13.5, 9.5], "uv_size": [0.5, 3]},
								"south": {"uv": [13.5, 9.5], "uv_size": [0.5, 3]},
								"west": {"uv": [13.5, 9.5], "uv_size": [0.5, 3]},
								"up": {"uv": [14, 10], "uv_size": [-0.5, -0.5]},
								"down": {"uv": [14, 12.5], "uv_size": [-0.5, -0.5]}
							}
						},
						{
							"origin": [1.44, -0.52, -0.1],
							"size": [0.24, 0.24, 0.44],
							"pivot": [0, 0, 0],
							"rotation": [0, 0, -33],
							"uv": {
								"north": {"uv": [9.5, 14.5], "uv_size": [-0.5, 0.5]},
								"east": {"uv": [9, 14.5], "uv_size": [0.5, 0.5]},
								"south": {"uv": [9, 14.5], "uv_size": [0.5, 0.5]},
								"west": {"uv": [9, 14.5], "uv_size": [0.5, 0.5]},
								"up": {"uv": [9.5, 15], "uv_size": [-0.5, -0.5]},
								"down": {"uv": [9.5, 15], "uv_size": [-0.5, -0.5]}
							}
						},
						{
							"origin": [0.96, -0.52, -0.1],
							"size": [0.24, 0.24, 0.44],
							"pivot": [0, 0, 0],
							"rotation": [0, 0, -33],
							"uv": {
								"north": {"uv": [10.5, 14.5], "uv_size": [-0.5, 0.5]},
								"east": {"uv": [10, 14.5], "uv_size": [0.5, 0.5]},
								"south": {"uv": [10, 14.5], "uv_size": [0.5, 0.5]},
								"west": {"uv": [10, 14.5], "uv_size": [0.5, 0.5]},
								"up": {"uv": [10.5, 15], "uv_size": [-0.5, -0.5]},
								"down": {"uv": [10.5, 15], "uv_size": [-0.5, -0.5]}
							}
						}
					]
				}
			]
		}
	]
}