{
	"format_version": "1.12.0",
	"minecraft:geometry": [
		{
			"description": {
				"identifier": "geometry.goe_spa.pizza",
				"texture_width": 16,
				"texture_height": 16,
				"visible_bounds_width": 4,
				"visible_bounds_height": 2.5,
				"visible_bounds_offset": [0, 0.75, 0]
			},
			"bones": [
				{
					"name": "rightitem",
					"pivot": [0, 0, 0],
					"cubes": [
						{
							"origin": [-3.47978, -3.44043, -0.1],
							"size": [2.4, 4.56, 0.44],
							"pivot": [0, 0, 0],
							"rotation": [-180, 0, 55],
							"uv": {
								"north": {"uv": [10, 1.5], "uv_size": [-5, 9.5]},
								"east": {"uv": [9.5, 1.5], "uv_size": [0.5, 9.5]},
								"south": {"uv": [5, 1.5], "uv_size": [5, 9.5]},
								"west": {"uv": [5, 1.5], "uv_size": [0.5, 9.5]},
								"up": {"uv": [10, 2], "uv_size": [-5, -0.5]},
								"down": {"uv": [10, 11], "uv_size": [-5, -0.5]}
							}
						},
						{
							"origin": [-1.07978, -3.20043, -0.1],
							"size": [0.24, 4.08, 0.44],
							"pivot": [0, 0, 0],
							"rotation": [-180, 0, 55],
							"uv": {
								"north": {"uv": [5, 2], "uv_size": [-0.5, 8.5]},
								"east": {"uv": [4.5, 2], "uv_size": [0.5, 8.5]},
								"south": {"uv": [4.5, 2], "uv_size": [0.5, 8.5]},
								"west": {"uv": [4.5, 2], "uv_size": [0.5, 8.5]},
								"up": {"uv": [5, 2.5], "uv_size": [-0.5, -0.5]},
								"down": {"uv": [5, 10.5], "uv_size": [-0.5, -0.5]}
							}
						},
						{
							"origin": [-0.83978, -2.72043, -0.1],
							"size": [0.48, 3.36, 0.44],
							"pivot": [0, 0, 0],
							"rotation": [-180, 0, 55],
							"uv": {
								"north": {"uv": [4.5, 2.5], "uv_size": [-1, 7]},
								"east": {"uv": [4, 2.5], "uv_size": [0.5, 7]},
								"south": {"uv": [3.5, 2.5], "uv_size": [1, 7]},
								"west": {"uv": [3.5, 2.5], "uv_size": [0.5, 7]},
								"up": {"uv": [4.5, 3], "uv_size": [-1, -0.5]},
								"down": {"uv": [4.5, 9.5], "uv_size": [-1, -0.5]}
							}
						},
						{
							"origin": [-0.35978, -2.48043, -0.1],
							"size": [0.24, 2.88, 0.44],
							"pivot": [0, 0, 0],
							"rotation": [-180, 0, 55],
							"uv": {
								"north": {"uv": [3.5, 3], "uv_size": [-0.5, 6]},
								"east": {"uv": [3, 3], "uv_size": [0.5, 6]},
								"south": {"uv": [3, 3], "uv_size": [0.5, 6]},
								"west": {"uv": [3, 3], "uv_size": [0.5, 6]},
								"up": {"uv": [3.5, 3.5], "uv_size": [-0.5, -0.5]},
								"down": {"uv": [3.5, 9], "uv_size": [-0.5, -0.5]}
							}
						},
						{
							"origin": [-0.11978, -2.48043, -0.1],
							"size": [0.24, 2.64, 0.44],
							"pivot": [0, 0, 0],
							"rotation": [-180, 0, 55],
							"uv": {
								"north": {"uv": [3, 3.5], "uv_size": [-0.5, 5.5]},
								"east": {"uv": [2.5, 3.5], "uv_size": [0.5, 5.5]},
								"south": {"uv": [2.5, 3.5], "uv_size": [0.5, 5.5]},
								"west": {"uv": [2.5, 3.5], "uv_size": [0.5, 5.5]},
								"up": {"uv": [3, 4], "uv_size": [-0.5, -0.5]},
								"down": {"uv": [3, 9], "uv_size": [-0.5, -0.5]}
							}
						},
						{
							"origin": [-3.71978, -4.16043, -0.1],
							"size": [0.24, 4.32, 0.44],
							"pivot": [0, 0, 0],
							"rotation": [-180, 0, 55],
							"uv": {
								"north": {"uv": [10.5, 3.5], "uv_size": [-0.5, 9]},
								"east": {"uv": [10, 3.5], "uv_size": [0.5, 9]},
								"south": {"uv": [10, 3.5], "uv_size": [0.5, 9]},
								"west": {"uv": [10, 3.5], "uv_size": [0.5, 9]},
								"up": {"uv": [10.5, 4], "uv_size": [-0.5, -0.5]},
								"down": {"uv": [10.5, 12.5], "uv_size": [-0.5, -0.5]}
							}
						},
						{
							"origin": [-3.95978, -4.40043, -0.1],
							"size": [0.24, 4.32, 0.44],
							"pivot": [0, 0, 0],
							"rotation": [-180, 0, 55],
							"uv": {
								"north": {"uv": [11, 4], "uv_size": [-0.5, 9]},
								"east": {"uv": [10.5, 4], "uv_size": [0.5, 9]},
								"south": {"uv": [10.5, 4], "uv_size": [0.5, 9]},
								"west": {"uv": [10.5, 4], "uv_size": [0.5, 9]},
								"up": {"uv": [11, 4.5], "uv_size": [-0.5, -0.5]},
								"down": {"uv": [11, 13], "uv_size": [-0.5, -0.5]}
							}
						},
						{
							"origin": [0.12022, -2.24043, -0.1],
							"size": [0.24, 1.92, 0.44],
							"pivot": [0, 0, 0],
							"rotation": [-180, 0, 55],
							"uv": {
								"north": {"uv": [2.5, 4.5], "uv_size": [-0.5, 4]},
								"east": {"uv": [2, 4.5], "uv_size": [0.5, 4]},
								"south": {"uv": [2, 4.5], "uv_size": [0.5, 4]},
								"west": {"uv": [2, 4.5], "uv_size": [0.5, 4]},
								"up": {"uv": [2.5, 5], "uv_size": [-0.5, -0.5]},
								"down": {"uv": [2.5, 8.5], "uv_size": [-0.5, -0.5]}
							}
						},
						{
							"origin": [-4.43978, -4.64043, -0.1],
							"size": [0.48, 4.32, 0.44],
							"pivot": [0, 0, 0],
							"rotation": [-180, 0, 55],
							"uv": {
								"north": {"uv": [12, 4.5], "uv_size": [-1, 9]},
								"east": {"uv": [11.5, 4.5], "uv_size": [0.5, 9]},
								"south": {"uv": [11, 4.5], "uv_size": [1, 9]},
								"west": {"uv": [11, 4.5], "uv_size": [0.5, 9]},
								"up": {"uv": [12, 5], "uv_size": [-1, -0.5]},
								"down": {"uv": [12, 13.5], "uv_size": [-1, -0.5]}
							}
						},
						{
							"origin": [0.36022, -2.24043, -0.1],
							"size": [0.24, 1.44, 0.44],
							"pivot": [0, 0, 0],
							"rotation": [-180, 0, 55],
							"uv": {
								"north": {"uv": [2, 5.5], "uv_size": [-0.5, 3]},
								"east": {"uv": [1.5, 5.5], "uv_size": [0.5, 3]},
								"south": {"uv": [1.5, 5.5], "uv_size": [0.5, 3]},
								"west": {"uv": [1.5, 5.5], "uv_size": [0.5, 3]},
								"up": {"uv": [2, 6], "uv_size": [-0.5, -0.5]},
								"down": {"uv": [2, 8.5], "uv_size": [-0.5, -0.5]}
							}
						},
						{
							"origin": [-4.67978, -4.64043, -0.1],
							"size": [0.24, 3.36, 0.44],
							"pivot": [0, 0, 0],
							"rotation": [-180, 0, 55],
							"uv": {
								"north": {"uv": [12.5, 6.5], "uv_size": [-0.5, 7]},
								"east": {"uv": [12, 6.5], "uv_size": [0.5, 7]},
								"south": {"uv": [12, 6.5], "uv_size": [0.5, 7]},
								"west": {"uv": [12, 6.5], "uv_size": [0.5, 7]},
								"up": {"uv": [12.5, 7], "uv_size": [-0.5, -0.5]},
								"down": {"uv": [12.5, 13.5], "uv_size": [-0.5, -0.5]}
							}
						},
						{
							"origin": [-4.91978, -5.12043, -0.1],
							"size": [0.24, 2.88, 0.44],
							"pivot": [0, 0, 0],
							"rotation": [-180, 0, 55],
							"uv": {
								"north": {"uv": [13, 8.5], "uv_size": [-0.5, 6]},
								"east": {"uv": [12.5, 8.5], "uv_size": [0.5, 6]},
								"south": {"uv": [12.5, 8.5], "uv_size": [0.5, 6]},
								"west": {"uv": [12.5, 8.5], "uv_size": [0.5, 6]},
								"up": {"uv": [13, 9], "uv_size": [-0.5, -0.5]},
								"down": {"uv": [13, 14.5], "uv_size": [-0.5, -0.5]}
							}
						},
						{
							"origin": [-0.83978, -2.96043, -0.1],
							"size": [0.24, 0.24, 0.44],
							"pivot": [0, 0, 0],
							"rotation": [-180, 0, 55],
							"uv": {
								"north": {"uv": [4.5, 9.5], "uv_size": [-0.5, 0.5]},
								"east": {"uv": [4, 9.5], "uv_size": [0.5, 0.5]},
								"south": {"uv": [4, 9.5], "uv_size": [0.5, 0.5]},
								"west": {"uv": [4, 9.5], "uv_size": [0.5, 0.5]},
								"up": {"uv": [4.5, 10], "uv_size": [-0.5, -0.5]},
								"down": {"uv": [4.5, 10], "uv_size": [-0.5, -0.5]}
							}
						},
						{
							"origin": [-5.15978, -5.12043, -0.1],
							"size": [0.24, 2.16, 0.44],
							"pivot": [0, 0, 0],
							"rotation": [-180, 0, 55],
							"uv": {
								"north": {"uv": [13.5, 10], "uv_size": [-0.5, 4.5]},
								"east": {"uv": [13, 10], "uv_size": [0.5, 4.5]},
								"south": {"uv": [13, 10], "uv_size": [0.5, 4.5]},
								"west": {"uv": [13, 10], "uv_size": [0.5, 4.5]},
								"up": {"uv": [13.5, 10.5], "uv_size": [-0.5, -0.5]},
								"down": {"uv": [13.5, 14.5], "uv_size": [-0.5, -0.5]}
							}
						},
						{
							"origin": [-3.47978, -3.68043, -0.1],
							"size": [1.2, 0.24, 0.44],
							"pivot": [0, 0, 0],
							"rotation": [-180, 0, 55],
							"uv": {
								"north": {"uv": [10, 11], "uv_size": [-2.5, 0.5]},
								"east": {"uv": [9.5, 11], "uv_size": [0.5, 0.5]},
								"south": {"uv": [7.5, 11], "uv_size": [2.5, 0.5]},
								"west": {"uv": [7.5, 11], "uv_size": [0.5, 0.5]},
								"up": {"uv": [10, 11.5], "uv_size": [-2.5, -0.5]},
								"down": {"uv": [10, 11.5], "uv_size": [-2.5, -0.5]}
							}
						},
						{
							"origin": [-5.39978, -5.12043, -0.1],
							"size": [0.24, 1.68, 0.44],
							"pivot": [0, 0, 0],
							"rotation": [-180, 0, 55],
							"uv": {
								"north": {"uv": [14, 11], "uv_size": [-0.5, 3.5]},
								"east": {"uv": [13.5, 11], "uv_size": [0.5, 3.5]},
								"south": {"uv": [13.5, 11], "uv_size": [0.5, 3.5]},
								"west": {"uv": [13.5, 11], "uv_size": [0.5, 3.5]},
								"up": {"uv": [14, 11.5], "uv_size": [-0.5, -0.5]},
								"down": {"uv": [14, 14.5], "uv_size": [-0.5, -0.5]}
							}
						},
						{
							"origin": [-3.47978, -3.92043, -0.1],
							"size": [0.72, 0.24, 0.44],
							"pivot": [0, 0, 0],
							"rotation": [-180, 0, 55],
							"uv": {
								"north": {"uv": [10, 11.5], "uv_size": [-1.5, 0.5]},
								"east": {"uv": [9.5, 11.5], "uv_size": [0.5, 0.5]},
								"south": {"uv": [8.5, 11.5], "uv_size": [1.5, 0.5]},
								"west": {"uv": [8.5, 11.5], "uv_size": [0.5, 0.5]},
								"up": {"uv": [10, 12], "uv_size": [-1.5, -0.5]},
								"down": {"uv": [10, 12], "uv_size": [-1.5, -0.5]}
							}
						},
						{
							"origin": [-3.47978, -4.16043, -0.1],
							"size": [0.24, 0.24, 0.44],
							"pivot": [0, 0, 0],
							"rotation": [-180, 0, 55],
							"uv": {
								"north": {"uv": [10, 12], "uv_size": [-0.5, 0.5]},
								"east": {"uv": [9.5, 12], "uv_size": [0.5, 0.5]},
								"south": {"uv": [9.5, 12], "uv_size": [0.5, 0.5]},
								"west": {"uv": [9.5, 12], "uv_size": [0.5, 0.5]},
								"up": {"uv": [10, 12.5], "uv_size": [-0.5, -0.5]},
								"down": {"uv": [10, 12.5], "uv_size": [-0.5, -0.5]}
							}
						}
					]
				}
			]
		}
	]
}