{
	"format_version": "1.12.0",
	"minecraft:geometry": [
		{
			"description": {
				"identifier": "geometry.goe_spa.strawberry",
				"texture_width": 16,
				"texture_height": 16,
				"visible_bounds_width": 4,
				"visible_bounds_height": 2.5,
				"visible_bounds_offset": [0, 0.75, 0]
			},
			"bones": [
				{
					"name": "rightitem",
					"pivot": [0, 0, 0],
					"cubes": [
						{
							"origin": [-0.88, 5.98, -0.1],
							"size": [0.48, 0.48, 0.44],
							"uv": {
								"north": {"uv": [11, 1.5], "uv_size": [-1, 1]},
								"east": {"uv": [10.5, 1.5], "uv_size": [0.5, 1]},
								"south": {"uv": [10, 1.5], "uv_size": [1, 1]},
								"west": {"uv": [10, 1.5], "uv_size": [0.5, 1]},
								"up": {"uv": [11, 2], "uv_size": [-1, -0.5]},
								"down": {"uv": [11, 2.5], "uv_size": [-1, -0.5]}
							}
						},
						{
							"origin": [-1.12, 6.22, -0.1],
							"size": [0.24, 0.24, 0.44],
							"uv": {
								"north": {"uv": [11.5, 1.5], "uv_size": [-0.5, 0.5]},
								"east": {"uv": [11, 1.5], "uv_size": [0.5, 0.5]},
								"south": {"uv": [11, 1.5], "uv_size": [0.5, 0.5]},
								"west": {"uv": [11, 1.5], "uv_size": [0.5, 0.5]},
								"up": {"uv": [11.5, 2], "uv_size": [-0.5, -0.5]},
								"down": {"uv": [11.5, 2], "uv_size": [-0.5, -0.5]}
							}
						},
						{
							"origin": [2, 5.98, -0.1],
							"size": [0.48, 0.24, 0.44],
							"uv": {
								"north": {"uv": [5, 2], "uv_size": [-1, 0.5]},
								"east": {"uv": [4.5, 2], "uv_size": [0.5, 0.5]},
								"south": {"uv": [4, 2], "uv_size": [1, 0.5]},
								"west": {"uv": [4, 2], "uv_size": [0.5, 0.5]},
								"up": {"uv": [5, 2.5], "uv_size": [-1, -0.5]},
								"down": {"uv": [5, 2.5], "uv_size": [-1, -0.5]}
							}
						},
						{
							"origin": [-0.4, -0.02, -0.1],
							"size": [0.24, 6.24, 0.44],
							"uv": {
								"north": {"uv": [10, 2], "uv_size": [-0.5, 13]},
								"east": {"uv": [9.5, 2], "uv_size": [0.5, 13]},
								"south": {"uv": [9.5, 2], "uv_size": [0.5, 13]},
								"west": {"uv": [9.5, 2], "uv_size": [0.5, 13]},
								"up": {"uv": [10, 2.5], "uv_size": [-0.5, -0.5]},
								"down": {"uv": [10, 15], "uv_size": [-0.5, -0.5]}
							}
						},
						{
							"origin": [1.04, 5.74, -0.1],
							"size": [1.2, 0.24, 0.44],
							"uv": {
								"north": {"uv": [7, 2.5], "uv_size": [-2.5, 0.5]},
								"east": {"uv": [6.5, 2.5], "uv_size": [0.5, 0.5]},
								"south": {"uv": [4.5, 2.5], "uv_size": [2.5, 0.5]},
								"west": {"uv": [4.5, 2.5], "uv_size": [0.5, 0.5]},
								"up": {"uv": [7, 3], "uv_size": [-2.5, -0.5]},
								"down": {"uv": [7, 3], "uv_size": [-2.5, -0.5]}
							}
						},
						{
							"origin": [-0.16, 0.22, -0.1],
							"size": [0.48, 5.76, 0.44],
							"uv": {
								"north": {"uv": [9.5, 2.5], "uv_size": [-1, 12]},
								"east": {"uv": [9, 2.5], "uv_size": [0.5, 12]},
								"south": {"uv": [8.5, 2.5], "uv_size": [1, 12]},
								"west": {"uv": [8.5, 2.5], "uv_size": [0.5, 12]},
								"up": {"uv": [9.5, 3], "uv_size": [-1, -0.5]},
								"down": {"uv": [9.5, 14.5], "uv_size": [-1, -0.5]}
							}
						},
						{
							"origin": [-0.64, 5.74, -0.1],
							"size": [0.24, 0.24, 0.44],
							"uv": {
								"north": {"uv": [10.5, 2.5], "uv_size": [-0.5, 0.5]},
								"east": {"uv": [10, 2.5], "uv_size": [0.5, 0.5]},
								"south": {"uv": [10, 2.5], "uv_size": [0.5, 0.5]},
								"west": {"uv": [10, 2.5], "uv_size": [0.5, 0.5]},
								"up": {"uv": [10.5, 3], "uv_size": [-0.5, -0.5]},
								"down": {"uv": [10.5, 3], "uv_size": [-0.5, -0.5]}
							}
						},
						{
							"origin": [0.56, 5.5, -0.1],
							"size": [1.44, 0.24, 0.44],
							"uv": {
								"north": {"uv": [8, 3], "uv_size": [-3, 0.5]},
								"east": {"uv": [7.5, 3], "uv_size": [0.5, 0.5]},
								"south": {"uv": [5, 3], "uv_size": [3, 0.5]},
								"west": {"uv": [5, 3], "uv_size": [0.5, 0.5]},
								"up": {"uv": [8, 3.5], "uv_size": [-3, -0.5]},
								"down": {"uv": [8, 3.5], "uv_size": [-3, -0.5]}
							}
						},
						{
							"origin": [-1.6, 5.26, -0.1],
							"size": [0.48, 0.48, 0.44],
							"uv": {
								"north": {"uv": [12.5, 3], "uv_size": [-1, 1]},
								"east": {"uv": [12, 3], "uv_size": [0.5, 1]},
								"south": {"uv": [11.5, 3], "uv_size": [1, 1]},
								"west": {"uv": [11.5, 3], "uv_size": [0.5, 1]},
								"up": {"uv": [12.5, 3.5], "uv_size": [-1, -0.5]},
								"down": {"uv": [12.5, 4], "uv_size": [-1, -0.5]}
							}
						},
						{
							"origin": [-1.84, 5.5, -0.1],
							"size": [0.24, 0.24, 0.44],
							"uv": {
								"north": {"uv": [13, 3], "uv_size": [-0.5, 0.5]},
								"east": {"uv": [12.5, 3], "uv_size": [0.5, 0.5]},
								"south": {"uv": [12.5, 3], "uv_size": [0.5, 0.5]},
								"west": {"uv": [12.5, 3], "uv_size": [0.5, 0.5]},
								"up": {"uv": [13, 3.5], "uv_size": [-0.5, -0.5]},
								"down": {"uv": [13, 3.5], "uv_size": [-0.5, -0.5]}
							}
						},
						{
							"origin": [0.32, 0.94, -0.1],
							"size": [1.2, 4.56, 0.44],
							"uv": {
								"north": {"uv": [8.5, 3.5], "uv_size": [-2.5, 9.5]},
								"east": {"uv": [8, 3.5], "uv_size": [0.5, 9.5]},
								"south": {"uv": [6, 3.5], "uv_size": [2.5, 9.5]},
								"west": {"uv": [6, 3.5], "uv_size": [0.5, 9.5]},
								"up": {"uv": [8.5, 4], "uv_size": [-2.5, -0.5]},
								"down": {"uv": [8.5, 13], "uv_size": [-2.5, -0.5]}
							}
						},
						{
							"origin": [-1.12, 0.22, -0.1],
							"size": [0.72, 5.28, 0.44],
							"uv": {
								"north": {"uv": [11.5, 3.5], "uv_size": [-1.5, 11]},
								"east": {"uv": [11, 3.5], "uv_size": [0.5, 11]},
								"south": {"uv": [10, 3.5], "uv_size": [1.5, 11]},
								"west": {"uv": [10, 3.5], "uv_size": [0.5, 11]},
								"up": {"uv": [11.5, 4], "uv_size": [-1.5, -0.5]},
								"down": {"uv": [11.5, 14.5], "uv_size": [-1.5, -0.5]}
							}
						},
						{
							"origin": [1.52, 2.14, -0.1],
							"size": [1.2, 3.12, 0.44],
							"uv": {
								"north": {"uv": [6, 4], "uv_size": [-2.5, 6.5]},
								"east": {"uv": [5.5, 4], "uv_size": [0.5, 6.5]},
								"south": {"uv": [3.5, 4], "uv_size": [2.5, 6.5]},
								"west": {"uv": [3.5, 4], "uv_size": [0.5, 6.5]},
								"up": {"uv": [6, 4.5], "uv_size": [-2.5, -0.5]},
								"down": {"uv": [6, 10.5], "uv_size": [-2.5, -0.5]}
							}
						},
						{
							"origin": [-1.36, 0.46, -0.1],
							"size": [0.24, 4.8, 0.44],
							"uv": {
								"north": {"uv": [12, 4], "uv_size": [-0.5, 10]},
								"east": {"uv": [11.5, 4], "uv_size": [0.5, 10]},
								"south": {"uv": [11.5, 4], "uv_size": [0.5, 10]},
								"west": {"uv": [11.5, 4], "uv_size": [0.5, 10]},
								"up": {"uv": [12, 4.5], "uv_size": [-0.5, -0.5]},
								"down": {"uv": [12, 14], "uv_size": [-0.5, -0.5]}
							}
						},
						{
							"origin": [2.72, 4.54, -0.1],
							"size": [0.72, 0.48, 0.44],
							"uv": {
								"north": {"uv": [3.5, 4.5], "uv_size": [-1.5, 1]},
								"east": {"uv": [3, 4.5], "uv_size": [0.5, 1]},
								"south": {"uv": [2, 4.5], "uv_size": [1.5, 1]},
								"west": {"uv": [2, 4.5], "uv_size": [0.5, 1]},
								"up": {"uv": [3.5, 5], "uv_size": [-1.5, -0.5]},
								"down": {"uv": [3.5, 5.5], "uv_size": [-1.5, -0.5]}
							}
						},
						{
							"origin": [-1.84, 1.18, -0.1],
							"size": [0.48, 3.84, 0.44],
							"uv": {
								"north": {"uv": [13, 4.5], "uv_size": [-1, 8]},
								"east": {"uv": [12.5, 4.5], "uv_size": [0.5, 8]},
								"south": {"uv": [12, 4.5], "uv_size": [1, 8]},
								"west": {"uv": [12, 4.5], "uv_size": [0.5, 8]},
								"up": {"uv": [13, 5], "uv_size": [-1, -0.5]},
								"down": {"uv": [13, 12.5], "uv_size": [-1, -0.5]}
							}
						},
						{
							"origin": [3.44, 4.54, -0.1],
							"size": [0.24, 0.24, 0.44],
							"uv": {
								"north": {"uv": [2, 5], "uv_size": [-0.5, 0.5]},
								"east": {"uv": [1.5, 5], "uv_size": [0.5, 0.5]},
								"south": {"uv": [1.5, 5], "uv_size": [0.5, 0.5]},
								"west": {"uv": [1.5, 5], "uv_size": [0.5, 0.5]},
								"up": {"uv": [2, 5.5], "uv_size": [-0.5, -0.5]},
								"down": {"uv": [2, 5.5], "uv_size": [-0.5, -0.5]}
							}
						},
						{
							"origin": [-2.08, 1.66, -0.1],
							"size": [0.24, 3.12, 0.44],
							"uv": {
								"north": {"uv": [13.5, 5], "uv_size": [-0.5, 6.5]},
								"east": {"uv": [13, 5], "uv_size": [0.5, 6.5]},
								"south": {"uv": [13, 5], "uv_size": [0.5, 6.5]},
								"west": {"uv": [13, 5], "uv_size": [0.5, 6.5]},
								"up": {"uv": [13.5, 5.5], "uv_size": [-0.5, -0.5]},
								"down": {"uv": [13.5, 11.5], "uv_size": [-0.5, -0.5]}
							}
						},
						{
							"origin": [2.72, 2.38, -0.1],
							"size": [0.24, 2.16, 0.44],
							"uv": {
								"north": {"uv": [3.5, 5.5], "uv_size": [-0.5, 4.5]},
								"east": {"uv": [3, 5.5], "uv_size": [0.5, 4.5]},
								"south": {"uv": [3, 5.5], "uv_size": [0.5, 4.5]},
								"west": {"uv": [3, 5.5], "uv_size": [0.5, 4.5]},
								"up": {"uv": [3.5, 6], "uv_size": [-0.5, -0.5]},
								"down": {"uv": [3.5, 10], "uv_size": [-0.5, -0.5]}
							}
						},
						{
							"origin": [-2.32, 2.14, -0.1],
							"size": [0.24, 2.4, 0.44],
							"uv": {
								"north": {"uv": [14, 5.5], "uv_size": [-0.5, 5]},
								"east": {"uv": [13.5, 5.5], "uv_size": [0.5, 5]},
								"south": {"uv": [13.5, 5.5], "uv_size": [0.5, 5]},
								"west": {"uv": [13.5, 5.5], "uv_size": [0.5, 5]},
								"up": {"uv": [14, 6], "uv_size": [-0.5, -0.5]},
								"down": {"uv": [14, 10.5], "uv_size": [-0.5, -0.5]}
							}
						},
						{
							"origin": [2.96, 4.06, -0.1],
							"size": [0.48, 0.24, 0.44],
							"uv": {
								"north": {"uv": [3, 6], "uv_size": [-1, 0.5]},
								"east": {"uv": [2.5, 6], "uv_size": [0.5, 0.5]},
								"south": {"uv": [2, 6], "uv_size": [1, 0.5]},
								"west": {"uv": [2, 6], "uv_size": [0.5, 0.5]},
								"up": {"uv": [3, 6.5], "uv_size": [-1, -0.5]},
								"down": {"uv": [3, 6.5], "uv_size": [-1, -0.5]}
							}
						},
						{
							"origin": [2.96, 2.86, -0.1],
							"size": [0.24, 0.96, 0.44],
							"uv": {
								"north": {"uv": [3, 7], "uv_size": [-0.5, 2]},
								"east": {"uv": [2.5, 7], "uv_size": [0.5, 2]},
								"south": {"uv": [2.5, 7], "uv_size": [0.5, 2]},
								"west": {"uv": [2.5, 7], "uv_size": [0.5, 2]},
								"up": {"uv": [3, 7.5], "uv_size": [-0.5, -0.5]},
								"down": {"uv": [3, 9], "uv_size": [-0.5, -0.5]}
							}
						},
						{
							"origin": [1.52, 1.9, -0.1],
							"size": [0.96, 0.24, 0.44],
							"uv": {
								"north": {"uv": [6, 10.5], "uv_size": [-2, 0.5]},
								"east": {"uv": [5.5, 10.5], "uv_size": [0.5, 0.5]},
								"south": {"uv": [4, 10.5], "uv_size": [2, 0.5]},
								"west": {"uv": [4, 10.5], "uv_size": [0.5, 0.5]},
								"up": {"uv": [6, 11], "uv_size": [-2, -0.5]},
								"down": {"uv": [6, 11], "uv_size": [-2, -0.5]}
							}
						},
						{
							"origin": [1.52, 1.66, -0.1],
							"size": [0.72, 0.24, 0.44],
							"uv": {
								"north": {"uv": [6, 11], "uv_size": [-1.5, 0.5]},
								"east": {"uv": [5.5, 11], "uv_size": [0.5, 0.5]},
								"south": {"uv": [4.5, 11], "uv_size": [1.5, 0.5]},
								"west": {"uv": [4.5, 11], "uv_size": [0.5, 0.5]},
								"up": {"uv": [6, 11.5], "uv_size": [-1.5, -0.5]},
								"down": {"uv": [6, 11.5], "uv_size": [-1.5, -0.5]}
							}
						},
						{
							"origin": [1.52, 1.42, -0.1],
							"size": [0.48, 0.24, 0.44],
							"uv": {
								"north": {"uv": [6, 11.5], "uv_size": [-1, 0.5]},
								"east": {"uv": [5.5, 11.5], "uv_size": [0.5, 0.5]},
								"south": {"uv": [5, 11.5], "uv_size": [1, 0.5]},
								"west": {"uv": [5, 11.5], "uv_size": [0.5, 0.5]},
								"up": {"uv": [6, 12], "uv_size": [-1, -0.5]},
								"down": {"uv": [6, 12], "uv_size": [-1, -0.5]}
							}
						},
						{
							"origin": [1.52, 1.18, -0.1],
							"size": [0.24, 0.24, 0.44],
							"uv": {
								"north": {"uv": [6, 12], "uv_size": [-0.5, 0.5]},
								"east": {"uv": [5.5, 12], "uv_size": [0.5, 0.5]},
								"south": {"uv": [5.5, 12], "uv_size": [0.5, 0.5]},
								"west": {"uv": [5.5, 12], "uv_size": [0.5, 0.5]},
								"up": {"uv": [6, 12.5], "uv_size": [-0.5, -0.5]},
								"down": {"uv": [6, 12.5], "uv_size": [-0.5, -0.5]}
							}
						},
						{
							"origin": [-1.6, 0.7, -0.1],
							"size": [0.24, 0.48, 0.44],
							"uv": {
								"north": {"uv": [12.5, 12.5], "uv_size": [-0.5, 1]},
								"east": {"uv": [12, 12.5], "uv_size": [0.5, 1]},
								"south": {"uv": [12, 12.5], "uv_size": [0.5, 1]},
								"west": {"uv": [12, 12.5], "uv_size": [0.5, 1]},
								"up": {"uv": [12.5, 13], "uv_size": [-0.5, -0.5]},
								"down": {"uv": [12.5, 13.5], "uv_size": [-0.5, -0.5]}
							}
						},
						{
							"origin": [0.32, 0.7, -0.1],
							"size": [0.96, 0.24, 0.44],
							"uv": {
								"north": {"uv": [8.5, 13], "uv_size": [-2, 0.5]},
								"east": {"uv": [8, 13], "uv_size": [0.5, 0.5]},
								"south": {"uv": [6.5, 13], "uv_size": [2, 0.5]},
								"west": {"uv": [6.5, 13], "uv_size": [0.5, 0.5]},
								"up": {"uv": [8.5, 13.5], "uv_size": [-2, -0.5]},
								"down": {"uv": [8.5, 13.5], "uv_size": [-2, -0.5]}
							}
						},
						{
							"origin": [0.32, 0.46, -0.1],
							"size": [0.72, 0.24, 0.44],
							"uv": {
								"north": {"uv": [8.5, 13.5], "uv_size": [-1.5, 0.5]},
								"east": {"uv": [8, 13.5], "uv_size": [0.5, 0.5]},
								"south": {"uv": [7, 13.5], "uv_size": [1.5, 0.5]},
								"west": {"uv": [7, 13.5], "uv_size": [0.5, 0.5]},
								"up": {"uv": [8.5, 14], "uv_size": [-1.5, -0.5]},
								"down": {"uv": [8.5, 14], "uv_size": [-1.5, -0.5]}
							}
						},
						{
							"origin": [0.32, 0.22, -0.1],
							"size": [0.24, 0.24, 0.44],
							"uv": {
								"north": {"uv": [8.5, 14], "uv_size": [-0.5, 0.5]},
								"east": {"uv": [8, 14], "uv_size": [0.5, 0.5]},
								"south": {"uv": [8, 14], "uv_size": [0.5, 0.5]},
								"west": {"uv": [8, 14], "uv_size": [0.5, 0.5]},
								"up": {"uv": [8.5, 14.5], "uv_size": [-0.5, -0.5]},
								"down": {"uv": [8.5, 14.5], "uv_size": [-0.5, -0.5]}
							}
						},
						{
							"origin": [-0.16, -0.02, -0.1],
							"size": [0.24, 0.24, 0.44],
							"uv": {
								"north": {"uv": [9.5, 14.5], "uv_size": [-0.5, 0.5]},
								"east": {"uv": [9, 14.5], "uv_size": [0.5, 0.5]},
								"south": {"uv": [9, 14.5], "uv_size": [0.5, 0.5]},
								"west": {"uv": [9, 14.5], "uv_size": [0.5, 0.5]},
								"up": {"uv": [9.5, 15], "uv_size": [-0.5, -0.5]},
								"down": {"uv": [9.5, 15], "uv_size": [-0.5, -0.5]}
							}
						},
						{
							"origin": [-0.88, -0.02, -0.1],
							"size": [0.48, 0.24, 0.44],
							"uv": {
								"north": {"uv": [11, 14.5], "uv_size": [-1, 0.5]},
								"east": {"uv": [10.5, 14.5], "uv_size": [0.5, 0.5]},
								"south": {"uv": [10, 14.5], "uv_size": [1, 0.5]},
								"west": {"uv": [10, 14.5], "uv_size": [0.5, 0.5]},
								"up": {"uv": [11, 15], "uv_size": [-1, -0.5]},
								"down": {"uv": [11, 15], "uv_size": [-1, -0.5]}
							}
						}
					]
				}
			]
		}
	]
}