{
	"format_version": "1.10.0",
	"geometry.cat": {
		"texturewidth": 64,
		"textureheight": 64,
		"visible_bounds_width": 4,
		"visible_bounds_height": 2,
		"visible_bounds_offset": [0, 1, 0],
		"bones": [
			{
				"name": "body",
				"pivot": [0, 10, 2]
			},
			{
				"name": "bone",
				"parent": "body",
				"pivot": [0, 7, 7],
				"cubes": [
					{"origin": [-5, 5, -6], "size": [10, 9, 14], "uv": [0, 18]}
				]
			},
			{
				"name": "head",
				"parent": "body",
				"pivot": [0, 9, -9],
				"cubes": [
					{"origin": [-4.5, 5, -13], "size": [9, 8, 7], "uv": [0, 0]},
					{"origin": [-3, 5.01562, -14], "size": [6, 2, 1], "uv": [7, 15]},
					{"origin": [-3, 13, -9], "size": [1, 1, 3], "uv": [32, 11]},
					{"origin": [2, 13, -9], "size": [1, 1, 3], "uv": [40, 11]},
					{"origin": [4.5, 6, -12], "size": [1, 3, 0], "uv": [0, 3]},
					{"origin": [-5.5, 6, -12], "size": [1, 3, 0], "uv": [0, 0]}
				],
				"locators": {
					"lead": [0, 9, -9]
				}
			},
			{
				"name": "tail1",
				"parent": "body",
				"pivot": [0, 12, 7],
				"rotation": [12.5, 0, 0],
				"cubes": [
					{"origin": [-1.5, 5, 5], "size": [3, 8, 3], "uv": [32, 0]}
				]
			},
			{
				"name": "tail2",
				"parent": "tail1",
				"pivot": [0, 11.48182, 13.13759],
				"cubes": [
					{"origin": [-1.5, 3.48182, 12.13759], "size": [3, 8, 3], "uv": [44, 0]}
				]
			},
			{
				"name": "backLegL",
				"parent": "body",
				"pivot": [3.1, 6, 4],
				"cubes": [
					{"origin": [1.1, 0, 3], "size": [3, 6, 3], "uv": [0, 22]}
				]
			},
			{
				"name": "backLegR",
				"parent": "body",
				"pivot": [-3.1, 6, 4],
				"cubes": [
					{"origin": [-4.1, 0, 3], "size": [3, 6, 3], "uv": [0, 22]}
				]
			},
			{
				"name": "frontLegL",
				"parent": "body",
				"pivot": [2.2, 10, -4],
				"cubes": [
					{"origin": [1.2, 0.2, -5], "size": [3, 10, 3], "uv": [0, 18]}
				]
			},
			{
				"name": "frontLegR",
				"parent": "body",
				"pivot": [-1.2, 10, -4],
				"cubes": [
					{"origin": [-4.2, 0.2, -5], "size": [3, 10, 3], "uv": [0, 18]}
				]
			}
		]
	}
}