{
	"format_version": "1.12.0",
	"minecraft:geometry": [
		{
			"description": {
				"identifier": "geometry.mbl_roads.bull_dozer",
				"texture_width": 256,
				"texture_height": 256,
				"visible_bounds_width": 6,
				"visible_bounds_height": 4.5,
				"visible_bounds_offset": [0, 1.75, 0]
			},
			"bones": [
				{
					"name": "all",
					"pivot": [0, 4, 0],
					"cubes": [
						{
							"origin": [-9.5, 3.9625, -29.5],
							"size": [19, 27.0375, 34],
							"uv": {
								"north": {"uv": [112, 63], "uv_size": [19, 27]},
								"east": {"uv": [0, 0], "uv_size": [34, 27]},
								"south": {"uv": [112, 90], "uv_size": [19, 27]},
								"west": {"uv": [0, 27], "uv_size": [34, 27]},
								"up": {"uv": [93, 63], "uv_size": [19, 34]},
								"down": {"uv": [93, 131], "uv_size": [19, -34]}
							}
						},
						{
							"origin": [-6.5, 14, 3.5],
							"size": [13, 17, 4.5],
							"pivot": [0, 17.5, 7.25],
							"rotation": [20, 0, 0],
							"uv": {
								"north": {"uv": [88, 155], "uv_size": [13, 17]},
								"east": {"uv": [22, 109], "uv_size": [5, 17]},
								"south": {"uv": [101, 155], "uv_size": [13, 17]},
								"west": {"uv": [55, 172], "uv_size": [5, 17]},
								"up": {"uv": [176, 48], "uv_size": [13, 5]},
								"down": {"uv": [181, 104], "uv_size": [13, -5]}
							}
						},
						{
							"origin": [7, 3.91449, 6.51508],
							"size": [2, 27, 2],
							"pivot": [12, 17.41449, 7.01508],
							"rotation": [-27.51047, -7.65123, 12.40893],
							"uv": {
								"north": {"uv": [154, 193], "uv_size": [2, 27]},
								"east": {"uv": [80, 197], "uv_size": [2, 27]},
								"south": {"uv": [82, 197], "uv_size": [2, 27]},
								"west": {"uv": [40, 199], "uv_size": [2, 27]},
								"up": {"uv": [158, 131], "uv_size": [2, 2]},
								"down": {"uv": [161, 145], "uv_size": [2, -2]}
							}
						},
						{
							"origin": [-9, 3.91449, 6.51508],
							"size": [2, 27, 2],
							"pivot": [-12, 17.41449, 7.01508],
							"rotation": [-27.51047, 7.65123, -12.40893],
							"uv": {
								"north": {"uv": [42, 199], "uv_size": [2, 27]},
								"east": {"uv": [44, 199], "uv_size": [2, 27]},
								"south": {"uv": [46, 199], "uv_size": [2, 27]},
								"west": {"uv": [99, 199], "uv_size": [2, 27]},
								"up": {"uv": [163, 159], "uv_size": [2, 2]},
								"down": {"uv": [165, 161], "uv_size": [2, -2]}
							}
						},
						{
							"origin": [-7, 16, 11.5],
							"size": [14, 4, 12.5],
							"uv": {
								"north": {"uv": [198, 35], "uv_size": [14, 4]},
								"east": {"uv": [199, 164], "uv_size": [13, 4]},
								"south": {"uv": [198, 39], "uv_size": [14, 4]},
								"west": {"uv": [14, 200], "uv_size": [13, 4]},
								"up": {"uv": [45, 158], "uv_size": [14, 13]},
								"down": {"uv": [158, 108], "uv_size": [14, -13]}
							}
						},
						{
							"origin": [-7.0375, 22, -1.5],
							"size": [14.075, 4, 20.5],
							"pivot": [0, 18, 17.75],
							"rotation": [-100, 0, 0],
							"uv": {
								"north": {"uv": [199, 143], "uv_size": [14, 4]},
								"east": {"uv": [78, 172], "uv_size": [21, 4]},
								"south": {"uv": [199, 147], "uv_size": [14, 4]},
								"west": {"uv": [172, 95], "uv_size": [21, 4]},
								"up": {"uv": [0, 146], "uv_size": [14, 21]},
								"down": {"uv": [152, 56], "uv_size": [14, -21]}
							}
						},
						{
							"origin": [-6.65983, 31, 1.89292],
							"size": [13.3125, 3, 3],
							"uv": {
								"north": {"uv": [200, 90], "uv_size": [13, 3]},
								"east": {"uv": [121, 215], "uv_size": [3, 3]},
								"south": {"uv": [200, 119], "uv_size": [13, 3]},
								"west": {"uv": [132, 215], "uv_size": [3, 3]},
								"up": {"uv": [200, 122], "uv_size": [13, 3]},
								"down": {"uv": [201, 105], "uv_size": [13, -3]}
							}
						},
						{
							"origin": [-6.65983, 43, 1.89292],
							"size": [13.3125, 3, 3],
							"uv": {
								"north": {"uv": [202, 96], "uv_size": [13, 3]},
								"east": {"uv": [0, 216], "uv_size": [3, 3]},
								"south": {"uv": [202, 99], "uv_size": [13, 3]},
								"west": {"uv": [3, 216], "uv_size": [3, 3]},
								"up": {"uv": [189, 202], "uv_size": [13, 3]},
								"down": {"uv": [202, 197], "uv_size": [13, -3]}
							}
						},
						{
							"origin": [-6.65625, 46, -1.1],
							"size": [13.3125, 3, 8.1],
							"uv": {
								"north": {"uv": [202, 197], "uv_size": [13, 3]},
								"east": {"uv": [212, 163], "uv_size": [8, 3]},
								"south": {"uv": [202, 200], "uv_size": [13, 3]},
								"west": {"uv": [72, 213], "uv_size": [8, 3]},
								"up": {"uv": [65, 43], "uv_size": [13, 8]},
								"down": {"uv": [57, 140], "uv_size": [13, -8]}
							}
						},
						{
							"origin": [-1.93454, 4.0375, -4.31181],
							"size": [5.5, 11.9625, 13],
							"pivot": [-9.93454, 4, -17.81181],
							"rotation": [0, 25, 0],
							"uv": {
								"north": {"uv": [84, 176], "uv_size": [6, 12]},
								"east": {"uv": [59, 160], "uv_size": [13, 12]},
								"south": {"uv": [90, 176], "uv_size": [6, 12]},
								"west": {"uv": [72, 160], "uv_size": [13, 12]},
								"up": {"uv": [27, 54], "uv_size": [6, 13]},
								"down": {"uv": [108, 185], "uv_size": [6, -13]}
							}
						},
						{
							"origin": [-3.56546, 4.0375, -4.31181],
							"size": [5.5, 11.9625, 13],
							"pivot": [9.93454, 4, -17.81181],
							"rotation": [0, -25, 0],
							"uv": {
								"north": {"uv": [44, 179], "uv_size": [6, 12]},
								"east": {"uv": [14, 162], "uv_size": [13, 12]},
								"south": {"uv": [179, 172], "uv_size": [6, 12]},
								"west": {"uv": [27, 162], "uv_size": [13, 12]},
								"up": {"uv": [176, 35], "uv_size": [6, 13]},
								"down": {"uv": [78, 189], "uv_size": [6, -13]}
							}
						},
						{
							"origin": [-13.5, 4, 0.5],
							"size": [27, 12, 28],
							"uv": {
								"north": {"uv": [98, 143], "uv_size": [27, 12]},
								"east": {"uv": [133, 133], "uv_size": [28, 12]},
								"south": {"uv": [143, 108], "uv_size": [27, 12]},
								"west": {"uv": [22, 142], "uv_size": [28, 12]},
								"up": {"uv": [0, 54], "uv_size": [27, 28]},
								"down": {"uv": [65, 43], "uv_size": [27, -28]}
							}
						},
						{
							"origin": [-13.4625, 8.59428, 26.40298],
							"size": [26.8875, 13, 5],
							"pivot": [-0.0375, 13.59428, 18.40298],
							"rotation": [-22.5, 0, 0],
							"uv": {
								"north": {"uv": [71, 131], "uv_size": [27, 13]},
								"east": {"uv": [50, 179], "uv_size": [5, 13]},
								"south": {"uv": [131, 95], "uv_size": [27, 13]},
								"west": {"uv": [114, 180], "uv_size": [5, 13]},
								"up": {"uv": [162, 65], "uv_size": [27, 5]},
								"down": {"uv": [162, 75], "uv_size": [27, -5]}
							}
						},
						{
							"origin": [12.5, 16, 10],
							"size": [3, 16, 18.5],
							"uv": {
								"north": {"uv": [105, 199], "uv_size": [3, 16]},
								"east": {"uv": [50, 142], "uv_size": [19, 16]},
								"south": {"uv": [27, 200], "uv_size": [3, 16]},
								"west": {"uv": [69, 144], "uv_size": [19, 16]},
								"up": {"uv": [11, 194], "uv_size": [3, 19]},
								"down": {"uv": [8, 215], "uv_size": [3, -19]}
							}
						},
						{
							"origin": [-15.5, 32, 28.5],
							"size": [6, 14, 3],
							"uv": {
								"north": {"uv": [171, 143], "uv_size": [6, 14]},
								"east": {"uv": [200, 76], "uv_size": [3, 14]},
								"south": {"uv": [60, 172], "uv_size": [6, 14]},
								"west": {"uv": [162, 200], "uv_size": [3, 14]},
								"up": {"uv": [87, 63], "uv_size": [6, 3]},
								"down": {"uv": [214, 163], "uv_size": [6, -3]}
							}
						},
						{
							"origin": [-15.5, 32, 25.5],
							"size": [3, 14, 3],
							"uv": {
								"north": {"uv": [165, 200], "uv_size": [3, 14]},
								"east": {"uv": [168, 200], "uv_size": [3, 14]},
								"south": {"uv": [171, 200], "uv_size": [3, 14]},
								"west": {"uv": [174, 200], "uv_size": [3, 14]},
								"up": {"uv": [72, 194], "uv_size": [3, 3]},
								"down": {"uv": [215, 95], "uv_size": [3, -3]}
							}
						},
						{
							"origin": [-15.5, 32, 10],
							"size": [3, 14, 3],
							"uv": {
								"north": {"uv": [177, 200], "uv_size": [3, 14]},
								"east": {"uv": [180, 200], "uv_size": [3, 14]},
								"south": {"uv": [183, 200], "uv_size": [3, 14]},
								"west": {"uv": [108, 201], "uv_size": [3, 14]},
								"up": {"uv": [215, 95], "uv_size": [3, 3]},
								"down": {"uv": [96, 218], "uv_size": [3, -3]}
							}
						},
						{
							"origin": [12.5, 32, 10],
							"size": [3, 14, 3],
							"uv": {
								"north": {"uv": [57, 202], "uv_size": [3, 14]},
								"east": {"uv": [60, 202], "uv_size": [3, 14]},
								"south": {"uv": [63, 202], "uv_size": [3, 14]},
								"west": {"uv": [66, 202], "uv_size": [3, 14]},
								"up": {"uv": [107, 215], "uv_size": [3, 3]},
								"down": {"uv": [110, 218], "uv_size": [3, -3]}
							}
						},
						{
							"origin": [12.5, 32, 25.5],
							"size": [3, 14, 3],
							"uv": {
								"north": {"uv": [149, 201], "uv_size": [3, 14]},
								"east": {"uv": [0, 202], "uv_size": [3, 14]},
								"south": {"uv": [3, 202], "uv_size": [3, 14]},
								"west": {"uv": [54, 202], "uv_size": [3, 14]},
								"up": {"uv": [215, 98], "uv_size": [3, 3]},
								"down": {"uv": [104, 218], "uv_size": [3, -3]}
							}
						},
						{
							"origin": [12.5, 43, 13],
							"size": [3, 3, 12.5],
							"uv": {
								"north": {"uv": [143, 215], "uv_size": [3, 3]},
								"east": {"uv": [201, 105], "uv_size": [13, 3]},
								"south": {"uv": [146, 215], "uv_size": [3, 3]},
								"west": {"uv": [201, 108], "uv_size": [13, 3]},
								"up": {"uv": [69, 202], "uv_size": [3, 13]},
								"down": {"uv": [202, 181], "uv_size": [3, -13]}
							}
						},
						{
							"origin": [-15.5, 43, 13],
							"size": [3, 3, 12.5],
							"uv": {
								"north": {"uv": [149, 215], "uv_size": [3, 3]},
								"east": {"uv": [202, 11], "uv_size": [13, 3]},
								"south": {"uv": [156, 215], "uv_size": [3, 3]},
								"west": {"uv": [202, 93], "uv_size": [13, 3]},
								"up": {"uv": [202, 181], "uv_size": [3, 13]},
								"down": {"uv": [186, 215], "uv_size": [3, -13]}
							}
						},
						{
							"origin": [-15.5, 46, 7],
							"size": [31, 3, 25.5],
							"uv": {
								"north": {"uv": [167, 159], "uv_size": [31, 3]},
								"east": {"uv": [174, 119], "uv_size": [26, 3]},
								"south": {"uv": [170, 108], "uv_size": [31, 3]},
								"west": {"uv": [174, 122], "uv_size": [26, 3]},
								"up": {"uv": [34, 0], "uv_size": [31, 26]},
								"down": {"uv": [34, 52], "uv_size": [31, -26]}
							}
						},
						{
							"origin": [9.5, 32, 28.5],
							"size": [6, 14, 3],
							"uv": {
								"north": {"uv": [66, 172], "uv_size": [6, 14]},
								"east": {"uv": [111, 201], "uv_size": [3, 14]},
								"south": {"uv": [72, 172], "uv_size": [6, 14]},
								"west": {"uv": [146, 201], "uv_size": [3, 14]},
								"up": {"uv": [202, 214], "uv_size": [6, 3]},
								"down": {"uv": [214, 206], "uv_size": [6, -3]}
							}
						},
						{
							"origin": [-9.5, 43, 28.5],
							"size": [19, 3, 3],
							"uv": {
								"north": {"uv": [183, 11], "uv_size": [19, 3]},
								"east": {"uv": [17, 216], "uv_size": [3, 3]},
								"south": {"uv": [194, 125], "uv_size": [19, 3]},
								"west": {"uv": [20, 216], "uv_size": [3, 3]},
								"up": {"uv": [196, 51], "uv_size": [19, 3]},
								"down": {"uv": [197, 76], "uv_size": [19, -3]}
							}
						},
						{
							"origin": [-15.5, 16, 28.5],
							"size": [31, 16, 8],
							"uv": {
								"north": {"uv": [112, 117], "uv_size": [31, 16]},
								"east": {"uv": [163, 143], "uv_size": [8, 16]},
								"south": {"uv": [131, 63], "uv_size": [31, 16]},
								"west": {"uv": [114, 164], "uv_size": [8, 16]},
								"up": {"uv": [143, 120], "uv_size": [31, 8]},
								"down": {"uv": [14, 162], "uv_size": [31, -8]}
							}
						},
						{
							"origin": [8.56295, 19, 1.05237],
							"size": [3, 27, 4],
							"pivot": [10.06295, 24, 7.05237],
							"rotation": [0, 47.5, 0],
							"uv": {
								"north": {"uv": [11, 167], "uv_size": [3, 27]},
								"east": {"uv": [22, 82], "uv_size": [4, 27]},
								"south": {"uv": [99, 172], "uv_size": [3, 27]},
								"west": {"uv": [40, 162], "uv_size": [4, 27]},
								"up": {"uv": [69, 215], "uv_size": [3, 4]},
								"down": {"uv": [215, 80], "uv_size": [3, -4]}
							}
						},
						{
							"origin": [8.56295, 16, 1.05237],
							"size": [3, 3, 12],
							"pivot": [10.06295, 24, 7.05237],
							"rotation": [0, 47.5, 0],
							"uv": {
								"north": {"uv": [113, 215], "uv_size": [3, 3]},
								"east": {"uv": [203, 8], "uv_size": [12, 3]},
								"south": {"uv": [118, 215], "uv_size": [3, 3]},
								"west": {"uv": [203, 76], "uv_size": [12, 3]},
								"up": {"uv": [85, 160], "uv_size": [3, 12]},
								"down": {"uv": [203, 163], "uv_size": [3, -12]}
							}
						},
						{
							"origin": [-11.56295, 19, 1.05237],
							"size": [3, 27, 4],
							"pivot": [-10.06295, 24, 7.05237],
							"rotation": [0, -47.5, 0],
							"uv": {
								"north": {"uv": [102, 172], "uv_size": [3, 27]},
								"east": {"uv": [122, 164], "uv_size": [4, 27]},
								"south": {"uv": [105, 172], "uv_size": [3, 27]},
								"west": {"uv": [126, 164], "uv_size": [4, 27]},
								"up": {"uv": [215, 80], "uv_size": [3, 4]},
								"down": {"uv": [215, 88], "uv_size": [3, -4]}
							}
						},
						{
							"origin": [-11.56295, 16, 1.05237],
							"size": [3, 3, 12],
							"pivot": [-10.06295, 24, 7.05237],
							"rotation": [0, -47.5, 0],
							"uv": {
								"north": {"uv": [23, 216], "uv_size": [3, 3]},
								"east": {"uv": [14, 204], "uv_size": [12, 3]},
								"south": {"uv": [26, 216], "uv_size": [3, 3]},
								"west": {"uv": [126, 204], "uv_size": [12, 3]},
								"up": {"uv": [84, 204], "uv_size": [3, 12]},
								"down": {"uv": [87, 216], "uv_size": [3, -12]}
							}
						},
						{
							"origin": [8.56295, 43, 5.05237],
							"size": [3, 3, 8],
							"pivot": [10.06295, 24, 7.05237],
							"rotation": [0, 47.5, 0],
							"uv": {
								"north": {"uv": [186, 215], "uv_size": [3, 3]},
								"east": {"uv": [206, 160], "uv_size": [8, 3]},
								"south": {"uv": [215, 194], "uv_size": [3, 3]},
								"west": {"uv": [208, 128], "uv_size": [8, 3]},
								"up": {"uv": [134, 207], "uv_size": [3, 8]},
								"down": {"uv": [101, 220], "uv_size": [3, -8]}
							}
						},
						{
							"origin": [5.56295, 46.0125, -1.94763],
							"size": [6, 2.975, 12],
							"inflate": -0.01,
							"pivot": [10.06295, 24, 4.05237],
							"rotation": [0, 47.5, 0],
							"uv": {
								"north": {"uv": [213, 214], "uv_size": [6, 3]},
								"east": {"uv": [203, 79], "uv_size": [12, 3]},
								"south": {"uv": [215, 8], "uv_size": [6, 3]},
								"west": {"uv": [203, 82], "uv_size": [12, 3]},
								"up": {"uv": [130, 176], "uv_size": [6, 12]},
								"down": {"uv": [136, 188], "uv_size": [6, -12]}
							}
						},
						{
							"origin": [-11.56295, 46.0125, -1.94763],
							"size": [6, 2.975, 12],
							"inflate": -0.01,
							"pivot": [-10.06295, 24, 4.05237],
							"rotation": [0, -47.5, 0],
							"uv": {
								"north": {"uv": [215, 11], "uv_size": [6, 3]},
								"east": {"uv": [203, 85], "uv_size": [12, 3]},
								"south": {"uv": [215, 23], "uv_size": [6, 3]},
								"west": {"uv": [202, 203], "uv_size": [12, 3]},
								"up": {"uv": [142, 176], "uv_size": [6, 12]},
								"down": {"uv": [177, 155], "uv_size": [6, -12]}
							}
						},
						{
							"origin": [-11.56295, 43, 5.05237],
							"size": [3, 3, 8],
							"pivot": [-10.06295, 24, 7.05237],
							"rotation": [0, -47.5, 0],
							"uv": {
								"north": {"uv": [215, 197], "uv_size": [3, 3]},
								"east": {"uv": [212, 40], "uv_size": [8, 3]},
								"south": {"uv": [215, 200], "uv_size": [3, 3]},
								"west": {"uv": [118, 212], "uv_size": [8, 3]},
								"up": {"uv": [129, 212], "uv_size": [3, 8]},
								"down": {"uv": [137, 220], "uv_size": [3, -8]}
							}
						},
						{
							"origin": [-15.5, 16, 10],
							"size": [3, 16, 18.5],
							"uv": {
								"north": {"uv": [30, 200], "uv_size": [3, 16]},
								"east": {"uv": [125, 145], "uv_size": [19, 16]},
								"south": {"uv": [33, 200], "uv_size": [3, 16]},
								"west": {"uv": [144, 145], "uv_size": [19, 16]},
								"up": {"uv": [96, 196], "uv_size": [3, 19]},
								"down": {"uv": [143, 215], "uv_size": [3, -19]}
							}
						}
					]
				},
				{
					"name": "steering_wheel",
					"parent": "all",
					"pivot": [0, 25.91405, 2.59127],
					"cubes": [
						{
							"origin": [-1.5, 25.41405, 4.34127],
							"size": [3, 3, 4.5],
							"pivot": [0, 25.91405, 2.59127],
							"rotation": [5, 0, 0],
							"uv": {
								"north": {"uv": [216, 46], "uv_size": [3, 3]},
								"east": {"uv": [215, 51], "uv_size": [5, 3]},
								"south": {"uv": [54, 216], "uv_size": [3, 3]},
								"west": {"uv": [215, 62], "uv_size": [5, 3]},
								"up": {"uv": [127, 191], "uv_size": [3, 5]},
								"down": {"uv": [14, 220], "uv_size": [3, -5]}
							}
						},
						{
							"origin": [-4.5, 22.41405, 8.84127],
							"size": [9, 9, 0],
							"pivot": [0, 25.91405, 2.59127],
							"rotation": [5, 0, 0],
							"uv": {
								"north": {"uv": [78, 43], "uv_size": [9, 9]},
								"east": {"uv": [0, 0], "uv_size": [0, 9]},
								"south": {"uv": [87, 43], "uv_size": [-9, 9]},
								"west": {"uv": [0, 0], "uv_size": [0, 9]},
								"up": {"uv": [0, 0], "uv_size": [9, 0]},
								"down": {"uv": [0, 0], "uv_size": [9, 0]}
							}
						}
					]
				},
				{
					"name": "ladle",
					"parent": "all",
					"pivot": [0, 11.5, -12.875],
					"cubes": [
						{
							"origin": [9.5, 10, -37.5],
							"size": [3, 3, 19.5],
							"uv": {
								"north": {"uv": [29, 216], "uv_size": [3, 3]},
								"east": {"uv": [174, 125], "uv_size": [20, 3]},
								"south": {"uv": [32, 216], "uv_size": [3, 3]},
								"west": {"uv": [176, 53], "uv_size": [20, 3]},
								"up": {"uv": [8, 176], "uv_size": [3, 20]},
								"down": {"uv": [96, 196], "uv_size": [3, -20]}
							}
						},
						{
							"origin": [9.4375, 7.5, -18],
							"size": [4.0625, 8, 8],
							"pivot": [11, 11.5, -14],
							"rotation": [-45, 0, 0],
							"uv": {
								"north": {"uv": [76, 205], "uv_size": [4, 8]},
								"east": {"uv": [197, 111], "uv_size": [8, 8]},
								"south": {"uv": [200, 206], "uv_size": [4, 8]},
								"west": {"uv": [198, 0], "uv_size": [8, 8]},
								"up": {"uv": [204, 206], "uv_size": [4, 8]},
								"down": {"uv": [14, 215], "uv_size": [4, -8]}
							}
						},
						{
							"origin": [-13.5, 7.5, -18],
							"size": [4.0625, 8, 8],
							"pivot": [-11, 11.5, -14],
							"rotation": [-45, 0, 0],
							"uv": {
								"north": {"uv": [80, 205], "uv_size": [-4, 8]},
								"east": {"uv": [206, 0], "uv_size": [-8, 8]},
								"south": {"uv": [204, 206], "uv_size": [-4, 8]},
								"west": {"uv": [205, 111], "uv_size": [-8, 8]},
								"up": {"uv": [208, 206], "uv_size": [-4, 8]},
								"down": {"uv": [18, 215], "uv_size": [-4, -8]}
							}
						},
						{
							"origin": [-12.5, 10, -37.5],
							"size": [3, 3, 19.5],
							"uv": {
								"north": {"uv": [35, 216], "uv_size": [3, 3]},
								"east": {"uv": [181, 104], "uv_size": [20, 3]},
								"south": {"uv": [216, 43], "uv_size": [3, 3]},
								"west": {"uv": [183, 8], "uv_size": [20, 3]},
								"up": {"uv": [156, 185], "uv_size": [3, 20]},
								"down": {"uv": [92, 208], "uv_size": [3, -20]}
							}
						}
					]
				},
				{
					"name": "ladle2",
					"parent": "ladle",
					"pivot": [0, 11.35471, -36.5802],
					"rotation": [-17.5, 0, 0],
					"cubes": [
						{
							"origin": [-17.5, 7, -40.5],
							"size": [35, 10, 3],
							"uv": {
								"north": {"uv": [22, 132], "uv_size": [35, 10]},
								"east": {"uv": [119, 180], "uv_size": [3, 10]},
								"south": {"uv": [98, 133], "uv_size": [35, 10]},
								"west": {"uv": [156, 205], "uv_size": [3, 10]},
								"up": {"uv": [162, 75], "uv_size": [35, 3]},
								"down": {"uv": [130, 167], "uv_size": [35, -3]}
							}
						},
						{
							"origin": [9, 8.35565, -40.8],
							"size": [4, 5, 5],
							"pivot": [15, 11.34315, -37.5],
							"rotation": [-45, 0, 0],
							"uv": {
								"north": {"uv": [56, 189], "uv_size": [4, 5]},
								"east": {"uv": [194, 208], "uv_size": [5, 5]},
								"south": {"uv": [162, 214], "uv_size": [4, 5]},
								"west": {"uv": [208, 206], "uv_size": [5, 5]},
								"up": {"uv": [166, 214], "uv_size": [4, 5]},
								"down": {"uv": [170, 219], "uv_size": [4, -5]}
							}
						},
						{
							"origin": [-13, 8.35565, -40.8],
							"size": [4, 5, 5],
							"pivot": [-15, 11.34315, -37.5],
							"rotation": [-45, 0, 0],
							"uv": {
								"north": {"uv": [174, 214], "uv_size": [4, 5]},
								"east": {"uv": [208, 211], "uv_size": [5, 5]},
								"south": {"uv": [178, 214], "uv_size": [4, 5]},
								"west": {"uv": [212, 35], "uv_size": [5, 5]},
								"up": {"uv": [182, 214], "uv_size": [4, 5]},
								"down": {"uv": [198, 219], "uv_size": [4, -5]}
							}
						},
						{
							"origin": [-26.5, 6.5, -43.5],
							"size": [53, 15, 3],
							"uv": {
								"north": {"uv": [34, 52], "uv_size": [53, 15]},
								"east": {"uv": [48, 200], "uv_size": [3, 15]},
								"south": {"uv": [65, 0], "uv_size": [53, 15]},
								"west": {"uv": [51, 200], "uv_size": [3, 15]},
								"up": {"uv": [161, 140], "uv_size": [53, 3]},
								"down": {"uv": [162, 65], "uv_size": [53, -3]}
							}
						},
						{
							"origin": [-26.4375, 21.00941, -44.97952],
							"size": [52.875, 8, 3],
							"pivot": [0, 28.00941, -43.47952],
							"rotation": [12.5, 0, 0],
							"uv": {
								"north": {"uv": [92, 35], "uv_size": [53, 8]},
								"east": {"uv": [213, 143], "uv_size": [3, 8]},
								"south": {"uv": [118, 0], "uv_size": [53, 8]},
								"west": {"uv": [189, 213], "uv_size": [3, 8]},
								"up": {"uv": [114, 161], "uv_size": [53, 3]},
								"down": {"uv": [161, 134], "uv_size": [53, -3]}
							}
						},
						{
							"origin": [-26.4375, -1.00941, -44.97952],
							"size": [52.875, 8, 3],
							"pivot": [0, -0.00941, -43.47952],
							"rotation": [-12.5, 0, 0],
							"uv": {
								"north": {"uv": [131, 79], "uv_size": [53, 8]},
								"east": {"uv": [192, 213], "uv_size": [3, 8]},
								"south": {"uv": [131, 87], "uv_size": [53, 8]},
								"west": {"uv": [195, 213], "uv_size": [3, 8]},
								"up": {"uv": [161, 134], "uv_size": [53, 3]},
								"down": {"uv": [161, 140], "uv_size": [53, -3]}
							}
						}
					]
				},
				{
					"name": "tube2",
					"parent": "all",
					"pivot": [0, 30.75, -15.25],
					"cubes": [
						{
							"origin": [-2, 31, -17],
							"size": [4, 12.5, 3.5],
							"pivot": [0, 37.25, -15.25],
							"rotation": [0, 45, 0],
							"uv": {
								"north": {"uv": [101, 199], "uv_size": [4, 13]},
								"east": {"uv": [118, 199], "uv_size": [4, 13]},
								"south": {"uv": [122, 199], "uv_size": [4, 13]},
								"west": {"uv": [199, 151], "uv_size": [4, 13]},
								"up": {"uv": [45, 154], "uv_size": [4, 4]},
								"down": {"uv": [6, 219], "uv_size": [4, -4]}
							}
						}
					]
				},
				{
					"name": "tube1",
					"parent": "all",
					"pivot": [0, 31, -5.9375],
					"cubes": [
						{
							"origin": [-2.5, 31, -8.5],
							"size": [5, 5, 5],
							"uv": {
								"north": {"uv": [22, 126], "uv_size": [5, 5]},
								"east": {"uv": [120, 155], "uv_size": [5, 5]},
								"south": {"uv": [182, 43], "uv_size": [5, 5]},
								"west": {"uv": [129, 207], "uv_size": [5, 5]},
								"up": {"uv": [90, 208], "uv_size": [5, 5]},
								"down": {"uv": [189, 213], "uv_size": [5, -5]}
							}
						},
						{
							"origin": [-3, 36, -8.875],
							"size": [6, 3, 6],
							"uv": {
								"north": {"uv": [215, 26], "uv_size": [6, 3]},
								"east": {"uv": [215, 29], "uv_size": [6, 3]},
								"south": {"uv": [215, 32], "uv_size": [6, 3]},
								"west": {"uv": [48, 215], "uv_size": [6, 3]},
								"up": {"uv": [145, 35], "uv_size": [6, 6]},
								"down": {"uv": [114, 161], "uv_size": [6, -6]}
							}
						}
					]
				},
				{
					"name": "right_track",
					"parent": "all",
					"pivot": [-1, 9.5, -13.5],
					"cubes": [
						{
							"origin": [-24.5, 11.35716, -29.18778],
							"size": [11, 3, 65],
							"pivot": [-1, 10.85716, 13.61222],
							"rotation": [2.5, 0, 0],
							"uv": {
								"north": {"uv": [205, 180], "uv_size": [11, 3]},
								"east": {"uv": [143, 128], "uv_size": [65, 3]},
								"south": {"uv": [205, 183], "uv_size": [11, 3]},
								"west": {"uv": [152, 56], "uv_size": [65, 3]},
								"up": {"uv": [49, 67], "uv_size": [11, 65]},
								"down": {"uv": [60, 132], "uv_size": [11, -65]}
							}
						},
						{
							"origin": [-24.5, 10.5, -31],
							"size": [11, 2, 2],
							"uv": {
								"north": {"uv": [213, 206], "uv_size": [11, 2]},
								"east": {"uv": [156, 131], "uv_size": [2, 2]},
								"south": {"uv": [213, 208], "uv_size": [11, 2]},
								"west": {"uv": [59, 158], "uv_size": [2, 2]},
								"up": {"uv": [213, 210], "uv_size": [11, 2]},
								"down": {"uv": [213, 214], "uv_size": [11, -2]}
							}
						},
						{
							"origin": [-24.5, 2.5, -32],
							"size": [11, 8, 3],
							"uv": {
								"north": {"uv": [171, 0], "uv_size": [11, 8]},
								"east": {"uv": [90, 213], "uv_size": [3, 8]},
								"south": {"uv": [44, 171], "uv_size": [11, 8]},
								"west": {"uv": [213, 117], "uv_size": [3, 8]},
								"up": {"uv": [205, 186], "uv_size": [11, 3]},
								"down": {"uv": [189, 208], "uv_size": [11, -3]}
							}
						},
						{
							"origin": [-24.5, 0.5, -31],
							"size": [11, 2, 2],
							"uv": {
								"north": {"uv": [214, 88], "uv_size": [11, 2]},
								"east": {"uv": [61, 158], "uv_size": [2, 2]},
								"south": {"uv": [214, 102], "uv_size": [11, 2]},
								"west": {"uv": [63, 158], "uv_size": [2, 2]},
								"up": {"uv": [214, 104], "uv_size": [11, 2]},
								"down": {"uv": [214, 108], "uv_size": [11, -2]}
							}
						},
						{
							"origin": [-24.5, -0.5, -29],
							"size": [11, 3, 64],
							"uv": {
								"north": {"uv": [205, 189], "uv_size": [11, 3]},
								"east": {"uv": [157, 17], "uv_size": [64, 3]},
								"south": {"uv": [206, 0], "uv_size": [11, 3]},
								"west": {"uv": [157, 20], "uv_size": [64, 3]},
								"up": {"uv": [11, 82], "uv_size": [11, 64]},
								"down": {"uv": [82, 131], "uv_size": [11, -64]}
							}
						},
						{
							"origin": [-14.5, 1.7, -29.5],
							"size": [0.975, 10, 65],
							"pivot": [-23, 6.5, 3],
							"rotation": [1, 0, 0],
							"uv": {
								"north": {"uv": [26, 92], "uv_size": [1, 10]},
								"east": {"uv": [92, 15], "uv_size": [65, 10]},
								"south": {"uv": [70, 132], "uv_size": [1, 10]},
								"west": {"uv": [92, 25], "uv_size": [65, 10]},
								"up": {"uv": [160, 175], "uv_size": [1, 65]},
								"down": {"uv": [161, 240], "uv_size": [1, -65]}
							}
						},
						{
							"origin": [-24.5, 2.5, 35],
							"size": [11, 9, 3],
							"uv": {
								"north": {"uv": [130, 167], "uv_size": [11, 9]},
								"east": {"uv": [24, 207], "uv_size": [3, 9]},
								"south": {"uv": [141, 167], "uv_size": [11, 9]},
								"west": {"uv": [126, 207], "uv_size": [3, 9]},
								"up": {"uv": [206, 3], "uv_size": [11, 3]},
								"down": {"uv": [206, 154], "uv_size": [11, -3]}
							}
						},
						{
							"origin": [-24.5, 0.5, 35],
							"size": [11, 2, 2],
							"uv": {
								"north": {"uv": [214, 108], "uv_size": [11, 2]},
								"east": {"uv": [65, 158], "uv_size": [2, 2]},
								"south": {"uv": [214, 131], "uv_size": [11, 2]},
								"west": {"uv": [67, 158], "uv_size": [2, 2]},
								"up": {"uv": [214, 133], "uv_size": [11, 2]},
								"down": {"uv": [214, 137], "uv_size": [11, -2]}
							}
						},
						{
							"origin": [-24.525, 11.5, 34],
							"size": [11.05, 2, 3],
							"uv": {
								"north": {"uv": [214, 137], "uv_size": [11, 2]},
								"east": {"uv": [128, 143], "uv_size": [3, 2]},
								"south": {"uv": [214, 139], "uv_size": [11, 2]},
								"west": {"uv": [145, 41], "uv_size": [3, 2]},
								"up": {"uv": [206, 154], "uv_size": [11, 3]},
								"down": {"uv": [206, 160], "uv_size": [11, -3]}
							}
						}
					]
				},
				{
					"name": "right_track_wheel6",
					"parent": "right_track",
					"pivot": [-18.5, 6.64645, -25.06066],
					"cubes": [
						{
							"origin": [-22.5, 2, -28.5],
							"size": [8, 8, 8],
							"pivot": [-19.5, 7, -24],
							"rotation": [-45, 0, 0],
							"uv": {
								"north": {"uv": [190, 35], "uv_size": [8, 8]},
								"east": {"uv": [40, 191], "uv_size": [8, 8]},
								"south": {"uv": [119, 191], "uv_size": [8, 8]},
								"west": {"uv": [191, 143], "uv_size": [8, 8]},
								"up": {"uv": [191, 151], "uv_size": [8, 8]},
								"down": {"uv": [191, 170], "uv_size": [8, -8]}
							}
						}
					]
				},
				{
					"name": "right_track_detail",
					"parent": "right_track",
					"pivot": [-23, 6.69997, 2.99651],
					"cubes": [
						{
							"origin": [-23.5, 5.2, -26],
							"size": [1, 3, 58],
							"pivot": [-23, 6.5, 3],
							"rotation": [1, 0, 0],
							"uv": {
								"north": {"uv": [26, 105], "uv_size": [1, 3]},
								"east": {"uv": [157, 29], "uv_size": [58, 3]},
								"south": {"uv": [142, 108], "uv_size": [1, 3]},
								"west": {"uv": [157, 32], "uv_size": [58, 3]},
								"up": {"uv": [116, 193], "uv_size": [1, 58]},
								"down": {"uv": [117, 251], "uv_size": [1, -58]}
							}
						}
					]
				},
				{
					"name": "right_track_wheel5",
					"parent": "right_track",
					"pivot": [-18.5, 6.64645, -13.74695],
					"cubes": [
						{
							"origin": [-22.5, 2, -17.18629],
							"size": [8, 8, 8],
							"pivot": [-19.5, 7, -12.68629],
							"rotation": [-45, 0, 0],
							"uv": {
								"north": {"uv": [14, 192], "uv_size": [8, 8]},
								"east": {"uv": [22, 192], "uv_size": [8, 8]},
								"south": {"uv": [30, 192], "uv_size": [8, 8]},
								"west": {"uv": [48, 192], "uv_size": [8, 8]},
								"up": {"uv": [192, 78], "uv_size": [8, 8]},
								"down": {"uv": [192, 94], "uv_size": [8, -8]}
							}
						}
					]
				},
				{
					"name": "right_track_wheel4",
					"parent": "right_track",
					"pivot": [-18.5, 6.64645, -2.43324],
					"cubes": [
						{
							"origin": [-22.5, 2, -5.87258],
							"size": [8, 8, 8],
							"pivot": [-19.5, 7, -1.37258],
							"rotation": [-45, 0, 0],
							"uv": {
								"north": {"uv": [162, 192], "uv_size": [8, 8]},
								"east": {"uv": [170, 192], "uv_size": [8, 8]},
								"south": {"uv": [178, 192], "uv_size": [8, 8]},
								"west": {"uv": [108, 193], "uv_size": [8, 8]},
								"up": {"uv": [146, 193], "uv_size": [8, 8]},
								"down": {"uv": [193, 178], "uv_size": [8, -8]}
							}
						}
					]
				},
				{
					"name": "right_track_wheel3",
					"parent": "right_track",
					"pivot": [-18.5, 6.64645, 8.88047],
					"cubes": [
						{
							"origin": [-22.5, 2, 5.44113],
							"size": [8, 8, 8],
							"pivot": [-19.5, 7, 9.94113],
							"rotation": [-45, 0, 0],
							"uv": {
								"north": {"uv": [0, 194], "uv_size": [8, 8]},
								"east": {"uv": [56, 194], "uv_size": [8, 8]},
								"south": {"uv": [64, 194], "uv_size": [8, 8]},
								"west": {"uv": [194, 94], "uv_size": [8, 8]},
								"up": {"uv": [194, 178], "uv_size": [8, 8]},
								"down": {"uv": [186, 202], "uv_size": [8, -8]}
							}
						}
					]
				},
				{
					"name": "right_track_wheel2",
					"parent": "right_track",
					"pivot": [-18.5, 6.64645, 20.19417],
					"cubes": [
						{
							"origin": [-22.5, 2, 16.75483],
							"size": [8, 8, 8],
							"pivot": [-19.5, 7, 21.25483],
							"rotation": [-45, 0, 0],
							"uv": {
								"north": {"uv": [194, 186], "uv_size": [8, 8]},
								"east": {"uv": [194, 194], "uv_size": [8, 8]},
								"south": {"uv": [84, 196], "uv_size": [8, 8]},
								"west": {"uv": [127, 196], "uv_size": [8, 8]},
								"up": {"uv": [135, 196], "uv_size": [8, 8]},
								"down": {"uv": [197, 51], "uv_size": [8, -8]}
							}
						}
					]
				},
				{
					"name": "right_track_wheel1",
					"parent": "right_track",
					"pivot": [-18.525, 7.35355, 30.09367],
					"cubes": [
						{
							"origin": [-22.55, -1, 23.99747],
							"size": [8.05, 10, 10],
							"pivot": [-19.5, 7, 25.49747],
							"rotation": [45, 0, 0],
							"uv": {
								"north": {"uv": [22, 174], "uv_size": [-8, 10]},
								"east": {"uv": [175, 164], "uv_size": [-10, 10]},
								"south": {"uv": [30, 174], "uv_size": [-8, 10]},
								"west": {"uv": [98, 144], "uv_size": [-10, 10]},
								"up": {"uv": [38, 174], "uv_size": [-8, 10]},
								"down": {"uv": [171, 184], "uv_size": [-8, -10]}
							}
						}
					]
				},
				{
					"name": "left_track",
					"parent": "all",
					"pivot": [1, 9.5, -13.5],
					"cubes": [
						{
							"origin": [13.5, 11.35716, -29.18778],
							"size": [11, 3, 65],
							"pivot": [1, 10.85716, 13.61222],
							"rotation": [2.5, 0, 0],
							"uv": {
								"north": {"uv": [216, 180], "uv_size": [-11, 3]},
								"east": {"uv": [217, 56], "uv_size": [-65, 3]},
								"south": {"uv": [216, 183], "uv_size": [-11, 3]},
								"west": {"uv": [208, 128], "uv_size": [-65, 3]},
								"up": {"uv": [60, 67], "uv_size": [-11, 65]},
								"down": {"uv": [71, 132], "uv_size": [-11, -65]}
							}
						},
						{
							"origin": [13.5, 10.5, -31],
							"size": [11, 2, 2],
							"uv": {
								"north": {"uv": [224, 206], "uv_size": [-11, 2]},
								"east": {"uv": [61, 158], "uv_size": [-2, 2]},
								"south": {"uv": [224, 208], "uv_size": [-11, 2]},
								"west": {"uv": [158, 131], "uv_size": [-2, 2]},
								"up": {"uv": [224, 210], "uv_size": [-11, 2]},
								"down": {"uv": [224, 214], "uv_size": [-11, -2]}
							}
						},
						{
							"origin": [13.5, 2.5, -32],
							"size": [11, 8, 3],
							"uv": {
								"north": {"uv": [182, 0], "uv_size": [-11, 8]},
								"east": {"uv": [216, 117], "uv_size": [-3, 8]},
								"south": {"uv": [55, 171], "uv_size": [-11, 8]},
								"west": {"uv": [93, 213], "uv_size": [-3, 8]},
								"up": {"uv": [216, 186], "uv_size": [-11, 3]},
								"down": {"uv": [200, 208], "uv_size": [-11, -3]}
							}
						},
						{
							"origin": [13.5, 0.5, -31],
							"size": [11, 2, 2],
							"uv": {
								"north": {"uv": [225, 88], "uv_size": [-11, 2]},
								"east": {"uv": [65, 158], "uv_size": [-2, 2]},
								"south": {"uv": [225, 102], "uv_size": [-11, 2]},
								"west": {"uv": [63, 158], "uv_size": [-2, 2]},
								"up": {"uv": [225, 104], "uv_size": [-11, 2]},
								"down": {"uv": [225, 108], "uv_size": [-11, -2]}
							}
						},
						{
							"origin": [13.5, -0.5, -29],
							"size": [11, 3, 64],
							"uv": {
								"north": {"uv": [216, 189], "uv_size": [-11, 3]},
								"east": {"uv": [221, 20], "uv_size": [-64, 3]},
								"south": {"uv": [217, 0], "uv_size": [-11, 3]},
								"west": {"uv": [221, 17], "uv_size": [-64, 3]},
								"up": {"uv": [22, 82], "uv_size": [-11, 64]},
								"down": {"uv": [93, 131], "uv_size": [-11, -64]}
							}
						},
						{
							"origin": [13.525, 1.7, -29.5],
							"size": [0.975, 10, 65],
							"pivot": [23, 6.5, 3],
							"rotation": [1, 0, 0],
							"uv": {
								"north": {"uv": [27, 92], "uv_size": [-1, 10]},
								"east": {"uv": [157, 25], "uv_size": [-65, 10]},
								"south": {"uv": [71, 132], "uv_size": [-1, 10]},
								"west": {"uv": [157, 15], "uv_size": [-65, 10]},
								"up": {"uv": [161, 175], "uv_size": [-1, 65]},
								"down": {"uv": [162, 240], "uv_size": [-1, -65]}
							}
						},
						{
							"origin": [13.5, 2.5, 35],
							"size": [11, 9, 3],
							"uv": {
								"north": {"uv": [141, 167], "uv_size": [-11, 9]},
								"east": {"uv": [129, 207], "uv_size": [-3, 9]},
								"south": {"uv": [152, 167], "uv_size": [-11, 9]},
								"west": {"uv": [27, 207], "uv_size": [-3, 9]},
								"up": {"uv": [217, 3], "uv_size": [-11, 3]},
								"down": {"uv": [217, 154], "uv_size": [-11, -3]}
							}
						},
						{
							"origin": [13.5, 0.5, 35],
							"size": [11, 2, 2],
							"uv": {
								"north": {"uv": [225, 108], "uv_size": [-11, 2]},
								"east": {"uv": [69, 158], "uv_size": [-2, 2]},
								"south": {"uv": [225, 131], "uv_size": [-11, 2]},
								"west": {"uv": [67, 158], "uv_size": [-2, 2]},
								"up": {"uv": [225, 133], "uv_size": [-11, 2]},
								"down": {"uv": [225, 137], "uv_size": [-11, -2]}
							}
						},
						{
							"origin": [13.475, 11.5, 34],
							"size": [11.05, 2, 3],
							"uv": {
								"north": {"uv": [225, 137], "uv_size": [-11, 2]},
								"east": {"uv": [148, 41], "uv_size": [-3, 2]},
								"south": {"uv": [225, 139], "uv_size": [-11, 2]},
								"west": {"uv": [131, 143], "uv_size": [-3, 2]},
								"up": {"uv": [217, 154], "uv_size": [-11, 3]},
								"down": {"uv": [217, 160], "uv_size": [-11, -3]}
							}
						}
					]
				},
				{
					"name": "left_track_wheel6",
					"parent": "left_track",
					"pivot": [18.5, 6.64645, -25.06066],
					"cubes": [
						{
							"origin": [14.5, 2, -28.5],
							"size": [8, 8, 8],
							"pivot": [19.5, 7, -24],
							"rotation": [-45, 0, 0],
							"uv": {
								"north": {"uv": [198, 35], "uv_size": [-8, 8]},
								"east": {"uv": [199, 143], "uv_size": [-8, 8]},
								"south": {"uv": [127, 191], "uv_size": [-8, 8]},
								"west": {"uv": [48, 191], "uv_size": [-8, 8]},
								"up": {"uv": [199, 151], "uv_size": [-8, 8]},
								"down": {"uv": [199, 170], "uv_size": [-8, -8]}
							}
						}
					]
				},
				{
					"name": "left_track_detail",
					"parent": "left_track",
					"pivot": [23, 6.69997, 2.99651],
					"cubes": [
						{
							"origin": [22.5, 5.2, -26],
							"size": [1, 3, 58],
							"pivot": [23, 6.5, 3],
							"rotation": [1, 0, 0],
							"uv": {
								"north": {"uv": [27, 105], "uv_size": [-1, 3]},
								"east": {"uv": [215, 32], "uv_size": [-58, 3]},
								"south": {"uv": [143, 108], "uv_size": [-1, 3]},
								"west": {"uv": [215, 29], "uv_size": [-58, 3]},
								"up": {"uv": [117, 193], "uv_size": [-1, 58]},
								"down": {"uv": [118, 251], "uv_size": [-1, -58]}
							}
						}
					]
				},
				{
					"name": "left_track_wheel5",
					"parent": "left_track",
					"pivot": [18.5, 6.64645, -13.74695],
					"cubes": [
						{
							"origin": [14.5, 2, -17.18629],
							"size": [8, 8, 8],
							"pivot": [19.5, 7, -12.68629],
							"rotation": [-45, 0, 0],
							"uv": {
								"north": {"uv": [22, 192], "uv_size": [-8, 8]},
								"east": {"uv": [56, 192], "uv_size": [-8, 8]},
								"south": {"uv": [38, 192], "uv_size": [-8, 8]},
								"west": {"uv": [30, 192], "uv_size": [-8, 8]},
								"up": {"uv": [200, 78], "uv_size": [-8, 8]},
								"down": {"uv": [200, 94], "uv_size": [-8, -8]}
							}
						}
					]
				},
				{
					"name": "left_track_wheel4",
					"parent": "left_track",
					"pivot": [18.5, 6.64645, -2.43324],
					"cubes": [
						{
							"origin": [14.5, 2, -5.87258],
							"size": [8, 8, 8],
							"pivot": [19.5, 7, -1.37258],
							"rotation": [-45, 0, 0],
							"uv": {
								"north": {"uv": [170, 192], "uv_size": [-8, 8]},
								"east": {"uv": [116, 193], "uv_size": [-8, 8]},
								"south": {"uv": [186, 192], "uv_size": [-8, 8]},
								"west": {"uv": [178, 192], "uv_size": [-8, 8]},
								"up": {"uv": [154, 193], "uv_size": [-8, 8]},
								"down": {"uv": [201, 178], "uv_size": [-8, -8]}
							}
						}
					]
				},
				{
					"name": "left_track_wheel3",
					"parent": "left_track",
					"pivot": [18.5, 6.64645, 8.88047],
					"cubes": [
						{
							"origin": [14.5, 2, 5.44113],
							"size": [8, 8, 8],
							"pivot": [19.5, 7, 9.94113],
							"rotation": [-45, 0, 0],
							"uv": {
								"north": {"uv": [8, 194], "uv_size": [-8, 8]},
								"east": {"uv": [202, 94], "uv_size": [-8, 8]},
								"south": {"uv": [72, 194], "uv_size": [-8, 8]},
								"west": {"uv": [64, 194], "uv_size": [-8, 8]},
								"up": {"uv": [202, 178], "uv_size": [-8, 8]},
								"down": {"uv": [194, 202], "uv_size": [-8, -8]}
							}
						}
					]
				},
				{
					"name": "left_track_wheel2",
					"parent": "left_track",
					"pivot": [18.5, 6.64645, 20.19417],
					"cubes": [
						{
							"origin": [14.5, 2, 16.75483],
							"size": [8, 8, 8],
							"pivot": [19.5, 7, 21.25483],
							"rotation": [-45, 0, 0],
							"uv": {
								"north": {"uv": [202, 186], "uv_size": [-8, 8]},
								"east": {"uv": [135, 196], "uv_size": [-8, 8]},
								"south": {"uv": [92, 196], "uv_size": [-8, 8]},
								"west": {"uv": [202, 194], "uv_size": [-8, 8]},
								"up": {"uv": [143, 196], "uv_size": [-8, 8]},
								"down": {"uv": [205, 51], "uv_size": [-8, -8]}
							}
						}
					]
				},
				{
					"name": "left_track_wheel1",
					"parent": "left_track",
					"pivot": [18.525, 7.35355, 30.09367],
					"cubes": [
						{
							"origin": [14.5, -1, 23.99747],
							"size": [8.05, 10, 10],
							"pivot": [19.5, 7, 25.49747],
							"rotation": [45, 0, 0],
							"uv": {
								"north": {"uv": [14, 174], "uv_size": [8, 10]},
								"east": {"uv": [88, 144], "uv_size": [10, 10]},
								"south": {"uv": [22, 174], "uv_size": [8, 10]},
								"west": {"uv": [165, 164], "uv_size": [10, 10]},
								"up": {"uv": [30, 174], "uv_size": [8, 10]},
								"down": {"uv": [163, 184], "uv_size": [8, -10]}
							}
						}
					]
				}
			]
		}
	]
}