{
	"format_version": "1.12.0",
	"minecraft:geometry": [
		{
			"description": {
				"identifier": "geometry.mbl_roads.steam_roller",
				"texture_width": 512,
				"texture_height": 512,
				"visible_bounds_width": 8,
				"visible_bounds_height": 5.5,
				"visible_bounds_offset": [0, 2.25, 0]
			},
			"bones": [
				{
					"name": "all",
					"pivot": [0.21131, 4, -5.89924]
				},
				{
					"name": "ladle",
					"parent": "all",
					"pivot": [0.21131, 11.5, -18.77424]
				},
				{
					"name": "ladle2",
					"parent": "ladle",
					"pivot": [0.21131, 11.35471, -42.47944],
					"rotation": [-17.5, 0, 0]
				},
				{
					"name": "front",
					"parent": "all",
					"pivot": [0.21131, 28, -36.39924],
					"cubes": [
						{
							"origin": [-22.28869, 17.5, -54.89924],
							"size": [45, 20, 34],
							"pivot": [0.21131, 28, -39.39924],
							"rotation": [7.5, 0, 0],
							"uv": {
								"north": {"uv": [138, 76], "uv_size": [45, 20]},
								"east": {"uv": [173, 175], "uv_size": [34, 20]},
								"south": {"uv": [139, 0], "uv_size": [45, 20]},
								"west": {"uv": [31, 177], "uv_size": [34, 20]},
								"up": {"uv": [45, 0], "uv_size": [45, 34]},
								"down": {"uv": [45, 68], "uv_size": [45, -34]}
							}
						},
						{
							"origin": [-24.28869, 15.5, -56.67424],
							"size": [49, 2, 30],
							"pivot": [0.21131, 28, -39.17424],
							"rotation": [7.5, 0, 0],
							"uv": {
								"north": {"uv": [272, 226], "uv_size": [49, 2]},
								"east": {"uv": [283, 257], "uv_size": [30, 2]},
								"south": {"uv": [278, 156], "uv_size": [49, 2]},
								"west": {"uv": [284, 76], "uv_size": [30, 2]},
								"up": {"uv": [45, 68], "uv_size": [49, 30]},
								"down": {"uv": [90, 30], "uv_size": [49, -30]}
							}
						},
						{
							"origin": [-22.23869, 3.4852, -29.94385],
							"size": [44.9, 35, 10],
							"pivot": [0.21131, 32.4852, -24.94385],
							"rotation": [20, 0, 0],
							"uv": {
								"north": {"uv": [0, 0], "uv_size": [45, 35]},
								"east": {"uv": [161, 238], "uv_size": [10, 35]},
								"south": {"uv": [0, 35], "uv_size": [45, 35]},
								"west": {"uv": [171, 238], "uv_size": [10, 35]},
								"up": {"uv": [200, 96], "uv_size": [45, 10]},
								"down": {"uv": [203, 22], "uv_size": [45, -10]}
							}
						},
						{
							"origin": [-24.23869, 1.20782, -31.81643],
							"size": [48.9, 19, 2],
							"pivot": [0.21131, 32.20782, -24.81643],
							"rotation": [20, 0, 0],
							"uv": {
								"north": {"uv": [111, 130], "uv_size": [49, 19]},
								"east": {"uv": [63, 197], "uv_size": [2, 19]},
								"south": {"uv": [138, 57], "uv_size": [49, 19]},
								"west": {"uv": [58, 240], "uv_size": [2, 19]},
								"up": {"uv": [278, 158], "uv_size": [49, 2]},
								"down": {"uv": [278, 162], "uv_size": [49, -2]}
							}
						}
					]
				},
				{
					"name": "roller",
					"parent": "front",
					"pivot": [2.21131, 13.79897, -35.99974],
					"cubes": [
						{
							"origin": [-4, 17.17029, -62.78845],
							"size": [12, 8, 42.95],
							"pivot": [2, 21.17029, -43.31345],
							"rotation": [90, -45, -90],
							"uv": {
								"north": {"uv": [83, 169], "uv_size": [12, 8]},
								"east": {"uv": [234, 22], "uv_size": [43, 8]},
								"south": {"uv": [95, 169], "uv_size": [12, 8]},
								"west": {"uv": [235, 150], "uv_size": [43, 8]},
								"up": {"uv": [132, 178], "uv_size": [12, 43]},
								"down": {"uv": [144, 221], "uv_size": [12, -43]}
							}
						},
						{
							"origin": [51.25664, 20.24136, -51.53297],
							"size": [12, 8, 42.9875],
							"pivot": [25.69831, 30.47935, -4.34091],
							"rotation": [0, 90, 0],
							"uv": {
								"north": {"uv": [184, 12], "uv_size": [12, 8]},
								"east": {"uv": [235, 158], "uv_size": [43, 8]},
								"south": {"uv": [43, 240], "uv_size": [12, 8]},
								"west": {"uv": [235, 192], "uv_size": [43, 8]},
								"up": {"uv": [156, 178], "uv_size": [12, 43]},
								"down": {"uv": [187, 96], "uv_size": [12, -43]}
							}
						},
						{
							"origin": [-3.98125, 9.75608, -48.92646],
							"size": [12, 8, 42.9875],
							"pivot": [2.01875, 13.75608, -25.41396],
							"rotation": [90, 0, 90],
							"uv": {
								"north": {"uv": [278, 192], "uv_size": [12, 8]},
								"east": {"uv": [0, 240], "uv_size": [43, 8]},
								"south": {"uv": [278, 200], "uv_size": [12, 8]},
								"west": {"uv": [241, 47], "uv_size": [43, 8]},
								"up": {"uv": [89, 191], "uv_size": [12, 43]},
								"down": {"uv": [168, 238], "uv_size": [12, -43]}
							}
						},
						{
							"origin": [-4, 2.34186, -51.96002],
							"size": [12, 8, 42.95],
							"pivot": [2, 6.34186, -28.48502],
							"rotation": [90, 45, 90],
							"uv": {
								"north": {"uv": [34, 279], "uv_size": [12, 8]},
								"east": {"uv": [241, 55], "uv_size": [43, 8]},
								"south": {"uv": [279, 162], "uv_size": [12, 8]},
								"west": {"uv": [241, 63], "uv_size": [43, 8]},
								"up": {"uv": [180, 195], "uv_size": [12, 43]},
								"down": {"uv": [192, 238], "uv_size": [12, -43]}
							}
						},
						{
							"origin": [51.25664, -0.7292, -51.53297],
							"size": [12, 8, 42.9875],
							"pivot": [25.69831, -2.9672, -4.34091],
							"rotation": [0, 90, 0],
							"uv": {
								"north": {"uv": [279, 178], "uv_size": [12, 8]},
								"east": {"uv": [241, 71], "uv_size": [43, 8]},
								"south": {"uv": [63, 280], "uv_size": [12, 8]},
								"west": {"uv": [243, 208], "uv_size": [43, 8]},
								"up": {"uv": [0, 196], "uv_size": [12, 43]},
								"down": {"uv": [12, 239], "uv_size": [12, -43]}
							}
						},
						{
							"origin": [-3.98125, 9.75608, -69.89702],
							"size": [12, 8, 42.9875],
							"pivot": [2.01875, 13.75608, -46.38452],
							"rotation": [90, 0, 90],
							"uv": {
								"north": {"uv": [75, 280], "uv_size": [12, 8]},
								"east": {"uv": [245, 30], "uv_size": [43, 8]},
								"south": {"uv": [87, 280], "uv_size": [12, 8]},
								"west": {"uv": [245, 38], "uv_size": [43, 8]},
								"up": {"uv": [24, 197], "uv_size": [12, 43]},
								"down": {"uv": [36, 240], "uv_size": [12, -43]}
							}
						},
						{
							"origin": [-4, 2.34186, -62.78845],
							"size": [12, 8, 42.95],
							"pivot": [2, 6.34186, -43.31345],
							"rotation": [-90, -45, 90],
							"uv": {
								"north": {"uv": [211, 280], "uv_size": [12, 8]},
								"east": {"uv": [245, 79], "uv_size": [43, 8]},
								"south": {"uv": [223, 280], "uv_size": [12, 8]},
								"west": {"uv": [245, 87], "uv_size": [43, 8]},
								"up": {"uv": [48, 197], "uv_size": [12, 43]},
								"down": {"uv": [199, 96], "uv_size": [12, -43]}
							}
						},
						{
							"origin": [-6.3, 17.04897, -45.99974],
							"size": [14, 14, 39],
							"pivot": [2, 12.54897, -24.49974],
							"rotation": [90, 0, 90],
							"uv": {
								"north": {"uv": [0, 269], "uv_size": [14, 14]},
								"east": {"uv": [167, 39], "uv_size": [39, 14]},
								"south": {"uv": [14, 269], "uv_size": [14, 14]},
								"west": {"uv": [65, 177], "uv_size": [39, 14]},
								"up": {"uv": [104, 178], "uv_size": [14, 39]},
								"down": {"uv": [118, 217], "uv_size": [14, -39]}
							}
						},
						{
							"origin": [-4, 17.17029, -51.96002],
							"size": [12, 8, 42.95],
							"pivot": [2, 21.17029, -28.48502],
							"rotation": [-90, 45, -90],
							"uv": {
								"north": {"uv": [100, 277], "uv_size": [12, 8]},
								"east": {"uv": [235, 200], "uv_size": [43, 8]},
								"south": {"uv": [112, 277], "uv_size": [12, 8]},
								"west": {"uv": [236, 178], "uv_size": [43, 8]},
								"up": {"uv": [65, 191], "uv_size": [12, 43]},
								"down": {"uv": [77, 234], "uv_size": [12, -43]}
							}
						}
					]
				},
				{
					"name": "back",
					"parent": "all",
					"pivot": [0.21131, 46.14497, 35.98416],
					"cubes": [
						{
							"origin": [-19.28869, 30.5, 22.10076],
							"size": [39, 4, 20],
							"uv": {
								"north": {"uv": [248, 18], "uv_size": [39, 4]},
								"east": {"uv": [167, 53], "uv_size": [20, 4]},
								"south": {"uv": [257, 7], "uv_size": [39, 4]},
								"west": {"uv": [283, 114], "uv_size": [20, 4]},
								"up": {"uv": [44, 157], "uv_size": [39, 20]},
								"down": {"uv": [160, 134], "uv_size": [39, -20]}
							}
						},
						{
							"origin": [-19.27619, 19.9359, 5.07936],
							"size": [38.975, 10, 29.5],
							"pivot": [0.21131, 21.9359, 24.57936],
							"rotation": [62.5, 0, 0],
							"uv": {
								"north": {"uv": [209, 140], "uv_size": [39, 10]},
								"east": {"uv": [245, 95], "uv_size": [30, 10]},
								"south": {"uv": [204, 209], "uv_size": [39, 10]},
								"west": {"uv": [245, 242], "uv_size": [30, 10]},
								"up": {"uv": [78, 100], "uv_size": [39, 30]},
								"down": {"uv": [117, 130], "uv_size": [39, -30]}
							}
						},
						{
							"origin": [-21.77619, 17.2609, 4.17936],
							"size": [43.975, 2, 18],
							"pivot": [0.21131, 21.2609, 24.17936],
							"rotation": [62.5, 0, 0],
							"uv": {
								"north": {"uv": [235, 280], "uv_size": [44, 2]},
								"east": {"uv": [219, 257], "uv_size": [18, 2]},
								"south": {"uv": [279, 280], "uv_size": [44, 2]},
								"west": {"uv": [286, 144], "uv_size": [18, 2]},
								"up": {"uv": [0, 156], "uv_size": [44, 18]},
								"down": {"uv": [156, 114], "uv_size": [44, -18]}
							}
						},
						{
							"origin": [-19.28869, 18.5, 25.10076],
							"size": [39, 12, 27],
							"uv": {
								"north": {"uv": [184, 0], "uv_size": [39, 12]},
								"east": {"uv": [83, 157], "uv_size": [27, 12]},
								"south": {"uv": [199, 114], "uv_size": [39, 12]},
								"west": {"uv": [245, 216], "uv_size": [27, 12]},
								"up": {"uv": [128, 30], "uv_size": [39, 27]},
								"down": {"uv": [72, 157], "uv_size": [39, -27]}
							}
						},
						{
							"origin": [-21.80119, 16.56338, 25.02989],
							"size": [44, 2, 28],
							"uv": {
								"north": {"uv": [138, 281], "uv_size": [44, 2]},
								"east": {"uv": [285, 273], "uv_size": [28, 2]},
								"south": {"uv": [235, 282], "uv_size": [44, 2]},
								"west": {"uv": [286, 11], "uv_size": [28, 2]},
								"up": {"uv": [94, 72], "uv_size": [44, 28]},
								"down": {"uv": [34, 126], "uv_size": [44, -28]}
							}
						},
						{
							"origin": [-19.21369, 29.23952, 38.90172],
							"size": [38.8875, 4, 10.7125],
							"pivot": [0.24881, 25.23952, 43.90172],
							"rotation": [-21, 0, 0],
							"uv": {
								"north": {"uv": [86, 273], "uv_size": [39, 4]},
								"east": {"uv": [234, 30], "uv_size": [11, 4]},
								"south": {"uv": [217, 273], "uv_size": [39, 4]},
								"west": {"uv": [234, 253], "uv_size": [11, 4]},
								"up": {"uv": [206, 36], "uv_size": [39, 11]},
								"down": {"uv": [207, 178], "uv_size": [39, -11]}
							}
						},
						{
							"origin": [-1.3, 34.5, 39.10076],
							"size": [3, 12, 3],
							"uv": {
								"north": {"uv": [31, 112], "uv_size": [3, 12]},
								"east": {"uv": [156, 114], "uv_size": [3, 12]},
								"south": {"uv": [161, 286], "uv_size": [3, 12]},
								"west": {"uv": [164, 286], "uv_size": [3, 12]},
								"up": {"uv": [203, 36], "uv_size": [3, 3]},
								"down": {"uv": [101, 217], "uv_size": [3, -3]}
							}
						},
						{
							"origin": [-1.2875, 44.64497, 41.98416],
							"size": [2.975, 6, 3],
							"pivot": [0.2, 50.14497, 43.48416],
							"rotation": [-35, 0, 0],
							"uv": {
								"north": {"uv": [204, 167], "uv_size": [3, 6]},
								"east": {"uv": [101, 208], "uv_size": [3, 6]},
								"south": {"uv": [241, 79], "uv_size": [3, 6]},
								"west": {"uv": [34, 269], "uv_size": [3, 6]},
								"up": {"uv": [232, 192], "uv_size": [3, 3]},
								"down": {"uv": [55, 272], "uv_size": [3, -3]}
							}
						}
					]
				},
				{
					"name": "roller2",
					"parent": "back",
					"pivot": [0.22242, 9.93555, 34.10076],
					"cubes": [
						{
							"origin": [-2.76369, 12.48831, 11.0776],
							"size": [10, 7, 37.925],
							"pivot": [2.23631, 15.98831, 28.0401],
							"rotation": [90, -45, -90],
							"uv": {
								"north": {"uv": [199, 126], "uv_size": [10, 7]},
								"east": {"uv": [200, 106], "uv_size": [38, 7]},
								"south": {"uv": [284, 55], "uv_size": [10, 7]},
								"west": {"uv": [248, 11], "uv_size": [38, 7]},
								"up": {"uv": [211, 47], "uv_size": [10, 38]},
								"down": {"uv": [101, 255], "uv_size": [10, -38]}
							}
						},
						{
							"origin": [52.4492, 14.99872, 20.97953],
							"size": [10, 7, 38],
							"pivot": [25.89087, 24.73671, 65.65909],
							"rotation": [0, 90, 0],
							"uv": {
								"north": {"uv": [284, 62], "uv_size": [10, 7]},
								"east": {"uv": [248, 140], "uv_size": [38, 7]},
								"south": {"uv": [284, 69], "uv_size": [10, 7]},
								"west": {"uv": [249, 119], "uv_size": [38, 7]},
								"up": {"uv": [111, 217], "uv_size": [10, 38]},
								"down": {"uv": [121, 255], "uv_size": [10, -38]}
							}
						},
						{
							"origin": [51.9492, 4.49872, 22.97953],
							"size": [11, 11, 34],
							"pivot": [25.89087, 24.73671, 65.65909],
							"rotation": [0, 90, 0],
							"uv": {
								"north": {"uv": [34, 85], "uv_size": [11, 11]},
								"east": {"uv": [211, 85], "uv_size": [34, 11]},
								"south": {"uv": [150, 259], "uv_size": [11, 11]},
								"west": {"uv": [223, 0], "uv_size": [34, 11]},
								"up": {"uv": [234, 219], "uv_size": [11, 34]},
								"down": {"uv": [238, 140], "uv_size": [11, -34]}
							}
						},
						{
							"origin": [-2.76369, 12.48831, 19.19892],
							"size": [10, 7, 37.925],
							"pivot": [2.23631, 15.98831, 40.16142],
							"rotation": [-90, 45, -90],
							"uv": {
								"north": {"uv": [173, 284], "uv_size": [10, 7]},
								"east": {"uv": [249, 126], "uv_size": [38, 7]},
								"south": {"uv": [183, 284], "uv_size": [10, 7]},
								"west": {"uv": [249, 133], "uv_size": [38, 7]},
								"up": {"uv": [204, 219], "uv_size": [10, 38]},
								"down": {"uv": [214, 257], "uv_size": [10, -38]}
							}
						},
						{
							"origin": [-2.78869, 6.42765, 21.67183],
							"size": [10, 7, 38],
							"pivot": [2.21131, 9.92765, 42.67183],
							"rotation": [90, 0, 90],
							"uv": {
								"north": {"uv": [193, 284], "uv_size": [10, 7]},
								"east": {"uv": [245, 252], "uv_size": [38, 7]},
								"south": {"uv": [235, 284], "uv_size": [10, 7]},
								"west": {"uv": [257, 0], "uv_size": [38, 7]},
								"up": {"uv": [221, 47], "uv_size": [10, 38]},
								"down": {"uv": [131, 259], "uv_size": [10, -38]}
							}
						},
						{
							"origin": [-2.76369, 0.36699, 19.19892],
							"size": [10, 7, 37.925],
							"pivot": [2.23631, 3.86699, 40.16142],
							"rotation": [90, 45, 90],
							"uv": {
								"north": {"uv": [245, 284], "uv_size": [10, 7]},
								"east": {"uv": [181, 257], "uv_size": [38, 7]},
								"south": {"uv": [255, 284], "uv_size": [10, 7]},
								"west": {"uv": [100, 259], "uv_size": [38, 7]},
								"up": {"uv": [141, 221], "uv_size": [10, 38]},
								"down": {"uv": [151, 259], "uv_size": [10, -38]}
							}
						},
						{
							"origin": [52.4492, -2.14342, 20.97953],
							"size": [10, 7, 38],
							"pivot": [25.89087, -4.88141, 65.65909],
							"rotation": [0, 90, 0],
							"uv": {
								"north": {"uv": [265, 284], "uv_size": [10, 7]},
								"east": {"uv": [219, 259], "uv_size": [38, 7]},
								"south": {"uv": [99, 285], "uv_size": [10, 7]},
								"west": {"uv": [257, 259], "uv_size": [38, 7]},
								"up": {"uv": [224, 219], "uv_size": [10, 38]},
								"down": {"uv": [231, 85], "uv_size": [10, -38]}
							}
						},
						{
							"origin": [-2.78869, 6.42765, 4.5297],
							"size": [10, 7, 38],
							"pivot": [2.21131, 9.92765, 25.5297],
							"rotation": [90, 0, 90],
							"uv": {
								"north": {"uv": [109, 285], "uv_size": [10, 7]},
								"east": {"uv": [0, 262], "uv_size": [38, 7]},
								"south": {"uv": [285, 266], "uv_size": [10, 7]},
								"west": {"uv": [181, 264], "uv_size": [38, 7]},
								"up": {"uv": [60, 234], "uv_size": [10, 38]},
								"down": {"uv": [70, 272], "uv_size": [10, -38]}
							}
						},
						{
							"origin": [-2.76369, 0.36699, 11.0776],
							"size": [10, 7, 37.925],
							"pivot": [2.23631, 3.86699, 28.0401],
							"rotation": [-90, -45, 90],
							"uv": {
								"north": {"uv": [275, 285], "uv_size": [10, 7]},
								"east": {"uv": [100, 266], "uv_size": [38, 7]},
								"south": {"uv": [285, 285], "uv_size": [10, 7]},
								"west": {"uv": [219, 266], "uv_size": [38, 7]},
								"up": {"uv": [80, 234], "uv_size": [10, 38]},
								"down": {"uv": [90, 272], "uv_size": [10, -38]}
							}
						}
					]
				},
				{
					"name": "cabin",
					"parent": "all",
					"pivot": [0.21131, 17, -11.89924],
					"cubes": [
						{
							"origin": [-14.78869, 32, 2.10076],
							"size": [0, 9, 17],
							"uv": {
								"north": {"uv": [0, 0], "uv_size": [0, 9]},
								"east": {"uv": [292, 242], "uv_size": [-17, 9]},
								"south": {"uv": [0, 0], "uv_size": [0, 9]},
								"west": {"uv": [275, 242], "uv_size": [17, 9]},
								"up": {"uv": [0, 0], "uv_size": [0, 17]},
								"down": {"uv": [0, 17], "uv_size": [0, -17]}
							}
						},
						{
							"origin": [-13.525, 32, 20.60076],
							"size": [27.5, 9, 0],
							"uv": {
								"north": {"uv": [167, 20], "uv_size": [-28, 9]},
								"east": {"uv": [0, 0], "uv_size": [0, 9]},
								"south": {"uv": [139, 20], "uv_size": [28, 9]},
								"west": {"uv": [0, 0], "uv_size": [0, 9]},
								"up": {"uv": [0, 0], "uv_size": [28, 0]},
								"down": {"uv": [0, 0], "uv_size": [28, 0]}
							}
						},
						{
							"origin": [15.21131, 32, -13.89924],
							"size": [0, 9, 33],
							"uv": {
								"north": {"uv": [0, 0], "uv_size": [0, 9]},
								"east": {"uv": [33, 248], "uv_size": [-33, 9]},
								"south": {"uv": [0, 0], "uv_size": [0, 9]},
								"west": {"uv": [0, 248], "uv_size": [33, 9]},
								"up": {"uv": [0, 0], "uv_size": [0, 33]},
								"down": {"uv": [0, 33], "uv_size": [0, -33]}
							}
						},
						{
							"origin": [-15.28869, 29, -9.89924],
							"size": [3, 3, 29],
							"uv": {
								"north": {"uv": [156, 270], "uv_size": [3, 3]},
								"east": {"uv": [283, 104], "uv_size": [29, 3]},
								"south": {"uv": [34, 275], "uv_size": [3, 3]},
								"west": {"uv": [283, 107], "uv_size": [29, 3]},
								"up": {"uv": [124, 282], "uv_size": [3, 29]},
								"down": {"uv": [127, 311], "uv_size": [3, -29]}
							}
						},
						{
							"origin": [-15.28869, 55.5, -14.89924],
							"size": [3, 3, 37],
							"uv": {
								"north": {"uv": [175, 278], "uv_size": [3, 3]},
								"east": {"uv": [211, 277], "uv_size": [37, 3]},
								"south": {"uv": [178, 278], "uv_size": [3, 3]},
								"west": {"uv": [138, 278], "uv_size": [37, 3]},
								"up": {"uv": [28, 269], "uv_size": [3, 37]},
								"down": {"uv": [31, 306], "uv_size": [3, -37]}
							}
						},
						{
							"origin": [-17, 58.5, -17.89924],
							"size": [34, 3, 42],
							"uv": {
								"north": {"uv": [278, 150], "uv_size": [34, 3]},
								"east": {"uv": [246, 175], "uv_size": [42, 3]},
								"south": {"uv": [278, 153], "uv_size": [34, 3]},
								"west": {"uv": [248, 147], "uv_size": [42, 3]},
								"up": {"uv": [0, 70], "uv_size": [34, 42]},
								"down": {"uv": [94, 72], "uv_size": [34, -42]}
							}
						},
						{
							"origin": [-12.28869, 55.5, 19.10076],
							"size": [25, 3, 3],
							"uv": {
								"north": {"uv": [207, 192], "uv_size": [25, 3]},
								"east": {"uv": [286, 212], "uv_size": [3, 3]},
								"south": {"uv": [209, 150], "uv_size": [25, 3]},
								"west": {"uv": [94, 288], "uv_size": [3, 3]},
								"up": {"uv": [148, 283], "uv_size": [25, 3]},
								"down": {"uv": [283, 254], "uv_size": [25, -3]}
							}
						},
						{
							"origin": [-12.28869, 55.5, -14.89924],
							"size": [25, 3, 3],
							"uv": {
								"north": {"uv": [283, 254], "uv_size": [25, 3]},
								"east": {"uv": [288, 175], "uv_size": [3, 3]},
								"south": {"uv": [284, 46], "uv_size": [25, 3]},
								"west": {"uv": [211, 288], "uv_size": [3, 3]},
								"up": {"uv": [284, 49], "uv_size": [25, 3]},
								"down": {"uv": [284, 55], "uv_size": [25, -3]}
							}
						},
						{
							"origin": [-21.28869, 54.5, -18.39924],
							"size": [7, 5, 2],
							"pivot": [-17.78869, 57, -18.39924],
							"rotation": [0, 25, 0],
							"uv": {
								"north": {"uv": [196, 12], "uv_size": [7, 5]},
								"east": {"uv": [88, 288], "uv_size": [2, 5]},
								"south": {"uv": [286, 275], "uv_size": [7, 5]},
								"west": {"uv": [288, 88], "uv_size": [2, 5]},
								"up": {"uv": [34, 96], "uv_size": [7, 2]},
								"down": {"uv": [78, 100], "uv_size": [7, -2]}
							}
						},
						{
							"origin": [14.28869, 54.5, -18.39924],
							"size": [7, 5, 2],
							"pivot": [17.78869, 57, -18.39924],
							"rotation": [0, -25, 0],
							"uv": {
								"north": {"uv": [203, 12], "uv_size": [-7, 5]},
								"east": {"uv": [290, 88], "uv_size": [-2, 5]},
								"south": {"uv": [293, 275], "uv_size": [-7, 5]},
								"west": {"uv": [90, 288], "uv_size": [-2, 5]},
								"up": {"uv": [41, 96], "uv_size": [-7, 2]},
								"down": {"uv": [85, 100], "uv_size": [-7, -2]}
							}
						},
						{
							"origin": [-10.28869, 29, 3.10076],
							"size": [5, 15, 10],
							"pivot": [3.07215, 35.72748, 3.71504],
							"rotation": [0, -90, 0],
							"uv": {
								"north": {"uv": [168, 178], "uv_size": [5, 15]},
								"east": {"uv": [34, 70], "uv_size": [10, 15]},
								"south": {"uv": [161, 221], "uv_size": [5, 15]},
								"west": {"uv": [128, 57], "uv_size": [10, 15]},
								"up": {"uv": [50, 262], "uv_size": [5, 10]},
								"down": {"uv": [119, 295], "uv_size": [5, -10]}
							}
						},
						{
							"origin": [0.21131, 29, 1.10076],
							"size": [12.5, 4, 14],
							"pivot": [3.07215, 35.72748, 3.71504],
							"rotation": [0, -90, 0],
							"uv": {
								"north": {"uv": [148, 286], "uv_size": [13, 4]},
								"east": {"uv": [138, 96], "uv_size": [14, 4]},
								"south": {"uv": [286, 208], "uv_size": [13, 4]},
								"west": {"uv": [286, 13], "uv_size": [14, 4]},
								"up": {"uv": [160, 134], "uv_size": [13, 14]},
								"down": {"uv": [270, 119], "uv_size": [13, -14]}
							}
						},
						{
							"origin": [-12.11071, 43.88607, 1.06326],
							"size": [20.5, 4, 14.075],
							"pivot": [3.07215, 35.72748, 3.71504],
							"rotation": [-90, 10, 90],
							"uv": {
								"north": {"uv": [0, 283], "uv_size": [21, 4]},
								"east": {"uv": [49, 286], "uv_size": [14, 4]},
								"south": {"uv": [283, 110], "uv_size": [21, 4]},
								"west": {"uv": [286, 140], "uv_size": [14, 4]},
								"up": {"uv": [33, 248], "uv_size": [21, 14]},
								"down": {"uv": [249, 119], "uv_size": [21, -14]}
							}
						},
						{
							"origin": [-4.43978, 31.26939, -10.16379],
							"size": [2, 15.5, 2],
							"pivot": [-3.43978, 38.51939, 3.72371],
							"rotation": [-88.77561, -61.56303, 108.3135],
							"uv": {
								"north": {"uv": [63, 216], "uv_size": [2, 16]},
								"east": {"uv": [166, 221], "uv_size": [2, 16]},
								"south": {"uv": [209, 284], "uv_size": [2, 16]},
								"west": {"uv": [167, 286], "uv_size": [2, 16]},
								"up": {"uv": [41, 96], "uv_size": [2, 2]},
								"down": {"uv": [43, 98], "uv_size": [2, -2]}
							}
						},
						{
							"origin": [-18.5498, 37.25887, -9.89924],
							"size": [2, 9, 13],
							"pivot": [-4.7998, 40.25887, 8.10076],
							"rotation": [151.44151, -79.49549, -151.84626],
							"uv": {
								"north": {"uv": [171, 286], "uv_size": [2, 9]},
								"east": {"uv": [125, 273], "uv_size": [13, 9]},
								"south": {"uv": [34, 287], "uv_size": [2, 9]},
								"west": {"uv": [50, 277], "uv_size": [13, 9]},
								"up": {"uv": [58, 259], "uv_size": [2, 13]},
								"down": {"uv": [169, 299], "uv_size": [2, -13]}
							}
						},
						{
							"origin": [-15.28869, 10, -12.39924],
							"size": [31, 14, 29],
							"uv": {
								"north": {"uv": [0, 112], "uv_size": [31, 14]},
								"east": {"uv": [207, 178], "uv_size": [29, 14]},
								"south": {"uv": [203, 22], "uv_size": [31, 14]},
								"west": {"uv": [209, 126], "uv_size": [29, 14]},
								"up": {"uv": [111, 149], "uv_size": [31, 29]},
								"down": {"uv": [142, 178], "uv_size": [31, -29]}
							}
						},
						{
							"origin": [-15.28869, 24, -12.39924],
							"size": [31, 5.5, 4],
							"uv": {
								"north": {"uv": [236, 186], "uv_size": [31, 6]},
								"east": {"uv": [107, 169], "uv_size": [4, 6]},
								"south": {"uv": [267, 186], "uv_size": [31, 6]},
								"west": {"uv": [206, 47], "uv_size": [4, 6]},
								"up": {"uv": [100, 255], "uv_size": [31, 4]},
								"down": {"uv": [277, 26], "uv_size": [31, -4]}
							}
						},
						{
							"origin": [-15.23869, 18.89274, -21.98203],
							"size": [30.9, 14, 21.5],
							"pivot": [0.21131, 25.89274, -14.98203],
							"rotation": [-55, 0, 0],
							"uv": {
								"north": {"uv": [204, 153], "uv_size": [31, 14]},
								"east": {"uv": [181, 238], "uv_size": [22, 14]},
								"south": {"uv": [204, 195], "uv_size": [31, 14]},
								"west": {"uv": [245, 228], "uv_size": [22, 14]},
								"up": {"uv": [173, 153], "uv_size": [31, 22]},
								"down": {"uv": [0, 196], "uv_size": [31, -22]}
							}
						},
						{
							"origin": [-17.78869, 24, -8.89924],
							"size": [36, 5, 30],
							"uv": {
								"north": {"uv": [181, 271], "uv_size": [36, 5]},
								"east": {"uv": [256, 275], "uv_size": [30, 5]},
								"south": {"uv": [50, 272], "uv_size": [36, 5]},
								"west": {"uv": [181, 276], "uv_size": [30, 5]},
								"up": {"uv": [0, 126], "uv_size": [36, 30]},
								"down": {"uv": [36, 156], "uv_size": [36, -30]}
							}
						},
						{
							"origin": [-17.78869, 7, -7.39924],
							"size": [0, 17, 12],
							"uv": {
								"north": {"uv": [0, 0], "uv_size": [0, 17]},
								"east": {"uv": [50, 262], "uv_size": [-12, 17]},
								"south": {"uv": [0, 0], "uv_size": [0, 17]},
								"west": {"uv": [38, 262], "uv_size": [12, 17]},
								"up": {"uv": [0, 0], "uv_size": [0, 12]},
								"down": {"uv": [0, 12], "uv_size": [0, -12]}
							}
						},
						{
							"origin": [-17.81369, 31.69886, -20.4324],
							"size": [36.05, 5, 18.5],
							"pivot": [0.21131, 34.19886, -12.4324],
							"rotation": [-57.5, 0, 0],
							"uv": {
								"north": {"uv": [272, 216], "uv_size": [36, 5]},
								"east": {"uv": [181, 252], "uv_size": [19, 5]},
								"south": {"uv": [272, 221], "uv_size": [36, 5]},
								"west": {"uv": [279, 170], "uv_size": [19, 5]},
								"up": {"uv": [167, 20], "uv_size": [36, 19]},
								"down": {"uv": [173, 153], "uv_size": [36, -19]}
							}
						},
						{
							"origin": [-1.28869, 38.5, -14.89924],
							"size": [3, 17, 3],
							"uv": {
								"north": {"uv": [183, 76], "uv_size": [3, 17]},
								"east": {"uv": [101, 191], "uv_size": [3, 17]},
								"south": {"uv": [203, 284], "uv_size": [3, 17]},
								"west": {"uv": [206, 284], "uv_size": [3, 17]},
								"up": {"uv": [72, 126], "uv_size": [3, 3]},
								"down": {"uv": [75, 129], "uv_size": [3, -3]}
							}
						},
						{
							"origin": [-3.66786, 53.87917, -14.88674],
							"size": [2, 5, 2.975],
							"pivot": [-2.16786, 55.87917, -13.39924],
							"rotation": [0, 0, -67.5],
							"uv": {
								"north": {"uv": [31, 257], "uv_size": [2, 5]},
								"east": {"uv": [200, 252], "uv_size": [3, 5]},
								"south": {"uv": [78, 288], "uv_size": [2, 5]},
								"west": {"uv": [36, 287], "uv_size": [3, 5]},
								"up": {"uv": [243, 216], "uv_size": [2, 3]},
								"down": {"uv": [159, 273], "uv_size": [2, -3]}
							}
						},
						{
							"origin": [12.72107, 8.99377, 29.02948],
							"size": [2.9875, 5, 2.975],
							"pivot": [9.22107, 23.99377, -9.48302],
							"rotation": [67.5, 0, 0],
							"uv": {
								"north": {"uv": [39, 287], "uv_size": [3, 5]},
								"east": {"uv": [42, 287], "uv_size": [3, 5]},
								"south": {"uv": [287, 118], "uv_size": [3, 5]},
								"west": {"uv": [287, 123], "uv_size": [3, 5]},
								"up": {"uv": [152, 96], "uv_size": [3, 3]},
								"down": {"uv": [156, 129], "uv_size": [3, -3]}
							}
						},
						{
							"origin": [-15.28595, 8.99377, 29.02948],
							"size": [2.9875, 5, 2.975],
							"pivot": [-8.79845, 23.99377, -9.48302],
							"rotation": [67.5, 0, 0],
							"uv": {
								"north": {"uv": [287, 128], "uv_size": [3, 5]},
								"east": {"uv": [287, 133], "uv_size": [3, 5]},
								"south": {"uv": [288, 29], "uv_size": [3, 5]},
								"west": {"uv": [288, 34], "uv_size": [3, 5]},
								"up": {"uv": [38, 174], "uv_size": [3, 3]},
								"down": {"uv": [41, 177], "uv_size": [3, -3]}
							}
						},
						{
							"origin": [1.83214, 40.87917, 19.11326],
							"size": [2, 5, 2.975],
							"pivot": [-2.16786, 55.87917, -13.39924],
							"rotation": [0, 0, -67.5],
							"uv": {
								"north": {"uv": [288, 78], "uv_size": [2, 5]},
								"east": {"uv": [288, 39], "uv_size": [3, 5]},
								"south": {"uv": [80, 288], "uv_size": [2, 5]},
								"west": {"uv": [63, 288], "uv_size": [3, 5]},
								"up": {"uv": [254, 277], "uv_size": [2, 3]},
								"down": {"uv": [97, 291], "uv_size": [2, -3]}
							}
						},
						{
							"origin": [-3.40953, 40.87917, 19.11326],
							"size": [2, 5, 2.975],
							"pivot": [2.59047, 55.87917, -13.39924],
							"rotation": [0, 0, 67.5],
							"uv": {
								"north": {"uv": [82, 288], "uv_size": [2, 5]},
								"east": {"uv": [66, 288], "uv_size": [3, 5]},
								"south": {"uv": [288, 83], "uv_size": [2, 5]},
								"west": {"uv": [69, 288], "uv_size": [3, 5]},
								"up": {"uv": [214, 288], "uv_size": [2, 3]},
								"down": {"uv": [216, 291], "uv_size": [2, -3]}
							}
						},
						{
							"origin": [2.09047, 53.87917, -14.88674],
							"size": [2, 5, 2.975],
							"pivot": [2.59047, 55.87917, -13.39924],
							"rotation": [0, 0, 67.5],
							"uv": {
								"north": {"uv": [84, 288], "uv_size": [2, 5]},
								"east": {"uv": [72, 288], "uv_size": [3, 5]},
								"south": {"uv": [86, 288], "uv_size": [2, 5]},
								"west": {"uv": [75, 288], "uv_size": [3, 5]},
								"up": {"uv": [218, 288], "uv_size": [2, 3]},
								"down": {"uv": [220, 291], "uv_size": [2, -3]}
							}
						},
						{
							"origin": [-15.28869, 29, 19.10076],
							"size": [3, 26.5, 3],
							"uv": {
								"north": {"uv": [130, 282], "uv_size": [3, 27]},
								"east": {"uv": [133, 282], "uv_size": [3, 27]},
								"south": {"uv": [21, 283], "uv_size": [3, 27]},
								"west": {"uv": [24, 283], "uv_size": [3, 27]},
								"up": {"uv": [107, 175], "uv_size": [3, 3]},
								"down": {"uv": [183, 96], "uv_size": [3, -3]}
							}
						},
						{
							"origin": [12.78869, 29, -9.89924],
							"size": [3, 3, 29],
							"uv": {
								"north": {"uv": [159, 270], "uv_size": [-3, 3]},
								"east": {"uv": [312, 107], "uv_size": [-29, 3]},
								"south": {"uv": [37, 275], "uv_size": [-3, 3]},
								"west": {"uv": [312, 104], "uv_size": [-29, 3]},
								"up": {"uv": [127, 282], "uv_size": [-3, 29]},
								"down": {"uv": [130, 311], "uv_size": [-3, -29]}
							}
						},
						{
							"origin": [12.78869, 29, 19.10076],
							"size": [3, 26.5, 3],
							"uv": {
								"north": {"uv": [133, 282], "uv_size": [-3, 27]},
								"east": {"uv": [27, 283], "uv_size": [-3, 27]},
								"south": {"uv": [24, 283], "uv_size": [-3, 27]},
								"west": {"uv": [136, 282], "uv_size": [-3, 27]},
								"up": {"uv": [110, 175], "uv_size": [-3, 3]},
								"down": {"uv": [186, 96], "uv_size": [-3, -3]}
							}
						},
						{
							"origin": [12.78869, 55.5, -14.89924],
							"size": [3, 3, 37],
							"uv": {
								"north": {"uv": [178, 278], "uv_size": [-3, 3]},
								"east": {"uv": [175, 278], "uv_size": [-37, 3]},
								"south": {"uv": [181, 278], "uv_size": [-3, 3]},
								"west": {"uv": [248, 277], "uv_size": [-37, 3]},
								"up": {"uv": [31, 269], "uv_size": [-3, 37]},
								"down": {"uv": [34, 306], "uv_size": [-3, -37]}
							}
						}
					]
				}
			]
		}
	]
}