{
	"format_version": "1.12.0",
	"minecraft:geometry": [
		{
			"description": {
				"identifier": "geometry.mbl_roads.explainer_book",
				"texture_width": 128,
				"texture_height": 128,
				"visible_bounds_width": 3,
				"visible_bounds_height": 2.5,
				"visible_bounds_offset": [0, 0.75, 0]
			},
			"bones": [
				{
					"name": "root",
					"pivot": [0, 0, 0]
				},
				{
					"name": "head",
					"parent": "root",
					"pivot": [0, 0, 0]
				},
				{
					"name": "front",
					"parent": "head",
					"pivot": [0, 1, 0],
					"cubes": [
						{"origin": [-12, 0, -8], "size": [12, 1, 19], "uv": [0, 0]},
						{"origin": [-12.5, -1, -8.5], "size": [12.5, 1, 20], "uv": [0, 40]}
					]
				},
				{
					"name": "back",
					"parent": "head",
					"pivot": [0, 1, 0],
					"cubes": [
						{"origin": [0, 0, -8], "size": [12, 1, 19], "uv": [0, 20]},
						{"origin": [0, -1, -8.5], "size": [12.5, 1, 20], "uv": [0, 73]}
					]
				},
				{
					"name": "page1",
					"parent": "back",
					"pivot": [0, 1, 0],
					"cubes": [
						{"origin": [0, 1, -8], "size": [12, 0, 19], "pivot": [0, 1, 0], "rotation": [0, 0, 2.5], "uv": [24, 20]}
					]
				},
				{
					"name": "page2",
					"parent": "back",
					"pivot": [0, 1, 0],
					"cubes": [
						{"origin": [0, 1, -8], "size": [12, 0, 19], "pivot": [0, 1, 0], "rotation": [0, 0, 2.5], "uv": [24, 0]}
					]
				},
				{
					"name": "spin",
					"parent": "head",
					"pivot": [0, 1, 0],
					"cubes": [
						{"origin": [-1.25, -1, -8.5], "size": [2.5, 1, 20], "uv": [44, 41]}
					]
				}
			]
		}
	]
}