{
	"format_version": "1.12.0",
	"minecraft:geometry": [
		{
			"description": {
				"identifier": "geometry.mbl_roads.dump_track",
				"texture_width": 512,
				"texture_height": 512,
				"visible_bounds_width": 12,
				"visible_bounds_height": 4.5,
				"visible_bounds_offset": [0, 1.75, 0]
			},
			"bones": [
				{
					"name": "all",
					"pivot": [15, 11.25, 1.5]
				},
				{
					"name": "cabin",
					"parent": "all",
					"pivot": [0, 0, 0],
					"cubes": [
						{
							"origin": [-10.5, 8.5, -38.5],
							"size": [21, 21.5, 25],
							"uv": {
								"north": {"uv": [201, 25], "uv_size": [21, 22]},
								"east": {"uv": [0, 191], "uv_size": [25, 22]},
								"south": {"uv": [201, 144], "uv_size": [21, 22]},
								"west": {"uv": [25, 191], "uv_size": [25, 22]},
								"up": {"uv": [50, 196], "uv_size": [21, 25]},
								"down": {"uv": [196, 75], "uv_size": [21, -25]}
							}
						},
						{
							"origin": [-13, 5.5, -40],
							"size": [26, 7.5, 28.5],
							"uv": {
								"north": {"uv": [117, 219], "uv_size": [26, 8]},
								"east": {"uv": [202, 14], "uv_size": [29, 8]},
								"south": {"uv": [143, 219], "uv_size": [26, 8]},
								"west": {"uv": [207, 133], "uv_size": [29, 8]},
								"up": {"uv": [175, 144], "uv_size": [26, 29]},
								"down": {"uv": [178, 114], "uv_size": [26, -29]}
							}
						},
						{
							"origin": [12, 21.39949, -13.89949],
							"size": [9.0125, 3, 6.5],
							"pivot": [16.5, 24.39949, -21.39949],
							"rotation": [-45, 0, 0],
							"uv": {
								"north": {"uv": [253, 83], "uv_size": [9, 3]},
								"east": {"uv": [196, 82], "uv_size": [7, 3]},
								"south": {"uv": [276, 220], "uv_size": [9, 3]},
								"west": {"uv": [271, 58], "uv_size": [7, 3]},
								"up": {"uv": [6, 240], "uv_size": [9, 7]},
								"down": {"uv": [70, 247], "uv_size": [9, -7]}
							}
						},
						{
							"origin": [12, 16.09619, -28.09619],
							"size": [9, 3, 12],
							"uv": {
								"north": {"uv": [292, 181], "uv_size": [9, 3]},
								"east": {"uv": [269, 87], "uv_size": [12, 3]},
								"south": {"uv": [292, 218], "uv_size": [9, 3]},
								"west": {"uv": [269, 90], "uv_size": [12, 3]},
								"up": {"uv": [153, 227], "uv_size": [9, 12]},
								"down": {"uv": [227, 178], "uv_size": [9, -12]}
							}
						},
						{
							"origin": [11, 16.09619, -34.09619],
							"size": [8, 5, 7],
							"uv": {
								"north": {"uv": [96, 179], "uv_size": [8, 5]},
								"east": {"uv": [245, 276], "uv_size": [7, 5]},
								"south": {"uv": [50, 191], "uv_size": [8, 5]},
								"west": {"uv": [35, 277], "uv_size": [7, 5]},
								"up": {"uv": [196, 75], "uv_size": [8, 7]},
								"down": {"uv": [231, 247], "uv_size": [8, -7]}
							}
						},
						{
							"origin": [11, 13.24812, -34.72536],
							"size": [10, 3, 2.5],
							"uv": {
								"north": {"uv": [288, 194], "uv_size": [10, 3]},
								"east": {"uv": [109, 262], "uv_size": [3, 3]},
								"south": {"uv": [289, 82], "uv_size": [10, 3]},
								"west": {"uv": [270, 234], "uv_size": [3, 3]},
								"up": {"uv": [292, 40], "uv_size": [10, 3]},
								"down": {"uv": [292, 46], "uv_size": [10, -3]}
							}
						},
						{
							"origin": [14.42452, 13.26062, -38.23787],
							"size": [4, 2.975, 12],
							"pivot": [13.92452, 14.74812, -32.23787],
							"rotation": [0, 72.5, 0],
							"uv": {
								"north": {"uv": [190, 56], "uv_size": [4, 3]},
								"east": {"uv": [270, 62], "uv_size": [12, 3]},
								"south": {"uv": [148, 247], "uv_size": [4, 3]},
								"west": {"uv": [270, 65], "uv_size": [12, 3]},
								"up": {"uv": [30, 257], "uv_size": [4, 12]},
								"down": {"uv": [233, 273], "uv_size": [4, -12]}
							}
						},
						{
							"origin": [-19, 16.09619, -34.09619],
							"size": [8, 5, 7],
							"uv": {
								"north": {"uv": [245, 7], "uv_size": [8, 5]},
								"east": {"uv": [277, 188], "uv_size": [7, 5]},
								"south": {"uv": [266, 211], "uv_size": [8, 5]},
								"west": {"uv": [252, 277], "uv_size": [7, 5]},
								"up": {"uv": [242, 48], "uv_size": [8, 7]},
								"down": {"uv": [242, 62], "uv_size": [8, -7]}
							}
						},
						{
							"origin": [-18.975, 14.9471, -28.31932],
							"size": [7.975, 5, 6],
							"pivot": [-15, 17.4471, -24.81932],
							"rotation": [-22.5, 0, 0],
							"uv": {
								"north": {"uv": [268, 151], "uv_size": [8, 5]},
								"east": {"uv": [253, 7], "uv_size": [6, 5]},
								"south": {"uv": [268, 156], "uv_size": [8, 5]},
								"west": {"uv": [260, 204], "uv_size": [6, 5]},
								"up": {"uv": [245, 219], "uv_size": [8, 6]},
								"down": {"uv": [253, 225], "uv_size": [8, -6]}
							}
						},
						{
							"origin": [-21.0125, 14.67216, -33.41078],
							"size": [10.0125, 3, 6.5],
							"pivot": [-16.5, 16.17216, -30.16078],
							"rotation": [30, 0, 0],
							"uv": {
								"north": {"uv": [292, 46], "uv_size": [10, 3]},
								"east": {"uv": [117, 293], "uv_size": [7, 3]},
								"south": {"uv": [292, 55], "uv_size": [10, 3]},
								"west": {"uv": [167, 293], "uv_size": [7, 3]},
								"up": {"uv": [107, 238], "uv_size": [10, 7]},
								"down": {"uv": [117, 245], "uv_size": [10, -7]}
							}
						},
						{
							"origin": [-21, 16.09619, -28.09619],
							"size": [9, 3, 12],
							"uv": {
								"north": {"uv": [292, 221], "uv_size": [9, 3]},
								"east": {"uv": [270, 68], "uv_size": [12, 3]},
								"south": {"uv": [259, 292], "uv_size": [9, 3]},
								"west": {"uv": [270, 99], "uv_size": [12, 3]},
								"up": {"uv": [227, 178], "uv_size": [9, 12]},
								"down": {"uv": [228, 101], "uv_size": [9, -12]}
							}
						},
						{
							"origin": [-21.0125, 21.39949, -13.89949],
							"size": [9.0125, 3, 6.5],
							"pivot": [-16.5, 24.39949, -21.39949],
							"rotation": [-45, 0, 0],
							"uv": {
								"north": {"uv": [278, 292], "uv_size": [9, 3]},
								"east": {"uv": [174, 293], "uv_size": [7, 3]},
								"south": {"uv": [287, 292], "uv_size": [9, 3]},
								"west": {"uv": [181, 293], "uv_size": [7, 3]},
								"up": {"uv": [143, 240], "uv_size": [9, 7]},
								"down": {"uv": [219, 247], "uv_size": [9, -7]}
							}
						},
						{
							"origin": [-21, 12.5, -10.5],
							"size": [9, 3, 13],
							"pivot": [-16.5, 15.5, -11.5],
							"rotation": [-90, 0, 0],
							"uv": {
								"north": {"uv": [292, 287], "uv_size": [9, 3]},
								"east": {"uv": [263, 225], "uv_size": [13, 3]},
								"south": {"uv": [293, 91], "uv_size": [9, 3]},
								"west": {"uv": [268, 141], "uv_size": [13, 3]},
								"up": {"uv": [34, 225], "uv_size": [9, 13]},
								"down": {"uv": [0, 240], "uv_size": [9, -13]}
							}
						},
						{
							"origin": [13.80595, 8.525, -36.48402],
							"size": [5.5, 21.4625, 25],
							"pivot": [8.80595, 0.0375, 2.01598],
							"rotation": [0, 13, 0],
							"uv": {
								"north": {"uv": [222, 197], "uv_size": [6, 21]},
								"east": {"uv": [71, 196], "uv_size": [25, 21]},
								"south": {"uv": [193, 224], "uv_size": [6, 21]},
								"west": {"uv": [96, 196], "uv_size": [25, 21]},
								"up": {"uv": [58, 221], "uv_size": [6, 25]},
								"down": {"uv": [64, 246], "uv_size": [6, -25]}
							}
						},
						{
							"origin": [-19.30595, 8.525, -36.48402],
							"size": [5.5, 21.4625, 25],
							"pivot": [-8.80595, 0.0375, 2.01598],
							"rotation": [0, -13, 0],
							"uv": {
								"north": {"uv": [199, 224], "uv_size": [6, 21]},
								"east": {"uv": [172, 198], "uv_size": [25, 21]},
								"south": {"uv": [205, 224], "uv_size": [6, 21]},
								"west": {"uv": [197, 198], "uv_size": [25, 21]},
								"up": {"uv": [181, 224], "uv_size": [6, 25]},
								"down": {"uv": [187, 249], "uv_size": [6, -25]}
							}
						},
						{
							"origin": [-16, 13, -13.5],
							"size": [32, 3, 25],
							"uv": {
								"north": {"uv": [228, 203], "uv_size": [32, 3]},
								"east": {"uv": [237, 87], "uv_size": [25, 3]},
								"south": {"uv": [228, 206], "uv_size": [32, 3]},
								"west": {"uv": [237, 90], "uv_size": [25, 3]},
								"up": {"uv": [169, 25], "uv_size": [32, 25]},
								"down": {"uv": [140, 199], "uv_size": [32, -25]}
							}
						},
						{
							"origin": [-16.5, 43, -13],
							"size": [33, 3, 24.5],
							"uv": {
								"north": {"uv": [228, 197], "uv_size": [33, 3]},
								"east": {"uv": [237, 93], "uv_size": [25, 3]},
								"south": {"uv": [228, 200], "uv_size": [33, 3]},
								"west": {"uv": [237, 96], "uv_size": [25, 3]},
								"up": {"uv": [163, 60], "uv_size": [33, 25]},
								"down": {"uv": [169, 25], "uv_size": [33, -25]}
							}
						},
						{
							"origin": [-16, 16, 9.5],
							"size": [32, 27, 2],
							"uv": {
								"north": {"uv": [143, 120], "uv_size": [32, 27]},
								"east": {"uv": [41, 238], "uv_size": [2, 27]},
								"south": {"uv": [143, 147], "uv_size": [32, 27]},
								"west": {"uv": [35, 243], "uv_size": [2, 27]},
								"up": {"uv": [237, 99], "uv_size": [32, 2]},
								"down": {"uv": [242, 48], "uv_size": [32, -2]}
							}
						},
						{
							"origin": [-17.5, 11, -11.5],
							"size": [35, 2, 24],
							"uv": {
								"north": {"uv": [228, 217], "uv_size": [35, 2]},
								"east": {"uv": [256, 186], "uv_size": [24, 2]},
								"south": {"uv": [235, 228], "uv_size": [35, 2]},
								"west": {"uv": [261, 223], "uv_size": [24, 2]},
								"up": {"uv": [0, 155], "uv_size": [35, 24]},
								"down": {"uv": [35, 179], "uv_size": [35, -24]}
							}
						},
						{
							"origin": [-17.5, 4, -11.5],
							"size": [35, 2, 24],
							"uv": {
								"north": {"uv": [236, 139], "uv_size": [35, 2]},
								"east": {"uv": [262, 95], "uv_size": [24, 2]},
								"south": {"uv": [236, 188], "uv_size": [35, 2]},
								"west": {"uv": [262, 97], "uv_size": [24, 2]},
								"up": {"uv": [70, 155], "uv_size": [35, 24]},
								"down": {"uv": [105, 184], "uv_size": [35, -24]}
							}
						},
						{
							"origin": [-16, 6, -11.5],
							"size": [32, 5, 24],
							"uv": {
								"north": {"uv": [222, 156], "uv_size": [32, 5]},
								"east": {"uv": [178, 114], "uv_size": [24, 5]},
								"south": {"uv": [222, 161], "uv_size": [32, 5]},
								"west": {"uv": [211, 225], "uv_size": [24, 5]},
								"up": {"uv": [172, 174], "uv_size": [32, 24]},
								"down": {"uv": [175, 144], "uv_size": [32, -24]}
							}
						},
						{
							"origin": [14, 16, -13.5],
							"size": [2, 14, 23],
							"uv": {
								"north": {"uv": [226, 247], "uv_size": [2, 14]},
								"east": {"uv": [204, 166], "uv_size": [23, 14]},
								"south": {"uv": [247, 291], "uv_size": [2, 14]},
								"west": {"uv": [204, 180], "uv_size": [23, 14]},
								"up": {"uv": [209, 245], "uv_size": [2, 23]},
								"down": {"uv": [44, 279], "uv_size": [2, -23]}
							}
						},
						{
							"origin": [14, 30, 6.5],
							"size": [2, 13, 3],
							"uv": {
								"north": {"uv": [268, 292], "uv_size": [2, 13]},
								"east": {"uv": [140, 160], "uv_size": [3, 13]},
								"south": {"uv": [14, 293], "uv_size": [2, 13]},
								"west": {"uv": [141, 268], "uv_size": [3, 13]},
								"up": {"uv": [247, 233], "uv_size": [2, 3]},
								"down": {"uv": [4, 254], "uv_size": [2, -3]}
							}
						},
						{
							"origin": [-16, 30, 6.5],
							"size": [2, 13, 3],
							"uv": {
								"north": {"uv": [16, 293], "uv_size": [2, 13]},
								"east": {"uv": [144, 268], "uv_size": [3, 13]},
								"south": {"uv": [18, 293], "uv_size": [2, 13]},
								"west": {"uv": [219, 268], "uv_size": [3, 13]},
								"up": {"uv": [28, 271], "uv_size": [2, 3]},
								"down": {"uv": [274, 216], "uv_size": [2, -3]}
							}
						},
						{
							"origin": [14.025, 29.71241, -12.21283],
							"size": [1.95, 14, 4],
							"pivot": [0, 37.21241, -11.21283],
							"rotation": [-10, 0, 0],
							"uv": {
								"north": {"uv": [129, 292], "uv_size": [2, 14]},
								"east": {"uv": [23, 243], "uv_size": [4, 14]},
								"south": {"uv": [131, 292], "uv_size": [2, 14]},
								"west": {"uv": [27, 243], "uv_size": [4, 14]},
								"up": {"uv": [126, 60], "uv_size": [2, 4]},
								"down": {"uv": [194, 60], "uv_size": [2, -4]}
							}
						},
						{
							"origin": [-0.975, 29.71241, -12.20033],
							"size": [1.95, 10.5, 2],
							"pivot": [0, 37.21241, -11.21283],
							"rotation": [-10, 0, 0],
							"uv": {
								"north": {"uv": [64, 293], "uv_size": [2, 11]},
								"east": {"uv": [66, 293], "uv_size": [2, 11]},
								"south": {"uv": [75, 293], "uv_size": [2, 11]},
								"west": {"uv": [77, 293], "uv_size": [2, 11]},
								"up": {"uv": [271, 115], "uv_size": [2, 2]},
								"down": {"uv": [271, 151], "uv_size": [2, -2]}
							}
						},
						{
							"origin": [-13.975, 40.21241, -12.20033],
							"size": [27.95, 3, 2],
							"pivot": [0, 37.21241, -11.21283],
							"rotation": [-10, 0, 0],
							"uv": {
								"north": {"uv": [232, 77], "uv_size": [28, 3]},
								"east": {"uv": [42, 277], "uv_size": [2, 3]},
								"south": {"uv": [232, 80], "uv_size": [28, 3]},
								"west": {"uv": [278, 284], "uv_size": [2, 3]},
								"up": {"uv": [242, 62], "uv_size": [28, 2]},
								"down": {"uv": [242, 66], "uv_size": [28, -2]}
							}
						},
						{
							"origin": [-15.975, 29.71241, -12.21283],
							"size": [1.95, 14, 4],
							"pivot": [0, 37.21241, -11.21283],
							"rotation": [-10, 0, 0],
							"uv": {
								"north": {"uv": [292, 167], "uv_size": [2, 14]},
								"east": {"uv": [31, 243], "uv_size": [4, 14]},
								"south": {"uv": [249, 292], "uv_size": [2, 14]},
								"west": {"uv": [137, 243], "uv_size": [4, 14]},
								"up": {"uv": [141, 243], "uv_size": [2, 4]},
								"down": {"uv": [261, 223], "uv_size": [2, -4]}
							}
						},
						{
							"origin": [-16, 16, -13.5],
							"size": [2, 14, 23],
							"uv": {
								"north": {"uv": [251, 292], "uv_size": [2, 14]},
								"east": {"uv": [207, 119], "uv_size": [23, 14]},
								"south": {"uv": [253, 292], "uv_size": [2, 14]},
								"west": {"uv": [0, 213], "uv_size": [23, 14]},
								"up": {"uv": [169, 263], "uv_size": [2, 23]},
								"down": {"uv": [12, 291], "uv_size": [2, -23]}
							}
						},
						{
							"origin": [-16, 40, -8.5],
							"size": [2, 3, 15],
							"uv": {
								"north": {"uv": [226, 285], "uv_size": [2, 3]},
								"east": {"uv": [128, 91], "uv_size": [15, 3]},
								"south": {"uv": [294, 125], "uv_size": [2, 3]},
								"west": {"uv": [122, 195], "uv_size": [15, 3]},
								"up": {"uv": [56, 291], "uv_size": [2, 15]},
								"down": {"uv": [58, 306], "uv_size": [2, -15]}
							}
						},
						{
							"origin": [14, 40, -8.5],
							"size": [2, 3, 15],
							"uv": {
								"north": {"uv": [202, 294], "uv_size": [2, 3]},
								"east": {"uv": [201, 47], "uv_size": [15, 3]},
								"south": {"uv": [204, 294], "uv_size": [2, 3]},
								"west": {"uv": [262, 190], "uv_size": [15, 3]},
								"up": {"uv": [97, 291], "uv_size": [2, 15]},
								"down": {"uv": [99, 306], "uv_size": [2, -15]}
							}
						},
						{
							"origin": [-14, 16, -13.5],
							"size": [28, 14, 2],
							"uv": {
								"north": {"uv": [202, 0], "uv_size": [28, 14]},
								"east": {"uv": [255, 292], "uv_size": [2, 14]},
								"south": {"uv": [204, 75], "uv_size": [28, 14]},
								"west": {"uv": [257, 292], "uv_size": [2, 14]},
								"up": {"uv": [242, 66], "uv_size": [28, 2]},
								"down": {"uv": [242, 70], "uv_size": [28, -2]}
							}
						},
						{
							"origin": [-7, 16, -10.5],
							"size": [2, 17, 2],
							"pivot": [0, 23, -12.5],
							"rotation": [-20, 0, 0],
							"uv": {
								"north": {"uv": [209, 289], "uv_size": [2, 17]},
								"east": {"uv": [211, 289], "uv_size": [2, 17]},
								"south": {"uv": [223, 290], "uv_size": [2, 17]},
								"west": {"uv": [12, 291], "uv_size": [2, 17]},
								"up": {"uv": [271, 188], "uv_size": [2, 2]},
								"down": {"uv": [273, 151], "uv_size": [2, -2]}
							}
						},
						{
							"origin": [4.5, 14.86513, -12.18462],
							"size": [3, 3, 2],
							"pivot": [2.5, 17.36513, -11.18462],
							"rotation": [32.5, 0, 0],
							"uv": {
								"north": {"uv": [278, 71], "uv_size": [3, 3]},
								"east": {"uv": [206, 294], "uv_size": [2, 3]},
								"south": {"uv": [49, 280], "uv_size": [3, 3]},
								"west": {"uv": [294, 230], "uv_size": [2, 3]},
								"up": {"uv": [201, 172], "uv_size": [3, 2]},
								"down": {"uv": [117, 219], "uv_size": [3, -2]}
							}
						},
						{
							"origin": [0.5, 14.86513, -12.18462],
							"size": [3, 3, 2],
							"pivot": [2.5, 17.36513, -11.18462],
							"rotation": [32.5, 0, 0],
							"uv": {
								"north": {"uv": [62, 280], "uv_size": [3, 3]},
								"east": {"uv": [294, 233], "uv_size": [2, 3]},
								"south": {"uv": [280, 184], "uv_size": [3, 3]},
								"west": {"uv": [294, 236], "uv_size": [2, 3]},
								"up": {"uv": [250, 154], "uv_size": [3, 2]},
								"down": {"uv": [259, 133], "uv_size": [3, -2]}
							}
						},
						{
							"origin": [-12, 16, -7],
							"size": [24, 5, 15],
							"uv": {
								"north": {"uv": [96, 227], "uv_size": [24, 5]},
								"east": {"uv": [70, 235], "uv_size": [15, 5]},
								"south": {"uv": [120, 227], "uv_size": [24, 5]},
								"west": {"uv": [23, 238], "uv_size": [15, 5]},
								"up": {"uv": [204, 89], "uv_size": [24, 15]},
								"down": {"uv": [204, 119], "uv_size": [24, -15]}
							}
						},
						{
							"origin": [-12.0375, 22.19261, -1.41368],
							"size": [24.075, 4, 20],
							"pivot": [0, 24.19261, 7.06132],
							"rotation": [82.5, 0, 0],
							"uv": {
								"north": {"uv": [228, 209], "uv_size": [24, 4]},
								"east": {"uv": [236, 184], "uv_size": [20, 4]},
								"south": {"uv": [228, 213], "uv_size": [24, 4]},
								"west": {"uv": [219, 236], "uv_size": [20, 4]},
								"up": {"uv": [121, 199], "uv_size": [24, 20]},
								"down": {"uv": [145, 219], "uv_size": [24, -20]}
							}
						},
						{
							"origin": [-10.5375, 33.49369, 3.46466],
							"size": [21.075, 4, 9.5],
							"pivot": [0, 35.49369, 8.21466],
							"rotation": [90.70589, 0, 0],
							"uv": {
								"north": {"uv": [105, 60], "uv_size": [21, 4]},
								"east": {"uv": [266, 21], "uv_size": [10, 4]},
								"south": {"uv": [232, 83], "uv_size": [21, 4]},
								"west": {"uv": [268, 161], "uv_size": [10, 4]},
								"up": {"uv": [169, 50], "uv_size": [21, 10]},
								"down": {"uv": [96, 227], "uv_size": [21, -10]}
							}
						},
						{
							"origin": [11, 14.9471, -28.31932],
							"size": [7.975, 5, 6],
							"pivot": [15, 17.4471, -24.81932],
							"rotation": [-22.5, 0, 0],
							"uv": {
								"north": {"uv": [268, 193], "uv_size": [8, 5]},
								"east": {"uv": [292, 128], "uv_size": [6, 5]},
								"south": {"uv": [268, 198], "uv_size": [8, 5]},
								"west": {"uv": [292, 133], "uv_size": [6, 5]},
								"up": {"uv": [237, 267], "uv_size": [8, 6]},
								"down": {"uv": [0, 274], "uv_size": [8, -6]}
							}
						},
						{
							"origin": [12, 12.5, -10.5],
							"size": [9, 3, 13],
							"pivot": [16.5, 15.5, -11.5],
							"rotation": [-90, 0, 0],
							"uv": {
								"north": {"uv": [293, 94], "uv_size": [9, 3]},
								"east": {"uv": [269, 81], "uv_size": [13, 3]},
								"south": {"uv": [108, 293], "uv_size": [9, 3]},
								"west": {"uv": [269, 84], "uv_size": [13, 3]},
								"up": {"uv": [9, 227], "uv_size": [9, 13]},
								"down": {"uv": [144, 240], "uv_size": [9, -13]}
							}
						},
						{
							"origin": [11, 14.67216, -33.41078],
							"size": [10.0125, 3, 6.5],
							"pivot": [16.5, 16.17216, -30.16078],
							"rotation": [30, 0, 0],
							"uv": {
								"north": {"uv": [292, 138], "uv_size": [10, 3]},
								"east": {"uv": [188, 293], "uv_size": [7, 3]},
								"south": {"uv": [292, 141], "uv_size": [10, 3]},
								"west": {"uv": [195, 293], "uv_size": [7, 3]},
								"up": {"uv": [127, 238], "uv_size": [10, 7]},
								"down": {"uv": [239, 243], "uv_size": [10, -7]}
							}
						},
						{
							"origin": [-18.42452, 13.26062, -38.23787],
							"size": [4, 2.975, 12],
							"pivot": [-13.92452, 14.74812, -32.23787],
							"rotation": [0, -72.5, 0],
							"uv": {
								"north": {"uv": [0, 251], "uv_size": [4, 3]},
								"east": {"uv": [270, 102], "uv_size": [12, 3]},
								"south": {"uv": [155, 256], "uv_size": [4, 3]},
								"west": {"uv": [270, 105], "uv_size": [12, 3]},
								"up": {"uv": [130, 266], "uv_size": [4, 12]},
								"down": {"uv": [8, 280], "uv_size": [4, -12]}
							}
						},
						{
							"origin": [-21, 13.24812, -34.72536],
							"size": [10, 3, 2.5],
							"uv": {
								"north": {"uv": [292, 144], "uv_size": [10, 3]},
								"east": {"uv": [281, 140], "uv_size": [3, 3]},
								"south": {"uv": [292, 158], "uv_size": [10, 3]},
								"west": {"uv": [219, 281], "uv_size": [3, 3]},
								"up": {"uv": [292, 161], "uv_size": [10, 3]},
								"down": {"uv": [292, 167], "uv_size": [10, -3]}
							}
						}
					]
				},
				{
					"name": "steering_wheel",
					"parent": "cabin",
					"pivot": [2, 29, -8.5],
					"cubes": [
						{
							"origin": [-3, 23.1, -7.2875],
							"size": [11, 11, 0],
							"pivot": [0, 25, -10.5],
							"rotation": [10, 0, 0],
							"uv": {
								"north": {"uv": [122, 184], "uv_size": [11, 11]},
								"east": {"uv": [0, 0], "uv_size": [0, 11]},
								"south": {"uv": [133, 184], "uv_size": [-11, 11]},
								"west": {"uv": [0, 0], "uv_size": [0, 11]},
								"up": {"uv": [0, 0], "uv_size": [11, 0]},
								"down": {"uv": [0, 0], "uv_size": [11, 0]}
							}
						},
						{
							"origin": [1, 27.1, -11.5],
							"size": [3, 3, 4],
							"pivot": [0, 25, -10.5],
							"rotation": [10, 0, 0],
							"uv": {
								"north": {"uv": [229, 275], "uv_size": [3, 3]},
								"east": {"uv": [188, 249], "uv_size": [4, 3]},
								"south": {"uv": [276, 200], "uv_size": [3, 3]},
								"west": {"uv": [250, 151], "uv_size": [4, 3]},
								"up": {"uv": [105, 155], "uv_size": [3, 4]},
								"down": {"uv": [58, 195], "uv_size": [3, -4]}
							}
						}
					]
				},
				{
					"name": "forward_wheels",
					"parent": "cabin",
					"pivot": [0, 7.19425, -23.28292],
					"cubes": [
						{
							"origin": [12.2618, 8.98159, -23.55956],
							"size": [7, 5, 6.975],
							"pivot": [15.7618, 11.48159, -19.07206],
							"rotation": [-90, -45, 90],
							"uv": {
								"north": {"uv": [250, 38], "uv_size": [7, 5]},
								"east": {"uv": [21, 271], "uv_size": [7, 5]},
								"south": {"uv": [271, 25], "uv_size": [7, 5]},
								"west": {"uv": [271, 30], "uv_size": [7, 5]},
								"up": {"uv": [245, 0], "uv_size": [7, 7]},
								"down": {"uv": [113, 252], "uv_size": [7, -7]}
							}
						},
						{
							"origin": [12.2618, 4.77449, -21.82942],
							"size": [7, 5, 7],
							"pivot": [15.7618, 7.27449, -17.32942],
							"rotation": [90, 0, -90],
							"uv": {
								"north": {"uv": [271, 35], "uv_size": [7, 5]},
								"east": {"uv": [271, 40], "uv_size": [7, 5]},
								"south": {"uv": [271, 48], "uv_size": [7, 5]},
								"west": {"uv": [271, 53], "uv_size": [7, 5]},
								"up": {"uv": [120, 245], "uv_size": [7, 7]},
								"down": {"uv": [127, 252], "uv_size": [7, -7]}
							}
						},
						{
							"origin": [12.2618, 9.77449, -20.82942],
							"size": [7, 7, 5],
							"pivot": [15.7618, 7.27449, -17.32942],
							"rotation": [90, 0, -90],
							"uv": {
								"north": {"uv": [193, 245], "uv_size": [7, 7]},
								"east": {"uv": [86, 259], "uv_size": [5, 7]},
								"south": {"uv": [200, 245], "uv_size": [7, 7]},
								"west": {"uv": [228, 268], "uv_size": [5, 7]},
								"up": {"uv": [271, 131], "uv_size": [7, 5]},
								"down": {"uv": [134, 276], "uv_size": [7, -5]}
							}
						},
						{
							"origin": [12.2618, 8.98159, -29.97377],
							"size": [7, 5, 6.975],
							"pivot": [15.7618, 11.48159, -27.48627],
							"rotation": [90, 45, 90],
							"uv": {
								"north": {"uv": [271, 136], "uv_size": [7, 5]},
								"east": {"uv": [271, 144], "uv_size": [7, 5]},
								"south": {"uv": [147, 271], "uv_size": [7, 5]},
								"west": {"uv": [162, 271], "uv_size": [7, 5]},
								"up": {"uv": [245, 243], "uv_size": [7, 7]},
								"down": {"uv": [58, 253], "uv_size": [7, -7]}
							}
						},
						{
							"origin": [-15.35715, 10.72423, -23.83978],
							"size": [7, 5, 7],
							"pivot": [3.92202, 16.34323, -7.5],
							"rotation": [0, -90, 0],
							"uv": {
								"north": {"uv": [271, 165], "uv_size": [7, 5]},
								"east": {"uv": [271, 170], "uv_size": [7, 5]},
								"south": {"uv": [271, 175], "uv_size": [7, 5]},
								"west": {"uv": [271, 180], "uv_size": [7, 5]},
								"up": {"uv": [6, 247], "uv_size": [7, 7]},
								"down": {"uv": [65, 254], "uv_size": [7, -7]}
							}
						},
						{
							"origin": [12.2618, 4.77449, -33.72891],
							"size": [7, 5, 7],
							"pivot": [15.7618, 7.27449, -29.22891],
							"rotation": [90, 0, -90],
							"uv": {
								"north": {"uv": [245, 271], "uv_size": [7, 5]},
								"east": {"uv": [36, 272], "uv_size": [7, 5]},
								"south": {"uv": [252, 272], "uv_size": [7, 5]},
								"west": {"uv": [259, 272], "uv_size": [7, 5]},
								"up": {"uv": [72, 247], "uv_size": [7, 7]},
								"down": {"uv": [141, 254], "uv_size": [7, -7]}
							}
						},
						{
							"origin": [12.26179, 0.56738, -29.97377],
							"size": [7, 5, 6.975],
							"pivot": [15.76179, 3.06738, -27.48627],
							"rotation": [-90, 45, -90],
							"uv": {
								"north": {"uv": [266, 272], "uv_size": [7, 5]},
								"east": {"uv": [273, 0], "uv_size": [7, 5]},
								"south": {"uv": [273, 5], "uv_size": [7, 5]},
								"west": {"uv": [273, 10], "uv_size": [7, 5]},
								"up": {"uv": [219, 247], "uv_size": [7, 7]},
								"down": {"uv": [231, 254], "uv_size": [7, -7]}
							}
						},
						{
							"origin": [-15.35715, -1.17526, -23.83978],
							"size": [7, 5, 7],
							"pivot": [3.92201, -1.79426, -7.5],
							"rotation": [0, -90, 0],
							"uv": {
								"north": {"uv": [14, 273], "uv_size": [7, 5]},
								"east": {"uv": [273, 15], "uv_size": [7, 5]},
								"south": {"uv": [75, 273], "uv_size": [7, 5]},
								"west": {"uv": [82, 273], "uv_size": [7, 5]},
								"up": {"uv": [181, 249], "uv_size": [7, 7]},
								"down": {"uv": [249, 237], "uv_size": [7, -7]}
							}
						},
						{
							"origin": [12.26179, 0.56738, -23.55956],
							"size": [7, 5, 6.975],
							"pivot": [15.76179, 3.06738, -19.07206],
							"rotation": [90, -45, -90],
							"uv": {
								"north": {"uv": [108, 273], "uv_size": [7, 5]},
								"east": {"uv": [115, 273], "uv_size": [7, 5]},
								"south": {"uv": [273, 115], "uv_size": [7, 5]},
								"west": {"uv": [273, 120], "uv_size": [7, 5]},
								"up": {"uv": [250, 31], "uv_size": [7, 7]},
								"down": {"uv": [250, 55], "uv_size": [7, -7]}
							}
						},
						{
							"origin": [-19.2618, 4.77449, -33.72891],
							"size": [7, 5, 7],
							"pivot": [-15.7618, 7.27449, -29.22891],
							"rotation": [90, 0, 90],
							"uv": {
								"north": {"uv": [122, 273], "uv_size": [7, 5]},
								"east": {"uv": [273, 125], "uv_size": [7, 5]},
								"south": {"uv": [187, 273], "uv_size": [7, 5]},
								"west": {"uv": [194, 273], "uv_size": [7, 5]},
								"up": {"uv": [250, 55], "uv_size": [7, 7]},
								"down": {"uv": [250, 151], "uv_size": [7, -7]}
							}
						},
						{
							"origin": [-19.26179, 0.56738, -29.97377],
							"size": [7, 5, 6.975],
							"pivot": [-15.76179, 3.06738, -27.48627],
							"rotation": [-90, -45, 90],
							"uv": {
								"north": {"uv": [201, 273], "uv_size": [7, 5]},
								"east": {"uv": [273, 203], "uv_size": [7, 5]},
								"south": {"uv": [233, 273], "uv_size": [7, 5]},
								"west": {"uv": [273, 234], "uv_size": [7, 5]},
								"up": {"uv": [148, 250], "uv_size": [7, 7]},
								"down": {"uv": [245, 257], "uv_size": [7, -7]}
							}
						},
						{
							"origin": [8.35715, -1.17526, -23.83978],
							"size": [7, 5, 7],
							"pivot": [-3.92201, -1.79426, -7.5],
							"rotation": [0, 90, 0],
							"uv": {
								"north": {"uv": [273, 239], "uv_size": [7, 5]},
								"east": {"uv": [273, 244], "uv_size": [7, 5]},
								"south": {"uv": [273, 249], "uv_size": [7, 5]},
								"west": {"uv": [273, 254], "uv_size": [7, 5]},
								"up": {"uv": [252, 0], "uv_size": [7, 7]},
								"down": {"uv": [113, 259], "uv_size": [7, -7]}
							}
						},
						{
							"origin": [-19.2618, 4.77449, -21.82942],
							"size": [7, 5, 7],
							"pivot": [-15.7618, 7.27449, -17.32942],
							"rotation": [90, 0, 90],
							"uv": {
								"north": {"uv": [273, 259], "uv_size": [7, 5]},
								"east": {"uv": [273, 264], "uv_size": [7, 5]},
								"south": {"uv": [273, 269], "uv_size": [7, 5]},
								"west": {"uv": [0, 274], "uv_size": [7, 5]},
								"up": {"uv": [120, 252], "uv_size": [7, 7]},
								"down": {"uv": [127, 259], "uv_size": [7, -7]}
							}
						},
						{
							"origin": [-19.26179, 0.56738, -23.55956],
							"size": [7, 5, 6.975],
							"pivot": [-15.76179, 3.06738, -19.07206],
							"rotation": [90, 45, 90],
							"uv": {
								"north": {"uv": [55, 274], "uv_size": [7, 5]},
								"east": {"uv": [274, 74], "uv_size": [7, 5]},
								"south": {"uv": [89, 274], "uv_size": [7, 5]},
								"west": {"uv": [274, 108], "uv_size": [7, 5]},
								"up": {"uv": [188, 252], "uv_size": [7, 7]},
								"down": {"uv": [195, 259], "uv_size": [7, -7]}
							}
						},
						{
							"origin": [-19.2618, 9.77449, -20.82942],
							"size": [7, 7, 5],
							"pivot": [-15.7618, 7.27449, -17.32942],
							"rotation": [90, 0, 90],
							"uv": {
								"north": {"uv": [202, 252], "uv_size": [7, 7]},
								"east": {"uv": [240, 273], "uv_size": [5, 7]},
								"south": {"uv": [252, 209], "uv_size": [7, 7]},
								"west": {"uv": [96, 274], "uv_size": [5, 7]},
								"up": {"uv": [154, 274], "uv_size": [7, 5]},
								"down": {"uv": [208, 279], "uv_size": [7, -5]}
							}
						},
						{
							"origin": [-19.2618, 8.98159, -23.55956],
							"size": [7, 5, 6.975],
							"pivot": [-15.7618, 11.48159, -19.07206],
							"rotation": [-90, 45, -90],
							"uv": {
								"north": {"uv": [274, 208], "uv_size": [7, 5]},
								"east": {"uv": [273, 274], "uv_size": [7, 5]},
								"south": {"uv": [101, 275], "uv_size": [7, 5]},
								"west": {"uv": [222, 275], "uv_size": [7, 5]},
								"up": {"uv": [252, 237], "uv_size": [7, 7]},
								"down": {"uv": [252, 251], "uv_size": [7, -7]}
							}
						},
						{
							"origin": [-19.2618, 8.98159, -29.97377],
							"size": [7, 5, 6.975],
							"pivot": [-15.7618, 11.48159, -27.48627],
							"rotation": [90, -45, -90],
							"uv": {
								"north": {"uv": [147, 276], "uv_size": [7, 5]},
								"east": {"uv": [276, 149], "uv_size": [7, 5]},
								"south": {"uv": [276, 154], "uv_size": [7, 5]},
								"west": {"uv": [161, 276], "uv_size": [7, 5]},
								"up": {"uv": [253, 110], "uv_size": [7, 7]},
								"down": {"uv": [0, 261], "uv_size": [7, -7]}
							}
						},
						{
							"origin": [8.35715, 10.72423, -23.83978],
							"size": [7, 5, 7],
							"pivot": [-3.92202, 16.34323, -7.5],
							"rotation": [0, 90, 0],
							"uv": {
								"north": {"uv": [276, 20], "uv_size": [7, 5]},
								"east": {"uv": [21, 276], "uv_size": [7, 5]},
								"south": {"uv": [28, 276], "uv_size": [7, 5]},
								"west": {"uv": [134, 276], "uv_size": [7, 5]},
								"up": {"uv": [252, 251], "uv_size": [7, 7]},
								"down": {"uv": [58, 260], "uv_size": [7, -7]}
							}
						},
						{
							"origin": [-14, 4.5, -24.5],
							"size": [28, 2.5, 2.5],
							"uv": {
								"north": {"uv": [231, 12], "uv_size": [28, 3]},
								"east": {"uv": [137, 195], "uv_size": [3, 3]},
								"south": {"uv": [231, 15], "uv_size": [28, 3]},
								"west": {"uv": [76, 261], "uv_size": [3, 3]},
								"up": {"uv": [231, 18], "uv_size": [28, 3]},
								"down": {"uv": [232, 77], "uv_size": [28, -3]}
							}
						}
					]
				},
				{
					"name": "right_mirror",
					"parent": "cabin",
					"pivot": [-16.025, 35.68465, -10.46679],
					"rotation": [0, 15, 0],
					"cubes": [
						{
							"origin": [-21.025, 29.71241, -10.21283],
							"size": [6, 10.5, 0],
							"pivot": [0, 37.21241, -11.21283],
							"rotation": [-10, 0, 0],
							"uv": {
								"north": {"uv": [133, 184], "uv_size": [6, 11]},
								"east": {"uv": [0, 0], "uv_size": [0, 11]},
								"south": {"uv": [139, 184], "uv_size": [-6, 11]},
								"west": {"uv": [0, 0], "uv_size": [0, 11]},
								"up": {"uv": [0, 0], "uv_size": [6, 0]},
								"down": {"uv": [0, 0], "uv_size": [6, 0]}
							}
						},
						{
							"origin": [-22.025, 33.21241, -11.21283],
							"size": [5, 7, 2],
							"pivot": [0, 37.21241, -11.21283],
							"rotation": [-10, 0, 0],
							"uv": {
								"north": {"uv": [181, 276], "uv_size": [5, 7]},
								"east": {"uv": [48, 213], "uv_size": [2, 7]},
								"south": {"uv": [276, 193], "uv_size": [5, 7]},
								"west": {"uv": [207, 245], "uv_size": [2, 7]},
								"up": {"uv": [232, 87], "uv_size": [5, 2]},
								"down": {"uv": [23, 238], "uv_size": [5, -2]}
							}
						}
					]
				},
				{
					"name": "left_mirror",
					"parent": "cabin",
					"pivot": [16.025, 35.68465, -10.46679],
					"rotation": [0, -15, 0],
					"cubes": [
						{
							"origin": [17.025, 33.21241, -11.21283],
							"size": [5, 7, 2],
							"pivot": [0, 37.21241, -11.21283],
							"rotation": [-10, 0, 0],
							"uv": {
								"north": {"uv": [276, 213], "uv_size": [5, 7]},
								"east": {"uv": [13, 247], "uv_size": [2, 7]},
								"south": {"uv": [276, 225], "uv_size": [5, 7]},
								"west": {"uv": [127, 293], "uv_size": [2, 7]},
								"up": {"uv": [28, 236], "uv_size": [5, 2]},
								"down": {"uv": [256, 186], "uv_size": [5, -2]}
							}
						},
						{
							"origin": [15.025, 29.71241, -10.21283],
							"size": [6, 10.5, 0],
							"pivot": [0, 37.21241, -11.21283],
							"rotation": [-10, 0, 0],
							"uv": {
								"north": {"uv": [139, 184], "uv_size": [-6, 11]},
								"east": {"uv": [0, 0], "uv_size": [0, 11]},
								"south": {"uv": [133, 184], "uv_size": [6, 11]},
								"west": {"uv": [0, 0], "uv_size": [0, 11]},
								"up": {"uv": [6, 0], "uv_size": [-6, 0]},
								"down": {"uv": [6, 0], "uv_size": [-6, 0]}
							}
						}
					]
				},
				{
					"name": "tube",
					"parent": "cabin",
					"pivot": [-19.68965, 20.09473, 9],
					"cubes": [
						{
							"origin": [-22, 21.5, 7.5],
							"size": [3, 18.5, 3],
							"uv": {
								"north": {"uv": [15, 240], "uv_size": [3, 19]},
								"east": {"uv": [79, 240], "uv_size": [3, 19]},
								"south": {"uv": [82, 240], "uv_size": [3, 19]},
								"west": {"uv": [228, 240], "uv_size": [3, 19]},
								"up": {"uv": [274, 45], "uv_size": [3, 3]},
								"down": {"uv": [215, 277], "uv_size": [3, -3]}
							}
						},
						{
							"origin": [-19, 19.5, 9],
							"size": [3, 20.5, 0],
							"uv": {
								"north": {"uv": [38, 238], "uv_size": [3, 21]},
								"east": {"uv": [0, 0], "uv_size": [0, 21]},
								"south": {"uv": [41, 238], "uv_size": [-3, 21]},
								"west": {"uv": [0, 0], "uv_size": [0, 21]},
								"up": {"uv": [0, 0], "uv_size": [3, 0]},
								"down": {"uv": [0, 0], "uv_size": [3, 0]}
							}
						},
						{
							"origin": [-23.14769, 45.73704, 8.0125],
							"size": [2, 5.5, 1.975],
							"pivot": [-21.94769, 48.48704, 9],
							"rotation": [0, 0, -42.5],
							"uv": {
								"north": {"uv": [202, 114], "uv_size": [2, 6]},
								"east": {"uv": [135, 232], "uv_size": [2, 6]},
								"south": {"uv": [209, 268], "uv_size": [2, 6]},
								"west": {"uv": [294, 197], "uv_size": [2, 6]},
								"up": {"uv": [260, 81], "uv_size": [2, 2]},
								"down": {"uv": [105, 262], "uv_size": [2, -2]}
							}
						},
						{
							"origin": [-21.5, 40, 8],
							"size": [2, 7, 2],
							"uv": {
								"north": {"uv": [216, 293], "uv_size": [2, 7]},
								"east": {"uv": [231, 293], "uv_size": [2, 7]},
								"south": {"uv": [88, 294], "uv_size": [2, 7]},
								"west": {"uv": [294, 173], "uv_size": [2, 7]},
								"up": {"uv": [262, 131], "uv_size": [2, 2]},
								"down": {"uv": [76, 266], "uv_size": [2, -2]}
							}
						},
						{
							"origin": [-20.18965, 11.84473, 8],
							"size": [2, 10.5, 2],
							"pivot": [-19.68965, 20.09473, 9],
							"rotation": [0, 0, -25],
							"uv": {
								"north": {"uv": [134, 245], "uv_size": [2, 11]},
								"east": {"uv": [46, 269], "uv_size": [2, 11]},
								"south": {"uv": [60, 293], "uv_size": [2, 11]},
								"west": {"uv": [62, 293], "uv_size": [2, 11]},
								"up": {"uv": [267, 115], "uv_size": [2, 2]},
								"down": {"uv": [269, 117], "uv_size": [2, -2]}
							}
						}
					]
				},
				{
					"name": "back",
					"parent": "all",
					"pivot": [0, -1, 0],
					"cubes": [
						{
							"origin": [-17.5, 15.5, 11.5],
							"size": [35, 31, 3],
							"uv": {
								"north": {"uv": [128, 60], "uv_size": [35, 31]},
								"east": {"uv": [43, 225], "uv_size": [3, 31]},
								"south": {"uv": [134, 0], "uv_size": [35, 31]},
								"west": {"uv": [18, 227], "uv_size": [3, 31]},
								"up": {"uv": [70, 60], "uv_size": [35, 3]},
								"down": {"uv": [222, 46], "uv_size": [35, -3]}
							}
						},
						{
							"origin": [-17.4625, 46.33151, -13.54381],
							"size": [34.925, 2.5, 28.5],
							"pivot": [0, 46.83151, -0.79381],
							"rotation": [-7.5, 0, 0],
							"uv": {
								"north": {"uv": [227, 190], "uv_size": [35, 3]},
								"east": {"uv": [230, 118], "uv_size": [29, 3]},
								"south": {"uv": [228, 101], "uv_size": [35, 3]},
								"west": {"uv": [230, 121], "uv_size": [29, 3]},
								"up": {"uv": [134, 31], "uv_size": [35, 29]},
								"down": {"uv": [143, 120], "uv_size": [35, -29]}
							}
						},
						{
							"origin": [-17.475, 44.68647, 8.1719],
							"size": [2.925, 5.5, 15],
							"pivot": [-0.0375, 36.18647, 20.9219],
							"rotation": [-22.5, 0, 0],
							"uv": {
								"north": {"uv": [201, 166], "uv_size": [3, 6]},
								"east": {"uv": [163, 85], "uv_size": [15, 6]},
								"south": {"uv": [249, 237], "uv_size": [3, 6]},
								"west": {"uv": [70, 229], "uv_size": [15, 6]},
								"up": {"uv": [52, 268], "uv_size": [3, 15]},
								"down": {"uv": [66, 283], "uv_size": [3, -15]}
							}
						},
						{
							"origin": [-14.5, 48, -13.5],
							"size": [29, 6, 3],
							"uv": {
								"north": {"uv": [216, 219], "uv_size": [29, 6]},
								"east": {"uv": [155, 250], "uv_size": [3, 6]},
								"south": {"uv": [222, 25], "uv_size": [29, 6]},
								"west": {"uv": [55, 254], "uv_size": [3, 6]},
								"up": {"uv": [230, 124], "uv_size": [29, 3]},
								"down": {"uv": [230, 130], "uv_size": [29, -3]}
							}
						},
						{
							"origin": [14.5, 18.5, 14.5],
							"size": [3, 30, 64],
							"uv": {
								"north": {"uv": [162, 227], "uv_size": [3, 30]},
								"east": {"uv": [0, 64], "uv_size": [64, 30]},
								"south": {"uv": [165, 227], "uv_size": [3, 30]},
								"west": {"uv": [64, 64], "uv_size": [64, 30]},
								"up": {"uv": [169, 199], "uv_size": [3, 64]},
								"down": {"uv": [172, 283], "uv_size": [3, -64]}
							}
						},
						{
							"origin": [-17.5375, 19.53568, 76.07255],
							"size": [35.075, 33.3, 4.5],
							"pivot": [16, 36.03568, 108.07255],
							"rotation": [7.5, 0, 0],
							"uv": {
								"north": {"uv": [108, 94], "uv_size": [35, 33]},
								"east": {"uv": [48, 221], "uv_size": [5, 33]},
								"south": {"uv": [108, 127], "uv_size": [35, 33]},
								"west": {"uv": [53, 221], "uv_size": [5, 33]},
								"up": {"uv": [61, 179], "uv_size": [35, 5]},
								"down": {"uv": [181, 224], "uv_size": [35, -5]}
							}
						},
						{
							"origin": [-17.5, 48, -13.5],
							"size": [3, 6, 28],
							"uv": {
								"north": {"uv": [37, 259], "uv_size": [3, 6]},
								"east": {"uv": [222, 31], "uv_size": [28, 6]},
								"south": {"uv": [79, 293], "uv_size": [3, 6]},
								"west": {"uv": [222, 37], "uv_size": [28, 6]},
								"up": {"uv": [95, 232], "uv_size": [3, 28]},
								"down": {"uv": [98, 260], "uv_size": [3, -28]}
							}
						},
						{
							"origin": [-17.5, 46.5, -2],
							"size": [3, 1.5, 16.5],
							"uv": {
								"north": {"uv": [228, 259], "uv_size": [3, 2]},
								"east": {"uv": [269, 93], "uv_size": [17, 2]},
								"south": {"uv": [102, 260], "uv_size": [3, 2]},
								"west": {"uv": [287, 285], "uv_size": [17, 2]},
								"up": {"uv": [239, 243], "uv_size": [3, 17]},
								"down": {"uv": [242, 260], "uv_size": [3, -17]}
							}
						},
						{
							"origin": [14.5, 46.5, -2],
							"size": [3, 1.5, 16.5],
							"uv": {
								"north": {"uv": [261, 184], "uv_size": [3, 2]},
								"east": {"uv": [288, 109], "uv_size": [17, 2]},
								"south": {"uv": [263, 108], "uv_size": [3, 2]},
								"west": {"uv": [288, 111], "uv_size": [17, 2]},
								"up": {"uv": [107, 245], "uv_size": [3, 17]},
								"down": {"uv": [110, 262], "uv_size": [3, -17]}
							}
						},
						{
							"origin": [14.5, 48, -13.5],
							"size": [3, 6, 28],
							"uv": {
								"north": {"uv": [124, 293], "uv_size": [3, 6]},
								"east": {"uv": [222, 144], "uv_size": [28, 6]},
								"south": {"uv": [213, 293], "uv_size": [3, 6]},
								"west": {"uv": [222, 150], "uv_size": [28, 6]},
								"up": {"uv": [101, 232], "uv_size": [3, 28]},
								"down": {"uv": [104, 260], "uv_size": [3, -28]}
							}
						},
						{
							"origin": [14.55, 44.68647, 8.1719],
							"size": [2.925, 5.5, 15],
							"pivot": [0.0375, 36.18647, 20.9219],
							"rotation": [-22.5, 0, 0],
							"uv": {
								"north": {"uv": [225, 293], "uv_size": [3, 6]},
								"east": {"uv": [230, 0], "uv_size": [15, 6]},
								"south": {"uv": [228, 293], "uv_size": [3, 6]},
								"west": {"uv": [230, 6], "uv_size": [15, 6]},
								"up": {"uv": [69, 268], "uv_size": [3, 15]},
								"down": {"uv": [72, 283], "uv_size": [3, -15]}
							}
						},
						{
							"origin": [-17.5, 18.5, 14.5],
							"size": [3, 30, 64],
							"uv": {
								"north": {"uv": [85, 229], "uv_size": [3, 30]},
								"east": {"uv": [70, 0], "uv_size": [64, 30]},
								"south": {"uv": [88, 229], "uv_size": [3, 30]},
								"west": {"uv": [70, 30], "uv_size": [64, 30]},
								"up": {"uv": [175, 219], "uv_size": [3, 64]},
								"down": {"uv": [178, 283], "uv_size": [3, -64]}
							}
						},
						{
							"origin": [-20.5, 15.5, 27.1],
							"size": [3, 6, 6],
							"pivot": [-19, 22.25, 29.75],
							"rotation": [47.5, 0, 0],
							"uv": {
								"north": {"uv": [0, 294], "uv_size": [3, 6]},
								"east": {"uv": [190, 50], "uv_size": [6, 6]},
								"south": {"uv": [294, 0], "uv_size": [3, 6]},
								"west": {"uv": [251, 25], "uv_size": [6, 6]},
								"up": {"uv": [3, 294], "uv_size": [3, 6]},
								"down": {"uv": [6, 300], "uv_size": [3, -6]}
							}
						},
						{
							"origin": [-20.5, 64.5, 25.1],
							"size": [3, 6, 6],
							"pivot": [-19, 22.25, 29.75],
							"rotation": [47.5, 0, 0],
							"uv": {
								"north": {"uv": [294, 6], "uv_size": [3, 6]},
								"east": {"uv": [222, 268], "uv_size": [6, 6]},
								"south": {"uv": [9, 294], "uv_size": [3, 6]},
								"west": {"uv": [102, 269], "uv_size": [6, 6]},
								"up": {"uv": [294, 12], "uv_size": [3, 6]},
								"down": {"uv": [49, 300], "uv_size": [3, -6]}
							}
						},
						{
							"origin": [17.5, 15.5, 27.1],
							"size": [3, 6, 6],
							"pivot": [19, 22.25, 29.75],
							"rotation": [47.5, 0, 0],
							"uv": {
								"north": {"uv": [3, 294], "uv_size": [-3, 6]},
								"east": {"uv": [257, 25], "uv_size": [-6, 6]},
								"south": {"uv": [297, 0], "uv_size": [-3, 6]},
								"west": {"uv": [196, 50], "uv_size": [-6, 6]},
								"up": {"uv": [6, 294], "uv_size": [-3, 6]},
								"down": {"uv": [9, 300], "uv_size": [-3, -6]}
							}
						},
						{
							"origin": [17.5, 64.5, 25.1],
							"size": [3, 6, 6],
							"pivot": [19, 22.25, 29.75],
							"rotation": [47.5, 0, 0],
							"uv": {
								"north": {"uv": [297, 6], "uv_size": [-3, 6]},
								"east": {"uv": [108, 269], "uv_size": [-6, 6]},
								"south": {"uv": [12, 294], "uv_size": [-3, 6]},
								"west": {"uv": [228, 268], "uv_size": [-6, 6]},
								"up": {"uv": [297, 12], "uv_size": [-3, 6]},
								"down": {"uv": [52, 300], "uv_size": [-3, -6]}
							}
						},
						{
							"origin": [-17.5, 15.5, 14.5],
							"size": [35, 3, 64],
							"uv": {
								"north": {"uv": [228, 104], "uv_size": [35, 3]},
								"east": {"uv": [202, 22], "uv_size": [64, 3]},
								"south": {"uv": [228, 107], "uv_size": [35, 3]},
								"west": {"uv": [204, 194], "uv_size": [64, 3]},
								"up": {"uv": [0, 0], "uv_size": [35, 64]},
								"down": {"uv": [35, 64], "uv_size": [35, -64]}
							}
						},
						{
							"origin": [-14.5, 40, 14.5],
							"size": [29, 3, 61],
							"uv": {
								"north": {"uv": [230, 130], "uv_size": [29, 3]},
								"east": {"uv": [207, 141], "uv_size": [61, 3]},
								"south": {"uv": [219, 230], "uv_size": [29, 3]},
								"west": {"uv": [217, 71], "uv_size": [61, 3]},
								"up": {"uv": [0, 94], "uv_size": [29, 61]},
								"down": {"uv": [29, 155], "uv_size": [29, -61]}
							}
						},
						{
							"origin": [-12.5, 4, 12.5],
							"size": [25, 11.5, 61],
							"uv": {
								"north": {"uv": [23, 213], "uv_size": [25, 12]},
								"east": {"uv": [0, 179], "uv_size": [61, 12]},
								"south": {"uv": [217, 47], "uv_size": [25, 12]},
								"west": {"uv": [61, 184], "uv_size": [61, 12]},
								"up": {"uv": [58, 94], "uv_size": [25, 61]},
								"down": {"uv": [83, 155], "uv_size": [25, -61]}
							}
						},
						{
							"origin": [-12.45, 13.29805, 72.02747],
							"size": [24.9, 11.5, 3.5],
							"pivot": [0, 17.44805, 45.52747],
							"rotation": [-15, 0, 0],
							"uv": {
								"north": {"uv": [217, 59], "uv_size": [25, 12]},
								"east": {"uv": [48, 268], "uv_size": [4, 12]},
								"south": {"uv": [71, 217], "uv_size": [25, 12]},
								"west": {"uv": [62, 268], "uv_size": [4, 12]},
								"up": {"uv": [228, 110], "uv_size": [25, 4]},
								"down": {"uv": [228, 118], "uv_size": [25, -4]}
							}
						}
					]
				},
				{
					"name": "details",
					"parent": "back",
					"pivot": [-18.5, 52.69948, -4.75574],
					"rotation": [-2.5, 0, 0],
					"cubes": [
						{
							"origin": [-19.5, 39.3607, 25.84761],
							"size": [2, 43.5, 2],
							"pivot": [-17, 36.59466, 45.49039],
							"rotation": [52.5, 0, 0],
							"uv": {
								"north": {"uv": [46, 225], "uv_size": [2, 44]},
								"east": {"uv": [21, 227], "uv_size": [2, 44]},
								"south": {"uv": [91, 229], "uv_size": [2, 44]},
								"west": {"uv": [93, 229], "uv_size": [2, 44]},
								"up": {"uv": [273, 188], "uv_size": [2, 2]},
								"down": {"uv": [28, 276], "uv_size": [2, -2]}
							}
						},
						{
							"origin": [17.5, 39.3607, 25.84761],
							"size": [2, 43.5, 2],
							"pivot": [17, 36.59466, 45.49039],
							"rotation": [52.5, 0, 0],
							"uv": {
								"north": {"uv": [48, 225], "uv_size": [-2, 44]},
								"east": {"uv": [95, 229], "uv_size": [-2, 44]},
								"south": {"uv": [93, 229], "uv_size": [-2, 44]},
								"west": {"uv": [23, 227], "uv_size": [-2, 44]},
								"up": {"uv": [275, 188], "uv_size": [-2, 2]},
								"down": {"uv": [30, 276], "uv_size": [-2, -2]}
							}
						}
					]
				},
				{
					"name": "back_wheels",
					"parent": "back",
					"pivot": [0, 7.19425, 23.21708],
					"cubes": [
						{
							"origin": [12.2618, 8.98159, 22.94044],
							"size": [7, 5, 6.975],
							"pivot": [15.7618, 11.48159, 27.42794],
							"rotation": [-90, -45, 90],
							"uv": {
								"north": {"uv": [250, 38], "uv_size": [7, 5]},
								"east": {"uv": [21, 271], "uv_size": [7, 5]},
								"south": {"uv": [271, 25], "uv_size": [7, 5]},
								"west": {"uv": [271, 30], "uv_size": [7, 5]},
								"up": {"uv": [245, 0], "uv_size": [7, 7]},
								"down": {"uv": [113, 252], "uv_size": [7, -7]}
							}
						},
						{
							"origin": [12.2618, 4.77449, 24.67058],
							"size": [7, 5, 7],
							"pivot": [15.7618, 7.27449, 29.17058],
							"rotation": [90, 0, -90],
							"uv": {
								"north": {"uv": [271, 35], "uv_size": [7, 5]},
								"east": {"uv": [271, 40], "uv_size": [7, 5]},
								"south": {"uv": [271, 48], "uv_size": [7, 5]},
								"west": {"uv": [271, 53], "uv_size": [7, 5]},
								"up": {"uv": [120, 245], "uv_size": [7, 7]},
								"down": {"uv": [127, 252], "uv_size": [7, -7]}
							}
						},
						{
							"origin": [12.2618, 9.77449, 25.67058],
							"size": [7, 7, 5],
							"pivot": [15.7618, 7.27449, 29.17058],
							"rotation": [90, 0, -90],
							"uv": {
								"north": {"uv": [193, 245], "uv_size": [7, 7]},
								"east": {"uv": [86, 259], "uv_size": [5, 7]},
								"south": {"uv": [200, 245], "uv_size": [7, 7]},
								"west": {"uv": [228, 268], "uv_size": [5, 7]},
								"up": {"uv": [271, 131], "uv_size": [7, 5]},
								"down": {"uv": [134, 276], "uv_size": [7, -5]}
							}
						},
						{
							"origin": [12.2618, 8.98159, 16.52623],
							"size": [7, 5, 6.975],
							"pivot": [15.7618, 11.48159, 19.01373],
							"rotation": [90, 45, 90],
							"uv": {
								"north": {"uv": [271, 136], "uv_size": [7, 5]},
								"east": {"uv": [271, 144], "uv_size": [7, 5]},
								"south": {"uv": [147, 271], "uv_size": [7, 5]},
								"west": {"uv": [162, 271], "uv_size": [7, 5]},
								"up": {"uv": [245, 243], "uv_size": [7, 7]},
								"down": {"uv": [58, 253], "uv_size": [7, -7]}
							}
						},
						{
							"origin": [-15.35715, 10.72423, 22.66022],
							"size": [7, 5, 7],
							"pivot": [3.92202, 16.34323, 39],
							"rotation": [0, -90, 0],
							"uv": {
								"north": {"uv": [271, 165], "uv_size": [7, 5]},
								"east": {"uv": [271, 170], "uv_size": [7, 5]},
								"south": {"uv": [271, 175], "uv_size": [7, 5]},
								"west": {"uv": [271, 180], "uv_size": [7, 5]},
								"up": {"uv": [6, 247], "uv_size": [7, 7]},
								"down": {"uv": [65, 254], "uv_size": [7, -7]}
							}
						},
						{
							"origin": [12.2618, 4.77449, 12.77109],
							"size": [7, 5, 7],
							"pivot": [15.7618, 7.27449, 17.27109],
							"rotation": [90, 0, -90],
							"uv": {
								"north": {"uv": [245, 271], "uv_size": [7, 5]},
								"east": {"uv": [36, 272], "uv_size": [7, 5]},
								"south": {"uv": [252, 272], "uv_size": [7, 5]},
								"west": {"uv": [259, 272], "uv_size": [7, 5]},
								"up": {"uv": [72, 247], "uv_size": [7, 7]},
								"down": {"uv": [141, 254], "uv_size": [7, -7]}
							}
						},
						{
							"origin": [12.26179, 0.56738, 16.52623],
							"size": [7, 5, 6.975],
							"pivot": [15.76179, 3.06738, 19.01373],
							"rotation": [-90, 45, -90],
							"uv": {
								"north": {"uv": [266, 272], "uv_size": [7, 5]},
								"east": {"uv": [273, 0], "uv_size": [7, 5]},
								"south": {"uv": [273, 5], "uv_size": [7, 5]},
								"west": {"uv": [273, 10], "uv_size": [7, 5]},
								"up": {"uv": [219, 247], "uv_size": [7, 7]},
								"down": {"uv": [231, 254], "uv_size": [7, -7]}
							}
						},
						{
							"origin": [-15.35715, -1.17526, 22.66022],
							"size": [7, 5, 7],
							"pivot": [3.92201, -1.79426, 39],
							"rotation": [0, -90, 0],
							"uv": {
								"north": {"uv": [14, 273], "uv_size": [7, 5]},
								"east": {"uv": [273, 15], "uv_size": [7, 5]},
								"south": {"uv": [75, 273], "uv_size": [7, 5]},
								"west": {"uv": [82, 273], "uv_size": [7, 5]},
								"up": {"uv": [181, 249], "uv_size": [7, 7]},
								"down": {"uv": [249, 237], "uv_size": [7, -7]}
							}
						},
						{
							"origin": [12.26179, 0.56738, 22.94044],
							"size": [7, 5, 6.975],
							"pivot": [15.76179, 3.06738, 27.42794],
							"rotation": [90, -45, -90],
							"uv": {
								"north": {"uv": [108, 273], "uv_size": [7, 5]},
								"east": {"uv": [115, 273], "uv_size": [7, 5]},
								"south": {"uv": [273, 115], "uv_size": [7, 5]},
								"west": {"uv": [273, 120], "uv_size": [7, 5]},
								"up": {"uv": [250, 31], "uv_size": [7, 7]},
								"down": {"uv": [250, 55], "uv_size": [7, -7]}
							}
						},
						{
							"origin": [-19.2618, 4.77449, 12.77109],
							"size": [7, 5, 7],
							"pivot": [-15.7618, 7.27449, 17.27109],
							"rotation": [90, 0, 90],
							"uv": {
								"north": {"uv": [122, 273], "uv_size": [7, 5]},
								"east": {"uv": [273, 125], "uv_size": [7, 5]},
								"south": {"uv": [187, 273], "uv_size": [7, 5]},
								"west": {"uv": [194, 273], "uv_size": [7, 5]},
								"up": {"uv": [250, 55], "uv_size": [7, 7]},
								"down": {"uv": [250, 151], "uv_size": [7, -7]}
							}
						},
						{
							"origin": [-19.26179, 0.56738, 16.52623],
							"size": [7, 5, 6.975],
							"pivot": [-15.76179, 3.06738, 19.01373],
							"rotation": [-90, -45, 90],
							"uv": {
								"north": {"uv": [201, 273], "uv_size": [7, 5]},
								"east": {"uv": [273, 203], "uv_size": [7, 5]},
								"south": {"uv": [233, 273], "uv_size": [7, 5]},
								"west": {"uv": [273, 234], "uv_size": [7, 5]},
								"up": {"uv": [148, 250], "uv_size": [7, 7]},
								"down": {"uv": [245, 257], "uv_size": [7, -7]}
							}
						},
						{
							"origin": [8.35715, -1.17526, 22.66022],
							"size": [7, 5, 7],
							"pivot": [-3.92201, -1.79426, 39],
							"rotation": [0, 90, 0],
							"uv": {
								"north": {"uv": [273, 239], "uv_size": [7, 5]},
								"east": {"uv": [273, 244], "uv_size": [7, 5]},
								"south": {"uv": [273, 249], "uv_size": [7, 5]},
								"west": {"uv": [273, 254], "uv_size": [7, 5]},
								"up": {"uv": [252, 0], "uv_size": [7, 7]},
								"down": {"uv": [113, 259], "uv_size": [7, -7]}
							}
						},
						{
							"origin": [-19.2618, 4.77449, 24.67058],
							"size": [7, 5, 7],
							"pivot": [-15.7618, 7.27449, 29.17058],
							"rotation": [90, 0, 90],
							"uv": {
								"north": {"uv": [273, 259], "uv_size": [7, 5]},
								"east": {"uv": [273, 264], "uv_size": [7, 5]},
								"south": {"uv": [273, 269], "uv_size": [7, 5]},
								"west": {"uv": [0, 274], "uv_size": [7, 5]},
								"up": {"uv": [120, 252], "uv_size": [7, 7]},
								"down": {"uv": [127, 259], "uv_size": [7, -7]}
							}
						},
						{
							"origin": [-19.26179, 0.56738, 22.94044],
							"size": [7, 5, 6.975],
							"pivot": [-15.76179, 3.06738, 27.42794],
							"rotation": [90, 45, 90],
							"uv": {
								"north": {"uv": [55, 274], "uv_size": [7, 5]},
								"east": {"uv": [274, 74], "uv_size": [7, 5]},
								"south": {"uv": [89, 274], "uv_size": [7, 5]},
								"west": {"uv": [274, 108], "uv_size": [7, 5]},
								"up": {"uv": [188, 252], "uv_size": [7, 7]},
								"down": {"uv": [195, 259], "uv_size": [7, -7]}
							}
						},
						{
							"origin": [-19.2618, 9.77449, 25.67058],
							"size": [7, 7, 5],
							"pivot": [-15.7618, 7.27449, 29.17058],
							"rotation": [90, 0, 90],
							"uv": {
								"north": {"uv": [202, 252], "uv_size": [7, 7]},
								"east": {"uv": [240, 273], "uv_size": [5, 7]},
								"south": {"uv": [252, 209], "uv_size": [7, 7]},
								"west": {"uv": [96, 274], "uv_size": [5, 7]},
								"up": {"uv": [154, 274], "uv_size": [7, 5]},
								"down": {"uv": [208, 279], "uv_size": [7, -5]}
							}
						},
						{
							"origin": [-19.2618, 8.98159, 22.94044],
							"size": [7, 5, 6.975],
							"pivot": [-15.7618, 11.48159, 27.42794],
							"rotation": [-90, 45, -90],
							"uv": {
								"north": {"uv": [274, 208], "uv_size": [7, 5]},
								"east": {"uv": [273, 274], "uv_size": [7, 5]},
								"south": {"uv": [101, 275], "uv_size": [7, 5]},
								"west": {"uv": [222, 275], "uv_size": [7, 5]},
								"up": {"uv": [252, 237], "uv_size": [7, 7]},
								"down": {"uv": [252, 251], "uv_size": [7, -7]}
							}
						},
						{
							"origin": [-19.2618, 8.98159, 16.52623],
							"size": [7, 5, 6.975],
							"pivot": [-15.7618, 11.48159, 19.01373],
							"rotation": [90, -45, -90],
							"uv": {
								"north": {"uv": [147, 276], "uv_size": [7, 5]},
								"east": {"uv": [276, 149], "uv_size": [7, 5]},
								"south": {"uv": [276, 154], "uv_size": [7, 5]},
								"west": {"uv": [161, 276], "uv_size": [7, 5]},
								"up": {"uv": [253, 110], "uv_size": [7, 7]},
								"down": {"uv": [0, 261], "uv_size": [7, -7]}
							}
						},
						{
							"origin": [8.35715, 10.72423, 22.66022],
							"size": [7, 5, 7],
							"pivot": [-3.92202, 16.34323, 39],
							"rotation": [0, 90, 0],
							"uv": {
								"north": {"uv": [276, 20], "uv_size": [7, 5]},
								"east": {"uv": [21, 276], "uv_size": [7, 5]},
								"south": {"uv": [28, 276], "uv_size": [7, 5]},
								"west": {"uv": [134, 276], "uv_size": [7, 5]},
								"up": {"uv": [252, 251], "uv_size": [7, 7]},
								"down": {"uv": [58, 260], "uv_size": [7, -7]}
							}
						},
						{
							"origin": [-14, 4.5, 22],
							"size": [28, 2.5, 2.5],
							"uv": {
								"north": {"uv": [231, 12], "uv_size": [28, 3]},
								"east": {"uv": [137, 195], "uv_size": [3, 3]},
								"south": {"uv": [231, 15], "uv_size": [28, 3]},
								"west": {"uv": [76, 261], "uv_size": [3, 3]},
								"up": {"uv": [231, 18], "uv_size": [28, 3]},
								"down": {"uv": [232, 77], "uv_size": [28, -3]}
							}
						}
					]
				},
				{
					"name": "back_wheels2",
					"parent": "back",
					"pivot": [0, 7.19425, 43.21708],
					"cubes": [
						{
							"origin": [12.2618, 8.98159, 42.94044],
							"size": [7, 5, 6.975],
							"pivot": [15.7618, 11.48159, 47.42794],
							"rotation": [-90, -45, 90],
							"uv": {
								"north": {"uv": [250, 38], "uv_size": [7, 5]},
								"east": {"uv": [21, 271], "uv_size": [7, 5]},
								"south": {"uv": [271, 25], "uv_size": [7, 5]},
								"west": {"uv": [271, 30], "uv_size": [7, 5]},
								"up": {"uv": [245, 0], "uv_size": [7, 7]},
								"down": {"uv": [113, 252], "uv_size": [7, -7]}
							}
						},
						{
							"origin": [12.2618, 4.77449, 44.67058],
							"size": [7, 5, 7],
							"pivot": [15.7618, 7.27449, 49.17058],
							"rotation": [90, 0, -90],
							"uv": {
								"north": {"uv": [271, 35], "uv_size": [7, 5]},
								"east": {"uv": [271, 40], "uv_size": [7, 5]},
								"south": {"uv": [271, 48], "uv_size": [7, 5]},
								"west": {"uv": [271, 53], "uv_size": [7, 5]},
								"up": {"uv": [120, 245], "uv_size": [7, 7]},
								"down": {"uv": [127, 252], "uv_size": [7, -7]}
							}
						},
						{
							"origin": [12.2618, 9.77449, 45.67058],
							"size": [7, 7, 5],
							"pivot": [15.7618, 7.27449, 49.17058],
							"rotation": [90, 0, -90],
							"uv": {
								"north": {"uv": [193, 245], "uv_size": [7, 7]},
								"east": {"uv": [86, 259], "uv_size": [5, 7]},
								"south": {"uv": [200, 245], "uv_size": [7, 7]},
								"west": {"uv": [228, 268], "uv_size": [5, 7]},
								"up": {"uv": [271, 131], "uv_size": [7, 5]},
								"down": {"uv": [134, 276], "uv_size": [7, -5]}
							}
						},
						{
							"origin": [12.2618, 8.98159, 36.52623],
							"size": [7, 5, 6.975],
							"pivot": [15.7618, 11.48159, 39.01373],
							"rotation": [90, 45, 90],
							"uv": {
								"north": {"uv": [271, 136], "uv_size": [7, 5]},
								"east": {"uv": [271, 144], "uv_size": [7, 5]},
								"south": {"uv": [147, 271], "uv_size": [7, 5]},
								"west": {"uv": [162, 271], "uv_size": [7, 5]},
								"up": {"uv": [245, 243], "uv_size": [7, 7]},
								"down": {"uv": [58, 253], "uv_size": [7, -7]}
							}
						},
						{
							"origin": [-15.35715, 10.72423, 42.66022],
							"size": [7, 5, 7],
							"pivot": [3.92202, 16.34323, 59],
							"rotation": [0, -90, 0],
							"uv": {
								"north": {"uv": [271, 165], "uv_size": [7, 5]},
								"east": {"uv": [271, 170], "uv_size": [7, 5]},
								"south": {"uv": [271, 175], "uv_size": [7, 5]},
								"west": {"uv": [271, 180], "uv_size": [7, 5]},
								"up": {"uv": [6, 247], "uv_size": [7, 7]},
								"down": {"uv": [65, 254], "uv_size": [7, -7]}
							}
						},
						{
							"origin": [12.2618, 4.77449, 32.77109],
							"size": [7, 5, 7],
							"pivot": [15.7618, 7.27449, 37.27109],
							"rotation": [90, 0, -90],
							"uv": {
								"north": {"uv": [245, 271], "uv_size": [7, 5]},
								"east": {"uv": [36, 272], "uv_size": [7, 5]},
								"south": {"uv": [252, 272], "uv_size": [7, 5]},
								"west": {"uv": [259, 272], "uv_size": [7, 5]},
								"up": {"uv": [72, 247], "uv_size": [7, 7]},
								"down": {"uv": [141, 254], "uv_size": [7, -7]}
							}
						},
						{
							"origin": [12.26179, 0.56738, 36.52623],
							"size": [7, 5, 6.975],
							"pivot": [15.76179, 3.06738, 39.01373],
							"rotation": [-90, 45, -90],
							"uv": {
								"north": {"uv": [266, 272], "uv_size": [7, 5]},
								"east": {"uv": [273, 0], "uv_size": [7, 5]},
								"south": {"uv": [273, 5], "uv_size": [7, 5]},
								"west": {"uv": [273, 10], "uv_size": [7, 5]},
								"up": {"uv": [219, 247], "uv_size": [7, 7]},
								"down": {"uv": [231, 254], "uv_size": [7, -7]}
							}
						},
						{
							"origin": [-15.35715, -1.17526, 42.66022],
							"size": [7, 5, 7],
							"pivot": [3.92201, -1.79426, 59],
							"rotation": [0, -90, 0],
							"uv": {
								"north": {"uv": [14, 273], "uv_size": [7, 5]},
								"east": {"uv": [273, 15], "uv_size": [7, 5]},
								"south": {"uv": [75, 273], "uv_size": [7, 5]},
								"west": {"uv": [82, 273], "uv_size": [7, 5]},
								"up": {"uv": [181, 249], "uv_size": [7, 7]},
								"down": {"uv": [249, 237], "uv_size": [7, -7]}
							}
						},
						{
							"origin": [12.26179, 0.56738, 42.94044],
							"size": [7, 5, 6.975],
							"pivot": [15.76179, 3.06738, 47.42794],
							"rotation": [90, -45, -90],
							"uv": {
								"north": {"uv": [108, 273], "uv_size": [7, 5]},
								"east": {"uv": [115, 273], "uv_size": [7, 5]},
								"south": {"uv": [273, 115], "uv_size": [7, 5]},
								"west": {"uv": [273, 120], "uv_size": [7, 5]},
								"up": {"uv": [250, 31], "uv_size": [7, 7]},
								"down": {"uv": [250, 55], "uv_size": [7, -7]}
							}
						},
						{
							"origin": [-19.2618, 4.77449, 32.77109],
							"size": [7, 5, 7],
							"pivot": [-15.7618, 7.27449, 37.27109],
							"rotation": [90, 0, 90],
							"uv": {
								"north": {"uv": [122, 273], "uv_size": [7, 5]},
								"east": {"uv": [273, 125], "uv_size": [7, 5]},
								"south": {"uv": [187, 273], "uv_size": [7, 5]},
								"west": {"uv": [194, 273], "uv_size": [7, 5]},
								"up": {"uv": [250, 55], "uv_size": [7, 7]},
								"down": {"uv": [250, 151], "uv_size": [7, -7]}
							}
						},
						{
							"origin": [-19.26179, 0.56738, 36.52623],
							"size": [7, 5, 6.975],
							"pivot": [-15.76179, 3.06738, 39.01373],
							"rotation": [-90, -45, 90],
							"uv": {
								"north": {"uv": [201, 273], "uv_size": [7, 5]},
								"east": {"uv": [273, 203], "uv_size": [7, 5]},
								"south": {"uv": [233, 273], "uv_size": [7, 5]},
								"west": {"uv": [273, 234], "uv_size": [7, 5]},
								"up": {"uv": [148, 250], "uv_size": [7, 7]},
								"down": {"uv": [245, 257], "uv_size": [7, -7]}
							}
						},
						{
							"origin": [8.35715, -1.17526, 42.66022],
							"size": [7, 5, 7],
							"pivot": [-3.92201, -1.79426, 59],
							"rotation": [0, 90, 0],
							"uv": {
								"north": {"uv": [273, 239], "uv_size": [7, 5]},
								"east": {"uv": [273, 244], "uv_size": [7, 5]},
								"south": {"uv": [273, 249], "uv_size": [7, 5]},
								"west": {"uv": [273, 254], "uv_size": [7, 5]},
								"up": {"uv": [252, 0], "uv_size": [7, 7]},
								"down": {"uv": [113, 259], "uv_size": [7, -7]}
							}
						},
						{
							"origin": [-19.2618, 4.77449, 44.67058],
							"size": [7, 5, 7],
							"pivot": [-15.7618, 7.27449, 49.17058],
							"rotation": [90, 0, 90],
							"uv": {
								"north": {"uv": [273, 259], "uv_size": [7, 5]},
								"east": {"uv": [273, 264], "uv_size": [7, 5]},
								"south": {"uv": [273, 269], "uv_size": [7, 5]},
								"west": {"uv": [0, 274], "uv_size": [7, 5]},
								"up": {"uv": [120, 252], "uv_size": [7, 7]},
								"down": {"uv": [127, 259], "uv_size": [7, -7]}
							}
						},
						{
							"origin": [-19.26179, 0.56738, 42.94044],
							"size": [7, 5, 6.975],
							"pivot": [-15.76179, 3.06738, 47.42794],
							"rotation": [90, 45, 90],
							"uv": {
								"north": {"uv": [55, 274], "uv_size": [7, 5]},
								"east": {"uv": [274, 74], "uv_size": [7, 5]},
								"south": {"uv": [89, 274], "uv_size": [7, 5]},
								"west": {"uv": [274, 108], "uv_size": [7, 5]},
								"up": {"uv": [188, 252], "uv_size": [7, 7]},
								"down": {"uv": [195, 259], "uv_size": [7, -7]}
							}
						},
						{
							"origin": [-19.2618, 9.77449, 45.67058],
							"size": [7, 7, 5],
							"pivot": [-15.7618, 7.27449, 49.17058],
							"rotation": [90, 0, 90],
							"uv": {
								"north": {"uv": [202, 252], "uv_size": [7, 7]},
								"east": {"uv": [240, 273], "uv_size": [5, 7]},
								"south": {"uv": [252, 209], "uv_size": [7, 7]},
								"west": {"uv": [96, 274], "uv_size": [5, 7]},
								"up": {"uv": [154, 274], "uv_size": [7, 5]},
								"down": {"uv": [208, 279], "uv_size": [7, -5]}
							}
						},
						{
							"origin": [-19.2618, 8.98159, 42.94044],
							"size": [7, 5, 6.975],
							"pivot": [-15.7618, 11.48159, 47.42794],
							"rotation": [-90, 45, -90],
							"uv": {
								"north": {"uv": [274, 208], "uv_size": [7, 5]},
								"east": {"uv": [273, 274], "uv_size": [7, 5]},
								"south": {"uv": [101, 275], "uv_size": [7, 5]},
								"west": {"uv": [222, 275], "uv_size": [7, 5]},
								"up": {"uv": [252, 237], "uv_size": [7, 7]},
								"down": {"uv": [252, 251], "uv_size": [7, -7]}
							}
						},
						{
							"origin": [-19.2618, 8.98159, 36.52623],
							"size": [7, 5, 6.975],
							"pivot": [-15.7618, 11.48159, 39.01373],
							"rotation": [90, -45, -90],
							"uv": {
								"north": {"uv": [147, 276], "uv_size": [7, 5]},
								"east": {"uv": [276, 149], "uv_size": [7, 5]},
								"south": {"uv": [276, 154], "uv_size": [7, 5]},
								"west": {"uv": [161, 276], "uv_size": [7, 5]},
								"up": {"uv": [253, 110], "uv_size": [7, 7]},
								"down": {"uv": [0, 261], "uv_size": [7, -7]}
							}
						},
						{
							"origin": [8.35715, 10.72423, 42.66022],
							"size": [7, 5, 7],
							"pivot": [-3.92202, 16.34323, 59],
							"rotation": [0, 90, 0],
							"uv": {
								"north": {"uv": [276, 20], "uv_size": [7, 5]},
								"east": {"uv": [21, 276], "uv_size": [7, 5]},
								"south": {"uv": [28, 276], "uv_size": [7, 5]},
								"west": {"uv": [134, 276], "uv_size": [7, 5]},
								"up": {"uv": [252, 251], "uv_size": [7, 7]},
								"down": {"uv": [58, 260], "uv_size": [7, -7]}
							}
						},
						{
							"origin": [-14, 4.5, 42],
							"size": [28, 2.5, 2.5],
							"uv": {
								"north": {"uv": [231, 12], "uv_size": [28, 3]},
								"east": {"uv": [137, 195], "uv_size": [3, 3]},
								"south": {"uv": [231, 15], "uv_size": [28, 3]},
								"west": {"uv": [76, 261], "uv_size": [3, 3]},
								"up": {"uv": [231, 18], "uv_size": [28, 3]},
								"down": {"uv": [232, 77], "uv_size": [28, -3]}
							}
						}
					]
				},
				{
					"name": "back_wheels3",
					"parent": "back",
					"pivot": [0, 7.19425, 63.21708],
					"cubes": [
						{
							"origin": [12.2618, 8.98159, 62.94044],
							"size": [7, 5, 6.975],
							"pivot": [15.7618, 11.48159, 67.42794],
							"rotation": [-90, -45, 90],
							"uv": {
								"north": {"uv": [250, 38], "uv_size": [7, 5]},
								"east": {"uv": [21, 271], "uv_size": [7, 5]},
								"south": {"uv": [271, 25], "uv_size": [7, 5]},
								"west": {"uv": [271, 30], "uv_size": [7, 5]},
								"up": {"uv": [245, 0], "uv_size": [7, 7]},
								"down": {"uv": [113, 252], "uv_size": [7, -7]}
							}
						},
						{
							"origin": [12.2618, 4.77449, 64.67058],
							"size": [7, 5, 7],
							"pivot": [15.7618, 7.27449, 69.17058],
							"rotation": [90, 0, -90],
							"uv": {
								"north": {"uv": [271, 35], "uv_size": [7, 5]},
								"east": {"uv": [271, 40], "uv_size": [7, 5]},
								"south": {"uv": [271, 48], "uv_size": [7, 5]},
								"west": {"uv": [271, 53], "uv_size": [7, 5]},
								"up": {"uv": [120, 245], "uv_size": [7, 7]},
								"down": {"uv": [127, 252], "uv_size": [7, -7]}
							}
						},
						{
							"origin": [12.2618, 9.77449, 65.67058],
							"size": [7, 7, 5],
							"pivot": [15.7618, 7.27449, 69.17058],
							"rotation": [90, 0, -90],
							"uv": {
								"north": {"uv": [193, 245], "uv_size": [7, 7]},
								"east": {"uv": [86, 259], "uv_size": [5, 7]},
								"south": {"uv": [200, 245], "uv_size": [7, 7]},
								"west": {"uv": [228, 268], "uv_size": [5, 7]},
								"up": {"uv": [271, 131], "uv_size": [7, 5]},
								"down": {"uv": [134, 276], "uv_size": [7, -5]}
							}
						},
						{
							"origin": [12.2618, 8.98159, 56.52623],
							"size": [7, 5, 6.975],
							"pivot": [15.7618, 11.48159, 59.01373],
							"rotation": [90, 45, 90],
							"uv": {
								"north": {"uv": [271, 136], "uv_size": [7, 5]},
								"east": {"uv": [271, 144], "uv_size": [7, 5]},
								"south": {"uv": [147, 271], "uv_size": [7, 5]},
								"west": {"uv": [162, 271], "uv_size": [7, 5]},
								"up": {"uv": [245, 243], "uv_size": [7, 7]},
								"down": {"uv": [58, 253], "uv_size": [7, -7]}
							}
						},
						{
							"origin": [-15.35715, 10.72423, 62.66022],
							"size": [7, 5, 7],
							"pivot": [3.92202, 16.34323, 79],
							"rotation": [0, -90, 0],
							"uv": {
								"north": {"uv": [271, 165], "uv_size": [7, 5]},
								"east": {"uv": [271, 170], "uv_size": [7, 5]},
								"south": {"uv": [271, 175], "uv_size": [7, 5]},
								"west": {"uv": [271, 180], "uv_size": [7, 5]},
								"up": {"uv": [6, 247], "uv_size": [7, 7]},
								"down": {"uv": [65, 254], "uv_size": [7, -7]}
							}
						},
						{
							"origin": [12.2618, 4.77449, 52.77109],
							"size": [7, 5, 7],
							"pivot": [15.7618, 7.27449, 57.27109],
							"rotation": [90, 0, -90],
							"uv": {
								"north": {"uv": [245, 271], "uv_size": [7, 5]},
								"east": {"uv": [36, 272], "uv_size": [7, 5]},
								"south": {"uv": [252, 272], "uv_size": [7, 5]},
								"west": {"uv": [259, 272], "uv_size": [7, 5]},
								"up": {"uv": [72, 247], "uv_size": [7, 7]},
								"down": {"uv": [141, 254], "uv_size": [7, -7]}
							}
						},
						{
							"origin": [12.26179, 0.56738, 56.52623],
							"size": [7, 5, 6.975],
							"pivot": [15.76179, 3.06738, 59.01373],
							"rotation": [-90, 45, -90],
							"uv": {
								"north": {"uv": [266, 272], "uv_size": [7, 5]},
								"east": {"uv": [273, 0], "uv_size": [7, 5]},
								"south": {"uv": [273, 5], "uv_size": [7, 5]},
								"west": {"uv": [273, 10], "uv_size": [7, 5]},
								"up": {"uv": [219, 247], "uv_size": [7, 7]},
								"down": {"uv": [231, 254], "uv_size": [7, -7]}
							}
						},
						{
							"origin": [-15.35715, -1.17526, 62.66022],
							"size": [7, 5, 7],
							"pivot": [3.92201, -1.79426, 79],
							"rotation": [0, -90, 0],
							"uv": {
								"north": {"uv": [14, 273], "uv_size": [7, 5]},
								"east": {"uv": [273, 15], "uv_size": [7, 5]},
								"south": {"uv": [75, 273], "uv_size": [7, 5]},
								"west": {"uv": [82, 273], "uv_size": [7, 5]},
								"up": {"uv": [181, 249], "uv_size": [7, 7]},
								"down": {"uv": [249, 237], "uv_size": [7, -7]}
							}
						},
						{
							"origin": [12.26179, 0.56738, 62.94044],
							"size": [7, 5, 6.975],
							"pivot": [15.76179, 3.06738, 67.42794],
							"rotation": [90, -45, -90],
							"uv": {
								"north": {"uv": [108, 273], "uv_size": [7, 5]},
								"east": {"uv": [115, 273], "uv_size": [7, 5]},
								"south": {"uv": [273, 115], "uv_size": [7, 5]},
								"west": {"uv": [273, 120], "uv_size": [7, 5]},
								"up": {"uv": [250, 31], "uv_size": [7, 7]},
								"down": {"uv": [250, 55], "uv_size": [7, -7]}
							}
						},
						{
							"origin": [-19.2618, 4.77449, 52.77109],
							"size": [7, 5, 7],
							"pivot": [-15.7618, 7.27449, 57.27109],
							"rotation": [90, 0, 90],
							"uv": {
								"north": {"uv": [122, 273], "uv_size": [7, 5]},
								"east": {"uv": [273, 125], "uv_size": [7, 5]},
								"south": {"uv": [187, 273], "uv_size": [7, 5]},
								"west": {"uv": [194, 273], "uv_size": [7, 5]},
								"up": {"uv": [250, 55], "uv_size": [7, 7]},
								"down": {"uv": [250, 151], "uv_size": [7, -7]}
							}
						},
						{
							"origin": [-19.26179, 0.56738, 56.52623],
							"size": [7, 5, 6.975],
							"pivot": [-15.76179, 3.06738, 59.01373],
							"rotation": [-90, -45, 90],
							"uv": {
								"north": {"uv": [201, 273], "uv_size": [7, 5]},
								"east": {"uv": [273, 203], "uv_size": [7, 5]},
								"south": {"uv": [233, 273], "uv_size": [7, 5]},
								"west": {"uv": [273, 234], "uv_size": [7, 5]},
								"up": {"uv": [148, 250], "uv_size": [7, 7]},
								"down": {"uv": [245, 257], "uv_size": [7, -7]}
							}
						},
						{
							"origin": [8.35715, -1.17526, 62.66022],
							"size": [7, 5, 7],
							"pivot": [-3.92201, -1.79426, 79],
							"rotation": [0, 90, 0],
							"uv": {
								"north": {"uv": [273, 239], "uv_size": [7, 5]},
								"east": {"uv": [273, 244], "uv_size": [7, 5]},
								"south": {"uv": [273, 249], "uv_size": [7, 5]},
								"west": {"uv": [273, 254], "uv_size": [7, 5]},
								"up": {"uv": [252, 0], "uv_size": [7, 7]},
								"down": {"uv": [113, 259], "uv_size": [7, -7]}
							}
						},
						{
							"origin": [-19.2618, 4.77449, 64.67058],
							"size": [7, 5, 7],
							"pivot": [-15.7618, 7.27449, 69.17058],
							"rotation": [90, 0, 90],
							"uv": {
								"north": {"uv": [273, 259], "uv_size": [7, 5]},
								"east": {"uv": [273, 264], "uv_size": [7, 5]},
								"south": {"uv": [273, 269], "uv_size": [7, 5]},
								"west": {"uv": [0, 274], "uv_size": [7, 5]},
								"up": {"uv": [120, 252], "uv_size": [7, 7]},
								"down": {"uv": [127, 259], "uv_size": [7, -7]}
							}
						},
						{
							"origin": [-19.26179, 0.56738, 62.94044],
							"size": [7, 5, 6.975],
							"pivot": [-15.76179, 3.06738, 67.42794],
							"rotation": [90, 45, 90],
							"uv": {
								"north": {"uv": [55, 274], "uv_size": [7, 5]},
								"east": {"uv": [274, 74], "uv_size": [7, 5]},
								"south": {"uv": [89, 274], "uv_size": [7, 5]},
								"west": {"uv": [274, 108], "uv_size": [7, 5]},
								"up": {"uv": [188, 252], "uv_size": [7, 7]},
								"down": {"uv": [195, 259], "uv_size": [7, -7]}
							}
						},
						{
							"origin": [-19.2618, 9.77449, 65.67058],
							"size": [7, 7, 5],
							"pivot": [-15.7618, 7.27449, 69.17058],
							"rotation": [90, 0, 90],
							"uv": {
								"north": {"uv": [202, 252], "uv_size": [7, 7]},
								"east": {"uv": [240, 273], "uv_size": [5, 7]},
								"south": {"uv": [252, 209], "uv_size": [7, 7]},
								"west": {"uv": [96, 274], "uv_size": [5, 7]},
								"up": {"uv": [154, 274], "uv_size": [7, 5]},
								"down": {"uv": [208, 279], "uv_size": [7, -5]}
							}
						},
						{
							"origin": [-19.2618, 8.98159, 62.94044],
							"size": [7, 5, 6.975],
							"pivot": [-15.7618, 11.48159, 67.42794],
							"rotation": [-90, 45, -90],
							"uv": {
								"north": {"uv": [274, 208], "uv_size": [7, 5]},
								"east": {"uv": [273, 274], "uv_size": [7, 5]},
								"south": {"uv": [101, 275], "uv_size": [7, 5]},
								"west": {"uv": [222, 275], "uv_size": [7, 5]},
								"up": {"uv": [252, 237], "uv_size": [7, 7]},
								"down": {"uv": [252, 251], "uv_size": [7, -7]}
							}
						},
						{
							"origin": [-19.2618, 8.98159, 56.52623],
							"size": [7, 5, 6.975],
							"pivot": [-15.7618, 11.48159, 59.01373],
							"rotation": [90, -45, -90],
							"uv": {
								"north": {"uv": [147, 276], "uv_size": [7, 5]},
								"east": {"uv": [276, 149], "uv_size": [7, 5]},
								"south": {"uv": [276, 154], "uv_size": [7, 5]},
								"west": {"uv": [161, 276], "uv_size": [7, 5]},
								"up": {"uv": [253, 110], "uv_size": [7, 7]},
								"down": {"uv": [0, 261], "uv_size": [7, -7]}
							}
						},
						{
							"origin": [8.35715, 10.72423, 62.66022],
							"size": [7, 5, 7],
							"pivot": [-3.92202, 16.34323, 79],
							"rotation": [0, 90, 0],
							"uv": {
								"north": {"uv": [276, 20], "uv_size": [7, 5]},
								"east": {"uv": [21, 276], "uv_size": [7, 5]},
								"south": {"uv": [28, 276], "uv_size": [7, 5]},
								"west": {"uv": [134, 276], "uv_size": [7, 5]},
								"up": {"uv": [252, 251], "uv_size": [7, 7]},
								"down": {"uv": [58, 260], "uv_size": [7, -7]}
							}
						},
						{
							"origin": [-14, 4.5, 62],
							"size": [28, 2.5, 2.5],
							"uv": {
								"north": {"uv": [231, 12], "uv_size": [28, 3]},
								"east": {"uv": [137, 195], "uv_size": [3, 3]},
								"south": {"uv": [231, 15], "uv_size": [28, 3]},
								"west": {"uv": [76, 261], "uv_size": [3, 3]},
								"up": {"uv": [231, 18], "uv_size": [28, 3]},
								"down": {"uv": [232, 77], "uv_size": [28, -3]}
							}
						}
					]
				}
			]
		}
	]
}