{
	"format_version": "1.12.0",
	"minecraft:geometry": [
		{
			"description": {
				"identifier": "geometry.mbl_roads_mixer_truck",
				"texture_width": 512,
				"texture_height": 512,
				"visible_bounds_width": 12,
				"visible_bounds_height": 5.5,
				"visible_bounds_offset": [0, 2.25, 0]
			},
			"bones": [
				{
					"name": "all",
					"pivot": [15, 11.25, 1.5]
				},
				{
					"name": "cabin",
					"parent": "all",
					"pivot": [0, 2.5, 0]
				},
				{
					"name": "cabin2",
					"parent": "cabin",
					"pivot": [0, 9.69425, -22.78292],
					"cubes": [
						{
							"origin": [-23, 7.1125, 8.4],
							"size": [7, 3, 11],
							"pivot": [-20, 8.4125, 11.4],
							"rotation": [105, 0, 0],
							"uv": {
								"north": {"uv": [172, 164], "uv_size": [7, 3]},
								"east": {"uv": [273, 229], "uv_size": [11, 3]},
								"south": {"uv": [281, 173], "uv_size": [7, 3]},
								"west": {"uv": [275, 170], "uv_size": [11, 3]},
								"up": {"uv": [240, 219], "uv_size": [7, 11]},
								"down": {"uv": [0, 252], "uv_size": [7, -11]}
							}
						},
						{
							"origin": [-24, 15.50869, -7.50381],
							"size": [8, 3, 19],
							"uv": {
								"north": {"uv": [247, 226], "uv_size": [8, 3]},
								"east": {"uv": [243, 139], "uv_size": [19, 3]},
								"south": {"uv": [255, 81], "uv_size": [8, 3]},
								"west": {"uv": [243, 142], "uv_size": [19, 3]},
								"up": {"uv": [144, 221], "uv_size": [8, 19]},
								"down": {"uv": [169, 241], "uv_size": [8, -19]}
							}
						},
						{
							"origin": [16, 7.1125, 8.4],
							"size": [7, 3, 11],
							"pivot": [20, 8.4125, 11.4],
							"rotation": [105, 0, 0],
							"uv": {
								"north": {"uv": [281, 176], "uv_size": [7, 3]},
								"east": {"uv": [276, 140], "uv_size": [11, 3]},
								"south": {"uv": [281, 179], "uv_size": [7, 3]},
								"west": {"uv": [277, 15], "uv_size": [11, 3]},
								"up": {"uv": [61, 241], "uv_size": [7, 11]},
								"down": {"uv": [68, 252], "uv_size": [7, -11]}
							}
						},
						{
							"origin": [16, 11.9125, -24.1],
							"size": [8, 3, 11],
							"pivot": [19.5, 14.9125, -12.1],
							"rotation": [90, 0, 0],
							"uv": {
								"north": {"uv": [280, 224], "uv_size": [8, 3]},
								"east": {"uv": [278, 205], "uv_size": [11, 3]},
								"south": {"uv": [281, 18], "uv_size": [8, 3]},
								"west": {"uv": [278, 268], "uv_size": [11, 3]},
								"up": {"uv": [53, 235], "uv_size": [8, 11]},
								"down": {"uv": [130, 246], "uv_size": [8, -11]}
							}
						},
						{
							"origin": [-17, 19.5, -28.5],
							"size": [34, 12, 4],
							"uv": {
								"north": {"uv": [143, 181], "uv_size": [34, 12]},
								"east": {"uv": [159, 259], "uv_size": [4, 12]},
								"south": {"uv": [185, 42], "uv_size": [34, 12]},
								"west": {"uv": [262, 222], "uv_size": [4, 12]},
								"up": {"uv": [223, 203], "uv_size": [34, 4]},
								"down": {"uv": [223, 211], "uv_size": [34, -4]}
							}
						},
						{
							"origin": [17, 42.5, -23.5],
							"size": [2, 3, 21],
							"uv": {
								"north": {"uv": [72, 252], "uv_size": [2, 3]},
								"east": {"uv": [242, 113], "uv_size": [21, 3]},
								"south": {"uv": [163, 252], "uv_size": [2, 3]},
								"west": {"uv": [243, 116], "uv_size": [21, 3]},
								"up": {"uv": [95, 223], "uv_size": [2, 21]},
								"down": {"uv": [128, 281], "uv_size": [2, -21]}
							}
						},
						{
							"origin": [-19, 42.5, -23.5],
							"size": [2, 3, 21],
							"uv": {
								"north": {"uv": [131, 253], "uv_size": [2, 3]},
								"east": {"uv": [243, 119], "uv_size": [21, 3]},
								"south": {"uv": [133, 253], "uv_size": [2, 3]},
								"west": {"uv": [243, 122], "uv_size": [21, 3]},
								"up": {"uv": [28, 261], "uv_size": [2, 21]},
								"down": {"uv": [226, 283], "uv_size": [2, -21]}
							}
						},
						{
							"origin": [-19, 19.5, -28.5],
							"size": [2, 12, 19],
							"uv": {
								"north": {"uv": [2, 281], "uv_size": [2, 12]},
								"east": {"uv": [210, 74], "uv_size": [19, 12]},
								"south": {"uv": [4, 281], "uv_size": [2, 12]},
								"west": {"uv": [169, 210], "uv_size": [19, 12]},
								"up": {"uv": [30, 263], "uv_size": [2, 19]},
								"down": {"uv": [32, 282], "uv_size": [2, -19]}
							}
						},
						{
							"origin": [17, 19.5, -28.5],
							"size": [2, 12, 19],
							"uv": {
								"north": {"uv": [281, 34], "uv_size": [2, 12]},
								"east": {"uv": [213, 139], "uv_size": [19, 12]},
								"south": {"uv": [52, 281], "uv_size": [2, 12]},
								"west": {"uv": [213, 151], "uv_size": [19, 12]},
								"up": {"uv": [34, 263], "uv_size": [2, 19]},
								"down": {"uv": [36, 282], "uv_size": [2, -19]}
							}
						},
						{
							"origin": [-19, 19.5, -9.5],
							"size": [2, 14, 14],
							"uv": {
								"north": {"uv": [10, 227], "uv_size": [2, 14]},
								"east": {"uv": [216, 10], "uv_size": [14, 14]},
								"south": {"uv": [222, 279], "uv_size": [2, 14]},
								"west": {"uv": [54, 217], "uv_size": [14, 14]},
								"up": {"uv": [224, 279], "uv_size": [2, 14]},
								"down": {"uv": [263, 293], "uv_size": [2, -14]}
							}
						},
						{
							"origin": [-18.975, 31.21241, -27.21283],
							"size": [1.95, 15, 4],
							"pivot": [-3, 38.71241, -26.21283],
							"rotation": [-10, 0, 0],
							"uv": {
								"north": {"uv": [202, 278], "uv_size": [2, 15]},
								"east": {"uv": [52, 58], "uv_size": [4, 15]},
								"south": {"uv": [7, 279], "uv_size": [2, 15]},
								"west": {"uv": [82, 208], "uv_size": [4, 15]},
								"up": {"uv": [202, 93], "uv_size": [2, 4]},
								"down": {"uv": [207, 111], "uv_size": [2, -4]}
							}
						},
						{
							"origin": [-16.975, 42.21241, -27.20033],
							"size": [33.95, 4, 2],
							"pivot": [0, 38.71241, -26.21283],
							"rotation": [-10, 0, 0],
							"uv": {
								"north": {"uv": [195, 228], "uv_size": [34, 4]},
								"east": {"uv": [213, 188], "uv_size": [2, 4]},
								"south": {"uv": [228, 211], "uv_size": [34, 4]},
								"west": {"uv": [22, 226], "uv_size": [2, 4]},
								"up": {"uv": [240, 187], "uv_size": [34, 2]},
								"down": {"uv": [241, 86], "uv_size": [34, -2]}
							}
						},
						{
							"origin": [17.025, 31.21241, -27.21283],
							"size": [1.95, 15, 4],
							"pivot": [3, 38.71241, -26.21283],
							"rotation": [-10, 0, 0],
							"uv": {
								"north": {"uv": [9, 279], "uv_size": [2, 15]},
								"east": {"uv": [12, 242], "uv_size": [4, 15]},
								"south": {"uv": [11, 279], "uv_size": [2, 15]},
								"west": {"uv": [206, 242], "uv_size": [4, 15]},
								"up": {"uv": [110, 245], "uv_size": [2, 4]},
								"down": {"uv": [238, 252], "uv_size": [2, -4]}
							}
						},
						{
							"origin": [-19, 33.5, -2.5],
							"size": [2, 12, 7],
							"uv": {
								"north": {"uv": [54, 281], "uv_size": [2, 12]},
								"east": {"uv": [138, 240], "uv_size": [7, 12]},
								"south": {"uv": [56, 281], "uv_size": [2, 12]},
								"west": {"uv": [145, 240], "uv_size": [7, 12]},
								"up": {"uv": [52, 73], "uv_size": [2, 7]},
								"down": {"uv": [54, 80], "uv_size": [2, -7]}
							}
						},
						{
							"origin": [-19, 33.5, -9.5],
							"size": [2, 9, 2],
							"uv": {
								"north": {"uv": [157, 32], "uv_size": [2, 9]},
								"east": {"uv": [30, 247], "uv_size": [2, 9]},
								"south": {"uv": [154, 281], "uv_size": [2, 9]},
								"west": {"uv": [156, 281], "uv_size": [2, 9]},
								"up": {"uv": [216, 54], "uv_size": [2, 2]},
								"down": {"uv": [219, 31], "uv_size": [2, -2]}
							}
						},
						{
							"origin": [17, 33.5, -9.5],
							"size": [2, 9, 2],
							"uv": {
								"north": {"uv": [35, 282], "uv_size": [2, 9]},
								"east": {"uv": [104, 282], "uv_size": [2, 9]},
								"south": {"uv": [124, 282], "uv_size": [2, 9]},
								"west": {"uv": [218, 282], "uv_size": [2, 9]},
								"up": {"uv": [221, 29], "uv_size": [2, 2]},
								"down": {"uv": [223, 213], "uv_size": [2, -2]}
							}
						},
						{
							"origin": [17, 33.5, -2.5],
							"size": [2, 12, 7],
							"uv": {
								"north": {"uv": [58, 281], "uv_size": [2, 12]},
								"east": {"uv": [152, 240], "uv_size": [7, 12]},
								"south": {"uv": [60, 281], "uv_size": [2, 12]},
								"west": {"uv": [159, 240], "uv_size": [7, 12]},
								"up": {"uv": [177, 181], "uv_size": [2, 7]},
								"down": {"uv": [204, 256], "uv_size": [2, -7]}
							}
						},
						{
							"origin": [17, 19.5, -9.5],
							"size": [2, 14, 14],
							"uv": {
								"north": {"uv": [265, 279], "uv_size": [2, 14]},
								"east": {"uv": [68, 217], "uv_size": [14, 14]},
								"south": {"uv": [267, 279], "uv_size": [2, 14]},
								"west": {"uv": [219, 42], "uv_size": [14, 14]},
								"up": {"uv": [280, 247], "uv_size": [2, 14]},
								"down": {"uv": [0, 295], "uv_size": [2, -14]}
							}
						},
						{
							"origin": [-11, 22, 11.5],
							"size": [22, 14, 11],
							"uv": {
								"north": {"uv": [200, 125], "uv_size": [22, 14]},
								"east": {"uv": [84, 153], "uv_size": [11, 14]},
								"south": {"uv": [201, 199], "uv_size": [22, 14]},
								"west": {"uv": [112, 219], "uv_size": [11, 14]},
								"up": {"uv": [98, 208], "uv_size": [22, 11]},
								"down": {"uv": [209, 118], "uv_size": [22, -11]}
							}
						},
						{
							"origin": [-18, 4, 12.5],
							"size": [36, 14, 10],
							"uv": {
								"north": {"uv": [143, 167], "uv_size": [36, 14]},
								"east": {"uv": [0, 227], "uv_size": [10, 14]},
								"south": {"uv": [168, 99], "uv_size": [36, 14]},
								"west": {"uv": [185, 228], "uv_size": [10, 14]},
								"up": {"uv": [123, 193], "uv_size": [36, 10]},
								"down": {"uv": [195, 10], "uv_size": [36, -10]}
							}
						},
						{
							"origin": [-16, 5.5, -23.5],
							"size": [32, 11, 36],
							"uv": {
								"north": {"uv": [54, 197], "uv_size": [32, 11]},
								"east": {"uv": [63, 186], "uv_size": [36, 11]},
								"south": {"uv": [169, 199], "uv_size": [32, 11]},
								"west": {"uv": [177, 188], "uv_size": [36, 11]},
								"up": {"uv": [95, 41], "uv_size": [32, 36]},
								"down": {"uv": [0, 134], "uv_size": [32, -36]}
							}
						},
						{
							"origin": [-19, 19.5, 4.5],
							"size": [38, 26, 7],
							"uv": {
								"north": {"uv": [96, 141], "uv_size": [38, 26]},
								"east": {"uv": [98, 219], "uv_size": [7, 26]},
								"south": {"uv": [134, 141], "uv_size": [38, 26]},
								"west": {"uv": [105, 219], "uv_size": [7, 26]},
								"up": {"uv": [204, 93], "uv_size": [38, 7]},
								"down": {"uv": [204, 107], "uv_size": [38, -7]}
							}
						},
						{
							"origin": [20.5, 45.66182, 6.58424],
							"size": [3, 3, 3],
							"pivot": [0, 49.66182, 12.58424],
							"rotation": [45, 0, 0],
							"uv": {
								"north": {"uv": [225, 232], "uv_size": [3, 3]},
								"east": {"uv": [138, 235], "uv_size": [3, 3]},
								"south": {"uv": [16, 242], "uv_size": [3, 3]},
								"west": {"uv": [58, 246], "uv_size": [3, 3]},
								"up": {"uv": [135, 246], "uv_size": [3, 3]},
								"down": {"uv": [246, 138], "uv_size": [3, -3]}
							}
						},
						{
							"origin": [-20.5, 43.66182, 4.58424],
							"size": [41, 12, 12],
							"pivot": [0, 49.66182, 12.58424],
							"rotation": [45, 0, 0],
							"uv": {
								"north": {"uv": [161, 19], "uv_size": [41, 12]},
								"east": {"uv": [223, 29], "uv_size": [12, 12]},
								"south": {"uv": [168, 113], "uv_size": [41, 12]},
								"west": {"uv": [130, 223], "uv_size": [12, 12]},
								"up": {"uv": [172, 140], "uv_size": [41, 12]},
								"down": {"uv": [172, 164], "uv_size": [41, -12]}
							}
						},
						{
							"origin": [-19.5, 45.5, -28],
							"size": [39, 3, 39.5],
							"uv": {
								"north": {"uv": [230, 19], "uv_size": [39, 3]},
								"east": {"uv": [229, 190], "uv_size": [40, 3]},
								"south": {"uv": [231, 0], "uv_size": [39, 3]},
								"west": {"uv": [230, 10], "uv_size": [40, 3]},
								"up": {"uv": [56, 0], "uv_size": [39, 40]},
								"down": {"uv": [56, 80], "uv_size": [39, -40]}
							}
						},
						{
							"origin": [-18, 7.5, -23.5],
							"size": [36, 2, 11.5],
							"uv": {
								"north": {"uv": [217, 65], "uv_size": [36, 2]},
								"east": {"uv": [241, 172], "uv_size": [12, 2]},
								"south": {"uv": [230, 22], "uv_size": [36, 2]},
								"west": {"uv": [247, 197], "uv_size": [12, 2]},
								"up": {"uv": [179, 164], "uv_size": [36, 12]},
								"down": {"uv": [179, 188], "uv_size": [36, -12]}
							}
						},
						{
							"origin": [-18, 12, -23.5],
							"size": [36, 2, 12.5],
							"uv": {
								"north": {"uv": [233, 54], "uv_size": [36, 2]},
								"east": {"uv": [38, 78], "uv_size": [13, 2]},
								"south": {"uv": [235, 39], "uv_size": [36, 2]},
								"west": {"uv": [63, 184], "uv_size": [13, 2]},
								"up": {"uv": [174, 67], "uv_size": [36, 13]},
								"down": {"uv": [174, 93], "uv_size": [36, -13]}
							}
						},
						{
							"origin": [-18, 15.5, -27.5],
							"size": [36, 1, 4],
							"uv": {
								"north": {"uv": [231, 9], "uv_size": [36, 1]},
								"east": {"uv": [64, 120], "uv_size": [4, 1]},
								"south": {"uv": [240, 189], "uv_size": [36, 1]},
								"west": {"uv": [68, 120], "uv_size": [4, 1]},
								"up": {"uv": [217, 61], "uv_size": [36, 4]},
								"down": {"uv": [223, 203], "uv_size": [36, -4]}
							}
						},
						{
							"origin": [-19, 4.5, -28.5],
							"size": [38, 11, 5],
							"uv": {
								"north": {"uv": [25, 184], "uv_size": [38, 11]},
								"east": {"uv": [164, 229], "uv_size": [5, 11]},
								"south": {"uv": [185, 31], "uv_size": [38, 11]},
								"west": {"uv": [33, 245], "uv_size": [5, 11]},
								"up": {"uv": [216, 24], "uv_size": [38, 5]},
								"down": {"uv": [217, 61], "uv_size": [38, -5]}
							}
						},
						{
							"origin": [-19, 16.5, -28.5],
							"size": [38, 3, 40],
							"uv": {
								"north": {"uv": [231, 3], "uv_size": [38, 3]},
								"east": {"uv": [230, 13], "uv_size": [40, 3]},
								"south": {"uv": [231, 6], "uv_size": [38, 3]},
								"west": {"uv": [230, 16], "uv_size": [40, 3]},
								"up": {"uv": [0, 58], "uv_size": [38, 40]},
								"down": {"uv": [38, 120], "uv_size": [38, -40]}
							}
						},
						{
							"origin": [-24, 11.9125, -24.1],
							"size": [8, 3, 11],
							"pivot": [-19.5, 14.9125, -12.1],
							"rotation": [90, 0, 0],
							"uv": {
								"north": {"uv": [281, 21], "uv_size": [8, 3]},
								"east": {"uv": [278, 271], "uv_size": [11, 3]},
								"south": {"uv": [281, 24], "uv_size": [8, 3]},
								"west": {"uv": [278, 274], "uv_size": [11, 3]},
								"up": {"uv": [225, 237], "uv_size": [8, 11]},
								"down": {"uv": [233, 248], "uv_size": [8, -11]}
							}
						},
						{
							"origin": [-24.0125, 20.81199, -16.20051],
							"size": [8.0125, 3, 6.5],
							"pivot": [-19.5, 23.81199, -2.20051],
							"rotation": [45, 0, 0],
							"uv": {
								"north": {"uv": [281, 46], "uv_size": [8, 3]},
								"east": {"uv": [281, 182], "uv_size": [7, 3]},
								"south": {"uv": [281, 49], "uv_size": [8, 3]},
								"west": {"uv": [281, 185], "uv_size": [7, 3]},
								"up": {"uv": [112, 243], "uv_size": [8, 7]},
								"down": {"uv": [244, 74], "uv_size": [8, -7]}
							}
						},
						{
							"origin": [16, 15.50869, -7.50381],
							"size": [8, 3, 19],
							"uv": {
								"north": {"uv": [281, 52], "uv_size": [8, 3]},
								"east": {"uv": [243, 145], "uv_size": [19, 3]},
								"south": {"uv": [128, 281], "uv_size": [8, 3]},
								"west": {"uv": [243, 148], "uv_size": [19, 3]},
								"up": {"uv": [177, 222], "uv_size": [8, 19]},
								"down": {"uv": [82, 242], "uv_size": [8, -19]}
							}
						},
						{
							"origin": [16, 20.81199, -16.20051],
							"size": [8.0125, 3, 6.5],
							"pivot": [19.5, 23.81199, -2.20051],
							"rotation": [45, 0, 0],
							"uv": {
								"north": {"uv": [136, 281], "uv_size": [8, 3]},
								"east": {"uv": [228, 281], "uv_size": [7, 3]},
								"south": {"uv": [144, 281], "uv_size": [8, 3]},
								"west": {"uv": [28, 282], "uv_size": [7, 3]},
								"up": {"uv": [120, 244], "uv_size": [8, 7]},
								"down": {"uv": [245, 36], "uv_size": [8, -7]}
							}
						},
						{
							"origin": [-25.64271, 32.12139, -26.44699],
							"size": [5, 10, 2],
							"pivot": [-19.14271, 37.49639, -25.44699],
							"rotation": [-10.15108, 9.84655, -1.75378],
							"uv": {
								"north": {"uv": [100, 245], "uv_size": [5, 10]},
								"east": {"uv": [120, 208], "uv_size": [2, 10]},
								"south": {"uv": [105, 245], "uv_size": [5, 10]},
								"west": {"uv": [62, 281], "uv_size": [2, 10]},
								"up": {"uv": [76, 184], "uv_size": [5, 2]},
								"down": {"uv": [195, 19], "uv_size": [5, -2]}
							}
						},
						{
							"origin": [18.64271, 29.55889, -25.44699],
							"size": [5, 15, 0],
							"pivot": [19.14271, 37.23389, -25.44699],
							"rotation": [-10.15108, -9.84655, 1.75378],
							"uv": {
								"north": {"uv": [7, 241], "uv_size": [5, 15]},
								"east": {"uv": [0, 0], "uv_size": [0, 15]},
								"south": {"uv": [75, 241], "uv_size": [5, 15]},
								"west": {"uv": [0, 0], "uv_size": [0, 15]},
								"up": {"uv": [0, 0], "uv_size": [5, 0]},
								"down": {"uv": [0, 0], "uv_size": [5, 0]}
							}
						},
						{
							"origin": [-23.64271, 29.55889, -25.44699],
							"size": [5, 15, 0],
							"pivot": [-19.14271, 37.23389, -25.44699],
							"rotation": [-10.15108, 9.84655, -1.75378],
							"uv": {
								"north": {"uv": [166, 241], "uv_size": [5, 15]},
								"east": {"uv": [0, 0], "uv_size": [0, 15]},
								"south": {"uv": [171, 241], "uv_size": [5, 15]},
								"west": {"uv": [0, 0], "uv_size": [0, 15]},
								"up": {"uv": [0, 0], "uv_size": [5, 0]},
								"down": {"uv": [0, 0], "uv_size": [5, 0]}
							}
						},
						{
							"origin": [20.64271, 32.12139, -26.44699],
							"size": [5, 10, 2],
							"pivot": [19.14271, 37.49639, -25.44699],
							"rotation": [-10.15108, -9.84655, 1.75378],
							"uv": {
								"north": {"uv": [53, 246], "uv_size": [5, 10]},
								"east": {"uv": [64, 281], "uv_size": [2, 10]},
								"south": {"uv": [246, 125], "uv_size": [5, 10]},
								"west": {"uv": [152, 281], "uv_size": [2, 10]},
								"up": {"uv": [54, 195], "uv_size": [5, 2]},
								"down": {"uv": [204, 113], "uv_size": [5, -2]}
							}
						}
					]
				},
				{
					"name": "deco",
					"parent": "cabin2",
					"pivot": [12, 14.75, -4],
					"cubes": [
						{
							"origin": [-1, 20, -23],
							"size": [2, 17, 2],
							"pivot": [5.5, 27, -25],
							"rotation": [-20, 0, 0],
							"uv": {
								"north": {"uv": [156, 203], "uv_size": [2, 17]},
								"east": {"uv": [142, 223], "uv_size": [2, 17]},
								"south": {"uv": [126, 272], "uv_size": [2, 17]},
								"west": {"uv": [200, 278], "uv_size": [2, 17]},
								"up": {"uv": [200, 17], "uv_size": [2, 2]},
								"down": {"uv": [202, 99], "uv_size": [2, -2]}
							}
						},
						{
							"origin": [6, 18.86513, -24.68462],
							"size": [3, 3, 2],
							"pivot": [8, 21.36513, -23.68462],
							"rotation": [32.5, 0, 0],
							"uv": {
								"north": {"uv": [213, 54], "uv_size": [3, 3]},
								"east": {"uv": [36, 117], "uv_size": [2, 3]},
								"south": {"uv": [185, 222], "uv_size": [3, 3]},
								"west": {"uv": [58, 249], "uv_size": [2, 3]},
								"up": {"uv": [81, 184], "uv_size": [3, 2]},
								"down": {"uv": [59, 197], "uv_size": [3, -2]}
							}
						},
						{
							"origin": [10, 18.86513, -24.68462],
							"size": [3, 3, 2],
							"pivot": [8, 21.36513, -23.68462],
							"rotation": [32.5, 0, 0],
							"uv": {
								"north": {"uv": [185, 225], "uv_size": [3, 3]},
								"east": {"uv": [135, 249], "uv_size": [2, 3]},
								"south": {"uv": [19, 226], "uv_size": [3, 3]},
								"west": {"uv": [249, 135], "uv_size": [2, 3]},
								"up": {"uv": [196, 129], "uv_size": [3, 2]},
								"down": {"uv": [216, 31], "uv_size": [3, -2]}
							}
						},
						{
							"origin": [1, 18.5, -13.5],
							"size": [14, 5, 15],
							"uv": {
								"north": {"uv": [241, 79], "uv_size": [14, 5]},
								"east": {"uv": [159, 67], "uv_size": [15, 5]},
								"south": {"uv": [241, 162], "uv_size": [14, 5]},
								"west": {"uv": [99, 186], "uv_size": [15, 5]},
								"up": {"uv": [200, 213], "uv_size": [14, 15]},
								"down": {"uv": [214, 228], "uv_size": [14, -15]}
							}
						},
						{
							"origin": [0.9625, 24.69261, -7.91368],
							"size": [14.075, 4, 20],
							"pivot": [3, 26.69261, 0.56132],
							"rotation": [82.5, 0, 0],
							"uv": {
								"north": {"uv": [127, 73], "uv_size": [14, 4]},
								"east": {"uv": [233, 50], "uv_size": [20, 4]},
								"south": {"uv": [210, 242], "uv_size": [14, 4]},
								"west": {"uv": [240, 179], "uv_size": [20, 4]},
								"up": {"uv": [38, 58], "uv_size": [14, 20]},
								"down": {"uv": [96, 141], "uv_size": [14, -20]}
							}
						},
						{
							"origin": [2.4625, 35.99369, -3.03534],
							"size": [11.075, 4, 9.5],
							"pivot": [3, 37.99369, 1.71466],
							"rotation": [90.70589, 0, 0],
							"uv": {
								"north": {"uv": [247, 193], "uv_size": [11, 4]},
								"east": {"uv": [262, 146], "uv_size": [10, 4]},
								"south": {"uv": [253, 50], "uv_size": [11, 4]},
								"west": {"uv": [262, 210], "uv_size": [10, 4]},
								"up": {"uv": [61, 231], "uv_size": [11, 10]},
								"down": {"uv": [231, 117], "uv_size": [11, -10]}
							}
						},
						{
							"origin": [-13.5375, 35.99369, -3.03534],
							"size": [11.075, 4, 9.5],
							"pivot": [-3, 37.99369, 1.71466],
							"rotation": [90.70589, 0, 0],
							"uv": {
								"north": {"uv": [259, 70], "uv_size": [11, 4]},
								"east": {"uv": [228, 262], "uv_size": [10, 4]},
								"south": {"uv": [262, 86], "uv_size": [11, 4]},
								"west": {"uv": [262, 234], "uv_size": [10, 4]},
								"up": {"uv": [232, 139], "uv_size": [11, 10]},
								"down": {"uv": [232, 159], "uv_size": [11, -10]}
							}
						},
						{
							"origin": [-15.0375, 24.69261, -7.91368],
							"size": [14.075, 4, 20],
							"pivot": [-3, 26.69261, 0.56132],
							"rotation": [82.5, 0, 0],
							"uv": {
								"north": {"uv": [243, 151], "uv_size": [14, 4]},
								"east": {"uv": [240, 183], "uv_size": [20, 4]},
								"south": {"uv": [243, 155], "uv_size": [14, 4]},
								"west": {"uv": [240, 215], "uv_size": [20, 4]},
								"up": {"uv": [202, 10], "uv_size": [14, 20]},
								"down": {"uv": [130, 223], "uv_size": [14, -20]}
							}
						},
						{
							"origin": [-15, 18.5, -13.5],
							"size": [14, 5, 15],
							"uv": {
								"north": {"uv": [241, 167], "uv_size": [14, 5]},
								"east": {"uv": [240, 230], "uv_size": [15, 5]},
								"south": {"uv": [241, 235], "uv_size": [14, 5]},
								"west": {"uv": [241, 74], "uv_size": [15, 5]},
								"up": {"uv": [215, 163], "uv_size": [14, 15]},
								"down": {"uv": [215, 193], "uv_size": [14, -15]}
							}
						}
					]
				},
				{
					"name": "steering_wheel",
					"parent": "deco",
					"pivot": [8, 30.5, -20],
					"cubes": [
						{
							"origin": [2.5, 24.61736, -19.88598],
							"size": [11, 11, 0],
							"pivot": [5.5, 29, -22.9],
							"rotation": [10, 0, 0],
							"uv": {
								"north": {"uv": [229, 179], "uv_size": [11, 11]},
								"east": {"uv": [0, 0], "uv_size": [0, 11]},
								"south": {"uv": [229, 226], "uv_size": [11, 11]},
								"west": {"uv": [0, 0], "uv_size": [0, 11]},
								"up": {"uv": [0, 0], "uv_size": [11, 0]},
								"down": {"uv": [0, 0], "uv_size": [11, 0]}
							}
						},
						{
							"origin": [6.5, 28.6, -24],
							"size": [3, 3, 4],
							"pivot": [5.5, 29, -23],
							"rotation": [10, 0, 0],
							"uv": {
								"north": {"uv": [107, 77], "uv_size": [3, 3]},
								"east": {"uv": [32, 117], "uv_size": [4, 3]},
								"south": {"uv": [114, 189], "uv_size": [3, 3]},
								"west": {"uv": [114, 186], "uv_size": [4, 3]},
								"up": {"uv": [196, 125], "uv_size": [3, 4]},
								"down": {"uv": [204, 111], "uv_size": [3, -4]}
							}
						}
					]
				},
				{
					"name": "forward_wheels",
					"parent": "cabin2",
					"pivot": [0, 6.27449, 0.21525],
					"cubes": [
						{
							"origin": [15.2618, 7.98159, -0.05956],
							"size": [7, 5, 6.975],
							"pivot": [18.7618, 10.48159, 4.42794],
							"rotation": [-90, -45, 90],
							"uv": {
								"north": {"uv": [25, 179], "uv_size": [7, 5]},
								"east": {"uv": [169, 193], "uv_size": [7, 5]},
								"south": {"uv": [262, 247], "uv_size": [7, 5]},
								"west": {"uv": [38, 263], "uv_size": [7, 5]},
								"up": {"uv": [195, 10], "uv_size": [7, 7]},
								"down": {"uv": [152, 228], "uv_size": [7, -7]}
							}
						},
						{
							"origin": [15.2618, 3.77449, 1.67058],
							"size": [7, 5, 7],
							"pivot": [18.7618, 6.27449, 6.17058],
							"rotation": [90, 0, -90],
							"uv": {
								"north": {"uv": [45, 263], "uv_size": [7, 5]},
								"east": {"uv": [72, 263], "uv_size": [7, 5]},
								"south": {"uv": [263, 74], "uv_size": [7, 5]},
								"west": {"uv": [79, 263], "uv_size": [7, 5]},
								"up": {"uv": [128, 246], "uv_size": [7, 7]},
								"down": {"uv": [210, 253], "uv_size": [7, -7]}
							}
						},
						{
							"origin": [15.2618, 8.77449, 2.67058],
							"size": [7, 7, 5],
							"pivot": [18.7618, 6.27449, 6.17058],
							"rotation": [90, 0, -90],
							"uv": {
								"north": {"uv": [217, 246], "uv_size": [7, 7]},
								"east": {"uv": [52, 263], "uv_size": [5, 7]},
								"south": {"uv": [16, 247], "uv_size": [7, 7]},
								"west": {"uv": [86, 263], "uv_size": [5, 7]},
								"up": {"uv": [263, 79], "uv_size": [7, 5]},
								"down": {"uv": [91, 268], "uv_size": [7, -5]}
							}
						},
						{
							"origin": [15.2618, 7.98159, -6.47377],
							"size": [7, 5, 6.975],
							"pivot": [18.7618, 10.48159, -3.98627],
							"rotation": [90, 45, 90],
							"uv": {
								"north": {"uv": [163, 263], "uv_size": [7, 5]},
								"east": {"uv": [170, 263], "uv_size": [7, 5]},
								"south": {"uv": [177, 263], "uv_size": [7, 5]},
								"west": {"uv": [184, 263], "uv_size": [7, 5]},
								"up": {"uv": [23, 247], "uv_size": [7, 7]},
								"down": {"uv": [247, 226], "uv_size": [7, -7]}
							}
						},
						{
							"origin": [-12.35715, 9.72423, -0.33978],
							"size": [7, 5, 7],
							"pivot": [6.92202, 15.34323, 16],
							"rotation": [0, -90, 0],
							"uv": {
								"north": {"uv": [191, 263], "uv_size": [7, 5]},
								"east": {"uv": [198, 263], "uv_size": [7, 5]},
								"south": {"uv": [7, 264], "uv_size": [7, 5]},
								"west": {"uv": [107, 264], "uv_size": [7, 5]},
								"up": {"uv": [241, 247], "uv_size": [7, 7]},
								"down": {"uv": [224, 255], "uv_size": [7, -7]}
							}
						},
						{
							"origin": [15.2618, 3.77449, -10.22891],
							"size": [7, 5, 7],
							"pivot": [18.7618, 6.27449, -5.72891],
							"rotation": [90, 0, -90],
							"uv": {
								"north": {"uv": [264, 113], "uv_size": [7, 5]},
								"east": {"uv": [264, 118], "uv_size": [7, 5]},
								"south": {"uv": [264, 150], "uv_size": [7, 5]},
								"west": {"uv": [264, 200], "uv_size": [7, 5]},
								"up": {"uv": [231, 248], "uv_size": [7, 7]},
								"down": {"uv": [248, 254], "uv_size": [7, -7]}
							}
						},
						{
							"origin": [15.26179, -0.43262, -6.47377],
							"size": [7, 5, 6.975],
							"pivot": [18.76179, 2.06738, -3.98627],
							"rotation": [-90, 45, -90],
							"uv": {
								"north": {"uv": [264, 205], "uv_size": [7, 5]},
								"east": {"uv": [114, 265], "uv_size": [7, 5]},
								"south": {"uv": [265, 123], "uv_size": [7, 5]},
								"west": {"uv": [265, 128], "uv_size": [7, 5]},
								"up": {"uv": [80, 249], "uv_size": [7, 7]},
								"down": {"uv": [87, 256], "uv_size": [7, -7]}
							}
						},
						{
							"origin": [-12.35715, -2.17526, -0.33978],
							"size": [7, 5, 7],
							"pivot": [6.92201, -2.79426, 16],
							"rotation": [0, -90, 0],
							"uv": {
								"north": {"uv": [265, 133], "uv_size": [7, 5]},
								"east": {"uv": [265, 238], "uv_size": [7, 5]},
								"south": {"uv": [0, 266], "uv_size": [7, 5]},
								"west": {"uv": [57, 266], "uv_size": [7, 5]},
								"up": {"uv": [176, 249], "uv_size": [7, 7]},
								"down": {"uv": [183, 256], "uv_size": [7, -7]}
							}
						},
						{
							"origin": [15.26179, -0.43262, -0.05956],
							"size": [7, 5, 6.975],
							"pivot": [18.76179, 2.06738, 4.42794],
							"rotation": [90, -45, -90],
							"uv": {
								"north": {"uv": [266, 63], "uv_size": [7, 5]},
								"east": {"uv": [64, 266], "uv_size": [7, 5]},
								"south": {"uv": [266, 90], "uv_size": [7, 5]},
								"west": {"uv": [266, 95], "uv_size": [7, 5]},
								"up": {"uv": [190, 249], "uv_size": [7, 7]},
								"down": {"uv": [197, 256], "uv_size": [7, -7]}
							}
						},
						{
							"origin": [-22.2618, 3.77449, -10.22891],
							"size": [7, 5, 7],
							"pivot": [-18.7618, 6.27449, -5.72891],
							"rotation": [90, 0, 90],
							"uv": {
								"north": {"uv": [266, 100], "uv_size": [7, 5]},
								"east": {"uv": [266, 105], "uv_size": [7, 5]},
								"south": {"uv": [130, 266], "uv_size": [7, 5]},
								"west": {"uv": [137, 266], "uv_size": [7, 5]},
								"up": {"uv": [110, 250], "uv_size": [7, 7]},
								"down": {"uv": [117, 258], "uv_size": [7, -7]}
							}
						},
						{
							"origin": [-22.26179, -0.43262, -6.47377],
							"size": [7, 5, 6.975],
							"pivot": [-18.76179, 2.06738, -3.98627],
							"rotation": [-90, -45, 90],
							"uv": {
								"north": {"uv": [144, 266], "uv_size": [7, 5]},
								"east": {"uv": [151, 266], "uv_size": [7, 5]},
								"south": {"uv": [266, 193], "uv_size": [7, 5]},
								"west": {"uv": [266, 222], "uv_size": [7, 5]},
								"up": {"uv": [251, 125], "uv_size": [7, 7]},
								"down": {"uv": [251, 139], "uv_size": [7, -7]}
							}
						},
						{
							"origin": [5.35715, -2.17526, -0.33978],
							"size": [7, 5, 7],
							"pivot": [-6.92201, -2.79426, 16],
							"rotation": [0, 90, 0],
							"uv": {
								"north": {"uv": [266, 227], "uv_size": [7, 5]},
								"east": {"uv": [228, 266], "uv_size": [7, 5]},
								"south": {"uv": [266, 252], "uv_size": [7, 5]},
								"west": {"uv": [266, 257], "uv_size": [7, 5]},
								"up": {"uv": [251, 240], "uv_size": [7, 7]},
								"down": {"uv": [0, 259], "uv_size": [7, -7]}
							}
						},
						{
							"origin": [-22.2618, 3.77449, 1.67058],
							"size": [7, 5, 7],
							"pivot": [-18.7618, 6.27449, 6.17058],
							"rotation": [90, 0, 90],
							"uv": {
								"north": {"uv": [266, 262], "uv_size": [7, 5]},
								"east": {"uv": [267, 22], "uv_size": [7, 5]},
								"south": {"uv": [267, 27], "uv_size": [7, 5]},
								"west": {"uv": [267, 32], "uv_size": [7, 5]},
								"up": {"uv": [58, 252], "uv_size": [7, 7]},
								"down": {"uv": [65, 259], "uv_size": [7, -7]}
							}
						},
						{
							"origin": [-22.26179, -0.43262, -0.05956],
							"size": [7, 5, 6.975],
							"pivot": [-18.76179, 2.06738, 4.42794],
							"rotation": [90, 45, 90],
							"uv": {
								"north": {"uv": [121, 267], "uv_size": [7, 5]},
								"east": {"uv": [267, 176], "uv_size": [7, 5]},
								"south": {"uv": [267, 181], "uv_size": [7, 5]},
								"west": {"uv": [205, 267], "uv_size": [7, 5]},
								"up": {"uv": [252, 67], "uv_size": [7, 7]},
								"down": {"uv": [252, 99], "uv_size": [7, -7]}
							}
						},
						{
							"origin": [-22.2618, 8.77449, 2.67058],
							"size": [7, 7, 5],
							"pivot": [-18.7618, 6.27449, 6.17058],
							"rotation": [90, 0, 90],
							"uv": {
								"north": {"uv": [252, 99], "uv_size": [7, 7]},
								"east": {"uv": [212, 267], "uv_size": [5, 7]},
								"south": {"uv": [252, 106], "uv_size": [7, 7]},
								"west": {"uv": [266, 267], "uv_size": [5, 7]},
								"up": {"uv": [14, 268], "uv_size": [7, 5]},
								"down": {"uv": [21, 273], "uv_size": [7, -5]}
							}
						},
						{
							"origin": [-22.2618, 7.98159, -0.05956],
							"size": [7, 5, 6.975],
							"pivot": [-18.7618, 10.48159, 4.42794],
							"rotation": [-90, 45, -90],
							"uv": {
								"north": {"uv": [38, 268], "uv_size": [7, 5]},
								"east": {"uv": [45, 268], "uv_size": [7, 5]},
								"south": {"uv": [71, 268], "uv_size": [7, 5]},
								"west": {"uv": [78, 268], "uv_size": [7, 5]},
								"up": {"uv": [135, 252], "uv_size": [7, 7]},
								"down": {"uv": [142, 259], "uv_size": [7, -7]}
							}
						},
						{
							"origin": [-22.2618, 7.98159, -6.47377],
							"size": [7, 5, 6.975],
							"pivot": [-18.7618, 10.48159, -3.98627],
							"rotation": [90, -45, -90],
							"uv": {
								"north": {"uv": [91, 268], "uv_size": [7, 5]},
								"east": {"uv": [268, 155], "uv_size": [7, 5]},
								"south": {"uv": [163, 268], "uv_size": [7, 5]},
								"west": {"uv": [268, 169], "uv_size": [7, 5]},
								"up": {"uv": [149, 252], "uv_size": [7, 7]},
								"down": {"uv": [156, 259], "uv_size": [7, -7]}
							}
						},
						{
							"origin": [5.35715, 9.72423, -0.33978],
							"size": [7, 5, 7],
							"pivot": [-6.92202, 15.34323, 16],
							"rotation": [0, 90, 0],
							"uv": {
								"north": {"uv": [170, 268], "uv_size": [7, 5]},
								"east": {"uv": [177, 268], "uv_size": [7, 5]},
								"south": {"uv": [184, 268], "uv_size": [7, 5]},
								"west": {"uv": [191, 268], "uv_size": [7, 5]},
								"up": {"uv": [253, 29], "uv_size": [7, 7]},
								"down": {"uv": [124, 260], "uv_size": [7, -7]}
							}
						}
					]
				},
				{
					"name": "back",
					"parent": "all",
					"pivot": [0, -1, 19.5],
					"cubes": [
						{
							"origin": [-14, 6.5, 22.5],
							"size": [28, 9, 58],
							"uv": {
								"north": {"uv": [129, 32], "uv_size": [28, 9]},
								"east": {"uv": [142, 131], "uv_size": [58, 9]},
								"south": {"uv": [54, 208], "uv_size": [28, 9]},
								"west": {"uv": [159, 58], "uv_size": [58, 9]},
								"up": {"uv": [0, 0], "uv_size": [28, 58]},
								"down": {"uv": [28, 58], "uv_size": [28, -58]}
							}
						},
						{
							"origin": [-16, 21.5, 19],
							"size": [32, 32, 32],
							"pivot": [0, 41, 52.25],
							"rotation": [12.5, 0, 0],
							"uv": {
								"north": {"uv": [110, 77], "uv_size": [32, 32]},
								"east": {"uv": [110, 109], "uv_size": [32, 32]},
								"south": {"uv": [32, 120], "uv_size": [32, 32]},
								"west": {"uv": [64, 121], "uv_size": [32, 32]},
								"up": {"uv": [127, 41], "uv_size": [32, 32]},
								"down": {"uv": [129, 32], "uv_size": [32, -32]}
							}
						},
						{
							"origin": [-12.5, 25, 14],
							"size": [25, 25, 5],
							"pivot": [0, 41, 52.25],
							"rotation": [12.5, 0, 0],
							"uv": {
								"north": {"uv": [0, 160], "uv_size": [25, 25]},
								"east": {"uv": [19, 201], "uv_size": [5, 25]},
								"south": {"uv": [118, 167], "uv_size": [25, 25]},
								"west": {"uv": [90, 223], "uv_size": [5, 25]},
								"up": {"uv": [58, 179], "uv_size": [25, 5]},
								"down": {"uv": [229, 179], "uv_size": [25, -5]}
							}
						},
						{
							"origin": [-13, 24.5, 51],
							"size": [26, 26, 32],
							"pivot": [0, 41, 52.25],
							"rotation": [12.5, 0, 0],
							"uv": {
								"north": {"uv": [58, 153], "uv_size": [26, 26]},
								"east": {"uv": [0, 134], "uv_size": [32, 26]},
								"south": {"uv": [159, 32], "uv_size": [26, 26]},
								"west": {"uv": [142, 73], "uv_size": [32, 26]},
								"up": {"uv": [142, 99], "uv_size": [26, 32]},
								"down": {"uv": [32, 184], "uv_size": [26, -32]}
							}
						},
						{
							"origin": [-17, 15.36293, 61.8405],
							"size": [34, 41, 7],
							"pivot": [0, 38.76293, 69.3405],
							"rotation": [-5, 0, 0],
							"uv": {
								"north": {"uv": [76, 80], "uv_size": [34, 41]},
								"east": {"uv": [12, 201], "uv_size": [7, 41]},
								"south": {"uv": [95, 0], "uv_size": [34, 41]},
								"west": {"uv": [123, 203], "uv_size": [7, 41]},
								"up": {"uv": [209, 118], "uv_size": [34, 7]},
								"down": {"uv": [210, 74], "uv_size": [34, -7]}
							}
						},
						{
							"origin": [-12, 14.76387, 61.06111],
							"size": [24, 16, 7],
							"pivot": [0, 35.26387, 76.06111],
							"rotation": [22.5, 0, 0],
							"uv": {
								"north": {"uv": [0, 185], "uv_size": [24, 16]},
								"east": {"uv": [19, 231], "uv_size": [7, 16]},
								"south": {"uv": [99, 192], "uv_size": [24, 16]},
								"west": {"uv": [26, 231], "uv_size": [7, 16]},
								"up": {"uv": [222, 125], "uv_size": [24, 7]},
								"down": {"uv": [222, 139], "uv_size": [24, -7]}
							}
						},
						{
							"origin": [-16.975, 15.68997, 62.97728],
							"size": [33.95, 19.3875, 6],
							"pivot": [0, 38.21497, 65.27728],
							"rotation": [-25, 0, 0],
							"uv": {
								"north": {"uv": [161, 0], "uv_size": [34, 19]},
								"east": {"uv": [32, 98], "uv_size": [6, 19]},
								"south": {"uv": [84, 167], "uv_size": [34, 19]},
								"west": {"uv": [25, 160], "uv_size": [6, 19]},
								"up": {"uv": [210, 86], "uv_size": [34, 6]},
								"down": {"uv": [213, 199], "uv_size": [34, -6]}
							}
						},
						{
							"origin": [-13.975, 11.07747, 62.97728],
							"size": [27.95, 4, 6],
							"pivot": [0, 38.21497, 65.27728],
							"rotation": [-25, 0, 0],
							"uv": {
								"north": {"uv": [185, 54], "uv_size": [28, 4]},
								"east": {"uv": [253, 63], "uv_size": [6, 4]},
								"south": {"uv": [33, 231], "uv_size": [28, 4]},
								"west": {"uv": [254, 24], "uv_size": [6, 4]},
								"up": {"uv": [168, 125], "uv_size": [28, 6]},
								"down": {"uv": [174, 99], "uv_size": [28, -6]}
							}
						},
						{
							"origin": [14, 11.9125, 20.9],
							"size": [10, 3, 10],
							"pivot": [19.5, 14.9125, 31.9],
							"rotation": [90, 0, 0],
							"uv": {
								"north": {"uv": [279, 28], "uv_size": [10, 3]},
								"east": {"uv": [279, 31], "uv_size": [10, 3]},
								"south": {"uv": [97, 279], "uv_size": [10, 3]},
								"west": {"uv": [279, 120], "uv_size": [10, 3]},
								"up": {"uv": [72, 231], "uv_size": [10, 10]},
								"down": {"uv": [195, 242], "uv_size": [10, -10]}
							}
						},
						{
							"origin": [14, 20.81199, 27.79949],
							"size": [10.0125, 3, 6.5],
							"pivot": [19.5, 23.81199, 41.79949],
							"rotation": [45, 0, 0],
							"uv": {
								"north": {"uv": [279, 123], "uv_size": [10, 3]},
								"east": {"uv": [97, 282], "uv_size": [7, 3]},
								"south": {"uv": [279, 126], "uv_size": [10, 3]},
								"west": {"uv": [117, 282], "uv_size": [7, 3]},
								"up": {"uv": [241, 240], "uv_size": [10, 7]},
								"down": {"uv": [80, 249], "uv_size": [10, -7]}
							}
						},
						{
							"origin": [14, 15.50869, 36.50381],
							"size": [10, 3, 35.5],
							"uv": {
								"north": {"uv": [279, 129], "uv_size": [10, 3]},
								"east": {"uv": [232, 159], "uv_size": [36, 3]},
								"south": {"uv": [279, 132], "uv_size": [10, 3]},
								"west": {"uv": [233, 41], "uv_size": [36, 3]},
								"up": {"uv": [159, 193], "uv_size": [10, 36]},
								"down": {"uv": [24, 231], "uv_size": [10, -36]}
							}
						},
						{
							"origin": [14, 20.81199, 74.20051],
							"size": [10.0125, 3, 6.5],
							"pivot": [19.5, 23.81199, 66.70051],
							"rotation": [-45, 0, 0],
							"uv": {
								"north": {"uv": [279, 143], "uv_size": [10, 3]},
								"east": {"uv": [282, 153], "uv_size": [7, 3]},
								"south": {"uv": [279, 208], "uv_size": [10, 3]},
								"west": {"uv": [282, 156], "uv_size": [7, 3]},
								"up": {"uv": [242, 92], "uv_size": [10, 7]},
								"down": {"uv": [242, 106], "uv_size": [10, -7]}
							}
						},
						{
							"origin": [14, 11.9125, 77.6],
							"size": [10, 3, 10],
							"pivot": [19.5, 14.9125, 76.6],
							"rotation": [-90, 0, 0],
							"uv": {
								"north": {"uv": [212, 279], "uv_size": [10, 3]},
								"east": {"uv": [279, 232], "uv_size": [10, 3]},
								"south": {"uv": [279, 235], "uv_size": [10, 3]},
								"west": {"uv": [279, 238], "uv_size": [10, 3]},
								"up": {"uv": [205, 232], "uv_size": [10, 10]},
								"down": {"uv": [215, 242], "uv_size": [10, -10]}
							}
						},
						{
							"origin": [-24, 11.9125, 20.9],
							"size": [10, 3, 10],
							"pivot": [-19.5, 14.9125, 31.9],
							"rotation": [90, 0, 0],
							"uv": {
								"north": {"uv": [280, 60], "uv_size": [10, 3]},
								"east": {"uv": [280, 85], "uv_size": [10, 3]},
								"south": {"uv": [87, 280], "uv_size": [10, 3]},
								"west": {"uv": [280, 88], "uv_size": [10, 3]},
								"up": {"uv": [112, 233], "uv_size": [10, 10]},
								"down": {"uv": [235, 39], "uv_size": [10, -10]}
							}
						},
						{
							"origin": [-24.0125, 20.81199, 27.79949],
							"size": [10.0125, 3, 6.5],
							"pivot": [-19.5, 23.81199, 41.79949],
							"rotation": [45, 0, 0],
							"uv": {
								"north": {"uv": [280, 91], "uv_size": [10, 3]},
								"east": {"uv": [282, 165], "uv_size": [7, 3]},
								"south": {"uv": [280, 94], "uv_size": [10, 3]},
								"west": {"uv": [204, 282], "uv_size": [7, 3]},
								"up": {"uv": [242, 106], "uv_size": [10, 7]},
								"down": {"uv": [176, 249], "uv_size": [10, -7]}
							}
						},
						{
							"origin": [-24, 15.50869, 36.50381],
							"size": [10, 3, 35.5],
							"uv": {
								"north": {"uv": [280, 97], "uv_size": [10, 3]},
								"east": {"uv": [233, 44], "uv_size": [36, 3]},
								"south": {"uv": [280, 100], "uv_size": [10, 3]},
								"west": {"uv": [233, 47], "uv_size": [36, 3]},
								"up": {"uv": [34, 195], "uv_size": [10, 36]},
								"down": {"uv": [44, 231], "uv_size": [10, -36]}
							}
						},
						{
							"origin": [-24.0125, 20.81199, 74.20051],
							"size": [10.0125, 3, 6.5],
							"pivot": [-19.5, 23.81199, 66.70051],
							"rotation": [-45, 0, 0],
							"uv": {
								"north": {"uv": [280, 103], "uv_size": [10, 3]},
								"east": {"uv": [211, 282], "uv_size": [7, 3]},
								"south": {"uv": [107, 280], "uv_size": [10, 3]},
								"west": {"uv": [282, 211], "uv_size": [7, 3]},
								"up": {"uv": [186, 242], "uv_size": [10, 7]},
								"down": {"uv": [196, 249], "uv_size": [10, -7]}
							}
						},
						{
							"origin": [-24, 11.9125, 77.6],
							"size": [10, 3, 10],
							"pivot": [-19.5, 14.9125, 76.6],
							"rotation": [-90, 0, 0],
							"uv": {
								"north": {"uv": [280, 189], "uv_size": [10, 3]},
								"east": {"uv": [280, 192], "uv_size": [10, 3]},
								"south": {"uv": [280, 218], "uv_size": [10, 3]},
								"west": {"uv": [280, 221], "uv_size": [10, 3]},
								"up": {"uv": [33, 235], "uv_size": [10, 10]},
								"down": {"uv": [43, 245], "uv_size": [10, -10]}
							}
						}
					]
				},
				{
					"name": "details",
					"parent": "back",
					"pivot": [16, 37.28128, 65.19013],
					"cubes": [
						{
							"origin": [26, 10.78128, 60.19013],
							"size": [0, 26, 12],
							"uv": {
								"north": {"uv": [0, 0], "uv_size": [0, 26]},
								"east": {"uv": [86, 197], "uv_size": [12, 26]},
								"south": {"uv": [0, 0], "uv_size": [0, 26]},
								"west": {"uv": [0, 201], "uv_size": [12, 26]},
								"up": {"uv": [0, 0], "uv_size": [0, 12]},
								"down": {"uv": [0, 12], "uv_size": [0, -12]}
							}
						},
						{
							"origin": [14, 36.78128, 57.19013],
							"size": [12, 3, 18],
							"uv": {
								"north": {"uv": [95, 77], "uv_size": [12, 3]},
								"east": {"uv": [244, 86], "uv_size": [18, 3]},
								"south": {"uv": [245, 36], "uv_size": [12, 3]},
								"west": {"uv": [244, 89], "uv_size": [18, 3]},
								"up": {"uv": [144, 203], "uv_size": [12, 18]},
								"down": {"uv": [188, 228], "uv_size": [12, -18]}
							}
						},
						{
							"origin": [26, 39.78128, 57.19013],
							"size": [0, 11, 5],
							"uv": {
								"north": {"uv": [0, 0], "uv_size": [0, 11]},
								"east": {"uv": [38, 245], "uv_size": [5, 11]},
								"south": {"uv": [0, 0], "uv_size": [0, 11]},
								"west": {"uv": [43, 245], "uv_size": [5, 11]},
								"up": {"uv": [0, 0], "uv_size": [0, 5]},
								"down": {"uv": [0, 5], "uv_size": [0, -5]}
							}
						},
						{
							"origin": [26, 39.78128, 70.19013],
							"size": [0, 11, 5],
							"uv": {
								"north": {"uv": [0, 0], "uv_size": [0, 11]},
								"east": {"uv": [48, 245], "uv_size": [5, 11]},
								"south": {"uv": [0, 0], "uv_size": [0, 11]},
								"west": {"uv": [95, 245], "uv_size": [5, 11]},
								"up": {"uv": [0, 0], "uv_size": [0, 5]},
								"down": {"uv": [0, 5], "uv_size": [0, -5]}
							}
						},
						{
							"origin": [14, 39.78128, 57.19013],
							"size": [12, 11, 0],
							"uv": {
								"north": {"uv": [228, 215], "uv_size": [12, 11]},
								"east": {"uv": [0, 0], "uv_size": [0, 11]},
								"south": {"uv": [229, 74], "uv_size": [12, 11]},
								"west": {"uv": [0, 0], "uv_size": [0, 11]},
								"up": {"uv": [0, 0], "uv_size": [12, 0]},
								"down": {"uv": [0, 0], "uv_size": [12, 0]}
							}
						},
						{
							"origin": [14, 39.78128, 75.19013],
							"size": [12, 11, 0],
							"uv": {
								"north": {"uv": [152, 229], "uv_size": [12, 11]},
								"east": {"uv": [0, 0], "uv_size": [0, 11]},
								"south": {"uv": [229, 163], "uv_size": [12, 11]},
								"west": {"uv": [0, 0], "uv_size": [0, 11]},
								"up": {"uv": [0, 0], "uv_size": [12, 0]},
								"down": {"uv": [0, 0], "uv_size": [12, 0]}
							}
						}
					]
				},
				{
					"name": "back_wheels",
					"parent": "back",
					"pivot": [0, 6.19425, 45.21708],
					"cubes": [
						{
							"origin": [13.2618, 7.98159, 44.94044],
							"size": [7, 5, 6.975],
							"pivot": [16.7618, 10.48159, 49.42794],
							"rotation": [-90, -45, 90],
							"uv": {
								"north": {"uv": [198, 268], "uv_size": [7, 5]},
								"east": {"uv": [268, 214], "uv_size": [7, 5]},
								"south": {"uv": [235, 268], "uv_size": [7, 5]},
								"west": {"uv": [242, 268], "uv_size": [7, 5]},
								"up": {"uv": [210, 253], "uv_size": [7, 7]},
								"down": {"uv": [217, 260], "uv_size": [7, -7]}
							}
						},
						{
							"origin": [13.2618, 3.77449, 46.67058],
							"size": [7, 5, 7],
							"pivot": [16.7618, 6.27449, 51.17058],
							"rotation": [90, 0, -90],
							"uv": {
								"north": {"uv": [249, 268], "uv_size": [7, 5]},
								"east": {"uv": [256, 268], "uv_size": [7, 5]},
								"south": {"uv": [269, 3], "uv_size": [7, 5]},
								"west": {"uv": [7, 269], "uv_size": [7, 5]},
								"up": {"uv": [16, 254], "uv_size": [7, 7]},
								"down": {"uv": [23, 261], "uv_size": [7, -7]}
							}
						},
						{
							"origin": [13.2618, 8.77449, 47.67058],
							"size": [7, 7, 5],
							"pivot": [16.7618, 6.27449, 51.17058],
							"rotation": [90, 0, -90],
							"uv": {
								"north": {"uv": [254, 172], "uv_size": [7, 7]},
								"east": {"uv": [269, 41], "uv_size": [5, 7]},
								"south": {"uv": [254, 219], "uv_size": [7, 7]},
								"west": {"uv": [269, 48], "uv_size": [5, 7]},
								"up": {"uv": [269, 55], "uv_size": [7, 5]},
								"down": {"uv": [98, 274], "uv_size": [7, -5]}
							}
						},
						{
							"origin": [13.2618, 7.98159, 38.52623],
							"size": [7, 5, 6.975],
							"pivot": [16.7618, 10.48159, 41.01373],
							"rotation": [90, 45, 90],
							"uv": {
								"north": {"uv": [105, 269], "uv_size": [7, 5]},
								"east": {"uv": [269, 138], "uv_size": [7, 5]},
								"south": {"uv": [269, 160], "uv_size": [7, 5]},
								"west": {"uv": [217, 269], "uv_size": [7, 5]},
								"up": {"uv": [238, 254], "uv_size": [7, 7]},
								"down": {"uv": [245, 261], "uv_size": [7, -7]}
							}
						},
						{
							"origin": [-14.35715, 9.72423, 44.66022],
							"size": [7, 5, 7],
							"pivot": [4.92202, 15.34323, 61],
							"rotation": [0, -90, 0],
							"uv": {
								"north": {"uv": [269, 243], "uv_size": [7, 5]},
								"east": {"uv": [270, 8], "uv_size": [7, 5]},
								"south": {"uv": [270, 13], "uv_size": [7, 5]},
								"west": {"uv": [270, 68], "uv_size": [7, 5]},
								"up": {"uv": [252, 254], "uv_size": [7, 7]},
								"down": {"uv": [255, 63], "uv_size": [7, -7]}
							}
						},
						{
							"origin": [13.2618, 3.77449, 34.77109],
							"size": [7, 5, 7],
							"pivot": [16.7618, 6.27449, 39.27109],
							"rotation": [90, 0, -90],
							"uv": {
								"north": {"uv": [270, 73], "uv_size": [7, 5]},
								"east": {"uv": [270, 78], "uv_size": [7, 5]},
								"south": {"uv": [112, 270], "uv_size": [7, 5]},
								"west": {"uv": [0, 271], "uv_size": [7, 5]},
								"up": {"uv": [100, 255], "uv_size": [7, 7]},
								"down": {"uv": [255, 169], "uv_size": [7, -7]}
							}
						},
						{
							"origin": [13.26179, -0.43262, 38.52623],
							"size": [7, 5, 6.975],
							"pivot": [16.76179, 2.06738, 41.01373],
							"rotation": [-90, 45, -90],
							"uv": {
								"north": {"uv": [52, 271], "uv_size": [7, 5]},
								"east": {"uv": [59, 271], "uv_size": [7, 5]},
								"south": {"uv": [271, 110], "uv_size": [7, 5]},
								"west": {"uv": [271, 115], "uv_size": [7, 5]},
								"up": {"uv": [224, 255], "uv_size": [7, 7]},
								"down": {"uv": [255, 233], "uv_size": [7, -7]}
							}
						},
						{
							"origin": [-14.35715, -2.17526, 44.66022],
							"size": [7, 5, 7],
							"pivot": [4.92201, -2.79426, 61],
							"rotation": [0, -90, 0],
							"uv": {
								"north": {"uv": [130, 271], "uv_size": [7, 5]},
								"east": {"uv": [137, 271], "uv_size": [7, 5]},
								"south": {"uv": [144, 271], "uv_size": [7, 5]},
								"west": {"uv": [271, 150], "uv_size": [7, 5]},
								"up": {"uv": [231, 255], "uv_size": [7, 7]},
								"down": {"uv": [255, 240], "uv_size": [7, -7]}
							}
						},
						{
							"origin": [13.26179, -0.43262, 44.94044],
							"size": [7, 5, 6.975],
							"pivot": [16.76179, 2.06738, 49.42794],
							"rotation": [90, -45, -90],
							"uv": {
								"north": {"uv": [151, 271], "uv_size": [7, 5]},
								"east": {"uv": [271, 198], "uv_size": [7, 5]},
								"south": {"uv": [271, 203], "uv_size": [7, 5]},
								"west": {"uv": [228, 271], "uv_size": [7, 5]},
								"up": {"uv": [255, 247], "uv_size": [7, 7]},
								"down": {"uv": [30, 263], "uv_size": [7, -7]}
							}
						},
						{
							"origin": [-20.2618, 3.77449, 34.77109],
							"size": [7, 5, 7],
							"pivot": [-16.7618, 6.27449, 39.27109],
							"rotation": [90, 0, 90],
							"uv": {
								"north": {"uv": [271, 267], "uv_size": [7, 5]},
								"east": {"uv": [119, 272], "uv_size": [7, 5]},
								"south": {"uv": [272, 120], "uv_size": [7, 5]},
								"west": {"uv": [272, 125], "uv_size": [7, 5]},
								"up": {"uv": [37, 256], "uv_size": [7, 7]},
								"down": {"uv": [44, 263], "uv_size": [7, -7]}
							}
						},
						{
							"origin": [-20.26179, -0.43262, 38.52623],
							"size": [7, 5, 6.975],
							"pivot": [-16.76179, 2.06738, 41.01373],
							"rotation": [-90, -45, 90],
							"uv": {
								"north": {"uv": [272, 130], "uv_size": [7, 5]},
								"east": {"uv": [272, 143], "uv_size": [7, 5]},
								"south": {"uv": [205, 272], "uv_size": [7, 5]},
								"west": {"uv": [272, 208], "uv_size": [7, 5]},
								"up": {"uv": [51, 256], "uv_size": [7, 7]},
								"down": {"uv": [72, 263], "uv_size": [7, -7]}
							}
						},
						{
							"origin": [7.35715, -2.17526, 44.66022],
							"size": [7, 5, 7],
							"pivot": [-4.92201, -2.79426, 61],
							"rotation": [0, 90, 0],
							"uv": {
								"north": {"uv": [272, 232], "uv_size": [7, 5]},
								"east": {"uv": [272, 237], "uv_size": [7, 5]},
								"south": {"uv": [271, 272], "uv_size": [7, 5]},
								"west": {"uv": [14, 273], "uv_size": [7, 5]},
								"up": {"uv": [256, 74], "uv_size": [7, 7]},
								"down": {"uv": [79, 263], "uv_size": [7, -7]}
							}
						},
						{
							"origin": [-20.2618, 3.77449, 46.67058],
							"size": [7, 5, 7],
							"pivot": [-16.7618, 6.27449, 51.17058],
							"rotation": [90, 0, 90],
							"uv": {
								"north": {"uv": [21, 273], "uv_size": [7, 5]},
								"east": {"uv": [38, 273], "uv_size": [7, 5]},
								"south": {"uv": [45, 273], "uv_size": [7, 5]},
								"west": {"uv": [273, 60], "uv_size": [7, 5]},
								"up": {"uv": [86, 256], "uv_size": [7, 7]},
								"down": {"uv": [93, 263], "uv_size": [7, -7]}
							}
						},
						{
							"origin": [-20.26179, -0.43262, 44.94044],
							"size": [7, 5, 6.975],
							"pivot": [-16.76179, 2.06738, 49.42794],
							"rotation": [90, 45, 90],
							"uv": {
								"north": {"uv": [66, 273], "uv_size": [7, 5]},
								"east": {"uv": [73, 273], "uv_size": [7, 5]},
								"south": {"uv": [80, 273], "uv_size": [7, 5]},
								"west": {"uv": [273, 86], "uv_size": [7, 5]},
								"up": {"uv": [163, 256], "uv_size": [7, 7]},
								"down": {"uv": [170, 263], "uv_size": [7, -7]}
							}
						},
						{
							"origin": [-20.2618, 8.77449, 47.67058],
							"size": [7, 7, 5],
							"pivot": [-16.7618, 6.27449, 51.17058],
							"rotation": [90, 0, 90],
							"uv": {
								"north": {"uv": [177, 256], "uv_size": [7, 7]},
								"east": {"uv": [158, 271], "uv_size": [5, 7]},
								"south": {"uv": [184, 256], "uv_size": [7, 7]},
								"west": {"uv": [87, 273], "uv_size": [5, 7]},
								"up": {"uv": [273, 91], "uv_size": [7, 5]},
								"down": {"uv": [273, 101], "uv_size": [7, -5]}
							}
						},
						{
							"origin": [-20.2618, 7.98159, 44.94044],
							"size": [7, 5, 6.975],
							"pivot": [-16.7618, 10.48159, 49.42794],
							"rotation": [-90, 45, -90],
							"uv": {
								"north": {"uv": [273, 101], "uv_size": [7, 5]},
								"east": {"uv": [163, 273], "uv_size": [7, 5]},
								"south": {"uv": [170, 273], "uv_size": [7, 5]},
								"west": {"uv": [177, 273], "uv_size": [7, 5]},
								"up": {"uv": [191, 256], "uv_size": [7, 7]},
								"down": {"uv": [198, 263], "uv_size": [7, -7]}
							}
						},
						{
							"origin": [-20.2618, 7.98159, 38.52623],
							"size": [7, 5, 6.975],
							"pivot": [-16.7618, 10.48159, 41.01373],
							"rotation": [90, -45, -90],
							"uv": {
								"north": {"uv": [184, 273], "uv_size": [7, 5]},
								"east": {"uv": [273, 190], "uv_size": [7, 5]},
								"south": {"uv": [191, 273], "uv_size": [7, 5]},
								"west": {"uv": [198, 273], "uv_size": [7, 5]},
								"up": {"uv": [7, 257], "uv_size": [7, 7]},
								"down": {"uv": [107, 264], "uv_size": [7, -7]}
							}
						},
						{
							"origin": [7.35715, 9.72423, 44.66022],
							"size": [7, 5, 7],
							"pivot": [-4.92202, 15.34323, 61],
							"rotation": [0, 90, 0],
							"uv": {
								"north": {"uv": [273, 219], "uv_size": [7, 5]},
								"east": {"uv": [273, 224], "uv_size": [7, 5]},
								"south": {"uv": [235, 273], "uv_size": [7, 5]},
								"west": {"uv": [242, 273], "uv_size": [7, 5]},
								"up": {"uv": [257, 151], "uv_size": [7, 7]},
								"down": {"uv": [257, 210], "uv_size": [7, -7]}
							}
						}
					]
				},
				{
					"name": "back_wheels2",
					"parent": "back",
					"pivot": [0, 6.19425, 63.71708],
					"cubes": [
						{
							"origin": [13.2618, 7.98159, 63.44044],
							"size": [7, 5, 6.975],
							"pivot": [16.7618, 10.48159, 67.92794],
							"rotation": [-90, -45, 90],
							"uv": {
								"north": {"uv": [273, 248], "uv_size": [7, 5]},
								"east": {"uv": [249, 273], "uv_size": [7, 5]},
								"south": {"uv": [273, 253], "uv_size": [7, 5]},
								"west": {"uv": [256, 273], "uv_size": [7, 5]},
								"up": {"uv": [114, 258], "uv_size": [7, 7]},
								"down": {"uv": [258, 132], "uv_size": [7, -7]}
							}
						},
						{
							"origin": [13.2618, 3.77449, 65.17058],
							"size": [7, 5, 7],
							"pivot": [16.7618, 6.27449, 69.67058],
							"rotation": [90, 0, -90],
							"uv": {
								"north": {"uv": [273, 258], "uv_size": [7, 5]},
								"east": {"uv": [7, 274], "uv_size": [7, 5]},
								"south": {"uv": [274, 18], "uv_size": [7, 5]},
								"west": {"uv": [274, 23], "uv_size": [7, 5]},
								"up": {"uv": [258, 132], "uv_size": [7, 7]},
								"down": {"uv": [258, 247], "uv_size": [7, -7]}
							}
						},
						{
							"origin": [13.2618, 8.77449, 66.17058],
							"size": [7, 7, 5],
							"pivot": [16.7618, 6.27449, 69.67058],
							"rotation": [90, 0, -90],
							"uv": {
								"north": {"uv": [0, 259], "uv_size": [7, 7]},
								"east": {"uv": [92, 273], "uv_size": [5, 7]},
								"south": {"uv": [58, 259], "uv_size": [7, 7]},
								"west": {"uv": [274, 28], "uv_size": [5, 7]},
								"up": {"uv": [274, 35], "uv_size": [7, 5]},
								"down": {"uv": [274, 45], "uv_size": [7, -5]}
							}
						},
						{
							"origin": [13.2618, 7.98159, 57.02623],
							"size": [7, 5, 6.975],
							"pivot": [16.7618, 10.48159, 59.51373],
							"rotation": [90, 45, 90],
							"uv": {
								"north": {"uv": [274, 45], "uv_size": [7, 5]},
								"east": {"uv": [274, 50], "uv_size": [7, 5]},
								"south": {"uv": [97, 274], "uv_size": [7, 5]},
								"west": {"uv": [104, 274], "uv_size": [7, 5]},
								"up": {"uv": [259, 63], "uv_size": [7, 7]},
								"down": {"uv": [65, 266], "uv_size": [7, -7]}
							}
						},
						{
							"origin": [-14.35715, 9.72423, 63.16022],
							"size": [7, 5, 7],
							"pivot": [4.92202, 15.34323, 79.5],
							"rotation": [0, -90, 0],
							"uv": {
								"north": {"uv": [274, 174], "uv_size": [7, 5]},
								"east": {"uv": [274, 179], "uv_size": [7, 5]},
								"south": {"uv": [274, 184], "uv_size": [7, 5]},
								"west": {"uv": [212, 274], "uv_size": [7, 5]},
								"up": {"uv": [259, 92], "uv_size": [7, 7]},
								"down": {"uv": [259, 106], "uv_size": [7, -7]}
							}
						},
						{
							"origin": [13.2618, 3.77449, 53.27109],
							"size": [7, 5, 7],
							"pivot": [16.7618, 6.27449, 57.77109],
							"rotation": [90, 0, -90],
							"uv": {
								"north": {"uv": [219, 274], "uv_size": [7, 5]},
								"east": {"uv": [263, 274], "uv_size": [7, 5]},
								"south": {"uv": [111, 275], "uv_size": [7, 5]},
								"west": {"uv": [275, 155], "uv_size": [7, 5]},
								"up": {"uv": [259, 106], "uv_size": [7, 7]},
								"down": {"uv": [131, 266], "uv_size": [7, -7]}
							}
						},
						{
							"origin": [13.26179, -0.43262, 57.02623],
							"size": [7, 5, 6.975],
							"pivot": [16.76179, 2.06738, 59.51373],
							"rotation": [-90, 45, -90],
							"uv": {
								"north": {"uv": [275, 165], "uv_size": [7, 5]},
								"east": {"uv": [275, 213], "uv_size": [7, 5]},
								"south": {"uv": [0, 276], "uv_size": [7, 5]},
								"west": {"uv": [276, 0], "uv_size": [7, 5]},
								"up": {"uv": [138, 259], "uv_size": [7, 7]},
								"down": {"uv": [145, 266], "uv_size": [7, -7]}
							}
						},
						{
							"origin": [-14.35715, -2.17526, 63.16022],
							"size": [7, 5, 7],
							"pivot": [4.92201, -2.79426, 79.5],
							"rotation": [0, -90, 0],
							"uv": {
								"north": {"uv": [52, 276], "uv_size": [7, 5]},
								"east": {"uv": [276, 55], "uv_size": [7, 5]},
								"south": {"uv": [59, 276], "uv_size": [7, 5]},
								"west": {"uv": [130, 276], "uv_size": [7, 5]},
								"up": {"uv": [152, 259], "uv_size": [7, 7]},
								"down": {"uv": [259, 200], "uv_size": [7, -7]}
							}
						},
						{
							"origin": [13.26179, -0.43262, 63.44044],
							"size": [7, 5, 6.975],
							"pivot": [16.76179, 2.06738, 67.92794],
							"rotation": [90, -45, -90],
							"uv": {
								"north": {"uv": [276, 135], "uv_size": [7, 5]},
								"east": {"uv": [137, 276], "uv_size": [7, 5]},
								"south": {"uv": [144, 276], "uv_size": [7, 5]},
								"west": {"uv": [151, 276], "uv_size": [7, 5]},
								"up": {"uv": [259, 254], "uv_size": [7, 7]},
								"down": {"uv": [260, 31], "uv_size": [7, -7]}
							}
						},
						{
							"origin": [-20.2618, 3.77449, 53.27109],
							"size": [7, 5, 7],
							"pivot": [-16.7618, 6.27449, 57.77109],
							"rotation": [90, 0, 90],
							"uv": {
								"north": {"uv": [276, 160], "uv_size": [7, 5]},
								"east": {"uv": [228, 276], "uv_size": [7, 5]},
								"south": {"uv": [276, 242], "uv_size": [7, 5]},
								"west": {"uv": [277, 5], "uv_size": [7, 5]},
								"up": {"uv": [260, 31], "uv_size": [7, 7]},
								"down": {"uv": [121, 267], "uv_size": [7, -7]}
							}
						},
						{
							"origin": [-20.26179, -0.43262, 57.02623],
							"size": [7, 5, 6.975],
							"pivot": [-16.76179, 2.06738, 59.51373],
							"rotation": [-90, -45, 90],
							"uv": {
								"north": {"uv": [277, 10], "uv_size": [7, 5]},
								"east": {"uv": [277, 65], "uv_size": [7, 5]},
								"south": {"uv": [277, 70], "uv_size": [7, 5]},
								"west": {"uv": [277, 75], "uv_size": [7, 5]},
								"up": {"uv": [260, 179], "uv_size": [7, 7]},
								"down": {"uv": [205, 267], "uv_size": [7, -7]}
							}
						},
						{
							"origin": [7.35715, -2.17526, 63.16022],
							"size": [7, 5, 7],
							"pivot": [-4.92201, -2.79426, 79.5],
							"rotation": [0, 90, 0],
							"uv": {
								"north": {"uv": [277, 80], "uv_size": [7, 5]},
								"east": {"uv": [118, 277], "uv_size": [7, 5]},
								"south": {"uv": [205, 277], "uv_size": [7, 5]},
								"west": {"uv": [270, 277], "uv_size": [7, 5]},
								"up": {"uv": [212, 260], "uv_size": [7, 7]},
								"down": {"uv": [14, 268], "uv_size": [7, -7]}
							}
						},
						{
							"origin": [-20.2618, 3.77449, 65.17058],
							"size": [7, 5, 7],
							"pivot": [-16.7618, 6.27449, 69.67058],
							"rotation": [90, 0, 90],
							"uv": {
								"north": {"uv": [277, 277], "uv_size": [7, 5]},
								"east": {"uv": [14, 278], "uv_size": [7, 5]},
								"south": {"uv": [21, 278], "uv_size": [7, 5]},
								"west": {"uv": [38, 278], "uv_size": [7, 5]},
								"up": {"uv": [21, 261], "uv_size": [7, 7]},
								"down": {"uv": [261, 176], "uv_size": [7, -7]}
							}
						},
						{
							"origin": [-20.26179, -0.43262, 63.44044],
							"size": [7, 5, 6.975],
							"pivot": [-16.76179, 2.06738, 67.92794],
							"rotation": [90, 45, 90],
							"uv": {
								"north": {"uv": [45, 278], "uv_size": [7, 5]},
								"east": {"uv": [66, 278], "uv_size": [7, 5]},
								"south": {"uv": [73, 278], "uv_size": [7, 5]},
								"west": {"uv": [80, 278], "uv_size": [7, 5]},
								"up": {"uv": [261, 215], "uv_size": [7, 7]},
								"down": {"uv": [238, 268], "uv_size": [7, -7]}
							}
						},
						{
							"origin": [-19.2618, 8.77449, 66.17058],
							"size": [7, 7, 5],
							"pivot": [-15.7618, 6.27449, 69.67058],
							"rotation": [90, 0, 90],
							"uv": {
								"north": {"uv": [245, 261], "uv_size": [7, 7]},
								"east": {"uv": [278, 106], "uv_size": [5, 7]},
								"south": {"uv": [252, 261], "uv_size": [7, 7]},
								"west": {"uv": [278, 113], "uv_size": [5, 7]},
								"up": {"uv": [278, 148], "uv_size": [7, 5]},
								"down": {"uv": [158, 283], "uv_size": [7, -5]}
							}
						},
						{
							"origin": [-20.2618, 7.98159, 63.44044],
							"size": [7, 5, 6.975],
							"pivot": [-16.7618, 10.48159, 67.92794],
							"rotation": [-90, 45, -90],
							"uv": {
								"north": {"uv": [165, 278], "uv_size": [7, 5]},
								"east": {"uv": [172, 278], "uv_size": [7, 5]},
								"south": {"uv": [179, 278], "uv_size": [7, 5]},
								"west": {"uv": [186, 278], "uv_size": [7, 5]},
								"up": {"uv": [259, 261], "uv_size": [7, 7]},
								"down": {"uv": [262, 63], "uv_size": [7, -7]}
							}
						},
						{
							"origin": [-20.2618, 7.98159, 57.02623],
							"size": [7, 5, 6.975],
							"pivot": [-16.7618, 10.48159, 59.51373],
							"rotation": [90, -45, -90],
							"uv": {
								"north": {"uv": [193, 278], "uv_size": [7, 5]},
								"east": {"uv": [278, 195], "uv_size": [7, 5]},
								"south": {"uv": [278, 200], "uv_size": [7, 5]},
								"west": {"uv": [235, 278], "uv_size": [7, 5]},
								"up": {"uv": [100, 262], "uv_size": [7, 7]},
								"down": {"uv": [262, 146], "uv_size": [7, -7]}
							}
						},
						{
							"origin": [7.35715, 9.72423, 63.16022],
							"size": [7, 5, 7],
							"pivot": [-4.92202, 15.34323, 79.5],
							"rotation": [0, 90, 0],
							"uv": {
								"north": {"uv": [242, 278], "uv_size": [7, 5]},
								"east": {"uv": [249, 278], "uv_size": [7, 5]},
								"south": {"uv": [256, 278], "uv_size": [7, 5]},
								"west": {"uv": [278, 263], "uv_size": [7, 5]},
								"up": {"uv": [262, 162], "uv_size": [7, 7]},
								"down": {"uv": [219, 269], "uv_size": [7, -7]}
							}
						}
					]
				}
			]
		}
	]
}