{
  "format_version": "1.21.10",
  "minecraft:item": {
    "description": {
      "identifier": "seal:umbrella_red_bloom_harmony",
      "menu_category": {
        "category": "equipment",
        "group": "pa:itemGroup.name.umbrellaPack"
      }
    },
    "components": {
      "minecraft:icon": "seal_umbrella_red_bloom_harmony",
      "minecraft:max_stack_size": 1,
      "minecraft:stacked_by_data": true,
      "minecraft:glint": false,
      "minecraft:hand_equipped": true,
      "minecraft:damage": 2,
      "minecraft:enchantable": {
        "slot": "sword",
        "value": 10
      },
      "minecraft:mining_speed": 1,
      "minecraft:render_offsets": {
        "main_hand": {
          "third_person": {
            "scale": [0.0044444444444444444, 0.0044444444444444444, 0.0044444444444444444]
          },
          "first_person": {
            "scale": [0.0016888888888878756, 0.0016888888888878756, 0.0016888888888878756]
          }
        },
        "off_hand": {
          "third_person": {
            "scale": [0.0044444444444444444, 0.0044444444444444444, 0.0044444444444444444]
          },
          "first_person": {
            "scale": [0.0016888888888878756, 0.0016888888888878756, 0.0016888888888878756]
          }
        }
      },
      "minecraft:repairable": {
        "repair_items": [
          {
            "items": ["minecraft:emerald"],
            "repair_amount": 10
          },
          {
            "items": ["seal:umbrella_red_bloom_harmony"],
            "repair_amount": "context.other->query.remaining_durability + 0.2 * context.other->query.max_durability"
          }
        ]
      },
      "minecraft:can_destroy_in_creative": false,
      "minecraft:display_name": {
        "value": "Umbrella Red Bloom Harmony"
      },
      "minecraft:tags": {
        "tags": [
          "minecraft:is_sword",
          "minecraft:transformable_items",
          "minecraft:trimmable_armors"
        ]
      },
      "minecraft:cooldown": {
        "category": "umbrella_red_bloom_harmony_cooldown",
        "duration": 1
      },
      "minecraft:allow_off_hand": false,
      "minecraft:custom_components": [
        "seal_umbrella_red_bloom_harmony:trigger"
      ]
    }
  }
}