{
  "format_version": "1.21.60",
  "minecraft:item": {
    "components": {
      "minecraft:icon": {
        "textures": {
          "default": "farmersdelight:horse_feed"
        }
      },
      "minecraft:max_stack_size": 16,
      "minecraft:compostable": {
        "composting_chance": 85
      }
    },
    "description": {
      "identifier": "farmersdelight:horse_feed",
      "menu_category": {
        "category": "Items",
        "group": "minecraft:itemGroup.name.items"
      }
    }
  }
}