{
  "format_version": "1.21.60",
  "minecraft:item": {
    "components": {
      "minecraft:block_placer": {
        "block": "farmersdelight:sandy_shrub"
      },
      "minecraft:icon": {
        "textures": {
          "default": "farmersdelight:sandy_shrub"
        }
      },
      "minecraft:tags": {
        "tags": [
          "farmersdelight:is_fertilizer.35"
        ]
      }
    },
    "description": {
      "identifier": "farmersdelight:sandy_shrub",
      "menu_category": {
        "category": "nature",
        "group": "farmersdelight:itemGroup.name.wildcrop"
      }
    }
  }
}