{
	"format_version": "1.20.30",
	"minecraft:item": {
		"description": {
			"identifier": "goe_spa:satellite_hud",
			"menu_category": {
				"is_hidden_in_commands": false
			}
		},
		"components": {
			"minecraft:icon": { "texture": "goe_spa_satellite_hud" },
			"minecraft:display_name": { "value": "Satellite Hud" },
			"minecraft:hand_equipped": false,
			"minecraft:max_stack_size": 1,
			"minecraft:durability": {
			  "max_durability": 900,
			  "damage_chance": {
				"min": 100,
				"max": 100
			  }
			}
		}
	}
}
