{
  "format_version": "1.21.60",
  "minecraft:item": {
    "components": {
      "minecraft:custom_components": [
        "farmersdelight:colonies"
      ],
      "minecraft:icon": {
        "textures": {
          "default": "farmersdelight:brown_mushroom_colony"
        }
      },
      "minecraft:tags": {
        "tags": [
          "farmersdelight:can_cut.tag.farmersdelight:is_knife"
        ]
      },
      "minecraft:compostable": {
        "composting_chance": 65
      }
    },
    "description": {
      "identifier": "farmersdelight:brown_mushroom_colony_item",
      "menu_category": {
        "category": "nature",
        "group": "farmersdelight:itemGroup.name.wildcrop"
      }
    }
  }
}