{
  "format_version": "1.21.60",
  "minecraft:item": {
    "components": {
      "minecraft:icon": {
        "textures": {
          "default": "farmersdelight:rotten_tomato"
        }
      },
      "minecraft:projectile": {
        "minimum_critical_power": 1.0,
        "projectile_entity": "farmersdelight:rotten_tomato"
      },
      "minecraft:throwable": {
        "do_swing_animation": true,
        "launch_power_scale": 1.0,
        "max_draw_duration": 0.0,
        "max_launch_power": 1.0,
        "min_draw_duration": 0.0,
        "scale_power_by_draw_duration": false
      },
      "minecraft:compostable": {
        "composting_chance": 65
      }
    },
    "description": {
      "identifier": "farmersdelight:rotten_tomato",
      "menu_category": {
        "category": "nature",
        "group": "farmersdelight:itemGroup.name.crop"
      }
    }
  }
}