{
  "format_version": "1.21.60",
  "minecraft:item": {
    "components": {
      "minecraft:block_placer": {
        "block": "farmersdelight:wild_onions",
        "replace_block_item":true
      },
      "minecraft:icon": {
        "textures": {
          "default": "farmersdelight:wild_onions"
        }
      },
      "minecraft:tags": {
        "tags": [
          "farmersdelight:can_cut.tag.farmersdelight:is_knife"
        ]
      },
      "minecraft:compostable": {
        "composting_chance": 65
      }
    },
    "description": {
      "identifier": "farmersdelight:wild_onions",
      "menu_category": {
        "category": "nature",
        "group": "farmersdelight:itemGroup.name.wildcrop"
      }
    }
  }
}