{
	"format_version": "1.10.0",
	"particle_effect": {
		"description": {
			"identifier": "thm_ecp:dust",
			"basic_render_parameters": {
				"material": "particles_alpha",
				"texture": "textures/particle/particles"
			}
		},
		"components": {
			"minecraft:emitter_rate_steady": {
				"spawn_rate": 500,
				"max_particles": 10000
			},
			"minecraft:emitter_lifetime_once": {
				"active_time": 0.05
			},
			"minecraft:emitter_shape_disc": {
				"radius": 0.1,
				"surface_only": true,
				"direction": "outwards"
			},
			"minecraft:particle_lifetime_expression": {
				"max_lifetime": 1
			},
			"minecraft:particle_initial_speed": "math.random(1, 10)",
			"minecraft:particle_motion_dynamic": {
				"linear_acceleration": [0, "math.random(0.1, 5)", 0],
				"linear_drag_coefficient": "math.random(1, 10)"
			},
			"minecraft:particle_appearance_billboard": {
				"size": [0.15, 0.15],
				"facing_camera_mode": "rotate_xyz",
				"uv": {
					"texture_width": 128,
					"texture_height": 128,
					"flipbook": {
						"base_UV": [0, 0],
						"size_UV": [8, 8],
						"step_UV": [8, 0],
						"frames_per_second": 8,
						"max_frame": 8,
						"stretch_to_lifetime": true
					}
				}
			},
			"minecraft:particle_appearance_tinting": {
				"color": {
					"interpolant": "v.particle_age / v.particle_lifetime",
					"gradient": {
						"0.0": "#FF6C6C6C",
						"1.0": "#FF333333"
					}
				}
			}
		}
	}
}