{
 "format_version" : "1.14.0",
 "sound_definitions" : {
    "mob.road_vehicle.step": {
      "category": "neutral",
      "pitch" : [ 0.90, 1.10 ],
      "sounds": [
        "sounds/mobblocks/mob/road_vehicle/step1",
        "sounds/mobblocks/mob/road_vehicle/step3"
      ]
    },
    "mob.car.hurt" : {
      "category": "neutral",
      "sounds" : [
         "sounds/mobblocks/mob/car/hurt1"
      ]
   },
   "mob.car.death" : {
      "category": "neutral",
      "sounds" : [
         "sounds/mobblocks/mob/car/death"
      ]
    }
  }
}
