{
	"format_version": "1.19.0",
	"minecraft:geometry": [
		{
			"description": {
				"identifier": "geometry._oraev_hats__hachiware",
				"texture_width": 64,
				"texture_height": 64,
				"visible_bounds_width": 2,
				"visible_bounds_height": 2.5,
				"visible_bounds_offset": [0, 0.75, 0]
			},
			"bones": [
				{
					"name": "root_item",
					"pivot": [0, 0, 0]
				},
				{
					"name": "helmet",
					"parent": "root_item",
					"pivot": [0, 0, 0],
					"binding": "'head'",
					"cubes": [
						{
							"origin": [-4, 5, -5],
							"size": [8, 5, 10],
							"uv": {
								"north": {"uv": [0, 44], "uv_size": [37, 20]},
								"east": {"uv": [16, 27], "uv_size": [10, 4]},
								"south": {"uv": [10, 31], "uv_size": [8, 4]},
								"west": {"uv": [26, 27], "uv_size": [10, 4]},
								"up": {"uv": [0, 18], "uv_size": [8, 10]},
								"down": {"uv": [8, 28], "uv_size": [8, -10]}
							}
						},
						{
							"origin": [-4.9, -2, -5],
							"size": [6, 1, 1],
							"pivot": [0.1, -1, 0],
							"rotation": [0, 0, 12.5],
							"uv": {
								"north": {"uv": [10, 28], "uv_size": [6, 1]},
								"east": {"uv": [20, 17], "uv_size": [1, 1]},
								"south": {"uv": [10, 29], "uv_size": [6, 1]},
								"west": {"uv": [21, 17], "uv_size": [1, 1]},
								"up": {"uv": [10, 30], "uv_size": [6, 1]},
								"down": {"uv": [34, 27], "uv_size": [6, -1]}
							}
						},
						{
							"origin": [-1.23662, -1.03046, -5],
							"size": [6, 1, 1],
							"pivot": [4.33192, -0.60459, -4.5],
							"rotation": [0, -12.5, -12.5],
							"uv": {
								"north": {"uv": [8, 35], "uv_size": [6, 1]},
								"east": {"uv": [22, 17], "uv_size": [1, 1]},
								"south": {"uv": [35, 19], "uv_size": [6, 1]},
								"west": {"uv": [23, 17], "uv_size": [1, 1]},
								"up": {"uv": [35, 20], "uv_size": [6, 1]},
								"down": {"uv": [35, 22], "uv_size": [6, -1]}
							}
						},
						{
							"origin": [-4, -1, 4],
							"size": [8, 7, 1],
							"uv": {
								"north": {"uv": [16, 18], "uv_size": [8, 7]},
								"east": {"uv": [34, 19], "uv_size": [1, 7]},
								"south": {"uv": [20, 0], "uv_size": [8, 7]},
								"west": {"uv": [7, 35], "uv_size": [1, 7]},
								"up": {"uv": [16, 25], "uv_size": [8, 1]},
								"down": {"uv": [16, 27], "uv_size": [8, -1]}
							}
						},
						{
							"origin": [-4.3, 3.3, -4.975],
							"size": [1, 2.7, 0.975],
							"pivot": [-3.8, 4.5, -4.5],
							"rotation": [0, 0, 42.5],
							"uv": {
								"north": {"uv": [39, 39], "uv_size": [1, 2.5]},
								"east": {"uv": [40, 0], "uv_size": [1, 2.5]},
								"south": {"uv": [40, 3], "uv_size": [1, 2.5]},
								"west": {"uv": [40, 6], "uv_size": [1, 2.5]},
								"up": {"uv": [30, 16], "uv_size": [1, 1]},
								"down": {"uv": [31, 17], "uv_size": [1, -1]}
							}
						},
						{
							"origin": [3.3, 3.3, -4.95],
							"size": [1, 2.7, 0.95],
							"pivot": [3.8, 4.5, -4.5],
							"rotation": [0, 0, -42.5],
							"uv": {
								"north": {"uv": [40, 9], "uv_size": [1, 2.5]},
								"east": {"uv": [10, 40], "uv_size": [1, 2.5]},
								"south": {"uv": [11, 40], "uv_size": [1, 2.5]},
								"west": {"uv": [12, 40], "uv_size": [1, 2.5]},
								"up": {"uv": [32, 16], "uv_size": [1, 1]},
								"down": {"uv": [33, 17], "uv_size": [1, -1]}
							}
						},
						{
							"origin": [-5, -1, -5],
							"size": [1, 9, 10],
							"uv": {
								"north": {"uv": [3, 35], "uv_size": [1, 9]},
								"east": {"uv": [0, 0], "uv_size": [10, 9]},
								"south": {"uv": [4, 35], "uv_size": [1, 9]},
								"west": {"uv": [0, 9], "uv_size": [10, 9]},
								"up": {"uv": [26, 34], "uv_size": [1, 10]},
								"down": {"uv": [27, 44], "uv_size": [1, -10]}
							}
						},
						{
							"origin": [-6, 3, -5],
							"size": [1, 5, 10],
							"uv": {
								"north": {"uv": [14, 35], "uv_size": [1, 5]},
								"east": {"uv": [20, 7], "uv_size": [10, 5]},
								"south": {"uv": [15, 35], "uv_size": [1, 5]},
								"west": {"uv": [20, 12], "uv_size": [10, 5]},
								"up": {"uv": [28, 34], "uv_size": [1, 10]},
								"down": {"uv": [29, 44], "uv_size": [1, -10]}
							}
						},
						{
							"origin": [-4.975, 7.2, -4.975],
							"size": [1.5, 2.8, 9.95],
							"pivot": [-4.475, 8.85, 0],
							"rotation": [0, 0, 44.25],
							"uv": {
								"north": {"uv": [28, 4], "uv_size": [1.5, 3]},
								"east": {"uv": [18, 31], "uv_size": [10, 3]},
								"south": {"uv": [35, 22], "uv_size": [1.5, 3]},
								"west": {"uv": [28, 31], "uv_size": [10, 3]},
								"up": {"uv": [18, 34], "uv_size": [1.5, 10]},
								"down": {"uv": [20, 44], "uv_size": [1.5, -10]}
							}
						},
						{
							"origin": [3.6, 6.825, -4.975],
							"size": [1.5, 2.8, 9.95],
							"pivot": [4.1, 8.475, 0],
							"rotation": [0, 0, -44.25],
							"uv": {
								"north": {"uv": [35, 34], "uv_size": [1.5, 3]},
								"east": {"uv": [0, 32], "uv_size": [10, 3]},
								"south": {"uv": [8, 36], "uv_size": [1.5, 3]},
								"west": {"uv": [34, 16], "uv_size": [10, 3]},
								"up": {"uv": [22, 34], "uv_size": [1.5, 10]},
								"down": {"uv": [24, 44], "uv_size": [1.5, -10]}
							}
						},
						{
							"origin": [-5.875, -0.2, -4.975],
							"size": [1, 3.4, 9.95],
							"pivot": [-5.375, 2.7, 0],
							"rotation": [0, 0, -17.5],
							"uv": {
								"north": {"uv": [10, 36], "uv_size": [1, 3.5]},
								"east": {"uv": [0, 28], "uv_size": [10, 3.5]},
								"south": {"uv": [11, 36], "uv_size": [1, 3.5]},
								"west": {"uv": [28, 0], "uv_size": [10, 3.5]},
								"up": {"uv": [30, 34], "uv_size": [1, 10]},
								"down": {"uv": [31, 44], "uv_size": [1, -10]}
							}
						},
						{
							"origin": [4.875, -0.2, -4.975],
							"size": [1, 3.4, 9.95],
							"pivot": [5.375, 2.7, 0],
							"rotation": [0, 0, 17.5],
							"uv": {
								"north": {"uv": [12, 36], "uv_size": [1, 3.5]},
								"east": {"uv": [30, 4], "uv_size": [10, 3.5]},
								"south": {"uv": [13, 36], "uv_size": [1, 3.5]},
								"west": {"uv": [30, 8], "uv_size": [10, 3.5]},
								"up": {"uv": [32, 34], "uv_size": [1, 10]},
								"down": {"uv": [33, 44], "uv_size": [1, -10]}
							}
						},
						{
							"origin": [5, 3, -5],
							"size": [1, 5, 10],
							"uv": {
								"north": {"uv": [16, 35], "uv_size": [1, 5]},
								"east": {"uv": [24, 17], "uv_size": [10, 5]},
								"south": {"uv": [17, 35], "uv_size": [1, 5]},
								"west": {"uv": [24, 22], "uv_size": [10, 5]},
								"up": {"uv": [34, 34], "uv_size": [1, 10]},
								"down": {"uv": [0, 45], "uv_size": [1, -10]}
							}
						},
						{
							"origin": [4, -1, -5],
							"size": [1, 9, 10],
							"uv": {
								"north": {"uv": [5, 35], "uv_size": [1, 9]},
								"east": {"uv": [10, 0], "uv_size": [10, 9]},
								"south": {"uv": [6, 35], "uv_size": [1, 9]},
								"west": {"uv": [10, 9], "uv_size": [10, 9]},
								"up": {"uv": [1, 35], "uv_size": [1, 10]},
								"down": {"uv": [2, 45], "uv_size": [1, -10]}
							}
						},
						{
							"origin": [2.89965, 8.08888, -2],
							"size": [1, 3, 1],
							"pivot": [4.31699, 9.6, -1.5],
							"rotation": [0, 0, 57.5],
							"uv": {
								"north": {"uv": [36, 27], "uv_size": [1, 3]},
								"east": {"uv": [37, 22], "uv_size": [1, 3]},
								"south": {"uv": [37, 27], "uv_size": [1, 3]},
								"west": {"uv": [37, 34], "uv_size": [1, 3]},
								"up": {"uv": [35, 25], "uv_size": [1, 1]},
								"down": {"uv": [36, 26], "uv_size": [1, -1]}
							}
						},
						{
							"origin": [4.73433, 8.08888, -2],
							"size": [1, 3, 1],
							"pivot": [4.31699, 9.6, -1.5],
							"rotation": [0, 0, -2.5],
							"uv": {
								"north": {"uv": [35, 37], "uv_size": [1, 3]},
								"east": {"uv": [36, 37], "uv_size": [1, 3]},
								"south": {"uv": [37, 37], "uv_size": [1, 3]},
								"west": {"uv": [38, 0], "uv_size": [1, 3]},
								"up": {"uv": [36, 30], "uv_size": [1, 1]},
								"down": {"uv": [37, 26], "uv_size": [1, -1]}
							}
						},
						{
							"origin": [3.8, 8.6, -2],
							"size": [1, 3, 1],
							"pivot": [4.31699, 9.6, -1.5],
							"rotation": [0, 0, 27.5],
							"uv": {
								"north": {"uv": [38, 12], "uv_size": [1, 3]},
								"east": {"uv": [38, 22], "uv_size": [1, 3]},
								"south": {"uv": [38, 27], "uv_size": [1, 3]},
								"west": {"uv": [38, 30], "uv_size": [1, 3]},
								"up": {"uv": [37, 30], "uv_size": [1, 1]},
								"down": {"uv": [38, 4], "uv_size": [1, -1]}
							}
						},
						{
							"origin": [-5.60035, 8.18888, -2],
							"size": [1, 3, 1],
							"pivot": [-4.18301, 9.7, -1.5],
							"rotation": [0, 0, 5],
							"uv": {
								"north": {"uv": [39, 30], "uv_size": [1, 3]},
								"east": {"uv": [39, 33], "uv_size": [1, 3]},
								"south": {"uv": [39, 36], "uv_size": [1, 3]},
								"west": {"uv": [38, 39], "uv_size": [1, 3]},
								"up": {"uv": [39, 25], "uv_size": [1, 1]},
								"down": {"uv": [40, 13], "uv_size": [1, -1]}
							}
						},
						{
							"origin": [-3.76567, 8.18888, -2],
							"size": [1, 3, 1],
							"pivot": [-4.18301, 9.7, -1.5],
							"rotation": [0, 0, -55],
							"uv": {
								"north": {"uv": [9, 39], "uv_size": [1, 3]},
								"east": {"uv": [39, 12], "uv_size": [1, 3]},
								"south": {"uv": [39, 22], "uv_size": [1, 3]},
								"west": {"uv": [39, 27], "uv_size": [1, 3]},
								"up": {"uv": [39, 3], "uv_size": [1, 1]},
								"down": {"uv": [39, 16], "uv_size": [1, -1]}
							}
						},
						{
							"origin": [-4.7, 8.7, -2],
							"size": [1, 3, 1],
							"pivot": [-4.18301, 9.7, -1.5],
							"rotation": [0, 0, -25],
							"uv": {
								"north": {"uv": [38, 33], "uv_size": [1, 3]},
								"east": {"uv": [38, 36], "uv_size": [1, 3]},
								"south": {"uv": [39, 0], "uv_size": [1, 3]},
								"west": {"uv": [8, 39], "uv_size": [1, 3]},
								"up": {"uv": [38, 15], "uv_size": [1, 1]},
								"down": {"uv": [38, 26], "uv_size": [1, -1]}
							}
						}
					]
				}
			]
		}
	]
}