{
	"format_version": "1.19.0",
	"minecraft:geometry": [
		{
			"description": {
				"identifier": "geometry._oraev_hats__kuromi",
				"texture_width": 64,
				"texture_height": 64,
				"visible_bounds_width": 3,
				"visible_bounds_height": 3,
				"visible_bounds_offset": [0, 0.5, 0]
			},
			"bones": [
				{
					"name": "root_item",
					"pivot": [0, 0, 0]
				},
				{
					"name": "helmet",
					"parent": "root_item",
					"pivot": [0, 0, 0],
					"binding": "'head'",
					"cubes": [
						{
							"origin": [-6.91, 12.01503, -3.11935],
							"size": [1.02, 0.52191, 1.26],
							"pivot": [-6.4, 10.28664, -0.5],
							"rotation": [0, 90, 7.5],
							"uv": {
								"north": {"uv": [17, 39], "uv_size": [1, 0.5]},
								"east": {"uv": [39, 0], "uv_size": [1.5, 0.5]},
								"south": {"uv": [39, 17], "uv_size": [1, 0.5]},
								"west": {"uv": [39, 1], "uv_size": [1.5, 0.5]},
								"up": {"uv": [38, 4], "uv_size": [1, 1.5]},
								"down": {"uv": [5, 39.5], "uv_size": [1, -1.5]}
							}
						},
						{
							"origin": [-6.91, 12.83905, -1.13],
							"size": [1.02, 0.52191, 1.26],
							"pivot": [-6.4, 10.28664, -0.5],
							"rotation": [0, 90, -37.5],
							"uv": {
								"north": {"uv": [18, 39], "uv_size": [1, 0.5]},
								"east": {"uv": [39, 2], "uv_size": [1.5, 0.5]},
								"south": {"uv": [39, 18], "uv_size": [1, 0.5]},
								"west": {"uv": [39, 3], "uv_size": [1.5, 0.5]},
								"up": {"uv": [6, 38], "uv_size": [1, 1.5]},
								"down": {"uv": [38, 7.5], "uv_size": [1, -1.5]}
							}
						},
						{
							"origin": [-6.91, 11.64598, -2.7503],
							"size": [1.02, 1.26, 0.52191],
							"pivot": [-6.4, 10.28664, -0.5],
							"rotation": [0, 90, 7.5],
							"uv": {
								"north": {"uv": [7, 38], "uv_size": [1, 1.5]},
								"east": {"uv": [39, 4], "uv_size": [0.5, 1.5]},
								"south": {"uv": [38, 12], "uv_size": [1, 1.5]},
								"west": {"uv": [39, 6], "uv_size": [0.5, 1.5]},
								"up": {"uv": [19, 39], "uv_size": [1, 0.5]},
								"down": {"uv": [39, 19.5], "uv_size": [1, -0.5]}
							}
						},
						{
							"origin": [-6.91, 12.47, -0.76095],
							"size": [1.02, 1.26, 0.52191],
							"pivot": [-6.4, 10.28664, -0.5],
							"rotation": [0, 90, -37.5],
							"uv": {
								"north": {"uv": [38, 14], "uv_size": [1, 1.5]},
								"east": {"uv": [10, 39], "uv_size": [0.5, 1.5]},
								"south": {"uv": [38, 16], "uv_size": [1, 1.5]},
								"west": {"uv": [11, 39], "uv_size": [0.5, 1.5]},
								"up": {"uv": [20, 39], "uv_size": [1, 0.5]},
								"down": {"uv": [39, 20.5], "uv_size": [1, -0.5]}
							}
						},
						{
							"origin": [-6.91, 12.01503, -3.11935],
							"size": [1.02, 0.52191, 1.26],
							"pivot": [-6.4, 10.28664, -0.5],
							"rotation": [0, 90, 7.5],
							"uv": {
								"north": {"uv": [17, 39], "uv_size": [1, 0.5]},
								"east": {"uv": [39, 0], "uv_size": [1.5, 0.5]},
								"south": {"uv": [39, 17], "uv_size": [1, 0.5]},
								"west": {"uv": [39, 1], "uv_size": [1.5, 0.5]},
								"up": {"uv": [38, 4], "uv_size": [1, 1.5]},
								"down": {"uv": [5, 39.5], "uv_size": [1, -1.5]}
							}
						},
						{
							"origin": [-6.91, 12.83905, -1.13],
							"size": [1.02, 0.52191, 1.26],
							"pivot": [-6.4, 10.28664, -0.5],
							"rotation": [0, 90, -37.5],
							"uv": {
								"north": {"uv": [18, 39], "uv_size": [1, 0.5]},
								"east": {"uv": [39, 2], "uv_size": [1.5, 0.5]},
								"south": {"uv": [39, 18], "uv_size": [1, 0.5]},
								"west": {"uv": [39, 3], "uv_size": [1.5, 0.5]},
								"up": {"uv": [6, 38], "uv_size": [1, 1.5]},
								"down": {"uv": [38, 7.5], "uv_size": [1, -1.5]}
							}
						},
						{
							"origin": [-6.91, 11.64598, -2.7503],
							"size": [1.02, 1.26, 0.52191],
							"pivot": [-6.4, 10.28664, -0.5],
							"rotation": [0, 90, 7.5],
							"uv": {
								"north": {"uv": [7, 38], "uv_size": [1, 1.5]},
								"east": {"uv": [39, 4], "uv_size": [0.5, 1.5]},
								"south": {"uv": [38, 12], "uv_size": [1, 1.5]},
								"west": {"uv": [39, 6], "uv_size": [0.5, 1.5]},
								"up": {"uv": [19, 39], "uv_size": [1, 0.5]},
								"down": {"uv": [39, 19.5], "uv_size": [1, -0.5]}
							}
						},
						{
							"origin": [-6.91, 12.47, -0.76095],
							"size": [1.02, 1.26, 0.52191],
							"pivot": [-6.4, 10.28664, -0.5],
							"rotation": [0, 90, -37.5],
							"uv": {
								"north": {"uv": [38, 14], "uv_size": [1, 1.5]},
								"east": {"uv": [10, 39], "uv_size": [0.5, 1.5]},
								"south": {"uv": [38, 16], "uv_size": [1, 1.5]},
								"west": {"uv": [11, 39], "uv_size": [0.5, 1.5]},
								"up": {"uv": [20, 39], "uv_size": [1, 0.5]},
								"down": {"uv": [39, 20.5], "uv_size": [1, -0.5]}
							}
						},
						{
							"origin": [-4, 5, -5],
							"size": [8, 5, 10],
							"uv": {
								"north": {"uv": [0, 41.5], "uv_size": [35.5, 22.5]},
								"east": {"uv": [16, 0], "uv_size": [10, 5]},
								"south": {"uv": [20, 15], "uv_size": [8, 5]},
								"west": {"uv": [16, 5], "uv_size": [10, 5]},
								"up": {"uv": [0, 0], "uv_size": [8, 10]},
								"down": {"uv": [8, 10], "uv_size": [8, -10]}
							}
						},
						{
							"origin": [-4, 0, 4],
							"size": [8, 6, 1],
							"uv": {
								"north": {"uv": [20, 20], "uv_size": [8, 5]},
								"east": {"uv": [17, 29], "uv_size": [1, 5]},
								"south": {"uv": [0, 23], "uv_size": [8, 5]},
								"west": {"uv": [14, 32], "uv_size": [1, 5]},
								"up": {"uv": [30, 15], "uv_size": [8, 1]},
								"down": {"uv": [30, 17], "uv_size": [8, -1]}
							}
						},
						{
							"origin": [-1.23662, -0.33046, -5],
							"size": [6, 1, 1],
							"pivot": [4.33192, 0.09541, -4.5],
							"rotation": [0, -12.5, -12.5],
							"uv": {
								"north": {"uv": [1, 22], "uv_size": [6, 1]},
								"east": {"uv": [36, 30], "uv_size": [1, 1]},
								"south": {"uv": [0, 29], "uv_size": [5, 1]},
								"west": {"uv": [37, 29], "uv_size": [1, 1]},
								"up": {"uv": [0, 32.5], "uv_size": [5, 1]},
								"down": {"uv": [0, 35], "uv_size": [5, -1]}
							}
						},
						{
							"origin": [-4.9, -1.3, -5],
							"size": [6, 1, 1],
							"pivot": [0.1, -0.3, 0],
							"rotation": [0, 0, 12.5],
							"uv": {
								"north": {"uv": [1, 22], "uv_size": [5, 1]},
								"east": {"uv": [23, 17], "uv_size": [1, 1]},
								"south": {"uv": [0, 28.5], "uv_size": [4.5, 1]},
								"west": {"uv": [33, 16], "uv_size": [1, 1]},
								"up": {"uv": [0, 29.5], "uv_size": [4.5, 1]},
								"down": {"uv": [0, 31], "uv_size": [5.5, 1]}
							}
						},
						{
							"origin": [-4.3, 3.3, -4.975],
							"size": [1, 2.7, 0.975],
							"pivot": [-3.8, 4.5, -4.5],
							"rotation": [0, 0, 42.5],
							"uv": {
								"north": {"uv": [14, 37], "uv_size": [1, 2.5]},
								"east": {"uv": [14, 37], "uv_size": [1, 2.5]},
								"south": {"uv": [37, 12], "uv_size": [1, 2.5]},
								"west": {"uv": [14, 37], "uv_size": [1, 2.5]},
								"up": {"uv": [35, 26], "uv_size": [1, 1]},
								"down": {"uv": [18, 39], "uv_size": [1, -1]}
							}
						},
						{
							"origin": [3.3, 3.3, -4.95],
							"size": [1, 2.7, 0.95],
							"pivot": [3.8, 4.5, -4.5],
							"rotation": [0, 0, -42.5],
							"uv": {
								"north": {"uv": [37.5, 44.5], "uv_size": [1, 2.5]},
								"east": {"uv": [38.5, 44.5], "uv_size": [1, 2.5]},
								"south": {"uv": [39.5, 44.5], "uv_size": [1, 2.5]},
								"west": {"uv": [40.5, 44.5], "uv_size": [1, 2.5]},
								"up": {"uv": [28.5, 19], "uv_size": [1, 1]},
								"down": {"uv": [28.5, 21], "uv_size": [1, -1]}
							}
						},
						{
							"origin": [-5.25, -0.075, -5],
							"size": [1.25, 8.075, 10],
							"uv": {
								"north": {"uv": [26, 28], "uv_size": [1.5, 7.5]},
								"east": {"uv": [0, 10], "uv_size": [10, 7.5]},
								"south": {"uv": [8, 29], "uv_size": [1.5, 7.5]},
								"west": {"uv": [10, 10], "uv_size": [10, 7.5]},
								"up": {"uv": [4, 28], "uv_size": [1.5, 10]},
								"down": {"uv": [6, 38], "uv_size": [1.5, -10]}
							}
						},
						{
							"origin": [-6, 3, -5],
							"size": [1, 5, 10],
							"uv": {
								"north": {"uv": [15, 32], "uv_size": [1, 5]},
								"east": {"uv": [0, 18], "uv_size": [10, 5]},
								"south": {"uv": [16, 32], "uv_size": [1, 5]},
								"west": {"uv": [10, 18], "uv_size": [10, 5]},
								"up": {"uv": [10, 29], "uv_size": [1, 10]},
								"down": {"uv": [11, 39], "uv_size": [1, -10]}
							}
						},
						{
							"origin": [-4.975, 7.2, -4.975],
							"size": [1.5, 2.8, 9.95],
							"pivot": [-4.475, 8.85, 0],
							"rotation": [0, 0, 44.25],
							"uv": {
								"north": {"uv": [34, 27], "uv_size": [1.5, 3]},
								"east": {"uv": [8, 23], "uv_size": [10, 3]},
								"south": {"uv": [34, 30], "uv_size": [1.5, 3]},
								"west": {"uv": [18, 25], "uv_size": [10, 3]},
								"up": {"uv": [28, 9], "uv_size": [1.5, 10]},
								"down": {"uv": [18, 38], "uv_size": [1.5, -10]}
							}
						},
						{
							"origin": [-5.875, 0.8, -4.975],
							"size": [1, 2.4, 9.95],
							"pivot": [-5.375, 2.7, 0],
							"rotation": [0, 0, -17.5],
							"uv": {
								"north": {"uv": [15, 37], "uv_size": [1, 2.5]},
								"east": {"uv": [26, 6], "uv_size": [10, 2.5]},
								"south": {"uv": [16, 37], "uv_size": [1, 2.5]},
								"west": {"uv": [8, 26], "uv_size": [10, 2.5]},
								"up": {"uv": [12, 29], "uv_size": [1, 10]},
								"down": {"uv": [13, 39], "uv_size": [1, -10]}
							}
						},
						{
							"origin": [4.875, 0.8, -4.975],
							"size": [1, 2.4, 9.95],
							"pivot": [5.375, 2.7, 0],
							"rotation": [0, 0, 17.5],
							"uv": {
								"north": {"uv": [16, 37], "uv_size": [-1, 2.5]},
								"east": {"uv": [18, 26], "uv_size": [-10, 2.5]},
								"south": {"uv": [17, 37], "uv_size": [-1, 2.5]},
								"west": {"uv": [36, 6], "uv_size": [-10, 2.5]},
								"up": {"uv": [13, 29], "uv_size": [-1, 10]},
								"down": {"uv": [14, 39], "uv_size": [-1, -10]}
							}
						},
						{
							"origin": [5, 3, -5],
							"size": [1, 5, 10],
							"uv": {
								"north": {"uv": [16, 32], "uv_size": [-1, 5]},
								"east": {"uv": [20, 18], "uv_size": [-10, 5]},
								"south": {"uv": [17, 32], "uv_size": [-1, 5]},
								"west": {"uv": [10, 18], "uv_size": [-10, 5]},
								"up": {"uv": [11, 29], "uv_size": [-1, 10]},
								"down": {"uv": [12, 39], "uv_size": [-1, -10]}
							}
						},
						{
							"origin": [4, -0.075, -5],
							"size": [1.25, 8.075, 10],
							"uv": {
								"north": {"uv": [27.5, 28], "uv_size": [-1.5, 7.5]},
								"east": {"uv": [20, 10], "uv_size": [-10, 7.5]},
								"south": {"uv": [9.5, 29], "uv_size": [-1.5, 7.5]},
								"west": {"uv": [10, 10], "uv_size": [-10, 7.5]},
								"up": {"uv": [5.5, 28], "uv_size": [-1.5, 10]},
								"down": {"uv": [7.5, 38], "uv_size": [-1.5, -10]}
							}
						},
						{
							"origin": [3.3, 3.3, -4.975],
							"size": [1, 2.7, 0.975],
							"pivot": [3.8, 4.5, -4.5],
							"rotation": [0, 0, -42.5],
							"uv": {
								"north": {"uv": [15, 37], "uv_size": [-1, 2.5]},
								"east": {"uv": [15, 37], "uv_size": [-1, 2.5]},
								"south": {"uv": [38, 12], "uv_size": [-1, 2.5]},
								"west": {"uv": [15, 37], "uv_size": [-1, 2.5]},
								"up": {"uv": [36, 26], "uv_size": [-1, 1]},
								"down": {"uv": [19, 39], "uv_size": [-1, -1]}
							}
						},
						{
							"origin": [-4.3, 3.3, -4.95],
							"size": [1, 2.7, 0.95],
							"pivot": [-3.8, 4.5, -4.5],
							"rotation": [0, 0, 42.5],
							"uv": {
								"north": {"uv": [38.5, 44.5], "uv_size": [-1, 2.5]},
								"east": {"uv": [41.5, 44.5], "uv_size": [-1, 2.5]},
								"south": {"uv": [40.5, 44.5], "uv_size": [-1, 2.5]},
								"west": {"uv": [39.5, 44.5], "uv_size": [-1, 2.5]},
								"up": {"uv": [29.5, 19], "uv_size": [-1, 1]},
								"down": {"uv": [29.5, 21], "uv_size": [-1, -1]}
							}
						},
						{
							"origin": [3.475, 7.2, -4.975],
							"size": [1.5, 2.8, 9.95],
							"pivot": [4.475, 8.85, 0],
							"rotation": [0, 0, -44.25],
							"uv": {
								"north": {"uv": [35.5, 27], "uv_size": [-1.5, 3]},
								"east": {"uv": [28, 25], "uv_size": [-10, 3]},
								"south": {"uv": [35.5, 30], "uv_size": [-1.5, 3]},
								"west": {"uv": [18, 23], "uv_size": [-10, 3]},
								"up": {"uv": [29.5, 9], "uv_size": [-1.5, 10]},
								"down": {"uv": [19.5, 38], "uv_size": [-1.5, -10]}
							}
						},
						{
							"origin": [-5.91395, 8.45372, -1],
							"size": [1.1, 5.2, 1],
							"pivot": [-6.4, 10.28664, -0.5],
							"rotation": [0, 0, 177.5],
							"uv": {
								"north": {"uv": [30, 32], "uv_size": [1, 5]},
								"east": {"uv": [33, 9], "uv_size": [1, 5]},
								"south": {"uv": [33, 17], "uv_size": [1, 5]},
								"west": {"uv": [33, 22], "uv_size": [1, 5]},
								"up": {"uv": [38, 19], "uv_size": [1, 1]},
								"down": {"uv": [20, 39], "uv_size": [1, -1]}
							}
						},
						{
							"origin": [-7.98605, 8.45372, -1],
							"size": [1.1, 5.2, 1],
							"pivot": [-6.4, 10.28664, -0.5],
							"rotation": [0, 0, 107.5],
							"uv": {
								"north": {"uv": [32, 17], "uv_size": [1, 5]},
								"east": {"uv": [32, 22], "uv_size": [1, 5]},
								"south": {"uv": [28, 32], "uv_size": [1, 5]},
								"west": {"uv": [29, 32], "uv_size": [1, 5]},
								"up": {"uv": [38, 18], "uv_size": [1, 1]},
								"down": {"uv": [19, 39], "uv_size": [1, -1]}
							}
						},
						{
							"origin": [-4.13524, 7.95159, -1],
							"size": [1.1, 2.9, 1],
							"pivot": [-6.4, 10.28664, -0.5],
							"rotation": [0, 0, 17.5],
							"uv": {
								"north": {"uv": [26, 36], "uv_size": [1, 3]},
								"east": {"uv": [36, 26], "uv_size": [1, 3]},
								"south": {"uv": [27, 36], "uv_size": [1, 3]},
								"west": {"uv": [36, 29], "uv_size": [1, 3]},
								"up": {"uv": [38, 20], "uv_size": [1, 1]},
								"down": {"uv": [21, 39], "uv_size": [1, -1]}
							}
						},
						{
							"origin": [-7.05981, 7.97943, -1],
							"size": [3, 3, 1],
							"pivot": [-6.4, 10.28664, -0.5],
							"rotation": [0, 0, 2.5],
							"uv": {
								"north": {"uv": [14, 29], "uv_size": [3, 3]},
								"east": {"uv": [0, 37], "uv_size": [1, 3]},
								"south": {"uv": [28, 29], "uv_size": [3, 3]},
								"west": {"uv": [1, 37], "uv_size": [1, 3]},
								"up": {"uv": [36, 8], "uv_size": [3, 1]},
								"down": {"uv": [37, 10], "uv_size": [3, -1]}
							}
						},
						{
							"origin": [-9.76476, 7.95159, -1],
							"size": [1.1, 2.9, 1],
							"pivot": [-6.4, 10.28664, -0.5],
							"rotation": [0, 0, -92.5],
							"uv": {
								"north": {"uv": [36, 32], "uv_size": [1, 3]},
								"east": {"uv": [34, 36], "uv_size": [1, 3]},
								"south": {"uv": [35, 36], "uv_size": [1, 3]},
								"west": {"uv": [36, 35], "uv_size": [1, 3]},
								"up": {"uv": [38, 23], "uv_size": [1, 1]},
								"down": {"uv": [38, 25], "uv_size": [1, -1]}
							}
						},
						{
							"origin": [-8.74019, 7.97943, -1],
							"size": [3, 3, 1],
							"pivot": [-6.4, 10.28664, -0.5],
							"rotation": [0, 0, -77.5],
							"uv": {
								"north": {"uv": [30, 9], "uv_size": [3, 3]},
								"east": {"uv": [2, 37], "uv_size": [1, 3]},
								"south": {"uv": [30, 12], "uv_size": [3, 3]},
								"west": {"uv": [3, 37], "uv_size": [1, 3]},
								"up": {"uv": [37, 10], "uv_size": [3, 1]},
								"down": {"uv": [37, 12], "uv_size": [3, -1]}
							}
						},
						{
							"origin": [6.88605, 8.45372, -1],
							"size": [1.1, 5.2, 1],
							"pivot": [6.4, 10.28664, -0.5],
							"rotation": [0, 0, -107.5],
							"uv": {
								"north": {"uv": [33, 17], "uv_size": [-1, 5]},
								"east": {"uv": [30, 32], "uv_size": [-1, 5]},
								"south": {"uv": [29, 32], "uv_size": [-1, 5]},
								"west": {"uv": [33, 22], "uv_size": [-1, 5]},
								"up": {"uv": [39, 18], "uv_size": [-1, 1]},
								"down": {"uv": [20, 39], "uv_size": [-1, -1]}
							}
						},
						{
							"origin": [4.81395, 8.45372, -1],
							"size": [1.1, 5.2, 1],
							"pivot": [6.4, 10.28664, -0.5],
							"rotation": [0, 0, -177.5],
							"uv": {
								"north": {"uv": [31, 32], "uv_size": [-1, 5]},
								"east": {"uv": [34, 22], "uv_size": [-1, 5]},
								"south": {"uv": [34, 17], "uv_size": [-1, 5]},
								"west": {"uv": [34, 9], "uv_size": [-1, 5]},
								"up": {"uv": [39, 19], "uv_size": [-1, 1]},
								"down": {"uv": [21, 39], "uv_size": [-1, -1]}
							}
						},
						{
							"origin": [3.03524, 7.95159, -1],
							"size": [1.1, 2.9, 1],
							"pivot": [6.4, 10.28664, -0.5],
							"rotation": [0, 0, -17.5],
							"uv": {
								"north": {"uv": [27, 36], "uv_size": [-1, 3]},
								"east": {"uv": [37, 29], "uv_size": [-1, 3]},
								"south": {"uv": [28, 36], "uv_size": [-1, 3]},
								"west": {"uv": [37, 26], "uv_size": [-1, 3]},
								"up": {"uv": [39, 20], "uv_size": [-1, 1]},
								"down": {"uv": [22, 39], "uv_size": [-1, -1]}
							}
						},
						{
							"origin": [8.66476, 7.95159, -1],
							"size": [1.1, 2.9, 1],
							"pivot": [6.4, 10.28664, -0.5],
							"rotation": [0, 0, 92.5],
							"uv": {
								"north": {"uv": [37, 32], "uv_size": [-1, 3]},
								"east": {"uv": [37, 35], "uv_size": [-1, 3]},
								"south": {"uv": [36, 36], "uv_size": [-1, 3]},
								"west": {"uv": [35, 36], "uv_size": [-1, 3]},
								"up": {"uv": [39, 23], "uv_size": [-1, 1]},
								"down": {"uv": [39, 25], "uv_size": [-1, -1]}
							}
						},
						{
							"origin": [4.05981, 7.97943, -1],
							"size": [3, 3, 1],
							"pivot": [6.4, 10.28664, -0.5],
							"rotation": [0, 0, -2.5],
							"uv": {
								"north": {"uv": [17, 29], "uv_size": [-3, 3]},
								"east": {"uv": [2, 37], "uv_size": [-1, 3]},
								"south": {"uv": [31, 29], "uv_size": [-3, 3]},
								"west": {"uv": [1, 37], "uv_size": [-1, 3]},
								"up": {"uv": [39, 8], "uv_size": [-3, 1]},
								"down": {"uv": [40, 10], "uv_size": [-3, -1]}
							}
						},
						{
							"origin": [5.89, 12.01503, -3.11935],
							"size": [1.02, 0.52191, 1.26],
							"pivot": [6.4, 10.28664, -0.5],
							"rotation": [0, -90, -7.5],
							"uv": {
								"north": {"uv": [18, 39], "uv_size": [-1, 0.5]},
								"east": {"uv": [40.5, 1], "uv_size": [-1.5, 0.5]},
								"south": {"uv": [40, 17], "uv_size": [-1, 0.5]},
								"west": {"uv": [40.5, 0], "uv_size": [-1.5, 0.5]},
								"up": {"uv": [39, 4], "uv_size": [-1, 1.5]},
								"down": {"uv": [6, 39.5], "uv_size": [-1, -1.5]}
							}
						},
						{
							"origin": [5.89, 12.83905, -1.13],
							"size": [1.02, 0.52191, 1.26],
							"pivot": [6.4, 10.28664, -0.5],
							"rotation": [0, -90, 37.5],
							"uv": {
								"north": {"uv": [19, 39], "uv_size": [-1, 0.5]},
								"east": {"uv": [40.5, 3], "uv_size": [-1.5, 0.5]},
								"south": {"uv": [40, 18], "uv_size": [-1, 0.5]},
								"west": {"uv": [40.5, 2], "uv_size": [-1.5, 0.5]},
								"up": {"uv": [7, 38], "uv_size": [-1, 1.5]},
								"down": {"uv": [39, 7.5], "uv_size": [-1, -1.5]}
							}
						},
						{
							"origin": [5.89, 11.64598, -2.7503],
							"size": [1.02, 1.26, 0.52191],
							"pivot": [6.4, 10.28664, -0.5],
							"rotation": [0, -90, -7.5],
							"uv": {
								"north": {"uv": [8, 38], "uv_size": [-1, 1.5]},
								"east": {"uv": [39.5, 6], "uv_size": [-0.5, 1.5]},
								"south": {"uv": [39, 12], "uv_size": [-1, 1.5]},
								"west": {"uv": [39.5, 4], "uv_size": [-0.5, 1.5]},
								"up": {"uv": [20, 39], "uv_size": [-1, 0.5]},
								"down": {"uv": [40, 19.5], "uv_size": [-1, -0.5]}
							}
						},
						{
							"origin": [5.89, 12.47, -0.76095],
							"size": [1.02, 1.26, 0.52191],
							"pivot": [6.4, 10.28664, -0.5],
							"rotation": [0, -90, 37.5],
							"uv": {
								"north": {"uv": [39, 14], "uv_size": [-1, 1.5]},
								"east": {"uv": [11.5, 39], "uv_size": [-0.5, 1.5]},
								"south": {"uv": [39, 16], "uv_size": [-1, 1.5]},
								"west": {"uv": [10.5, 39], "uv_size": [-0.5, 1.5]},
								"up": {"uv": [21, 39], "uv_size": [-1, 0.5]},
								"down": {"uv": [40, 20.5], "uv_size": [-1, -0.5]}
							}
						},
						{
							"origin": [5.74019, 7.97943, -1],
							"size": [3, 3, 1],
							"pivot": [6.4, 10.28664, -0.5],
							"rotation": [0, 0, 77.5],
							"uv": {
								"north": {"uv": [33, 9], "uv_size": [-3, 3]},
								"east": {"uv": [4, 37], "uv_size": [-1, 3]},
								"south": {"uv": [33, 12], "uv_size": [-3, 3]},
								"west": {"uv": [3, 37], "uv_size": [-1, 3]},
								"up": {"uv": [40, 10], "uv_size": [-3, 1]},
								"down": {"uv": [40, 12], "uv_size": [-3, -1]}
							}
						}
					]
				}
			]
		}
	]
}