{
	"format_version": "1.19.0",
	"minecraft:geometry": [
		{
			"description": {
				"identifier": "geometry._oraev_hats__chiikawa",
				"texture_width": 64,
				"texture_height": 64,
				"visible_bounds_width": 2,
				"visible_bounds_height": 2.5,
				"visible_bounds_offset": [0, 0.75, 0]
			},
			"bones": [
				{
					"name": "root_item",
					"pivot": [0, 0, 0]
				},
				{
					"name": "helmet",
					"parent": "root_item",
					"pivot": [0, 0, 0],
					"binding": "'head'",
					"cubes": [
						{
							"origin": [-4, 6, -5],
							"size": [8, 4, 10],
							"uv": {
								"north": {"uv": [5, 46], "uv_size": [36.5, 17]},
								"east": {"uv": [16, 27], "uv_size": [10, 4]},
								"south": {"uv": [28, 0], "uv_size": [8, 4]},
								"west": {"uv": [26, 27], "uv_size": [10, 4]},
								"up": {"uv": [0, 18], "uv_size": [8, 10]},
								"down": {"uv": [8, 28], "uv_size": [8, -10]}
							}
						},
						{
							"origin": [-4.9, -2, -5],
							"size": [6, 1, 1],
							"pivot": [0.1, -1, 0],
							"rotation": [0, 0, 12.5],
							"uv": {
								"north": {"uv": [8, 28], "uv_size": [6, 1]},
								"east": {"uv": [23, 17], "uv_size": [1, 1]},
								"south": {"uv": [8, 29], "uv_size": [6, 1]},
								"west": {"uv": [33, 16], "uv_size": [1, 1]},
								"up": {"uv": [8, 30], "uv_size": [6, 1]},
								"down": {"uv": [0, 33], "uv_size": [6, -1]}
							}
						},
						{
							"origin": [-1.23662, -1.03046, -5],
							"size": [6, 1, 1],
							"pivot": [4.33192, -0.60459, -4.5],
							"rotation": [0, -12.5, -12.5],
							"uv": {
								"north": {"uv": [0, 33], "uv_size": [6, 1]},
								"east": {"uv": [36, 30], "uv_size": [1, 1]},
								"south": {"uv": [34, 26], "uv_size": [6, 1]},
								"west": {"uv": [37, 29], "uv_size": [1, 1]},
								"up": {"uv": [31, 34], "uv_size": [6, 1]},
								"down": {"uv": [35, 17], "uv_size": [6, -1]}
							}
						},
						{
							"origin": [-4, -1, 4],
							"size": [8, 7, 1],
							"uv": {
								"north": {"uv": [16, 18], "uv_size": [8, 7]},
								"east": {"uv": [29, 34], "uv_size": [1, 7]},
								"south": {"uv": [20, 0], "uv_size": [8, 7]},
								"west": {"uv": [30, 34], "uv_size": [1, 7]},
								"up": {"uv": [16, 25], "uv_size": [8, 1]},
								"down": {"uv": [16, 27], "uv_size": [8, -1]}
							}
						},
						{
							"origin": [-4.3, 4.3, -4.975],
							"size": [1, 2.7, 0.975],
							"pivot": [-3.8, 5.5, -4.5],
							"rotation": [0, 0, 42.5],
							"uv": {
								"north": {"uv": [14, 28], "uv_size": [1, 3]},
								"east": {"uv": [15, 28], "uv_size": [1, 3]},
								"south": {"uv": [35, 35], "uv_size": [1, 3]},
								"west": {"uv": [36, 0], "uv_size": [1, 3]},
								"up": {"uv": [37, 30], "uv_size": [1, 1]},
								"down": {"uv": [37, 35], "uv_size": [1, -1]}
							}
						},
						{
							"origin": [3.3, 4.3, -4.95],
							"size": [1, 2.7, 0.95],
							"pivot": [3.8, 5.5, -4.5],
							"rotation": [0, 0, -42.5],
							"uv": {
								"north": {"uv": [36, 27], "uv_size": [1, 3]},
								"east": {"uv": [36, 35], "uv_size": [1, 3]},
								"south": {"uv": [0, 37], "uv_size": [1, 3]},
								"west": {"uv": [37, 0], "uv_size": [1, 3]},
								"up": {"uv": [37, 35], "uv_size": [1, 1]},
								"down": {"uv": [37, 37], "uv_size": [1, -1]}
							}
						},
						{
							"origin": [-5, -1, -5],
							"size": [1, 9, 10],
							"uv": {
								"north": {"uv": [25, 34], "uv_size": [1, 9]},
								"east": {"uv": [0, 0], "uv_size": [10, 9]},
								"south": {"uv": [26, 34], "uv_size": [1, 9]},
								"west": {"uv": [0, 9], "uv_size": [10, 9]},
								"up": {"uv": [10, 34], "uv_size": [1, 10]},
								"down": {"uv": [11, 44], "uv_size": [1, -10]}
							}
						},
						{
							"origin": [-6, 3, -5],
							"size": [1, 5, 10],
							"uv": {
								"north": {"uv": [31, 35], "uv_size": [1, 5]},
								"east": {"uv": [20, 7], "uv_size": [10, 5]},
								"south": {"uv": [32, 35], "uv_size": [1, 5]},
								"west": {"uv": [20, 12], "uv_size": [10, 5]},
								"up": {"uv": [12, 34], "uv_size": [1, 10]},
								"down": {"uv": [13, 44], "uv_size": [1, -10]}
							}
						},
						{
							"origin": [-4.975, 7.2, -4.975],
							"size": [1.5, 2.8, 9.95],
							"pivot": [-4.475, 8.85, 0],
							"rotation": [0, 0, 44.25],
							"uv": {
								"north": {"uv": [1, 37], "uv_size": [1, 3]},
								"east": {"uv": [28, 4], "uv_size": [10, 3]},
								"south": {"uv": [2, 37], "uv_size": [1, 3]},
								"west": {"uv": [30, 7], "uv_size": [10, 3]},
								"up": {"uv": [14, 34], "uv_size": [1, 10]},
								"down": {"uv": [15, 44], "uv_size": [1, -10]}
							}
						},
						{
							"origin": [3.6, 6.825, -4.975],
							"size": [1.5, 2.8, 9.95],
							"pivot": [4.1, 8.475, 0],
							"rotation": [0, 0, -44.25],
							"uv": {
								"north": {"uv": [7, 37], "uv_size": [1, 3]},
								"east": {"uv": [28, 31], "uv_size": [10, 3]},
								"south": {"uv": [8, 37], "uv_size": [1, 3]},
								"west": {"uv": [0, 34], "uv_size": [10, 3]},
								"up": {"uv": [23, 34], "uv_size": [1, 10]},
								"down": {"uv": [24, 44], "uv_size": [1, -10]}
							}
						},
						{
							"origin": [-5.875, -0.2, -4.975],
							"size": [1, 3.4, 9.95],
							"pivot": [-5.375, 2.7, 0],
							"rotation": [0, 0, -17.5],
							"uv": {
								"north": {"uv": [3, 37], "uv_size": [1, 3]},
								"east": {"uv": [30, 10], "uv_size": [10, 3]},
								"south": {"uv": [4, 37], "uv_size": [1, 3]},
								"west": {"uv": [30, 13], "uv_size": [10, 3]},
								"up": {"uv": [16, 34], "uv_size": [1, 10]},
								"down": {"uv": [34, 26], "uv_size": [1, -10]}
							}
						},
						{
							"origin": [4.875, -0.2, -4.975],
							"size": [1, 3.4, 9.95],
							"pivot": [5.375, 2.7, 0],
							"rotation": [0, 0, 17.5],
							"uv": {
								"north": {"uv": [5, 37], "uv_size": [1, 3]},
								"east": {"uv": [8, 31], "uv_size": [10, 3]},
								"south": {"uv": [6, 37], "uv_size": [1, 3]},
								"west": {"uv": [18, 31], "uv_size": [10, 3]},
								"up": {"uv": [17, 34], "uv_size": [1, 10]},
								"down": {"uv": [18, 44], "uv_size": [1, -10]}
							}
						},
						{
							"origin": [5, 3, -5],
							"size": [1, 5, 10],
							"uv": {
								"north": {"uv": [33, 35], "uv_size": [1, 5]},
								"east": {"uv": [24, 17], "uv_size": [10, 5]},
								"south": {"uv": [34, 35], "uv_size": [1, 5]},
								"west": {"uv": [24, 22], "uv_size": [10, 5]},
								"up": {"uv": [19, 34], "uv_size": [1, 10]},
								"down": {"uv": [20, 44], "uv_size": [1, -10]}
							}
						},
						{
							"origin": [4, -1, -5],
							"size": [1, 9, 10],
							"uv": {
								"north": {"uv": [27, 34], "uv_size": [1, 9]},
								"east": {"uv": [10, 0], "uv_size": [10, 9]},
								"south": {"uv": [28, 34], "uv_size": [1, 9]},
								"west": {"uv": [10, 9], "uv_size": [10, 9]},
								"up": {"uv": [21, 34], "uv_size": [1, 10]},
								"down": {"uv": [22, 44], "uv_size": [1, -10]}
							}
						},
						{
							"origin": [-6.20971, 8.58022, -2],
							"size": [3, 2, 1],
							"pivot": [-4.80018, 10.33658, -1.5],
							"rotation": [0, 0, -22.5],
							"uv": {
								"north": {"uv": [35, 17], "uv_size": [3, 2]},
								"east": {"uv": [6, 32], "uv_size": [1, 2]},
								"south": {"uv": [35, 19], "uv_size": [3, 2]},
								"west": {"uv": [7, 32], "uv_size": [1, 2]},
								"up": {"uv": [20, 17], "uv_size": [3, 1]},
								"down": {"uv": [30, 17], "uv_size": [3, -1]}
							}
						},
						{
							"origin": [-5.37266, 10.58452, -2],
							"size": [1.4, 0.9, 1],
							"pivot": [-4.80018, 10.33658, -1.5],
							"rotation": [0, 0, -22.5],
							"uv": {
								"north": {"uv": [37, 37], "uv_size": [1, 1]},
								"east": {"uv": [38, 0], "uv_size": [1, 1]},
								"south": {"uv": [38, 1], "uv_size": [1, 1]},
								"west": {"uv": [38, 2], "uv_size": [1, 1]},
								"up": {"uv": [38, 4], "uv_size": [1, 1]},
								"down": {"uv": [38, 6], "uv_size": [1, -1]}
							}
						},
						{
							"origin": [-5.5571, 10.63028, -2],
							"size": [1.2, 0.9, 1],
							"pivot": [-4.80018, 10.33658, -1.5],
							"rotation": [0, 0, -70],
							"uv": {
								"north": {"uv": [38, 6], "uv_size": [1, 1]},
								"east": {"uv": [38, 17], "uv_size": [1, 1]},
								"south": {"uv": [38, 18], "uv_size": [1, 1]},
								"west": {"uv": [38, 19], "uv_size": [1, 1]},
								"up": {"uv": [38, 20], "uv_size": [1, 1]},
								"down": {"uv": [38, 22], "uv_size": [1, -1]}
							}
						},
						{
							"origin": [-5.14475, 10.79822, -2],
							"size": [1.2, 0.9, 1],
							"pivot": [-4.80018, 10.33658, -1.5],
							"rotation": [0, 0, 27.5],
							"uv": {
								"north": {"uv": [38, 22], "uv_size": [1, 1]},
								"east": {"uv": [38, 23], "uv_size": [1, 1]},
								"south": {"uv": [38, 24], "uv_size": [1, 1]},
								"west": {"uv": [38, 25], "uv_size": [1, 1]},
								"up": {"uv": [38, 27], "uv_size": [1, 1]},
								"down": {"uv": [38, 29], "uv_size": [1, -1]}
							}
						},
						{
							"origin": [3.18065, 8.66125, -2],
							"size": [3, 2, 1],
							"pivot": [4.54732, 10.4513, -1.5],
							"rotation": [0, 0, 22],
							"uv": {
								"north": {"uv": [35, 21], "uv_size": [3, 2]},
								"east": {"uv": [9, 37], "uv_size": [1, 2]},
								"south": {"uv": [35, 23], "uv_size": [3, 2]},
								"west": {"uv": [37, 27], "uv_size": [1, 2]},
								"up": {"uv": [35, 25], "uv_size": [3, 1]},
								"down": {"uv": [36, 4], "uv_size": [3, -1]}
							}
						},
						{
							"origin": [4.0177, 10.66555, -2],
							"size": [1.4, 0.9, 1],
							"pivot": [4.54732, 10.4513, -1.5],
							"rotation": [0, 0, 22],
							"uv": {
								"north": {"uv": [38, 38], "uv_size": [1, 1]},
								"east": {"uv": [39, 0], "uv_size": [1, 1]},
								"south": {"uv": [39, 1], "uv_size": [1, 1]},
								"west": {"uv": [39, 2], "uv_size": [1, 1]},
								"up": {"uv": [39, 3], "uv_size": [1, 1]},
								"down": {"uv": [39, 5], "uv_size": [1, -1]}
							}
						},
						{
							"origin": [3.79451, 10.69063, -2],
							"size": [1.2, 0.9, 1],
							"pivot": [4.54732, 10.4513, -1.5],
							"rotation": [0, 0, -25.5],
							"uv": {
								"north": {"uv": [35, 38], "uv_size": [1, 1]},
								"east": {"uv": [38, 35], "uv_size": [1, 1]},
								"south": {"uv": [36, 38], "uv_size": [1, 1]},
								"west": {"uv": [38, 36], "uv_size": [1, 1]},
								"up": {"uv": [37, 38], "uv_size": [1, 1]},
								"down": {"uv": [38, 38], "uv_size": [1, -1]}
							}
						},
						{
							"origin": [4.25611, 10.92413, -2],
							"size": [1.2, 0.9, 1],
							"pivot": [4.54732, 10.4513, -1.5],
							"rotation": [0, 0, 72],
							"uv": {
								"north": {"uv": [38, 29], "uv_size": [1, 1]},
								"east": {"uv": [38, 30], "uv_size": [1, 1]},
								"south": {"uv": [38, 31], "uv_size": [1, 1]},
								"west": {"uv": [38, 32], "uv_size": [1, 1]},
								"up": {"uv": [38, 33], "uv_size": [1, 1]},
								"down": {"uv": [38, 35], "uv_size": [1, -1]}
							}
						}
					]
				}
			]
		}
	]
}