{
	"format_version": "1.19.0",
	"minecraft:geometry": [
		{
			"description": {
				"identifier": "geometry._oraev_hats__pompompurin",
				"texture_width": 64,
				"texture_height": 64,
				"visible_bounds_width": 3,
				"visible_bounds_height": 2.5,
				"visible_bounds_offset": [0, 0.75, 0]
			},
			"bones": [
				{
					"name": "root_item",
					"pivot": [0, 0, 0]
				},
				{
					"name": "helmet",
					"parent": "root_item",
					"pivot": [0, 0, 0],
					"binding": "'head'",
					"cubes": [
						{
							"origin": [-1.23662, -0.33046, -5],
							"size": [6, 1, 1],
							"pivot": [4.33192, 0.09541, -4.5],
							"rotation": [0, -12.5, -12.5],
							"uv": {
								"north": {"uv": [12.5, 22], "uv_size": [6, 1]},
								"east": {"uv": [36, 30], "uv_size": [1, 1]},
								"south": {"uv": [0, 29], "uv_size": [5, 1]},
								"west": {"uv": [37, 29], "uv_size": [1, 1]},
								"up": {"uv": [0, 32.5], "uv_size": [5, 1]},
								"down": {"uv": [0, 35], "uv_size": [5, -1]}
							}
						},
						{
							"origin": [-4.9, -1.3, -5],
							"size": [6, 1, 1],
							"pivot": [0.1, -0.3, 0],
							"rotation": [0, 0, 12.5],
							"uv": {
								"north": {"uv": [11.5, 22], "uv_size": [5, 1]},
								"east": {"uv": [23, 17], "uv_size": [1, 1]},
								"south": {"uv": [0, 28.5], "uv_size": [4.5, 1]},
								"west": {"uv": [31.5, 17.5], "uv_size": [1, 1]},
								"up": {"uv": [0, 29.5], "uv_size": [4.5, 1]},
								"down": {"uv": [0, 31], "uv_size": [5.5, 1]}
							}
						},
						{
							"origin": [-6.075, 7.1, -3],
							"size": [3, 1, 4],
							"pivot": [-6.575, 7.6, -1.5],
							"rotation": [0, 0, -35],
							"uv": {
								"north": {"uv": [44, 30], "uv_size": [3, 1]},
								"east": {"uv": [30, 26], "uv_size": [4, 1]},
								"south": {"uv": [44, 31], "uv_size": [3, 1]},
								"west": {"uv": [43, 16], "uv_size": [4, 1]},
								"up": {"uv": [34, 0], "uv_size": [3, 4]},
								"down": {"uv": [6, 39], "uv_size": [3, -4]}
							}
						},
						{
							"origin": [-8.42782, 4.008, -3],
							"size": [4.9, 1.3, 4],
							"pivot": [-7.02782, 4.808, -1.5],
							"rotation": [0, 0, -72.5],
							"uv": {
								"north": {"uv": [40, 22], "uv_size": [5, 1.5]},
								"east": {"uv": [40, 40], "uv_size": [4, 1.5]},
								"south": {"uv": [40, 24], "uv_size": [5, 1.5]},
								"west": {"uv": [41, 0], "uv_size": [4, 1.5]},
								"up": {"uv": [0, 31], "uv_size": [5, 4]},
								"down": {"uv": [5, 35], "uv_size": [5, -4]}
							}
						},
						{
							"origin": [-7.28687, 3.00875, -3],
							"size": [0.875, 0.95, 4],
							"pivot": [-7.06187, 3.30875, -1.5],
							"rotation": [0, 0, -115],
							"uv": {
								"north": {"uv": [46, 43], "uv_size": [1, 1]},
								"east": {"uv": [43, 17], "uv_size": [4, 1]},
								"south": {"uv": [46, 44], "uv_size": [1, 1]},
								"west": {"uv": [43, 18], "uv_size": [4, 1]},
								"up": {"uv": [14, 43], "uv_size": [1, 4]},
								"down": {"uv": [15, 47], "uv_size": [1, -4]}
							}
						},
						{
							"origin": [-4, 6, -5],
							"size": [8, 4, 10],
							"uv": {
								"north": {"uv": [0, 50], "uv_size": [30, 14.5]},
								"east": {"uv": [10, 23], "uv_size": [10, 4]},
								"south": {"uv": [16, 27], "uv_size": [8, 4]},
								"west": {"uv": [20, 23], "uv_size": [10, 4]},
								"up": {"uv": [0, 0], "uv_size": [8, 10]},
								"down": {"uv": [8, 10], "uv_size": [8, -10]}
							}
						},
						{
							"origin": [-4, -0.1, 4],
							"size": [8, 6.1, 1],
							"uv": {
								"north": {"uv": [0, 26], "uv_size": [8, 5]},
								"east": {"uv": [39, 0], "uv_size": [1, 5]},
								"south": {"uv": [26, 0], "uv_size": [8, 5]},
								"west": {"uv": [42, 30], "uv_size": [1, 5]},
								"up": {"uv": [39, 26], "uv_size": [8, 1]},
								"down": {"uv": [39, 28], "uv_size": [8, -1]}
							}
						},
						{
							"origin": [-4.3, 4.3, -4.975],
							"size": [1, 2.7, 0.975],
							"pivot": [-3.8, 5.5, -4.5],
							"rotation": [0, 0, 42.5],
							"uv": {
								"north": {"uv": [39, 5], "uv_size": [1, 2.5]},
								"east": {"uv": [9, 45], "uv_size": [1, 2.5]},
								"south": {"uv": [27, 45], "uv_size": [1, 2.5]},
								"west": {"uv": [28, 45], "uv_size": [1, 2.5]},
								"up": {"uv": [46, 45], "uv_size": [1, 1]},
								"down": {"uv": [46, 47], "uv_size": [1, -1]}
							}
						},
						{
							"origin": [3.3, 4.3, -4.95],
							"size": [1, 2.7, 0.95],
							"pivot": [3.8, 5.5, -4.5],
							"rotation": [0, 0, -42.5],
							"uv": {
								"north": {"uv": [29, 45], "uv_size": [1, 2.5]},
								"east": {"uv": [45, 42], "uv_size": [1, 2.5]},
								"south": {"uv": [45, 45], "uv_size": [1, 2.5]},
								"west": {"uv": [0, 46], "uv_size": [1, 2.5]},
								"up": {"uv": [47, 0], "uv_size": [1, 1]},
								"down": {"uv": [47, 2], "uv_size": [1, -1]}
							}
						},
						{
							"origin": [-5.25, -0.175, -5],
							"size": [1.25, 8.175, 10],
							"uv": {
								"north": {"uv": [36, 30], "uv_size": [1.5, 7.5]},
								"east": {"uv": [0, 10], "uv_size": [10, 7.5]},
								"south": {"uv": [34, 36], "uv_size": [1.5, 7.5]},
								"west": {"uv": [10, 10], "uv_size": [10, 7.5]},
								"up": {"uv": [16, 34], "uv_size": [1.5, 10]},
								"down": {"uv": [18, 44], "uv_size": [1.5, -10]}
							}
						},
						{
							"origin": [-6, 3, -5],
							"size": [1, 5, 10],
							"uv": {
								"north": {"uv": [40, 42], "uv_size": [1, 5]},
								"east": {"uv": [10, 18], "uv_size": [10, 5]},
								"south": {"uv": [41, 42], "uv_size": [1, 5]},
								"west": {"uv": [20, 8], "uv_size": [10, 5]},
								"up": {"uv": [9, 35], "uv_size": [1, 10]},
								"down": {"uv": [38, 48], "uv_size": [1, -10]}
							}
						},
						{
							"origin": [-4.975, 7.2, -4.975],
							"size": [1.5, 2.8, 9.95],
							"pivot": [-4.475, 8.85, 0],
							"rotation": [0, 0, 44.25],
							"uv": {
								"north": {"uv": [42, 35], "uv_size": [1.5, 3]},
								"east": {"uv": [26, 5], "uv_size": [10, 3]},
								"south": {"uv": [43, 9], "uv_size": [1.5, 3]},
								"west": {"uv": [24, 27], "uv_size": [10, 3]},
								"up": {"uv": [20, 34], "uv_size": [1.5, 10]},
								"down": {"uv": [24, 44], "uv_size": [1.5, -10]}
							}
						},
						{
							"origin": [3.6, 6.825, -4.975],
							"size": [1.5, 2.8, 9.95],
							"pivot": [4.1, 8.475, 0],
							"rotation": [0, 0, -44.25],
							"uv": {
								"north": {"uv": [10, 43], "uv_size": [1.5, 3]},
								"east": {"uv": [30, 8], "uv_size": [10, 3]},
								"south": {"uv": [12, 43], "uv_size": [1.5, 3]},
								"west": {"uv": [30, 11], "uv_size": [10, 3]},
								"up": {"uv": [26, 34], "uv_size": [1.5, 10]},
								"down": {"uv": [34, 36], "uv_size": [1.5, -10]}
							}
						},
						{
							"origin": [-5.875, 0.8, -4.975],
							"size": [1, 2.4, 9.95],
							"pivot": [-5.375, 2.7, 0],
							"rotation": [0, 0, -17.5],
							"uv": {
								"north": {"uv": [1, 46], "uv_size": [1, 2.5]},
								"east": {"uv": [30, 14], "uv_size": [10, 2.5]},
								"south": {"uv": [2, 46], "uv_size": [1, 2.5]},
								"west": {"uv": [30, 17], "uv_size": [10, 2.5]},
								"up": {"uv": [6, 39], "uv_size": [1, 10]},
								"down": {"uv": [7, 49], "uv_size": [1, -10]}
							}
						},
						{
							"origin": [4.875, 0.8, -4.975],
							"size": [1, 2.4, 9.95],
							"pivot": [5.375, 2.7, 0],
							"rotation": [0, 0, 17.5],
							"uv": {
								"north": {"uv": [3, 46], "uv_size": [1, 2.5]},
								"east": {"uv": [30, 20], "uv_size": [10, 2.5]},
								"south": {"uv": [4, 46], "uv_size": [1, 2.5]},
								"west": {"uv": [30, 23], "uv_size": [10, 2.5]},
								"up": {"uv": [8, 39], "uv_size": [1, 10]},
								"down": {"uv": [39, 48], "uv_size": [1, -10]}
							}
						},
						{
							"origin": [5, 3, -5],
							"size": [1, 5, 10],
							"uv": {
								"north": {"uv": [42, 42], "uv_size": [1, 5]},
								"east": {"uv": [20, 13], "uv_size": [10, 5]},
								"south": {"uv": [43, 4], "uv_size": [1, 5]},
								"west": {"uv": [20, 18], "uv_size": [10, 5]},
								"up": {"uv": [40, 0], "uv_size": [1, 10]},
								"down": {"uv": [40, 20], "uv_size": [1, -10]}
							}
						},
						{
							"origin": [4, -0.175, -5],
							"size": [1.25, 8.175, 10],
							"uv": {
								"north": {"uv": [38, 30], "uv_size": [1.5, 7.5]},
								"east": {"uv": [16, 0], "uv_size": [10, 7.5]},
								"south": {"uv": [36, 38], "uv_size": [1.5, 7.5]},
								"west": {"uv": [0, 18], "uv_size": [10, 7.5]},
								"up": {"uv": [28, 34], "uv_size": [1.5, 10]},
								"down": {"uv": [30, 44], "uv_size": [1.5, -10]}
							}
						},
						{
							"origin": [6.41187, 3.00875, -3],
							"size": [0.875, 0.95, 4],
							"pivot": [7.06187, 3.30875, -1.5],
							"rotation": [0, 0, 115],
							"uv": {
								"north": {"uv": [47, 2], "uv_size": [1, 1]},
								"east": {"uv": [43, 19], "uv_size": [4, 1]},
								"south": {"uv": [47, 3], "uv_size": [1, 1]},
								"west": {"uv": [43, 34], "uv_size": [4, 1]},
								"up": {"uv": [16, 44], "uv_size": [1, 4]},
								"down": {"uv": [17, 48], "uv_size": [1, -4]}
							}
						},
						{
							"origin": [3.075, 7.1, -3],
							"size": [3, 1, 4],
							"pivot": [6.575, 7.6, -1.5],
							"rotation": [0, 0, 35],
							"uv": {
								"north": {"uv": [44, 41], "uv_size": [3, 1]},
								"east": {"uv": [44, 8], "uv_size": [4, 1]},
								"south": {"uv": [45, 11], "uv_size": [3, 1]},
								"west": {"uv": [18, 44], "uv_size": [4, 1]},
								"up": {"uv": [36, 4], "uv_size": [3, 4]},
								"down": {"uv": [36, 30], "uv_size": [3, -4]}
							}
						},
						{
							"origin": [3.52782, 4.008, -3],
							"size": [4.9, 1.3, 4],
							"pivot": [7.02782, 4.808, -1.5],
							"rotation": [0, 0, 72.5],
							"uv": {
								"north": {"uv": [39, 28], "uv_size": [5, 1.5]},
								"east": {"uv": [16, 8], "uv_size": [4, 1.5]},
								"south": {"uv": [40, 20], "uv_size": [5, 1.5]},
								"west": {"uv": [40, 38], "uv_size": [4, 1.5]},
								"up": {"uv": [24, 30], "uv_size": [5, 4]},
								"down": {"uv": [29, 34], "uv_size": [5, -4]}
							}
						},
						{
							"origin": [-3, 10, -3],
							"size": [6, 1, 3],
							"uv": {
								"north": {"uv": [41, 2], "uv_size": [6, 1]},
								"east": {"uv": [24, 45], "uv_size": [3, 1]},
								"south": {"uv": [41, 3], "uv_size": [6, 1]},
								"west": {"uv": [45, 24], "uv_size": [3, 1]},
								"up": {"uv": [10, 31], "uv_size": [6, 3]},
								"down": {"uv": [16, 34], "uv_size": [6, -3]}
							}
						},
						{
							"origin": [-2.3, 10, -3.7],
							"size": [4.6, 1, 0.7],
							"uv": {
								"north": {"uv": [43, 12], "uv_size": [4.5, 1]},
								"east": {"uv": [31, 47], "uv_size": [0.5, 1]},
								"south": {"uv": [43, 13], "uv_size": [4.5, 1]},
								"west": {"uv": [47, 31], "uv_size": [0.5, 1]},
								"up": {"uv": [45, 25], "uv_size": [4.5, 0.5]},
								"down": {"uv": [46, 32.5], "uv_size": [4.5, -0.5]}
							}
						},
						{
							"origin": [-2.79289, 10, -3.5],
							"size": [1, 1, 1],
							"pivot": [-2.29289, 10.5, -3],
							"rotation": [0, -45, 0],
							"uv": {
								"north": {"uv": [47, 6], "uv_size": [1, 1]},
								"east": {"uv": [47, 7], "uv_size": [1, 1]},
								"south": {"uv": [47, 9], "uv_size": [1, 1]},
								"west": {"uv": [47, 10], "uv_size": [1, 1]},
								"up": {"uv": [14, 47], "uv_size": [1, 1]},
								"down": {"uv": [15, 48], "uv_size": [1, -1]}
							}
						},
						{
							"origin": [-0.4, 10.3, -2.1],
							"size": [1.1, 1.8, 1.1],
							"pivot": [-0.2, 10.8, -1.95],
							"rotation": [0, 0, -20],
							"uv": {
								"north": {"uv": [13, 46], "uv_size": [1, 2]},
								"east": {"uv": [24, 46], "uv_size": [1, 2]},
								"south": {"uv": [25, 46], "uv_size": [1, 2]},
								"west": {"uv": [26, 46], "uv_size": [1, 2]},
								"up": {"uv": [47, 4], "uv_size": [1, 1]},
								"down": {"uv": [47, 6], "uv_size": [1, -1]}
							}
						},
						{
							"origin": [1.79289, 10, -3.5],
							"size": [1, 1, 1],
							"pivot": [2.29289, 10.5, -3],
							"rotation": [0, 45, 0],
							"uv": {
								"north": {"uv": [47, 16], "uv_size": [1, 1]},
								"east": {"uv": [47, 17], "uv_size": [1, 1]},
								"south": {"uv": [18, 47], "uv_size": [1, 1]},
								"west": {"uv": [47, 18], "uv_size": [1, 1]},
								"up": {"uv": [19, 47], "uv_size": [1, 1]},
								"down": {"uv": [47, 20], "uv_size": [1, -1]}
							}
						},
						{
							"origin": [1.91682, 10, -0.77417],
							"size": [1, 1, 1],
							"pivot": [0, 10.5, -1.1],
							"rotation": [-180, -45, 180],
							"uv": {
								"north": {"uv": [23, 47], "uv_size": [1, 1]},
								"east": {"uv": [47, 23], "uv_size": [1, 1]},
								"south": {"uv": [47, 26], "uv_size": [1, 1]},
								"west": {"uv": [47, 27], "uv_size": [1, 1]},
								"up": {"uv": [30, 47], "uv_size": [1, 1]},
								"down": {"uv": [47, 31], "uv_size": [1, -1]}
							}
						},
						{
							"origin": [-2.3, 10, -2.925],
							"size": [4.6, 1, 0.7],
							"pivot": [0, 10.5, -1.1],
							"rotation": [-180, 0, 180],
							"uv": {
								"north": {"uv": [43, 14], "uv_size": [4.5, 1]},
								"east": {"uv": [32, 47], "uv_size": [0.5, 1]},
								"south": {"uv": [43, 15], "uv_size": [4.5, 1]},
								"west": {"uv": [33, 47], "uv_size": [0.5, 1]},
								"up": {"uv": [46, 33], "uv_size": [4.5, 0.5]},
								"down": {"uv": [46, 35.5], "uv_size": [4.5, -0.5]}
							}
						},
						{
							"origin": [-2.91682, 10, -0.77417],
							"size": [1, 1, 1],
							"pivot": [0, 10.5, -1.1],
							"rotation": [-180, 45, 180],
							"uv": {
								"north": {"uv": [20, 47], "uv_size": [1, 1]},
								"east": {"uv": [47, 20], "uv_size": [1, 1]},
								"south": {"uv": [21, 47], "uv_size": [1, 1]},
								"west": {"uv": [47, 21], "uv_size": [1, 1]},
								"up": {"uv": [22, 47], "uv_size": [1, 1]},
								"down": {"uv": [47, 23], "uv_size": [1, -1]}
							}
						}
					]
				}
			]
		}
	]
}