{
	"format_version": "1.19.0",
	"minecraft:geometry": [
		{
			"description": {
				"identifier": "geometry._oraev_hats__hamtoro",
				"texture_width": 64,
				"texture_height": 64,
				"visible_bounds_width": 2,
				"visible_bounds_height": 2.5,
				"visible_bounds_offset": [0, 0.75, 0]
			},
			"bones": [
				{
					"name": "root_item",
					"pivot": [0, 0, 0]
				},
				{
					"name": "helmet",
					"parent": "root_item",
					"pivot": [0, 0, 0],
					"binding": "'head'",
					"cubes": [
						{
							"origin": [-7.32593, 9.4344, -2.952],
							"size": [4.428, 1.476, 1.476],
							"pivot": [-5.24547, 10.5508, -2.214],
							"rotation": [0, 0, -22.5],
							"uv": {
								"north": {"uv": [8, 28], "uv_size": [4.5, 1.5]},
								"east": {"uv": [43, 25], "uv_size": [1.5, 1.5]},
								"south": {"uv": [8, 30], "uv_size": [4.5, 1.5]},
								"west": {"uv": [44, 7], "uv_size": [1.5, 1.5]},
								"up": {"uv": [34, 23], "uv_size": [4.5, 1.5]},
								"down": {"uv": [34, 26.5], "uv_size": [4.5, -1.5]}
							}
						},
						{
							"origin": [-6.09044, 10.91675, -2.952],
							"size": [2.0664, 1.3284, 1.476],
							"pivot": [-5.24547, 10.5508, -2.214],
							"rotation": [0, 0, -22.5],
							"uv": {
								"north": {"uv": [28, 5], "uv_size": [2, 1.5]},
								"east": {"uv": [44, 9], "uv_size": [1.5, 1.5]},
								"south": {"uv": [39, 37], "uv_size": [2, 1.5]},
								"west": {"uv": [44, 11], "uv_size": [1.5, 1.5]},
								"up": {"uv": [39, 39], "uv_size": [2, 1.5]},
								"down": {"uv": [40, 6.5], "uv_size": [2, -1.5]}
							}
						},
						{
							"origin": [-6.36268, 10.9843, -2.952],
							"size": [1.7712, 1.3284, 1.476],
							"pivot": [-5.24547, 10.5508, -2.214],
							"rotation": [0, 0, -70],
							"uv": {
								"north": {"uv": [40, 7], "uv_size": [2, 1.5]},
								"east": {"uv": [44, 13], "uv_size": [1.5, 1.5]},
								"south": {"uv": [40, 9], "uv_size": [2, 1.5]},
								"west": {"uv": [44, 15], "uv_size": [1.5, 1.5]},
								"up": {"uv": [40, 11], "uv_size": [2, 1.5]},
								"down": {"uv": [40, 14.5], "uv_size": [2, -1.5]}
							}
						},
						{
							"origin": [-5.75405, 11.23217, -2.952],
							"size": [1.7712, 1.3284, 1.476],
							"pivot": [-5.24547, 10.5508, -2.214],
							"rotation": [0, 0, 27.5],
							"uv": {
								"north": {"uv": [40, 15], "uv_size": [2, 1.5]},
								"east": {"uv": [16, 44], "uv_size": [1.5, 1.5]},
								"south": {"uv": [41, 0], "uv_size": [2, 1.5]},
								"west": {"uv": [44, 17], "uv_size": [1.5, 1.5]},
								"up": {"uv": [41, 2], "uv_size": [2, 1.5]},
								"down": {"uv": [10, 42.5], "uv_size": [2, -1.5]}
							}
						},
						{
							"origin": [-5.80918, 10.3939, -2.952],
							"size": [1.7712, 1.3284, 1.476],
							"pivot": [-4.69197, 9.9604, -2.214],
							"rotation": [0, 0, 110],
							"uv": {
								"north": {"uv": [12, 41], "uv_size": [2, 1.5]},
								"east": {"uv": [44, 19], "uv_size": [1.5, 1.5]},
								"south": {"uv": [14, 41], "uv_size": [2, 1.5]},
								"west": {"uv": [44, 21], "uv_size": [1.5, 1.5]},
								"up": {"uv": [41, 37], "uv_size": [2, 1.5]},
								"down": {"uv": [38, 42.5], "uv_size": [2, -1.5]}
							}
						},
						{
							"origin": [-5.20055, 10.24177, -2.952],
							"size": [1.7712, 1.7284, 1.476],
							"pivot": [-4.69197, 9.9604, -2.214],
							"rotation": [0, 0, -152.5],
							"uv": {
								"north": {"uv": [41, 39], "uv_size": [2, 1.5]},
								"east": {"uv": [44, 27], "uv_size": [1.5, 1.5]},
								"south": {"uv": [40, 41], "uv_size": [2, 1.5]},
								"west": {"uv": [44, 29], "uv_size": [1.5, 1.5]},
								"up": {"uv": [42, 4], "uv_size": [2, 1.5]},
								"down": {"uv": [42, 7.5], "uv_size": [2, -1.5]}
							}
						},
						{
							"origin": [-6.79596, 9.11551, -3.32631],
							"size": [3.34447, 1.11482, 1.11482],
							"pivot": [-5.22459, 9.95871, -2.7689],
							"rotation": [0, 0, -22.5],
							"uv": {
								"north": {"uv": [20, 17], "uv_size": [3.5, 1]},
								"east": {"uv": [15, 46], "uv_size": [1, 1]},
								"south": {"uv": [38, 32], "uv_size": [3.5, 1]},
								"west": {"uv": [46, 15], "uv_size": [1, 1]},
								"up": {"uv": [38, 33], "uv_size": [3.5, 1]},
								"down": {"uv": [38, 35], "uv_size": [3.5, -1]}
							}
						},
						{
							"origin": [-5.8628, 10.23513, -3.32631],
							"size": [1.56075, 1.00334, 1.11482],
							"pivot": [-5.22459, 9.95871, -2.7689],
							"rotation": [0, 0, -22.5],
							"uv": {
								"north": {"uv": [13, 31], "uv_size": [1.5, 1]},
								"east": {"uv": [16, 46], "uv_size": [1, 1]},
								"south": {"uv": [42, 16], "uv_size": [1.5, 1]},
								"west": {"uv": [46, 16], "uv_size": [1, 1]},
								"up": {"uv": [45, 2], "uv_size": [1.5, 1]},
								"down": {"uv": [45, 4], "uv_size": [1.5, -1]}
							}
						},
						{
							"origin": [-6.06841, 10.28614, -3.32631],
							"size": [1.33778, 1.00334, 1.11482],
							"pivot": [-5.22459, 9.95871, -2.7689],
							"rotation": [0, 0, -70],
							"uv": {
								"north": {"uv": [4, 45], "uv_size": [1.5, 1]},
								"east": {"uv": [17, 46], "uv_size": [1, 1]},
								"south": {"uv": [45, 4], "uv_size": [1.5, 1]},
								"west": {"uv": [46, 17], "uv_size": [1, 1]},
								"up": {"uv": [45, 5], "uv_size": [1.5, 1]},
								"down": {"uv": [6, 46], "uv_size": [1.5, -1]}
							}
						},
						{
							"origin": [-5.60871, 10.47336, -3.32631],
							"size": [1.33778, 1.00334, 1.11482],
							"pivot": [-5.22459, 9.95871, -2.7689],
							"rotation": [0, 0, 27.5],
							"uv": {
								"north": {"uv": [45, 6], "uv_size": [1.5, 1]},
								"east": {"uv": [18, 46], "uv_size": [1, 1]},
								"south": {"uv": [8, 45], "uv_size": [1.5, 1]},
								"west": {"uv": [46, 18], "uv_size": [1, 1]},
								"up": {"uv": [10, 45], "uv_size": [1.5, 1]},
								"down": {"uv": [12, 46], "uv_size": [1.5, -1]}
							}
						},
						{
							"origin": [-5.19065, 10.02743, -3.32631],
							"size": [1.33778, 1.00334, 1.11482],
							"pivot": [-4.80652, 9.51279, -2.7689],
							"rotation": [0, 0, -152.5],
							"uv": {
								"north": {"uv": [14, 45], "uv_size": [1.5, 1]},
								"east": {"uv": [19, 46], "uv_size": [1, 1]},
								"south": {"uv": [18, 45], "uv_size": [1.5, 1]},
								"west": {"uv": [46, 19], "uv_size": [1, 1]},
								"up": {"uv": [20, 45], "uv_size": [1.5, 1]},
								"down": {"uv": [22, 46], "uv_size": [1.5, -1]}
							}
						},
						{
							"origin": [3.09182, 9.61034, -2.46],
							"size": [4.428, 1.476, 1.476],
							"pivot": [5.27728, 10.25705, -1.99945],
							"rotation": [180, 0, -157.5],
							"uv": {
								"north": {"uv": [36, 0], "uv_size": [4.5, 1.5]},
								"east": {"uv": [30, 44], "uv_size": [1.5, 1.5]},
								"south": {"uv": [36, 2], "uv_size": [4.5, 1.5]},
								"west": {"uv": [44, 31], "uv_size": [1.5, 1.5]},
								"up": {"uv": [8, 36], "uv_size": [4.5, 1.5]},
								"down": {"uv": [13, 37.5], "uv_size": [4.5, -1.5]}
							}
						},
						{
							"origin": [4.3273, 11.09269, -2.46],
							"size": [2.0664, 1.3284, 1.476],
							"pivot": [5.27728, 10.25705, -1.99945],
							"rotation": [180, 0, -157.5],
							"uv": {
								"north": {"uv": [42, 8], "uv_size": [2, 1.5]},
								"east": {"uv": [32, 44], "uv_size": [1.5, 1.5]},
								"south": {"uv": [42, 10], "uv_size": [2, 1.5]},
								"west": {"uv": [44, 33], "uv_size": [1.5, 1.5]},
								"up": {"uv": [42, 12], "uv_size": [2, 1.5]},
								"down": {"uv": [42, 15.5], "uv_size": [2, -1.5]}
							}
						},
						{
							"origin": [4.43542, 11.08528, -2.46],
							"size": [1.7712, 1.3284, 1.476],
							"pivot": [5.27728, 10.25705, -1.99945],
							"rotation": [180, 0, -110],
							"uv": {
								"north": {"uv": [16, 42], "uv_size": [2, 1.5]},
								"east": {"uv": [34, 44], "uv_size": [1.5, 1.5]},
								"south": {"uv": [42, 27], "uv_size": [2, 1.5]},
								"west": {"uv": [44, 35], "uv_size": [1.5, 1.5]},
								"up": {"uv": [42, 29], "uv_size": [2, 1.5]},
								"down": {"uv": [42, 32.5], "uv_size": [2, -1.5]}
							}
						},
						{
							"origin": [4.34141, 11.15989, -2.46],
							"size": [1.7712, 1.3284, 1.476],
							"pivot": [5.27728, 10.25705, -1.99945],
							"rotation": [180, 0, 152.5],
							"uv": {
								"north": {"uv": [42, 33], "uv_size": [2, 1.5]},
								"east": {"uv": [36, 44], "uv_size": [1.5, 1.5]},
								"south": {"uv": [34, 42], "uv_size": [2, 1.5]},
								"west": {"uv": [44, 37], "uv_size": [1.5, 1.5]},
								"up": {"uv": [42, 35], "uv_size": [2, 1.5]},
								"down": {"uv": [36, 43.5], "uv_size": [2, -1.5]}
							}
						},
						{
							"origin": [4.43242, 10.98507, -2.46],
							"size": [1.7712, 1.3284, 1.476],
							"pivot": [5.27728, 10.25705, -1.99945],
							"rotation": [180, 0, -27.5],
							"uv": {
								"north": {"uv": [42, 41], "uv_size": [2, 1.5]},
								"east": {"uv": [44, 39], "uv_size": [1.5, 1.5]},
								"south": {"uv": [0, 43], "uv_size": [2, 1.5]},
								"west": {"uv": [44, 41], "uv_size": [1.5, 1.5]},
								"up": {"uv": [43, 0], "uv_size": [2, 1.5]},
								"down": {"uv": [2, 44.5], "uv_size": [2, -1.5]}
							}
						},
						{
							"origin": [4.25022, 11.01787, -2.46],
							"size": [1.7712, 1.3284, 1.476],
							"pivot": [5.27728, 10.25705, -1.99945],
							"rotation": [180, 0, 70],
							"uv": {
								"north": {"uv": [43, 2], "uv_size": [2, 1.5]},
								"east": {"uv": [44, 43], "uv_size": [1.5, 1.5]},
								"south": {"uv": [4, 43], "uv_size": [2, 1.5]},
								"west": {"uv": [0, 45], "uv_size": [1.5, 1.5]},
								"up": {"uv": [6, 43], "uv_size": [2, 1.5]},
								"down": {"uv": [8, 44.5], "uv_size": [2, -1.5]}
							}
						},
						{
							"origin": [4.25188, 10.9106, -2.46],
							"size": [2.0664, 1.3284, 1.476],
							"pivot": [5.27728, 10.25705, -1.99945],
							"rotation": [180, 0, 22.5],
							"uv": {
								"north": {"uv": [10, 43], "uv_size": [2, 1.5]},
								"east": {"uv": [45, 0], "uv_size": [1.5, 1.5]},
								"south": {"uv": [12, 43], "uv_size": [2, 1.5]},
								"west": {"uv": [2, 45], "uv_size": [1.5, 1.5]},
								"up": {"uv": [14, 43], "uv_size": [2, 1.5]},
								"down": {"uv": [43, 24.5], "uv_size": [2, -1.5]}
							}
						},
						{
							"origin": [4.05179, 10.26827, -3.81831],
							"size": [1.73778, 2.00334, 1.11482],
							"pivot": [5.27728, 10.25705, -2.98345],
							"rotation": [180, 0, -27.5],
							"uv": {
								"north": {"uv": [45, 23], "uv_size": [1.5, 1]},
								"east": {"uv": [20, 46], "uv_size": [1, 1]},
								"south": {"uv": [24, 45], "uv_size": [1.5, 1]},
								"west": {"uv": [46, 20], "uv_size": [1, 1]},
								"up": {"uv": [45, 24], "uv_size": [1.5, 1]},
								"down": {"uv": [45, 26], "uv_size": [1.5, -1]}
							}
						},
						{
							"origin": [4.75778, 10.47763, -3.81831],
							"size": [1.33778, 1.00334, 1.11482],
							"pivot": [5.27728, 10.25705, -2.98345],
							"rotation": [180, 0, 152.5],
							"uv": {
								"north": {"uv": [26, 45], "uv_size": [1.5, 1]},
								"east": {"uv": [21, 46], "uv_size": [1, 1]},
								"south": {"uv": [45, 26], "uv_size": [1.5, 1]},
								"west": {"uv": [46, 21], "uv_size": [1, 1]},
								"up": {"uv": [28, 45], "uv_size": [1.5, 1]},
								"down": {"uv": [44, 46], "uv_size": [1.5, -1]}
							}
						},
						{
							"origin": [4.15957, 10.75707, -3.81831],
							"size": [1.33778, 1.00334, 1.11482],
							"pivot": [5.27728, 10.25705, -2.98345],
							"rotation": [180, 0, -110],
							"uv": {
								"north": {"uv": [4, 46], "uv_size": [1.5, 1]},
								"east": {"uv": [22, 46], "uv_size": [1, 1]},
								"south": {"uv": [6, 46], "uv_size": [1.5, 1]},
								"west": {"uv": [46, 22], "uv_size": [1, 1]},
								"up": {"uv": [46, 7], "uv_size": [1.5, 1]},
								"down": {"uv": [8, 47], "uv_size": [1.5, -1]}
							}
						},
						{
							"origin": [4.32678, 10.44814, -3.81831],
							"size": [1.56075, 1.00334, 1.11482],
							"pivot": [5.27728, 10.25705, -2.98345],
							"rotation": [180, 0, -157.5],
							"uv": {
								"north": {"uv": [46, 8], "uv_size": [1.5, 1]},
								"east": {"uv": [23, 46], "uv_size": [1, 1]},
								"south": {"uv": [46, 9], "uv_size": [1.5, 1]},
								"west": {"uv": [24, 46], "uv_size": [1, 1]},
								"up": {"uv": [10, 46], "uv_size": [1.5, 1]},
								"down": {"uv": [46, 11], "uv_size": [1.5, -1]}
							}
						},
						{
							"origin": [3.39362, 9.32852, -3.81831],
							"size": [3.34447, 1.11482, 1.11482],
							"pivot": [5.27728, 10.25705, -2.98345],
							"rotation": [180, 0, -157.5],
							"uv": {
								"north": {"uv": [39, 23], "uv_size": [3.5, 1]},
								"east": {"uv": [25, 46], "uv_size": [1, 1]},
								"south": {"uv": [39, 24], "uv_size": [3.5, 1]},
								"west": {"uv": [26, 46], "uv_size": [1, 1]},
								"up": {"uv": [39, 25], "uv_size": [3.5, 1]},
								"down": {"uv": [39, 27], "uv_size": [3.5, -1]}
							}
						},
						{
							"origin": [-4, 5, -5],
							"size": [8, 5, 10],
							"uv": {
								"north": {"uv": [0, 47.5], "uv_size": [32, 16.5]},
								"east": {"uv": [20, 7], "uv_size": [10, 5]},
								"south": {"uv": [28, 0], "uv_size": [8, 5]},
								"west": {"uv": [20, 12], "uv_size": [10, 5]},
								"up": {"uv": [0, 18], "uv_size": [8, 10]},
								"down": {"uv": [8, 28], "uv_size": [8, -10]}
							}
						},
						{
							"origin": [-4.9, -2, -5],
							"size": [6, 1, 1],
							"pivot": [0.1, -1, 0],
							"rotation": [0, 0, 12.5],
							"uv": {
								"north": {"uv": [36, 4], "uv_size": [6, 1]},
								"east": {"uv": [43, 40], "uv_size": [1, 1]},
								"south": {"uv": [36, 27], "uv_size": [6, 1]},
								"west": {"uv": [46, 11], "uv_size": [1, 1]},
								"up": {"uv": [36, 28], "uv_size": [6, 1]},
								"down": {"uv": [36, 30], "uv_size": [6, -1]}
							}
						},
						{
							"origin": [-1.23662, -1.03046, -5],
							"size": [6, 1, 1],
							"pivot": [4.33192, -0.60459, -4.5],
							"rotation": [0, -12.5, -12.5],
							"uv": {
								"north": {"uv": [36, 30], "uv_size": [6, 1]},
								"east": {"uv": [12, 46], "uv_size": [1, 1]},
								"south": {"uv": [36, 31], "uv_size": [6, 1]},
								"west": {"uv": [46, 12], "uv_size": [1, 1]},
								"up": {"uv": [36, 35], "uv_size": [6, 1]},
								"down": {"uv": [36, 37], "uv_size": [6, -1]}
							}
						},
						{
							"origin": [-4, -1, 4],
							"size": [8, 7, 1],
							"uv": {
								"north": {"uv": [16, 18], "uv_size": [8, 7]},
								"east": {"uv": [34, 35], "uv_size": [1, 7]},
								"south": {"uv": [20, 0], "uv_size": [8, 7]},
								"west": {"uv": [35, 35], "uv_size": [1, 7]},
								"up": {"uv": [16, 25], "uv_size": [8, 1]},
								"down": {"uv": [16, 27], "uv_size": [8, -1]}
							}
						},
						{
							"origin": [-4.3, 3.3, -4.975],
							"size": [1, 2.7, 0.975],
							"pivot": [-3.8, 4.5, -4.5],
							"rotation": [0, 0, 42.5],
							"uv": {
								"north": {"uv": [43, 37], "uv_size": [1, 2.5]},
								"east": {"uv": [38, 43], "uv_size": [1, 2.5]},
								"south": {"uv": [39, 43], "uv_size": [1, 2.5]},
								"west": {"uv": [40, 43], "uv_size": [1, 2.5]},
								"up": {"uv": [13, 46], "uv_size": [1, 1]},
								"down": {"uv": [46, 14], "uv_size": [1, -1]}
							}
						},
						{
							"origin": [3.3, 3.3, -4.95],
							"size": [1, 2.7, 0.95],
							"pivot": [3.8, 4.5, -4.5],
							"rotation": [0, 0, -42.5],
							"uv": {
								"north": {"uv": [41, 43], "uv_size": [1, 2.5]},
								"east": {"uv": [42, 43], "uv_size": [1, 2.5]},
								"south": {"uv": [43, 43], "uv_size": [1, 2.5]},
								"west": {"uv": [44, 4], "uv_size": [1, 2.5]},
								"up": {"uv": [14, 46], "uv_size": [1, 1]},
								"down": {"uv": [46, 15], "uv_size": [1, -1]}
							}
						},
						{
							"origin": [-5, -1, -5],
							"size": [1, 9, 10],
							"uv": {
								"north": {"uv": [30, 35], "uv_size": [1, 9]},
								"east": {"uv": [0, 0], "uv_size": [10, 9]},
								"south": {"uv": [31, 35], "uv_size": [1, 9]},
								"west": {"uv": [0, 9], "uv_size": [10, 9]},
								"up": {"uv": [18, 35], "uv_size": [1, 10]},
								"down": {"uv": [19, 45], "uv_size": [1, -10]}
							}
						},
						{
							"origin": [-6, 3, -5],
							"size": [1, 5, 10],
							"uv": {
								"north": {"uv": [36, 37], "uv_size": [1, 5]},
								"east": {"uv": [24, 17], "uv_size": [10, 5]},
								"south": {"uv": [37, 37], "uv_size": [1, 5]},
								"west": {"uv": [24, 22], "uv_size": [10, 5]},
								"up": {"uv": [20, 35], "uv_size": [1, 10]},
								"down": {"uv": [21, 45], "uv_size": [1, -10]}
							}
						},
						{
							"origin": [-4.975, 7.2, -4.975],
							"size": [1.5, 2.8, 9.95],
							"pivot": [-4.475, 8.85, 0],
							"rotation": [0, 0, 44.25],
							"uv": {
								"north": {"uv": [13, 28], "uv_size": [1.5, 3]},
								"east": {"uv": [18, 32], "uv_size": [10, 3]},
								"south": {"uv": [10, 38], "uv_size": [1.5, 3]},
								"west": {"uv": [28, 32], "uv_size": [10, 3]},
								"up": {"uv": [0, 33], "uv_size": [1.5, 10]},
								"down": {"uv": [2, 43], "uv_size": [1.5, -10]}
							}
						},
						{
							"origin": [3.6, 6.825, -4.975],
							"size": [1.5, 2.8, 9.95],
							"pivot": [4.1, 8.475, 0],
							"rotation": [0, 0, -44.25],
							"uv": {
								"north": {"uv": [12, 38], "uv_size": [1.5, 3]},
								"east": {"uv": [34, 17], "uv_size": [10, 3]},
								"south": {"uv": [14, 38], "uv_size": [1.5, 3]},
								"west": {"uv": [34, 20], "uv_size": [10, 3]},
								"up": {"uv": [4, 33], "uv_size": [1.5, 10]},
								"down": {"uv": [6, 43], "uv_size": [1.5, -10]}
							}
						},
						{
							"origin": [-5.875, -0.2, -4.975],
							"size": [1, 3.4, 9.95],
							"pivot": [-5.375, 2.7, 0],
							"rotation": [0, 0, -17.5],
							"uv": {
								"north": {"uv": [15, 28], "uv_size": [1, 3.5]},
								"east": {"uv": [30, 5], "uv_size": [10, 3.5]},
								"south": {"uv": [16, 38], "uv_size": [1, 3.5]},
								"west": {"uv": [30, 9], "uv_size": [10, 3.5]},
								"up": {"uv": [22, 35], "uv_size": [1, 10]},
								"down": {"uv": [23, 45], "uv_size": [1, -10]}
							}
						},
						{
							"origin": [4.875, -0.2, -4.975],
							"size": [1, 3.4, 9.95],
							"pivot": [5.375, 2.7, 0],
							"rotation": [0, 0, 17.5],
							"uv": {
								"north": {"uv": [17, 38], "uv_size": [1, 3.5]},
								"east": {"uv": [30, 13], "uv_size": [10, 3.5]},
								"south": {"uv": [38, 37], "uv_size": [1, 3.5]},
								"west": {"uv": [8, 32], "uv_size": [10, 3.5]},
								"up": {"uv": [24, 35], "uv_size": [1, 10]},
								"down": {"uv": [25, 45], "uv_size": [1, -10]}
							}
						},
						{
							"origin": [5, 3, -5],
							"size": [1, 5, 10],
							"uv": {
								"north": {"uv": [8, 38], "uv_size": [1, 5]},
								"east": {"uv": [16, 27], "uv_size": [10, 5]},
								"south": {"uv": [9, 38], "uv_size": [1, 5]},
								"west": {"uv": [26, 27], "uv_size": [10, 5]},
								"up": {"uv": [26, 35], "uv_size": [1, 10]},
								"down": {"uv": [27, 45], "uv_size": [1, -10]}
							}
						},
						{
							"origin": [4, -1, -5],
							"size": [1, 9, 10],
							"uv": {
								"north": {"uv": [32, 35], "uv_size": [1, 9]},
								"east": {"uv": [10, 0], "uv_size": [10, 9]},
								"south": {"uv": [33, 35], "uv_size": [1, 9]},
								"west": {"uv": [10, 9], "uv_size": [10, 9]},
								"up": {"uv": [28, 35], "uv_size": [1, 10]},
								"down": {"uv": [29, 45], "uv_size": [1, -10]}
							}
						},
						{
							"origin": [-5.7, 6.5, -5.1],
							"size": [2, 0.1, 0.3],
							"pivot": [-4.7, 6.6, -4.95],
							"rotation": [0, 0, 5],
							"uv": {
								"north": {"uv": [2, 2], "uv_size": [2, 0]},
								"east": {"uv": [2, 2], "uv_size": [0, 0]},
								"south": {"uv": [4, 2], "uv_size": [2, 0]},
								"west": {"uv": [4, 2], "uv_size": [0, 0]},
								"up": {"uv": [2, 2], "uv_size": [2, 0]},
								"down": {"uv": [4, 2], "uv_size": [2, 0]}
							}
						},
						{
							"origin": [-5.7, 5.8, -5.1],
							"size": [2, 0.1, 0.3],
							"pivot": [-4.7, 5.9, -4.95],
							"rotation": [0, 0, -5],
							"uv": {
								"north": {"uv": [2, 2], "uv_size": [2, 0]},
								"east": {"uv": [2, 2], "uv_size": [0, 0]},
								"south": {"uv": [4, 2], "uv_size": [2, 0]},
								"west": {"uv": [4, 2], "uv_size": [0, 0]},
								"up": {"uv": [2, 2], "uv_size": [2, 0]},
								"down": {"uv": [4, 2], "uv_size": [2, 0]}
							}
						},
						{
							"origin": [3.7, 5.8, -5.1],
							"size": [2, 0.1, 0.3],
							"pivot": [4.7, 5.9, -4.95],
							"rotation": [0, 0, 5],
							"uv": {
								"north": {"uv": [4, 2], "uv_size": [-2, 0]},
								"east": {"uv": [4, 2], "uv_size": [0, 0]},
								"south": {"uv": [6, 2], "uv_size": [-2, 0]},
								"west": {"uv": [2, 2], "uv_size": [0, 0]},
								"up": {"uv": [4, 2], "uv_size": [-2, 0]},
								"down": {"uv": [6, 2], "uv_size": [-2, 0]}
							}
						},
						{
							"origin": [3.7, 6.5, -5.1],
							"size": [2, 0.1, 0.3],
							"pivot": [4.7, 6.6, -4.95],
							"rotation": [0, 0, -5],
							"uv": {
								"north": {"uv": [4, 2], "uv_size": [-2, 0]},
								"east": {"uv": [4, 2], "uv_size": [0, 0]},
								"south": {"uv": [6, 2], "uv_size": [-2, 0]},
								"west": {"uv": [2, 2], "uv_size": [0, 0]},
								"up": {"uv": [4, 2], "uv_size": [-2, 0]},
								"down": {"uv": [6, 2], "uv_size": [-2, 0]}
							}
						}
					]
				}
			]
		}
	]
}