{
	"format_version": "1.19.0",
	"minecraft:geometry": [
		{
			"description": {
				"identifier": "geometry._oraev_hats__rilakkuma",
				"texture_width": 64,
				"texture_height": 64,
				"visible_bounds_width": 2,
				"visible_bounds_height": 2.5,
				"visible_bounds_offset": [0, 0.75, 0]
			},
			"bones": [
				{
					"name": "root_item",
					"pivot": [0, 0, 0]
				},
				{
					"name": "helmet",
					"parent": "root_item",
					"pivot": [0, 0, 0],
					"binding": "'head'",
					"cubes": [
						{
							"origin": [-7.93165, 9.39626, -2.4],
							"size": [3.6, 1.2, 1.2],
							"pivot": [-6.24022, 10.3039, -1.8],
							"rotation": [0, 0, -22.5],
							"uv": {
								"north": {"uv": [28, 30], "uv_size": [3.5, 1]},
								"east": {"uv": [15, 35], "uv_size": [1, 1]},
								"south": {"uv": [0, 31], "uv_size": [3.5, 1]},
								"west": {"uv": [35, 15], "uv_size": [1, 1]},
								"up": {"uv": [4, 31], "uv_size": [3.5, 1]},
								"down": {"uv": [28, 32], "uv_size": [3.5, -1]}
							}
						},
						{
							"origin": [-6.92719, 10.60142, -2.4],
							"size": [1.68, 1.08, 1.2],
							"pivot": [-6.24022, 10.3039, -1.8],
							"rotation": [0, 0, -22.5],
							"uv": {
								"north": {"uv": [32, 16], "uv_size": [1.5, 1]},
								"east": {"uv": [16, 35], "uv_size": [1, 1]},
								"south": {"uv": [32, 17], "uv_size": [1.5, 1]},
								"west": {"uv": [17, 35], "uv_size": [1, 1]},
								"up": {"uv": [32, 18], "uv_size": [1.5, 1]},
								"down": {"uv": [32, 20], "uv_size": [1.5, -1]}
							}
						},
						{
							"origin": [-7.14852, 10.65634, -2.4],
							"size": [1.44, 1.08, 1.2],
							"pivot": [-6.24022, 10.3039, -1.8],
							"rotation": [0, 0, -70],
							"uv": {
								"north": {"uv": [28, 32], "uv_size": [1.5, 1]},
								"east": {"uv": [18, 35], "uv_size": [1, 1]},
								"south": {"uv": [30, 32], "uv_size": [1.5, 1]},
								"west": {"uv": [19, 35], "uv_size": [1, 1]},
								"up": {"uv": [32, 30], "uv_size": [1.5, 1]},
								"down": {"uv": [32, 32], "uv_size": [1.5, -1]}
							}
						},
						{
							"origin": [-6.6537, 10.85786, -2.4],
							"size": [1.44, 1.08, 1.2],
							"pivot": [-6.24022, 10.3039, -1.8],
							"rotation": [0, 0, 27.5],
							"uv": {
								"north": {"uv": [32, 32], "uv_size": [1.5, 1]},
								"east": {"uv": [20, 35], "uv_size": [1, 1]},
								"south": {"uv": [0, 33], "uv_size": [1.5, 1]},
								"west": {"uv": [21, 35], "uv_size": [1, 1]},
								"up": {"uv": [2, 33], "uv_size": [1.5, 1]},
								"down": {"uv": [4, 34], "uv_size": [1.5, -1]}
							}
						},
						{
							"origin": [-6.47719, 10.12142, -2.4],
							"size": [1.68, 1.08, 1.2],
							"pivot": [-5.79022, 9.8239, -1.8],
							"rotation": [0, 0, 157.5],
							"uv": {
								"north": {"uv": [32, 33], "uv_size": [1.5, 1]},
								"east": {"uv": [30, 35], "uv_size": [1, 1]},
								"south": {"uv": [0, 34], "uv_size": [1.5, 1]},
								"west": {"uv": [31, 35], "uv_size": [1, 1]},
								"up": {"uv": [2, 34], "uv_size": [1.5, 1]},
								"down": {"uv": [4, 35], "uv_size": [1.5, -1]}
							}
						},
						{
							"origin": [-6.69852, 10.17634, -2.4],
							"size": [1.44, 1.08, 1.2],
							"pivot": [-5.79022, 9.8239, -1.8],
							"rotation": [0, 0, 110],
							"uv": {
								"north": {"uv": [33, 14], "uv_size": [1.5, 1]},
								"east": {"uv": [28, 35], "uv_size": [1, 1]},
								"south": {"uv": [33, 15], "uv_size": [1.5, 1]},
								"west": {"uv": [29, 35], "uv_size": [1, 1]},
								"up": {"uv": [28, 33], "uv_size": [1.5, 1]},
								"down": {"uv": [30, 34], "uv_size": [1.5, -1]}
							}
						},
						{
							"origin": [-6.2037, 10.37786, -2.4],
							"size": [1.44, 1.08, 1.2],
							"pivot": [-5.79022, 9.8239, -1.8],
							"rotation": [0, 0, -152.5],
							"uv": {
								"north": {"uv": [33, 10], "uv_size": [1.5, 1]},
								"east": {"uv": [22, 35], "uv_size": [1, 1]},
								"south": {"uv": [33, 11], "uv_size": [1.5, 1]},
								"west": {"uv": [23, 35], "uv_size": [1, 1]},
								"up": {"uv": [33, 12], "uv_size": [1.5, 1]},
								"down": {"uv": [33, 14], "uv_size": [1.5, -1]}
							}
						},
						{
							"origin": [-7.50078, 9.137, -2.70432],
							"size": [2.71908, 0.90636, 0.90636],
							"pivot": [-6.22324, 9.82253, -2.25114],
							"rotation": [0, 0, -22.5],
							"uv": {
								"north": {"uv": [32, 3], "uv_size": [2.5, 1]},
								"east": {"uv": [19, 36], "uv_size": [1, 1]},
								"south": {"uv": [4, 32], "uv_size": [2.5, 1]},
								"west": {"uv": [36, 19], "uv_size": [1, 1]},
								"up": {"uv": [32, 4], "uv_size": [2.5, 1]},
								"down": {"uv": [32, 6], "uv_size": [2.5, -1]}
							}
						},
						{
							"origin": [-6.74211, 10.04726, -2.70432],
							"size": [1.2689, 0.81572, 0.90636],
							"pivot": [-6.22324, 9.82253, -2.25114],
							"rotation": [0, 0, -22.5],
							"uv": {
								"north": {"uv": [34, 16], "uv_size": [1.5, 1]},
								"east": {"uv": [18, 36], "uv_size": [1, 1]},
								"south": {"uv": [34, 17], "uv_size": [1.5, 1]},
								"west": {"uv": [36, 18], "uv_size": [1, 1]},
								"up": {"uv": [18, 34], "uv_size": [1.5, 1]},
								"down": {"uv": [34, 19], "uv_size": [1.5, -1]}
							}
						},
						{
							"origin": [-6.90928, 10.08873, -2.70432],
							"size": [1.08763, 0.81572, 0.90636],
							"pivot": [-6.22324, 9.82253, -2.25114],
							"rotation": [0, 0, -70],
							"uv": {
								"north": {"uv": [15, 36], "uv_size": [1, 1]},
								"east": {"uv": [36, 15], "uv_size": [1, 1]},
								"south": {"uv": [16, 36], "uv_size": [1, 1]},
								"west": {"uv": [36, 16], "uv_size": [1, 1]},
								"up": {"uv": [17, 36], "uv_size": [1, 1]},
								"down": {"uv": [36, 18], "uv_size": [1, -1]}
							}
						},
						{
							"origin": [-6.53554, 10.24094, -2.70432],
							"size": [1.08763, 0.81572, 0.90636],
							"pivot": [-6.22324, 9.82253, -2.25114],
							"rotation": [0, 0, 27.5],
							"uv": {
								"north": {"uv": [7, 36], "uv_size": [1, 1]},
								"east": {"uv": [12, 36], "uv_size": [1, 1]},
								"south": {"uv": [13, 36], "uv_size": [1, 1]},
								"west": {"uv": [36, 13], "uv_size": [1, 1]},
								"up": {"uv": [14, 36], "uv_size": [1, 1]},
								"down": {"uv": [36, 15], "uv_size": [1, -1]}
							}
						},
						{
							"origin": [-6.19565, 9.8784, -2.70432],
							"size": [1.08763, 0.81572, 0.90636],
							"pivot": [-5.88335, 9.45999, -2.25114],
							"rotation": [0, 0, -152.5],
							"uv": {
								"north": {"uv": [2, 36], "uv_size": [1, 1]},
								"east": {"uv": [36, 2], "uv_size": [1, 1]},
								"south": {"uv": [3, 36], "uv_size": [1, 1]},
								"west": {"uv": [4, 36], "uv_size": [1, 1]},
								"up": {"uv": [5, 36], "uv_size": [1, 1]},
								"down": {"uv": [6, 37], "uv_size": [1, -1]}
							}
						},
						{
							"origin": [-6.56939, 9.72619, -2.70432],
							"size": [1.08763, 0.81572, 0.90636],
							"pivot": [-5.88335, 9.45999, -2.25114],
							"rotation": [0, 0, 110],
							"uv": {
								"north": {"uv": [34, 35], "uv_size": [1, 1]},
								"east": {"uv": [35, 35], "uv_size": [1, 1]},
								"south": {"uv": [0, 36], "uv_size": [1, 1]},
								"west": {"uv": [36, 0], "uv_size": [1, 1]},
								"up": {"uv": [1, 36], "uv_size": [1, 1]},
								"down": {"uv": [36, 2], "uv_size": [1, -1]}
							}
						},
						{
							"origin": [-6.40222, 9.68471, -2.70432],
							"size": [1.2689, 0.81572, 0.90636],
							"pivot": [-5.88335, 9.45999, -2.25114],
							"rotation": [0, 0, 157.5],
							"uv": {
								"north": {"uv": [6, 34], "uv_size": [1.5, 1]},
								"east": {"uv": [32, 35], "uv_size": [1, 1]},
								"south": {"uv": [12, 34], "uv_size": [1.5, 1]},
								"west": {"uv": [33, 35], "uv_size": [1, 1]},
								"up": {"uv": [14, 34], "uv_size": [1.5, 1]},
								"down": {"uv": [16, 35], "uv_size": [1.5, -1]}
							}
						},
						{
							"origin": [4.20798, 9.458, -2.4],
							"size": [3.6, 1.2, 1.2],
							"pivot": [5.98478, 9.98378, -2.02557],
							"rotation": [180, 0, -157.5],
							"uv": {
								"north": {"uv": [0, 32], "uv_size": [3.5, 1]},
								"east": {"uv": [37, 3], "uv_size": [1, 1]},
								"south": {"uv": [32, 0], "uv_size": [3.5, 1]},
								"west": {"uv": [4, 37], "uv_size": [1, 1]},
								"up": {"uv": [32, 1], "uv_size": [3.5, 1]},
								"down": {"uv": [32, 3], "uv_size": [3.5, -1]}
							}
						},
						{
							"origin": [5.21244, 10.66316, -2.4],
							"size": [1.68, 1.08, 1.2],
							"pivot": [5.98478, 9.98378, -2.02557],
							"rotation": [180, 0, -157.5],
							"uv": {
								"north": {"uv": [35, 10], "uv_size": [1.5, 1]},
								"east": {"uv": [37, 2], "uv_size": [1, 1]},
								"south": {"uv": [35, 11], "uv_size": [1.5, 1]},
								"west": {"uv": [3, 37], "uv_size": [1, 1]},
								"up": {"uv": [12, 35], "uv_size": [1.5, 1]},
								"down": {"uv": [35, 13], "uv_size": [1.5, -1]}
							}
						},
						{
							"origin": [5.30034, 10.65714, -2.4],
							"size": [1.44, 1.08, 1.2],
							"pivot": [5.98478, 9.98378, -2.02557],
							"rotation": [180, 0, -110],
							"uv": {
								"north": {"uv": [35, 6], "uv_size": [1.5, 1]},
								"east": {"uv": [37, 1], "uv_size": [1, 1]},
								"south": {"uv": [35, 7], "uv_size": [1.5, 1]},
								"west": {"uv": [2, 37], "uv_size": [1, 1]},
								"up": {"uv": [35, 8], "uv_size": [1.5, 1]},
								"down": {"uv": [35, 10], "uv_size": [1.5, -1]}
							}
						},
						{
							"origin": [5.22391, 10.7178, -2.4],
							"size": [1.44, 1.08, 1.2],
							"pivot": [5.98478, 9.98378, -2.02557],
							"rotation": [180, 0, 152.5],
							"uv": {
								"north": {"uv": [4, 35], "uv_size": [1.5, 1]},
								"east": {"uv": [37, 0], "uv_size": [1, 1]},
								"south": {"uv": [35, 4], "uv_size": [1.5, 1]},
								"west": {"uv": [1, 37], "uv_size": [1, 1]},
								"up": {"uv": [35, 5], "uv_size": [1.5, 1]},
								"down": {"uv": [6, 36], "uv_size": [1.5, -1]}
							}
						},
						{
							"origin": [5.2979, 10.57567, -2.4],
							"size": [1.44, 1.08, 1.2],
							"pivot": [5.98478, 9.98378, -2.02557],
							"rotation": [180, 0, -27.5],
							"uv": {
								"north": {"uv": [34, 34], "uv_size": [1.5, 1]},
								"east": {"uv": [36, 36], "uv_size": [1, 1]},
								"south": {"uv": [0, 35], "uv_size": [1.5, 1]},
								"west": {"uv": [0, 37], "uv_size": [1, 1]},
								"up": {"uv": [2, 35], "uv_size": [1.5, 1]},
								"down": {"uv": [35, 4], "uv_size": [1.5, -1]}
							}
						},
						{
							"origin": [5.14977, 10.60233, -2.4],
							"size": [1.44, 1.08, 1.2],
							"pivot": [5.98478, 9.98378, -2.02557],
							"rotation": [180, 0, 70],
							"uv": {
								"north": {"uv": [34, 31], "uv_size": [1.5, 1]},
								"east": {"uv": [35, 36], "uv_size": [1, 1]},
								"south": {"uv": [32, 34], "uv_size": [1.5, 1]},
								"west": {"uv": [36, 35], "uv_size": [1, 1]},
								"up": {"uv": [34, 32], "uv_size": [1.5, 1]},
								"down": {"uv": [34, 34], "uv_size": [1.5, -1]}
							}
						},
						{
							"origin": [5.15112, 10.51512, -2.4],
							"size": [1.68, 1.08, 1.2],
							"pivot": [5.98478, 9.98378, -2.02557],
							"rotation": [180, 0, 22.5],
							"uv": {
								"north": {"uv": [34, 27], "uv_size": [1.5, 1]},
								"east": {"uv": [34, 36], "uv_size": [1, 1]},
								"south": {"uv": [28, 34], "uv_size": [1.5, 1]},
								"west": {"uv": [36, 34], "uv_size": [1, 1]},
								"up": {"uv": [30, 34], "uv_size": [1.5, 1]},
								"down": {"uv": [34, 31], "uv_size": [1.5, -1]}
							}
						},
						{
							"origin": [5.54453, 10.74288, -3.50432],
							"size": [1.2689, 0.81572, 0.90636],
							"pivot": [5.98478, 9.98378, -2.82557],
							"rotation": [180, 0, 22.5],
							"uv": {
								"north": {"uv": [22, 34], "uv_size": [1.5, 1]},
								"east": {"uv": [33, 36], "uv_size": [1, 1]},
								"south": {"uv": [34, 22], "uv_size": [1.5, 1]},
								"west": {"uv": [36, 33], "uv_size": [1, 1]},
								"up": {"uv": [34, 23], "uv_size": [1.5, 1]},
								"down": {"uv": [34, 27], "uv_size": [1.5, -1]}
							}
						},
						{
							"origin": [5.31365, 10.80591, -3.50432],
							"size": [1.08763, 0.81572, 0.90636],
							"pivot": [5.98478, 9.98378, -2.82557],
							"rotation": [180, 0, -27.5],
							"uv": {
								"north": {"uv": [30, 36], "uv_size": [1, 1]},
								"east": {"uv": [36, 30], "uv_size": [1, 1]},
								"south": {"uv": [31, 36], "uv_size": [1, 1]},
								"west": {"uv": [36, 31], "uv_size": [1, 1]},
								"up": {"uv": [32, 36], "uv_size": [1, 1]},
								"down": {"uv": [36, 33], "uv_size": [1, -1]}
							}
						},
						{
							"origin": [5.56242, 10.16311, -3.50432],
							"size": [1.08763, 0.81572, 0.90636],
							"pivot": [5.98478, 9.98378, -2.82557],
							"rotation": [180, 0, 152.5],
							"uv": {
								"north": {"uv": [36, 26], "uv_size": [1, 1]},
								"east": {"uv": [36, 27], "uv_size": [1, 1]},
								"south": {"uv": [28, 36], "uv_size": [1, 1]},
								"west": {"uv": [36, 28], "uv_size": [1, 1]},
								"up": {"uv": [29, 36], "uv_size": [1, 1]},
								"down": {"uv": [36, 30], "uv_size": [1, -1]}
							}
						},
						{
							"origin": [5.07607, 10.3903, -3.50432],
							"size": [1.08763, 0.81572, 0.90636],
							"pivot": [5.98478, 9.98378, -2.82557],
							"rotation": [180, 0, -110],
							"uv": {
								"north": {"uv": [22, 36], "uv_size": [1, 1]},
								"east": {"uv": [36, 22], "uv_size": [1, 1]},
								"south": {"uv": [23, 36], "uv_size": [1, 1]},
								"west": {"uv": [36, 23], "uv_size": [1, 1]},
								"up": {"uv": [36, 24], "uv_size": [1, 1]},
								"down": {"uv": [36, 26], "uv_size": [1, -1]}
							}
						},
						{
							"origin": [5.21202, 10.13914, -3.50432],
							"size": [1.2689, 0.81572, 0.90636],
							"pivot": [5.98478, 9.98378, -2.82557],
							"rotation": [180, 0, -157.5],
							"uv": {
								"north": {"uv": [34, 19], "uv_size": [1.5, 1]},
								"east": {"uv": [21, 36], "uv_size": [1, 1]},
								"south": {"uv": [20, 34], "uv_size": [1.5, 1]},
								"west": {"uv": [36, 21], "uv_size": [1, 1]},
								"up": {"uv": [34, 20], "uv_size": [1.5, 1]},
								"down": {"uv": [34, 22], "uv_size": [1.5, -1]}
							}
						},
						{
							"origin": [4.45335, 9.22888, -3.50432],
							"size": [2.71908, 0.90636, 0.90636],
							"pivot": [5.98478, 9.98378, -2.82557],
							"rotation": [180, 0, -157.5],
							"uv": {
								"north": {"uv": [32, 6], "uv_size": [2.5, 1]},
								"east": {"uv": [20, 36], "uv_size": [1, 1]},
								"south": {"uv": [32, 7], "uv_size": [2.5, 1]},
								"west": {"uv": [36, 20], "uv_size": [1, 1]},
								"up": {"uv": [32, 8], "uv_size": [2.5, 1]},
								"down": {"uv": [32, 10], "uv_size": [2.5, -1]}
							}
						},
						{
							"origin": [-6, 5, -5],
							"size": [12, 4, 10],
							"uv": {
								"north": {"uv": [0, 47.5], "uv_size": [47, 16.5]},
								"east": {"uv": [22, 0], "uv_size": [10, 4]},
								"south": {"uv": [12, 20], "uv_size": [12, 4]},
								"west": {"uv": [22, 4], "uv_size": [10, 4]},
								"up": {"uv": [0, 0], "uv_size": [12, 10]},
								"down": {"uv": [0, 20], "uv_size": [12, -10]}
							}
						},
						{
							"origin": [-5.5, 0, -4],
							"size": [1.5, 5, 8],
							"uv": {
								"north": {"uv": [12, 29], "uv_size": [1.5, 5]},
								"east": {"uv": [22, 8], "uv_size": [8, 5]},
								"south": {"uv": [14, 29], "uv_size": [1.5, 5]},
								"west": {"uv": [22, 8], "uv_size": [8, 5]},
								"up": {"uv": [16, 26], "uv_size": [1.5, 8]},
								"down": {"uv": [18, 34], "uv_size": [1.5, -8]}
							}
						},
						{
							"origin": [-5.45, -0.6, -4],
							"size": [1.05, 1.05, 8],
							"pivot": [-4.75, -0.25, 0],
							"rotation": [0, 0, 45],
							"uv": {
								"north": {"uv": [6, 33], "uv_size": [1, 1]},
								"east": {"uv": [28, 28], "uv_size": [8, 1]},
								"south": {"uv": [35, 13], "uv_size": [1, 1]},
								"west": {"uv": [0, 29], "uv_size": [8, 1]},
								"up": {"uv": [8, 29], "uv_size": [1, 8]},
								"down": {"uv": [9, 37], "uv_size": [1, -8]}
							}
						},
						{
							"origin": [4.05, -0.6, -4],
							"size": [1.05, 1.05, 8],
							"pivot": [4.75, -0.25, 0],
							"rotation": [0, 0, 45],
							"uv": {
								"north": {"uv": [14, 35], "uv_size": [1, 1]},
								"east": {"uv": [28, 29], "uv_size": [8, 1]},
								"south": {"uv": [35, 14], "uv_size": [1, 1]},
								"west": {"uv": [0, 30], "uv_size": [8, 1]},
								"up": {"uv": [10, 29], "uv_size": [1, 8]},
								"down": {"uv": [11, 37], "uv_size": [1, -8]}
							}
						},
						{
							"origin": [4, 0, -4],
							"size": [1.5, 5, 8],
							"uv": {
								"north": {"uv": [30, 8], "uv_size": [1.5, 5]},
								"east": {"uv": [8, 24], "uv_size": [8, 5]},
								"south": {"uv": [30, 13], "uv_size": [1.5, 5]},
								"west": {"uv": [8, 24], "uv_size": [8, 5]},
								"up": {"uv": [20, 26], "uv_size": [1.5, 8]},
								"down": {"uv": [22, 34], "uv_size": [1.5, -8]}
							}
						},
						{
							"origin": [-5, 9, -5],
							"size": [10, 1, 10],
							"uv": {
								"north": {"uv": [24, 26], "uv_size": [10, 1]},
								"east": {"uv": [26, 24], "uv_size": [10, 1]},
								"south": {"uv": [26, 25], "uv_size": [10, 1]},
								"west": {"uv": [24, 27], "uv_size": [10, 1]},
								"up": {"uv": [12, 0], "uv_size": [10, 10]},
								"down": {"uv": [12, 20], "uv_size": [10, -10]}
							}
						},
						{
							"origin": [-5.8, 8.5, -5],
							"size": [1, 1.4, 10],
							"pivot": [-5.3, 9, -0.5],
							"rotation": [0, 0, 45],
							"uv": {
								"north": {"uv": [7, 32], "uv_size": [1, 1.5]},
								"east": {"uv": [22, 18], "uv_size": [10, 1.5]},
								"south": {"uv": [32, 10], "uv_size": [1, 1.5]},
								"west": {"uv": [16, 24], "uv_size": [10, 1.5]},
								"up": {"uv": [24, 28], "uv_size": [1, 10]},
								"down": {"uv": [25, 38], "uv_size": [1, -10]}
							}
						},
						{
							"origin": [4.8, 8.5, -5],
							"size": [1, 1.4, 10],
							"pivot": [5.3, 9, -0.5],
							"rotation": [0, 0, -45],
							"uv": {
								"north": {"uv": [32, 12], "uv_size": [1, 1.5]},
								"east": {"uv": [24, 20], "uv_size": [10, 1.5]},
								"south": {"uv": [32, 14], "uv_size": [1, 1.5]},
								"west": {"uv": [24, 22], "uv_size": [10, 1.5]},
								"up": {"uv": [26, 28], "uv_size": [1, 10]},
								"down": {"uv": [27, 38], "uv_size": [1, -10]}
							}
						}
					]
				}
			]
		}
	]
}