{
	"format_version": "1.19.0",
	"minecraft:geometry": [
		{
			"description": {
				"identifier": "geometry._oraev_hats__usagi",
				"texture_width": 64,
				"texture_height": 64,
				"visible_bounds_width": 2,
				"visible_bounds_height": 2.5,
				"visible_bounds_offset": [0, 0.75, 0]
			},
			"bones": [
				{
					"name": "root_item",
					"pivot": [0, 0, 0]
				},
				{
					"name": "helmet",
					"parent": "root_item",
					"pivot": [0, 0, 0],
					"binding": "'head'",
					"cubes": [
						{
							"origin": [-4, 6, -5],
							"size": [8, 4, 10],
							"uv": {
								"north": {"uv": [4, 46], "uv_size": [38, 18]},
								"east": {"uv": [16, 27], "uv_size": [10, 4]},
								"south": {"uv": [10, 31], "uv_size": [8, 4]},
								"west": {"uv": [26, 27], "uv_size": [10, 4]},
								"up": {"uv": [0, 18], "uv_size": [8, 10]},
								"down": {"uv": [8, 28], "uv_size": [8, -10]}
							}
						},
						{
							"origin": [-4.9, -2, -5],
							"size": [6, 1, 1],
							"pivot": [0.1, -1, 0],
							"rotation": [0, 0, 12.5],
							"uv": {
								"north": {"uv": [10, 28], "uv_size": [6, 1]},
								"east": {"uv": [23, 17], "uv_size": [1, 1]},
								"south": {"uv": [10, 29], "uv_size": [6, 1]},
								"west": {"uv": [33, 16], "uv_size": [1, 1]},
								"up": {"uv": [10, 30], "uv_size": [6, 1]},
								"down": {"uv": [38, 1], "uv_size": [6, -1]}
							}
						},
						{
							"origin": [-1.23662, -1.03046, -5],
							"size": [6, 1, 1],
							"pivot": [4.33192, -0.60459, -4.5],
							"rotation": [0, -12.5, -12.5],
							"uv": {
								"north": {"uv": [38, 1], "uv_size": [6, 1]},
								"east": {"uv": [7, 41], "uv_size": [1, 1]},
								"south": {"uv": [38, 2], "uv_size": [6, 1]},
								"west": {"uv": [41, 22], "uv_size": [1, 1]},
								"up": {"uv": [38, 3], "uv_size": [6, 1]},
								"down": {"uv": [38, 13], "uv_size": [6, -1]}
							}
						},
						{
							"origin": [-4, -1, 4],
							"size": [8, 7, 1],
							"uv": {
								"north": {"uv": [16, 18], "uv_size": [8, 7]},
								"east": {"uv": [38, 37], "uv_size": [1, 7]},
								"south": {"uv": [20, 0], "uv_size": [8, 7]},
								"west": {"uv": [39, 19], "uv_size": [1, 7]},
								"up": {"uv": [16, 25], "uv_size": [8, 1]},
								"down": {"uv": [16, 27], "uv_size": [8, -1]}
							}
						},
						{
							"origin": [-4.3, 4.3, -4.975],
							"size": [1, 2.7, 0.975],
							"pivot": [-3.8, 5.5, -4.5],
							"rotation": [0, 0, 42.5],
							"uv": {
								"north": {"uv": [37, 28], "uv_size": [1, 2.5]},
								"east": {"uv": [40, 37], "uv_size": [1, 2.5]},
								"south": {"uv": [40, 40], "uv_size": [1, 2.5]},
								"west": {"uv": [0, 41], "uv_size": [1, 2.5]},
								"up": {"uv": [41, 23], "uv_size": [1, 1]},
								"down": {"uv": [41, 25], "uv_size": [1, -1]}
							}
						},
						{
							"origin": [3.3, 4.3, -4.95],
							"size": [1, 2.7, 0.95],
							"pivot": [3.8, 5.5, -4.5],
							"rotation": [0, 0, -42.5],
							"uv": {
								"north": {"uv": [1, 41], "uv_size": [1, 2.5]},
								"east": {"uv": [2, 41], "uv_size": [1, 2.5]},
								"south": {"uv": [3, 41], "uv_size": [1, 2.5]},
								"west": {"uv": [4, 41], "uv_size": [1, 2.5]},
								"up": {"uv": [41, 25], "uv_size": [1, 1]},
								"down": {"uv": [41, 27], "uv_size": [1, -1]}
							}
						},
						{
							"origin": [-5, -1, -5],
							"size": [1, 9, 10],
							"uv": {
								"north": {"uv": [37, 19], "uv_size": [1, 9]},
								"east": {"uv": [0, 0], "uv_size": [10, 9]},
								"south": {"uv": [37, 34], "uv_size": [1, 9]},
								"west": {"uv": [0, 9], "uv_size": [10, 9]},
								"up": {"uv": [8, 35], "uv_size": [1, 10]},
								"down": {"uv": [9, 45], "uv_size": [1, -10]}
							}
						},
						{
							"origin": [-6, 3, -5],
							"size": [1, 5, 10],
							"uv": {
								"north": {"uv": [20, 40], "uv_size": [1, 5]},
								"east": {"uv": [20, 7], "uv_size": [10, 5]},
								"south": {"uv": [21, 40], "uv_size": [1, 5]},
								"west": {"uv": [20, 12], "uv_size": [10, 5]},
								"up": {"uv": [10, 35], "uv_size": [1, 10]},
								"down": {"uv": [11, 45], "uv_size": [1, -10]}
							}
						},
						{
							"origin": [-4.975, 7.2, -4.975],
							"size": [1.5, 2.8, 9.95],
							"pivot": [-4.475, 8.85, 0],
							"rotation": [0, 0, 44.25],
							"uv": {
								"north": {"uv": [28, 4], "uv_size": [1.5, 3]},
								"east": {"uv": [18, 31], "uv_size": [10, 3]},
								"south": {"uv": [38, 13], "uv_size": [1.5, 3]},
								"west": {"uv": [28, 31], "uv_size": [10, 3]},
								"up": {"uv": [27, 34], "uv_size": [1.5, 10]},
								"down": {"uv": [29, 44], "uv_size": [1.5, -10]}
							}
						},
						{
							"origin": [3.6, 6.825, -4.975],
							"size": [1.5, 2.8, 9.95],
							"pivot": [4.1, 8.475, 0],
							"rotation": [0, 0, -44.25],
							"uv": {
								"north": {"uv": [40, 13], "uv_size": [1.5, 3]},
								"east": {"uv": [0, 32], "uv_size": [10, 3]},
								"south": {"uv": [24, 40], "uv_size": [1.5, 3]},
								"west": {"uv": [34, 16], "uv_size": [10, 3]},
								"up": {"uv": [31, 34], "uv_size": [1.5, 10]},
								"down": {"uv": [33, 44], "uv_size": [1.5, -10]}
							}
						},
						{
							"origin": [-5.875, -0.2, -4.975],
							"size": [1, 3.4, 9.95],
							"pivot": [-5.375, 2.7, 0],
							"rotation": [0, 0, -17.5],
							"uv": {
								"north": {"uv": [40, 25], "uv_size": [1, 3.5]},
								"east": {"uv": [0, 28], "uv_size": [10, 3.5]},
								"south": {"uv": [26, 40], "uv_size": [1, 3.5]},
								"west": {"uv": [28, 0], "uv_size": [10, 3.5]},
								"up": {"uv": [12, 35], "uv_size": [1, 10]},
								"down": {"uv": [13, 45], "uv_size": [1, -10]}
							}
						},
						{
							"origin": [4.875, -0.2, -4.975],
							"size": [1, 3.4, 9.95],
							"pivot": [5.375, 2.7, 0],
							"rotation": [0, 0, 17.5],
							"uv": {
								"north": {"uv": [40, 29], "uv_size": [1, 3.5]},
								"east": {"uv": [30, 4], "uv_size": [10, 3.5]},
								"south": {"uv": [40, 33], "uv_size": [1, 3.5]},
								"west": {"uv": [30, 8], "uv_size": [10, 3.5]},
								"up": {"uv": [14, 35], "uv_size": [1, 10]},
								"down": {"uv": [15, 45], "uv_size": [1, -10]}
							}
						},
						{
							"origin": [5, 3, -5],
							"size": [1, 5, 10],
							"uv": {
								"north": {"uv": [22, 40], "uv_size": [1, 5]},
								"east": {"uv": [24, 17], "uv_size": [10, 5]},
								"south": {"uv": [23, 40], "uv_size": [1, 5]},
								"west": {"uv": [24, 22], "uv_size": [10, 5]},
								"up": {"uv": [16, 35], "uv_size": [1, 10]},
								"down": {"uv": [17, 45], "uv_size": [1, -10]}
							}
						},
						{
							"origin": [4, -1, -5],
							"size": [1, 9, 10],
							"uv": {
								"north": {"uv": [38, 19], "uv_size": [1, 9]},
								"east": {"uv": [10, 0], "uv_size": [10, 9]},
								"south": {"uv": [38, 28], "uv_size": [1, 9]},
								"west": {"uv": [10, 9], "uv_size": [10, 9]},
								"up": {"uv": [35, 34], "uv_size": [1, 10]},
								"down": {"uv": [36, 44], "uv_size": [1, -10]}
							}
						},
						{
							"origin": [-3.41934, 8.96125, -2],
							"size": [3, 6, 1],
							"pivot": [-2.05268, 14.7513, -1.5],
							"rotation": [0, 0, -5],
							"uv": {
								"north": {"uv": [18, 34], "uv_size": [3, 6]},
								"east": {"uv": [36, 25], "uv_size": [1, 6]},
								"south": {"uv": [34, 19], "uv_size": [3, 6]},
								"west": {"uv": [39, 26], "uv_size": [1, 6]},
								"up": {"uv": [20, 17], "uv_size": [3, 1]},
								"down": {"uv": [30, 17], "uv_size": [3, -1]}
							}
						},
						{
							"origin": [-2.81934, 8.96125, -2.1],
							"size": [1.8, 6.1, 0.8],
							"pivot": [-2.05268, 14.7513, -1.8],
							"rotation": [0, 0, -5],
							"uv": {
								"north": {"uv": [0, 35], "uv_size": [2, 6]},
								"east": {"uv": [39, 32], "uv_size": [1, 6]},
								"south": {"uv": [2, 35], "uv_size": [2, 6]},
								"west": {"uv": [39, 38], "uv_size": [1, 6]},
								"up": {"uv": [34, 25], "uv_size": [2, 1]},
								"down": {"uv": [34, 27], "uv_size": [2, -1]}
							}
						},
						{
							"origin": [-2.58229, 14.96555, -2],
							"size": [1.4, 0.9, 1],
							"pivot": [-2.05268, 14.7513, -1.5],
							"rotation": [0, 0, -5],
							"uv": {
								"north": {"uv": [41, 5], "uv_size": [1.5, 1]},
								"east": {"uv": [41, 27], "uv_size": [1, 1]},
								"south": {"uv": [41, 6], "uv_size": [1.5, 1]},
								"west": {"uv": [41, 28], "uv_size": [1, 1]},
								"up": {"uv": [41, 7], "uv_size": [1.5, 1]},
								"down": {"uv": [41, 9], "uv_size": [1.5, -1]}
							}
						},
						{
							"origin": [-2.80548, 14.99063, -2],
							"size": [1.2, 0.9, 1],
							"pivot": [-2.05268, 14.7513, -1.5],
							"rotation": [0, 0, -52.5],
							"uv": {
								"north": {"uv": [41, 29], "uv_size": [1, 1]},
								"east": {"uv": [41, 30], "uv_size": [1, 1]},
								"south": {"uv": [41, 31], "uv_size": [1, 1]},
								"west": {"uv": [41, 32], "uv_size": [1, 1]},
								"up": {"uv": [41, 33], "uv_size": [1, 1]},
								"down": {"uv": [41, 35], "uv_size": [1, -1]}
							}
						},
						{
							"origin": [-2.34388, 15.22413, -2],
							"size": [1.2, 0.9, 1],
							"pivot": [-2.05268, 14.7513, -1.5],
							"rotation": [0, 0, 45],
							"uv": {
								"north": {"uv": [41, 35], "uv_size": [1, 1]},
								"east": {"uv": [41, 36], "uv_size": [1, 1]},
								"south": {"uv": [41, 37], "uv_size": [1, 1]},
								"west": {"uv": [41, 38], "uv_size": [1, 1]},
								"up": {"uv": [41, 39], "uv_size": [1, 1]},
								"down": {"uv": [41, 41], "uv_size": [1, -1]}
							}
						},
						{
							"origin": [0.38066, 8.96125, -2],
							"size": [3, 6, 1],
							"pivot": [1.74732, 14.7513, -1.5],
							"rotation": [0, 0, 5],
							"uv": {
								"north": {"uv": [21, 34], "uv_size": [3, 6]},
								"east": {"uv": [40, 4], "uv_size": [1, 6]},
								"south": {"uv": [24, 34], "uv_size": [3, 6]},
								"west": {"uv": [18, 40], "uv_size": [1, 6]},
								"up": {"uv": [40, 10], "uv_size": [3, 1]},
								"down": {"uv": [40, 12], "uv_size": [3, -1]}
							}
						},
						{
							"origin": [0.98066, 8.96125, -2.1],
							"size": [1.8, 6, 0.8],
							"pivot": [1.74732, 14.7513, -1.8],
							"rotation": [0, 0, 5],
							"uv": {
								"north": {"uv": [4, 35], "uv_size": [2, 6]},
								"east": {"uv": [19, 40], "uv_size": [1, 6]},
								"south": {"uv": [6, 35], "uv_size": [2, 6]},
								"west": {"uv": [40, 19], "uv_size": [1, 6]},
								"up": {"uv": [41, 4], "uv_size": [2, 1]},
								"down": {"uv": [5, 42], "uv_size": [2, -1]}
							}
						},
						{
							"origin": [1.21771, 14.96555, -2],
							"size": [1.4, 0.9, 1],
							"pivot": [1.74732, 14.7513, -1.5],
							"rotation": [0, 0, 5.5],
							"uv": {
								"north": {"uv": [41, 9], "uv_size": [1.5, 1]},
								"east": {"uv": [41, 41], "uv_size": [1, 1]},
								"south": {"uv": [41, 19], "uv_size": [1.5, 1]},
								"west": {"uv": [5, 42], "uv_size": [1, 1]},
								"up": {"uv": [41, 20], "uv_size": [1.5, 1]},
								"down": {"uv": [41, 22], "uv_size": [1.5, -1]}
							}
						},
						{
							"origin": [0.99452, 14.99063, -2],
							"size": [1.2, 0.9, 1],
							"pivot": [1.74732, 14.7513, -1.5],
							"rotation": [0, 0, -42],
							"uv": {
								"north": {"uv": [6, 42], "uv_size": [1, 1]},
								"east": {"uv": [7, 42], "uv_size": [1, 1]},
								"south": {"uv": [42, 13], "uv_size": [1, 1]},
								"west": {"uv": [42, 14], "uv_size": [1, 1]},
								"up": {"uv": [42, 15], "uv_size": [1, 1]},
								"down": {"uv": [42, 23], "uv_size": [1, -1]}
							}
						},
						{
							"origin": [1.45612, 15.22413, -2],
							"size": [1.2, 0.9, 1],
							"pivot": [1.74732, 14.7513, -1.5],
							"rotation": [0, 0, 55.5],
							"uv": {
								"north": {"uv": [42, 23], "uv_size": [1, 1]},
								"east": {"uv": [42, 24], "uv_size": [1, 1]},
								"south": {"uv": [42, 25], "uv_size": [1, 1]},
								"west": {"uv": [42, 26], "uv_size": [1, 1]},
								"up": {"uv": [42, 27], "uv_size": [1, 1]},
								"down": {"uv": [42, 29], "uv_size": [1, -1]}
							}
						}
					]
				}
			]
		}
	]
}