{
	"format_version": "1.19.0",
	"minecraft:geometry": [
		{
			"description": {
				"identifier": "geometry._oraev_hats_frog",
				"texture_width": 128,
				"texture_height": 128,
				"visible_bounds_width": 2,
				"visible_bounds_height": 2.5,
				"visible_bounds_offset": [0, 0.75, 0]
			},
			"bones": [
				{
					"name": "root_item",
					"pivot": [0, 0, 0]
				},
				{
					"name": "helmet",
					"parent": "root_item",
					"pivot": [0, 0, 0],
					"binding": "'head'",
					"cubes": [
						{"origin": [-5, 7, -5], "size": [10, 3, 10], "uv": [0, 0]},
						{"origin": [-5.9, 9.7, -3], "size": [3, 3, 2], "pivot": [-4.4, 11.2, -2], "rotation": [0, 0, -10], "uv": [46, 48]},
						{"origin": [2.8, 9.7, -3], "size": [3, 3, 2], "pivot": [4.3, 11.2, -2], "rotation": [0, 0, 10], "uv": [18, 49]},
						{"origin": [-4.9, -2, -5], "size": [6, 1, 1], "pivot": [0.1, -1, 0], "rotation": [0, 0, 12.5], "uv": [18, 47]},
						{"origin": [-1.23662, -1.03046, -5], "size": [6, 1, 1], "pivot": [4.33192, -0.60459, -4.5], "rotation": [0, -12.5, -12.5], "uv": [32, 48]},
						{"origin": [-4.3, 5.3, -5], "size": [1, 2.7, 1], "pivot": [-3.8, 6.5, -4.5], "rotation": [0, 0, 42.5], "uv": [40, 0]},
						{"origin": [3.3, 5.3, -5], "size": [1, 2.7, 1], "pivot": [3.8, 6.5, -4.5], "rotation": [0, 0, -42.5], "uv": [40, 3]},
						{"origin": [-5, -1, -5], "size": [1, 9, 10], "uv": [0, 12]},
						{"origin": [-6, 3, -5], "size": [1, 6, 10], "uv": [0, 31]},
						{"origin": [-5.8, 8.5, -5], "size": [1, 1.425, 10], "pivot": [-5.3, 9, 0], "rotation": [0, 0, 45], "uv": [44, 26]},
						{"origin": [4.8, 8.5, -5], "size": [1, 1.425, 10], "pivot": [5.3, 9, 0], "rotation": [0, 0, -45], "uv": [44, 37]},
						{"origin": [-5.875, -0.2, -5], "size": [1, 3.4, 10], "pivot": [-5.375, 2.7, 0], "rotation": [0, 0, -17.5], "uv": [44, 0]},
						{"origin": [4.875, -0.2, -5], "size": [1, 3.4, 10], "pivot": [5.375, 2.7, 0], "rotation": [0, 0, 17.5], "uv": [44, 13]},
						{"origin": [5, 3, -5], "size": [1, 6, 10], "uv": [22, 31]},
						{"origin": [4, -1, -5], "size": [1, 9, 10], "uv": [22, 12]},
						{"origin": [-4, -1, 4], "size": [8, 9, 1], "uv": [0, 47]}
					]
				}
			]
		}
	]
}