{
	"format_version": "1.19.0",
	"minecraft:geometry": [
		{
			"description": {
				"identifier": "geometry._oraev_hats__miffy",
				"texture_width": 64,
				"texture_height": 64,
				"visible_bounds_width": 2,
				"visible_bounds_height": 2.5,
				"visible_bounds_offset": [0, 0.75, 0]
			},
			"bones": [
				{
					"name": "root_item",
					"pivot": [0, 0, 0]
				},
				{
					"name": "helmet",
					"parent": "root_item",
					"pivot": [0, 0, 0],
					"binding": "'head'",
					"cubes": [
						{
							"origin": [-5.1, 5.1, -4.182],
							"size": [10.2, 4.08, 10.2],
							"pivot": [0, 11.18322, 0.153],
							"rotation": [-8, 0, 0],
							"uv": {
								"north": {"uv": [17, 41], "uv_size": [43.5, 19.5]},
								"east": {"uv": [21, 4], "uv_size": [10, 4]},
								"south": {"uv": [21, 8], "uv_size": [10, 4]},
								"west": {"uv": [21, 12], "uv_size": [10, 4]},
								"up": {"uv": [11, 0], "uv_size": [10, 10]},
								"down": {"uv": [11, 20], "uv_size": [10, -10]}
							}
						},
						{"origin": [-0.102, 7.03056, -4.78953], "size": [0.204, 1.53, 2.04], "pivot": [0, 7.79556, -3.76953], "rotation": [-4.89008, -6.33915, -52.22904], "uv": [0, 42]},
						{"origin": [-0.102, 7.03056, -4.78953], "size": [0.204, 1.53, 2.04], "pivot": [0, 7.79556, -3.76953], "rotation": [-4.89008, 6.33915, 52.22904], "uv": [0, 42]},
						{
							"origin": [-5.304, 3.08, -4.386],
							"size": [10.608, 3.04, 10.608],
							"pivot": [0, 11.18322, 0.153],
							"rotation": [-8, 0, 0],
							"uv": {
								"north": {"uv": [21, 16], "uv_size": [10.5, 2]},
								"east": {"uv": [21, 16], "uv_size": [10.5, 2]},
								"south": {"uv": [21, 16], "uv_size": [10.5, 2]},
								"west": {"uv": [21, 16], "uv_size": [10.5, 2]},
								"up": {"uv": [0, 0], "uv_size": [10.5, 10.5]},
								"down": {"uv": [11, 30], "uv_size": [8, -10]}
							}
						},
						{
							"origin": [-4.08, 9.18, -4.182],
							"size": [8.16, 1.02, 10.2],
							"pivot": [0, 11.18322, 0.153],
							"rotation": [-8, 0, 0],
							"uv": {
								"north": {"uv": [1, 29], "uv_size": [8, 1]},
								"east": {"uv": [0, 28], "uv_size": [10, 1]},
								"south": {"uv": [27, 29], "uv_size": [8, 1]},
								"west": {"uv": [27, 28], "uv_size": [10, 1]},
								"up": {"uv": [11, 20], "uv_size": [8, 10]},
								"down": {"uv": [19, 30], "uv_size": [8, -10]}
							}
						},
						{
							"origin": [-4.88025, 11.82229, -1.26786],
							"size": [1.38312, 1.03734, 1.1526],
							"pivot": [0.9486, 10.59703, 0.17289],
							"rotation": [-5.67527, 5.64763, 44.71984],
							"uv": {
								"north": {"uv": [28, 30], "uv_size": [1.5, 1]},
								"east": {"uv": [31, 12], "uv_size": [1, 1]},
								"south": {"uv": [30, 30], "uv_size": [1.5, 1]},
								"west": {"uv": [13, 31], "uv_size": [1, 1]},
								"up": {"uv": [31, 0], "uv_size": [1.5, 1]},
								"down": {"uv": [1, 32], "uv_size": [1.5, -1]}
							}
						},
						{
							"origin": [1.47239, 16.23031, -1.26786],
							"size": [1.38312, 1.03734, 1.1526],
							"pivot": [0.9486, 10.59703, 0.17289],
							"rotation": [-4.89008, -6.33915, -52.22904],
							"uv": {
								"north": {"uv": [20, 30], "uv_size": [1.5, 1]},
								"east": {"uv": [31, 11], "uv_size": [1, 1]},
								"south": {"uv": [22, 30], "uv_size": [1.5, 1]},
								"west": {"uv": [12, 31], "uv_size": [1, 1]},
								"up": {"uv": [24, 30], "uv_size": [1.5, 1]},
								"down": {"uv": [26, 31], "uv_size": [1.5, -1]}
							}
						},
						{
							"origin": [-2.67347, 15.48165, -1.26786],
							"size": [1.61364, 1.03734, 1.1526],
							"pivot": [0.9486, 10.59703, 0.17289],
							"rotation": [-7.96364, -0.7643, -5.4468],
							"uv": {
								"north": {"uv": [31, 1], "uv_size": [1.5, 1]},
								"east": {"uv": [31, 13], "uv_size": [1, 1]},
								"south": {"uv": [31, 2], "uv_size": [1.5, 1]},
								"west": {"uv": [14, 31], "uv_size": [1, 1]},
								"up": {"uv": [3, 31], "uv_size": [1.5, 1]},
								"down": {"uv": [31, 4], "uv_size": [1.5, -1]}
							}
						},
						{
							"origin": [-2.18976, 6.17498, -4.182],
							"size": [1.02, 1.428, 10.2],
							"pivot": [0, 11.18322, 0.153],
							"rotation": [-5.67527, 5.64763, 44.71984],
							"uv": {
								"north": {"uv": [9, 29], "uv_size": [1, 1.5]},
								"east": {"uv": [27, 24], "uv_size": [10, 1.5]},
								"south": {"uv": [11, 30], "uv_size": [1, 1.5]},
								"west": {"uv": [27, 26], "uv_size": [10, 1.5]},
								"up": {"uv": [10, 22], "uv_size": [1, 10]},
								"down": {"uv": [0, 39], "uv_size": [1, -10]}
							}
						},
						{
							"origin": [1.16976, 6.17498, -4.182],
							"size": [1.02, 1.428, 10.2],
							"pivot": [0, 11.18322, 0.153],
							"rotation": [-5.67527, -5.64763, -44.71984],
							"uv": {
								"north": {"uv": [10, 29], "uv_size": [-1, 1.5]},
								"east": {"uv": [37, 26], "uv_size": [-10, 1.5]},
								"south": {"uv": [12, 30], "uv_size": [-1, 1.5]},
								"west": {"uv": [37, 24], "uv_size": [-10, 1.5]},
								"up": {"uv": [11, 22], "uv_size": [-1, 10]},
								"down": {"uv": [1, 39], "uv_size": [-1, -10]}
							}
						},
						{
							"origin": [-3.59322, 9.55806, -1.26786],
							"size": [3.4578, 5.8956, 1.1526],
							"pivot": [0.9486, 10.59703, 0.17289],
							"rotation": [-7.96995, -0.695, -4.95158],
							"uv": {
								"north": {"uv": [0, 22], "uv_size": [3.5, 6]},
								"east": {"uv": [8, 22], "uv_size": [1, 6]},
								"south": {"uv": [4, 22], "uv_size": [3.5, 6]},
								"west": {"uv": [9, 22], "uv_size": [1, 6]},
								"up": {"uv": [1, 30], "uv_size": [3.5, 1]},
								"down": {"uv": [5, 31], "uv_size": [3.5, -1]}
							}
						},
						{
							"origin": [-2.67347, 15.48165, -1.26786],
							"size": [1.61364, 1.03734, 1.1526],
							"pivot": [0.9486, 10.59703, 0.17289],
							"rotation": [-7.96364, -0.7643, -5.4468],
							"uv": {
								"north": {"uv": [31, 1], "uv_size": [1.5, 1]},
								"east": {"uv": [31, 13], "uv_size": [1, 1]},
								"south": {"uv": [31, 2], "uv_size": [1.5, 1]},
								"west": {"uv": [14, 31], "uv_size": [1, 1]},
								"up": {"uv": [3, 31], "uv_size": [1.5, 1]},
								"down": {"uv": [31, 4], "uv_size": [1.5, -1]}
							}
						},
						{
							"origin": [-4.75537, 12.07523, -1.26786],
							"size": [1.38312, 1.03734, 1.1526],
							"pivot": [0.9486, 10.59703, 0.17289],
							"rotation": [-5.96248, 5.34341, 41.72152],
							"uv": {
								"north": {"uv": [31, 4], "uv_size": [1.5, 1]},
								"east": {"uv": [31, 14], "uv_size": [1, 1]},
								"south": {"uv": [5, 31], "uv_size": [1.5, 1]},
								"west": {"uv": [15, 31], "uv_size": [1, 1]},
								"up": {"uv": [31, 5], "uv_size": [1.5, 1]},
								"down": {"uv": [31, 7], "uv_size": [1.5, -1]}
							}
						},
						{
							"origin": [1.77041, 16.12922, -1.26786],
							"size": [1.38312, 1.03734, 1.1526],
							"pivot": [0.9486, 10.59703, 0.17289],
							"rotation": [-4.55133, -6.5861, -55.23799],
							"uv": {
								"north": {"uv": [7, 31], "uv_size": [1.5, 1]},
								"east": {"uv": [31, 15], "uv_size": [1, 1]},
								"south": {"uv": [31, 7], "uv_size": [1.5, 1]},
								"west": {"uv": [16, 31], "uv_size": [1, 1]},
								"up": {"uv": [31, 8], "uv_size": [1.5, 1]},
								"down": {"uv": [31, 10], "uv_size": [1.5, -1]}
							}
						},
						{
							"origin": [-3.15353, 16.12922, -1.26786],
							"size": [1.38312, 1.03734, 1.1526],
							"pivot": [-0.9486, 10.59703, 0.17289],
							"rotation": [-4.55133, 6.5861, 55.23799],
							"uv": {
								"north": {"uv": [8.5, 31], "uv_size": [-1.5, 1]},
								"east": {"uv": [17, 31], "uv_size": [-1, 1]},
								"south": {"uv": [32.5, 7], "uv_size": [-1.5, 1]},
								"west": {"uv": [32, 15], "uv_size": [-1, 1]},
								"up": {"uv": [32.5, 8], "uv_size": [-1.5, 1]},
								"down": {"uv": [32.5, 10], "uv_size": [-1.5, -1]}
							}
						},
						{
							"origin": [3.37225, 12.07523, -1.26786],
							"size": [1.38312, 1.03734, 1.1526],
							"pivot": [-0.9486, 10.59703, 0.17289],
							"rotation": [-5.96248, -5.34341, -41.72152],
							"uv": {
								"north": {"uv": [32.5, 4], "uv_size": [-1.5, 1]},
								"east": {"uv": [16, 31], "uv_size": [-1, 1]},
								"south": {"uv": [6.5, 31], "uv_size": [-1.5, 1]},
								"west": {"uv": [32, 14], "uv_size": [-1, 1]},
								"up": {"uv": [32.5, 5], "uv_size": [-1.5, 1]},
								"down": {"uv": [32.5, 7], "uv_size": [-1.5, -1]}
							}
						},
						{
							"origin": [1.05983, 15.48165, -1.26786],
							"size": [1.61364, 1.03734, 1.1526],
							"pivot": [-0.9486, 10.59703, 0.17289],
							"rotation": [-7.96364, 0.7643, 5.4468],
							"uv": {
								"north": {"uv": [32.5, 1], "uv_size": [-1.5, 1]},
								"east": {"uv": [15, 31], "uv_size": [-1, 1]},
								"south": {"uv": [32.5, 2], "uv_size": [-1.5, 1]},
								"west": {"uv": [32, 13], "uv_size": [-1, 1]},
								"up": {"uv": [4.5, 31], "uv_size": [-1.5, 1]},
								"down": {"uv": [32.5, 4], "uv_size": [-1.5, -1]}
							}
						},
						{
							"origin": [0.13542, 9.55806, -1.26786],
							"size": [3.4578, 5.8956, 1.1526],
							"pivot": [-0.9486, 10.59703, 0.17289],
							"rotation": [-7.96995, 0.695, 4.95158],
							"uv": {
								"north": {"uv": [3.5, 22], "uv_size": [-3.5, 6]},
								"east": {"uv": [10, 22], "uv_size": [-1, 6]},
								"south": {"uv": [7.5, 22], "uv_size": [-3.5, 6]},
								"west": {"uv": [9, 22], "uv_size": [-1, 6]},
								"up": {"uv": [4.5, 30], "uv_size": [-3.5, 1]},
								"down": {"uv": [8.5, 31], "uv_size": [-3.5, -1]}
							}
						},
						{
							"origin": [3.49713, 11.82229, -1.26786],
							"size": [1.38312, 1.03734, 1.1526],
							"pivot": [-0.9486, 10.59703, 0.17289],
							"rotation": [-5.67527, -5.64763, -44.71984],
							"uv": {
								"north": {"uv": [29.5, 30], "uv_size": [-1.5, 1]},
								"east": {"uv": [14, 31], "uv_size": [-1, 1]},
								"south": {"uv": [31.5, 30], "uv_size": [-1.5, 1]},
								"west": {"uv": [32, 12], "uv_size": [-1, 1]},
								"up": {"uv": [32.5, 0], "uv_size": [-1.5, 1]},
								"down": {"uv": [2.5, 32], "uv_size": [-1.5, -1]}
							}
						},
						{
							"origin": [-2.85551, 16.23031, -1.26786],
							"size": [1.38312, 1.03734, 1.1526],
							"pivot": [-0.9486, 10.59703, 0.17289],
							"rotation": [-4.89008, 6.33915, 52.22904],
							"uv": {
								"north": {"uv": [21.5, 30], "uv_size": [-1.5, 1]},
								"east": {"uv": [13, 31], "uv_size": [-1, 1]},
								"south": {"uv": [23.5, 30], "uv_size": [-1.5, 1]},
								"west": {"uv": [32, 11], "uv_size": [-1, 1]},
								"up": {"uv": [25.5, 30], "uv_size": [-1.5, 1]},
								"down": {"uv": [27.5, 31], "uv_size": [-1.5, -1]}
							}
						}
					]
				}
			]
		}
	]
}