{
	"format_version": "1.19.0",
	"minecraft:geometry": [
		{
			"description": {
				"identifier": "geometry._oraev_hats__my_melody",
				"texture_width": 64,
				"texture_height": 64,
				"visible_bounds_width": 2,
				"visible_bounds_height": 2.5,
				"visible_bounds_offset": [0, 0.75, 0]
			},
			"bones": [
				{
					"name": "root_item",
					"pivot": [0, 0, 0]
				},
				{
					"name": "helmet",
					"parent": "root_item",
					"pivot": [0, 0, 0],
					"binding": "'head'",
					"cubes": [
						{
							"origin": [-4, 5, -5],
							"size": [8, 5, 10],
							"uv": {
								"north": {"uv": [0, 46], "uv_size": [27, 16.5]},
								"east": {"uv": [20, 7], "uv_size": [10, 5]},
								"south": {"uv": [28, 0], "uv_size": [8, 5]},
								"west": {"uv": [20, 12], "uv_size": [10, 5]},
								"up": {"uv": [0, 18], "uv_size": [8, 10]},
								"down": {"uv": [8, 28], "uv_size": [8, -10]}
							}
						},
						{
							"origin": [-4.9, -2, -5],
							"size": [6, 1, 1],
							"pivot": [0.1, -1, 0],
							"rotation": [0, 0, 12.5],
							"uv": {
								"north": {"uv": [34, 23], "uv_size": [6, 1]},
								"east": {"uv": [23, 17], "uv_size": [1, 1]},
								"south": {"uv": [34, 24], "uv_size": [6, 1]},
								"west": {"uv": [39, 38], "uv_size": [1, 1]},
								"up": {"uv": [34, 25], "uv_size": [6, 1]},
								"down": {"uv": [34, 27], "uv_size": [6, -1]}
							}
						},
						{
							"origin": [-1.23662, -1.03046, -5],
							"size": [6, 1, 1],
							"pivot": [4.33192, -0.60459, -4.5],
							"rotation": [0, -12.5, -12.5],
							"uv": {
								"north": {"uv": [36, 0], "uv_size": [6, 1]},
								"east": {"uv": [36, 41], "uv_size": [1, 1]},
								"south": {"uv": [36, 1], "uv_size": [6, 1]},
								"west": {"uv": [5, 42], "uv_size": [1, 1]},
								"up": {"uv": [36, 2], "uv_size": [6, 1]},
								"down": {"uv": [36, 4], "uv_size": [6, -1]}
							}
						},
						{
							"origin": [-4, -1, 4],
							"size": [8, 7, 1],
							"uv": {
								"north": {"uv": [16, 18], "uv_size": [8, 7]},
								"east": {"uv": [12, 36], "uv_size": [1, 7]},
								"south": {"uv": [20, 0], "uv_size": [8, 7]},
								"west": {"uv": [13, 36], "uv_size": [1, 7]},
								"up": {"uv": [16, 25], "uv_size": [8, 1]},
								"down": {"uv": [16, 27], "uv_size": [8, -1]}
							}
						},
						{
							"origin": [-4.3, 3.3, -4.975],
							"size": [1, 2.7, 0.975],
							"pivot": [-3.8, 4.5, -4.5],
							"rotation": [0, 0, 42.5],
							"uv": {
								"north": {"uv": [5, 39], "uv_size": [1, 2.5]},
								"east": {"uv": [40, 23], "uv_size": [1, 2.5]},
								"south": {"uv": [40, 29], "uv_size": [1, 2.5]},
								"west": {"uv": [40, 32], "uv_size": [1, 2.5]},
								"up": {"uv": [42, 12], "uv_size": [1, 1]},
								"down": {"uv": [42, 14], "uv_size": [1, -1]}
							}
						},
						{
							"origin": [3.3, 3.3, -4.95],
							"size": [1, 2.7, 0.95],
							"pivot": [3.8, 4.5, -4.5],
							"rotation": [0, 0, -42.5],
							"uv": {
								"north": {"uv": [37, 40], "uv_size": [1, 2.5]},
								"east": {"uv": [40, 38], "uv_size": [1, 2.5]},
								"south": {"uv": [41, 23], "uv_size": [1, 2.5]},
								"west": {"uv": [41, 29], "uv_size": [1, 2.5]},
								"up": {"uv": [42, 14], "uv_size": [1, 1]},
								"down": {"uv": [42, 16], "uv_size": [1, -1]}
							}
						},
						{
							"origin": [-5, -1, -5],
							"size": [1, 9, 10],
							"uv": {
								"north": {"uv": [8, 36], "uv_size": [1, 9]},
								"east": {"uv": [0, 0], "uv_size": [10, 9]},
								"south": {"uv": [9, 36], "uv_size": [1, 9]},
								"west": {"uv": [0, 9], "uv_size": [10, 9]},
								"up": {"uv": [24, 35], "uv_size": [1, 10]},
								"down": {"uv": [25, 45], "uv_size": [1, -10]}
							}
						},
						{
							"origin": [-6, 3, -5],
							"size": [1, 5, 10],
							"uv": {
								"north": {"uv": [37, 35], "uv_size": [1, 5]},
								"east": {"uv": [24, 17], "uv_size": [10, 5]},
								"south": {"uv": [14, 38], "uv_size": [1, 5]},
								"west": {"uv": [24, 22], "uv_size": [10, 5]},
								"up": {"uv": [26, 35], "uv_size": [1, 10]},
								"down": {"uv": [27, 45], "uv_size": [1, -10]}
							}
						},
						{
							"origin": [-4.975, 7.2, -4.975],
							"size": [1.5, 2.8, 9.95],
							"pivot": [-4.475, 8.85, 0],
							"rotation": [0, 0, 44.25],
							"uv": {
								"north": {"uv": [14, 28], "uv_size": [1.5, 3]},
								"east": {"uv": [18, 32], "uv_size": [10, 3]},
								"south": {"uv": [36, 29], "uv_size": [1.5, 3]},
								"west": {"uv": [28, 32], "uv_size": [10, 3]},
								"up": {"uv": [6, 33], "uv_size": [1.5, 10]},
								"down": {"uv": [18, 45], "uv_size": [1.5, -10]}
							}
						},
						{
							"origin": [3.6, 6.825, -4.975],
							"size": [1.5, 2.8, 9.95],
							"pivot": [4.1, 8.475, 0],
							"rotation": [0, 0, -44.25],
							"uv": {
								"north": {"uv": [38, 29], "uv_size": [1.5, 3]},
								"east": {"uv": [34, 17], "uv_size": [10, 3]},
								"south": {"uv": [38, 32], "uv_size": [1.5, 3]},
								"west": {"uv": [34, 20], "uv_size": [10, 3]},
								"up": {"uv": [20, 35], "uv_size": [1.5, 10]},
								"down": {"uv": [22, 45], "uv_size": [1.5, -10]}
							}
						},
						{
							"origin": [-5.875, -0.2, -4.975],
							"size": [1, 3.4, 9.95],
							"pivot": [-5.375, 2.7, 0],
							"rotation": [0, 0, -17.5],
							"uv": {
								"north": {"uv": [38, 35], "uv_size": [1, 3.5]},
								"east": {"uv": [30, 5], "uv_size": [10, 3.5]},
								"south": {"uv": [0, 39], "uv_size": [1, 3.5]},
								"west": {"uv": [30, 9], "uv_size": [10, 3.5]},
								"up": {"uv": [28, 35], "uv_size": [1, 10]},
								"down": {"uv": [29, 45], "uv_size": [1, -10]}
							}
						},
						{
							"origin": [4.875, -0.2, -4.975],
							"size": [1, 3.4, 9.95],
							"pivot": [5.375, 2.7, 0],
							"rotation": [0, 0, 17.5],
							"uv": {
								"north": {"uv": [1, 39], "uv_size": [1, 3.5]},
								"east": {"uv": [30, 13], "uv_size": [10, 3.5]},
								"south": {"uv": [2, 39], "uv_size": [1, 3.5]},
								"west": {"uv": [8, 32], "uv_size": [10, 3.5]},
								"up": {"uv": [30, 35], "uv_size": [1, 10]},
								"down": {"uv": [31, 45], "uv_size": [1, -10]}
							}
						},
						{
							"origin": [5, 3, -5],
							"size": [1, 5, 10],
							"uv": {
								"north": {"uv": [15, 38], "uv_size": [1, 5]},
								"east": {"uv": [16, 27], "uv_size": [10, 5]},
								"south": {"uv": [16, 38], "uv_size": [1, 5]},
								"west": {"uv": [26, 27], "uv_size": [10, 5]},
								"up": {"uv": [32, 35], "uv_size": [1, 10]},
								"down": {"uv": [33, 45], "uv_size": [1, -10]}
							}
						},
						{
							"origin": [4, -1, -5],
							"size": [1, 9, 10],
							"uv": {
								"north": {"uv": [10, 36], "uv_size": [1, 9]},
								"east": {"uv": [10, 0], "uv_size": [10, 9]},
								"south": {"uv": [11, 36], "uv_size": [1, 9]},
								"west": {"uv": [10, 9], "uv_size": [10, 9]},
								"up": {"uv": [34, 35], "uv_size": [1, 10]},
								"down": {"uv": [35, 45], "uv_size": [1, -10]}
							}
						},
						{
							"origin": [-4.34658, 9.45592, -2.332],
							"size": [3.498, 5.896, 1.166],
							"pivot": [-2.72516, 13.88082, -1.8656],
							"rotation": [0, 0, -7.5],
							"uv": {
								"north": {"uv": [0, 33], "uv_size": [3, 5.5]},
								"east": {"uv": [17, 36], "uv_size": [1, 5.5]},
								"south": {"uv": [3, 33], "uv_size": [3, 5.5]},
								"west": {"uv": [36, 35], "uv_size": [1, 5.5]},
								"up": {"uv": [20, 17], "uv_size": [3, 1]},
								"down": {"uv": [36, 5], "uv_size": [3, -1]}
							}
						},
						{
							"origin": [-3.37058, 15.35693, -2.332],
							"size": [1.6324, 1.0494, 1.166],
							"pivot": [-2.72516, 13.88082, -1.8656],
							"rotation": [0, 0, -7.5],
							"uv": {
								"north": {"uv": [14, 31], "uv_size": [1.5, 1]},
								"east": {"uv": [42, 16], "uv_size": [1, 1]},
								"south": {"uv": [40, 26], "uv_size": [1.5, 1]},
								"west": {"uv": [17, 42], "uv_size": [1, 1]},
								"up": {"uv": [41, 32], "uv_size": [1.5, 1]},
								"down": {"uv": [41, 34], "uv_size": [1.5, -1]}
							}
						},
						{
							"origin": [-2.71765, 15.00892, -2.332],
							"size": [1.3992, 1.0494, 1.166],
							"pivot": [-2.72516, 13.88082, -1.8656],
							"rotation": [0, 0, -55],
							"uv": {
								"north": {"uv": [41, 34], "uv_size": [1.5, 1]},
								"east": {"uv": [42, 23], "uv_size": [1, 1]},
								"south": {"uv": [41, 36], "uv_size": [1.5, 1]},
								"west": {"uv": [42, 24], "uv_size": [1, 1]},
								"up": {"uv": [41, 37], "uv_size": [1.5, 1]},
								"down": {"uv": [38, 42], "uv_size": [1.5, -1]}
							}
						},
						{
							"origin": [-4.02202, 15.19902, -2.332],
							"size": [1.3992, 1.0494, 1.166],
							"pivot": [-2.72516, 13.88082, -1.8656],
							"rotation": [0, 0, 42.5],
							"uv": {
								"north": {"uv": [41, 38], "uv_size": [1.5, 1]},
								"east": {"uv": [42, 25], "uv_size": [1, 1]},
								"south": {"uv": [41, 39], "uv_size": [1.5, 1]},
								"west": {"uv": [42, 26], "uv_size": [1, 1]},
								"up": {"uv": [40, 41], "uv_size": [1.5, 1]},
								"down": {"uv": [41, 41], "uv_size": [1.5, -1]}
							}
						},
						{
							"origin": [0.84858, 9.45592, -2.332],
							"size": [3.498, 3.696, 1.166],
							"pivot": [2.72516, 13.88082, -1.8656],
							"rotation": [0, 0, 7.5],
							"uv": {
								"north": {"uv": [8, 28], "uv_size": [3, 3.5]},
								"east": {"uv": [3, 39], "uv_size": [1, 3.5]},
								"south": {"uv": [11, 28], "uv_size": [3, 3.5]},
								"west": {"uv": [4, 39], "uv_size": [1, 3.5]},
								"up": {"uv": [39, 4], "uv_size": [3, 1]},
								"down": {"uv": [39, 28], "uv_size": [3, -1]}
							}
						},
						{
							"origin": [0.8144, 11.96665, -3.61875],
							"size": [3.498, 2.266, 1.166],
							"pivot": [2.60829, 13.93976, -3.03575],
							"rotation": [50.41385, 0.74677, 6.31383],
							"uv": {
								"north": {"uv": [14, 36], "uv_size": [3, 2]},
								"east": {"uv": [40, 15], "uv_size": [1, 2]},
								"south": {"uv": [36, 27], "uv_size": [3, 2]},
								"west": {"uv": [41, 15], "uv_size": [1, 2]},
								"up": {"uv": [39, 28], "uv_size": [3, 1]},
								"down": {"uv": [39, 36], "uv_size": [3, -1]}
							}
						},
						{
							"origin": [1.71477, 14.24765, -3.63231],
							"size": [1.6324, 1.0494, 1.166],
							"pivot": [2.61907, 13.94974, -3.04931],
							"rotation": [50.41385, 0.74677, 6.31383],
							"uv": {
								"north": {"uv": [42, 0], "uv_size": [1.5, 1]},
								"east": {"uv": [42, 27], "uv_size": [1, 1]},
								"south": {"uv": [42, 1], "uv_size": [1.5, 1]},
								"west": {"uv": [42, 28], "uv_size": [1, 1]},
								"up": {"uv": [42, 2], "uv_size": [1.5, 1]},
								"down": {"uv": [42, 4], "uv_size": [1.5, -1]}
							}
						},
						{
							"origin": [2.14672, 14.327, -3.61476],
							"size": [1.3992, 1.0494, 1.166],
							"pivot": [2.6289, 13.93393, -3.03176],
							"rotation": [39.76489, -34.01031, 40.83949],
							"uv": {
								"north": {"uv": [42, 4], "uv_size": [1.5, 1]},
								"east": {"uv": [42, 29], "uv_size": [1, 1]},
								"south": {"uv": [42, 5], "uv_size": [1.5, 1]},
								"west": {"uv": [42, 30], "uv_size": [1, 1]},
								"up": {"uv": [42, 6], "uv_size": [1.5, 1]},
								"down": {"uv": [42, 8], "uv_size": [1.5, -1]}
							}
						},
						{
							"origin": [1.66108, 14.40389, -3.64008],
							"size": [1.3992, 1.1, 1.166],
							"pivot": [2.61282, 13.95697, -3.05708],
							"rotation": [37.29689, 36.77634, -31.23555],
							"uv": {
								"north": {"uv": [42, 8], "uv_size": [1.5, 1]},
								"east": {"uv": [42, 31], "uv_size": [1, 1]},
								"south": {"uv": [42, 9], "uv_size": [1.5, 1]},
								"west": {"uv": [42, 35], "uv_size": [1, 1]},
								"up": {"uv": [42, 10], "uv_size": [1.5, 1]},
								"down": {"uv": [42, 12], "uv_size": [1.5, -1]}
							}
						},
						{
							"origin": [-3.83067, 8.49358, -5.40229],
							"size": [0.68, 1.36, 0.27052],
							"pivot": [-3.49067, 9.18736, -5.2],
							"rotation": [0, -90, -47.5],
							"uv": {
								"north": {"uv": [44, 0], "uv_size": [0.5, 1.5]},
								"east": {"uv": [2, 44], "uv_size": [0.5, 1.5]},
								"south": {"uv": [44, 2], "uv_size": [0.5, 1.5]},
								"west": {"uv": [3, 44], "uv_size": [0.5, 1.5]},
								"up": {"uv": [44, 22], "uv_size": [0.5, 0.5]},
								"down": {"uv": [44, 25.5], "uv_size": [0.5, -0.5]}
							}
						},
						{
							"origin": [-3.83067, 8.52028, -5.40246],
							"size": [0.68, 1.36, 0.27052],
							"pivot": [-3.49067, 9.18736, -5.2],
							"rotation": [0, -90, -25],
							"uv": {
								"north": {"uv": [41, 43], "uv_size": [0.5, 1.5]},
								"east": {"uv": [43, 41], "uv_size": [0.5, 1.5]},
								"south": {"uv": [42, 43], "uv_size": [0.5, 1.5]},
								"west": {"uv": [43, 43], "uv_size": [0.5, 1.5]},
								"up": {"uv": [44, 20], "uv_size": [0.5, 0.5]},
								"down": {"uv": [44, 21.5], "uv_size": [0.5, -0.5]}
							}
						},
						{
							"origin": [-3.83067, 8.54501, -5.3924],
							"size": [0.68, 1.36, 0.27052],
							"pivot": [-3.49067, 9.18736, -5.2],
							"rotation": [0, -90, -2.5],
							"uv": {
								"north": {"uv": [38, 43], "uv_size": [0.5, 1.5]},
								"east": {"uv": [39, 43], "uv_size": [0.5, 1.5]},
								"south": {"uv": [43, 39], "uv_size": [0.5, 1.5]},
								"west": {"uv": [40, 43], "uv_size": [0.5, 1.5]},
								"up": {"uv": [44, 18], "uv_size": [0.5, 0.5]},
								"down": {"uv": [44, 19.5], "uv_size": [0.5, -0.5]}
							}
						},
						{
							"origin": [-3.83067, 9.01372, -5.93665],
							"size": [0.68, 0.27052, 1.36],
							"pivot": [-3.49067, 9.18736, -5.2],
							"rotation": [0, -90, -70],
							"uv": {
								"north": {"uv": [44, 16], "uv_size": [0.5, 0.5]},
								"east": {"uv": [43, 35], "uv_size": [1.5, 0.5]},
								"south": {"uv": [44, 17], "uv_size": [0.5, 0.5]},
								"west": {"uv": [43, 36], "uv_size": [1.5, 0.5]},
								"up": {"uv": [37, 43], "uv_size": [0.5, 1.5]},
								"down": {"uv": [43, 38.5], "uv_size": [0.5, -1.5]}
							}
						},
						{
							"origin": [-3.83067, 9.03832, -5.94703],
							"size": [0.68, 0.27052, 1.36],
							"pivot": [-3.49067, 9.18736, -5.2],
							"rotation": [0, -90, -47.5],
							"uv": {
								"north": {"uv": [44, 15], "uv_size": [0.5, 0.5]},
								"east": {"uv": [43, 29], "uv_size": [1.5, 0.5]},
								"south": {"uv": [16, 44], "uv_size": [0.5, 0.5]},
								"west": {"uv": [43, 30], "uv_size": [1.5, 0.5]},
								"up": {"uv": [43, 31], "uv_size": [0.5, 1.5]},
								"down": {"uv": [43, 34.5], "uv_size": [0.5, -1.5]}
							}
						},
						{
							"origin": [-3.83067, 9.06502, -5.9472],
							"size": [0.68, 0.27052, 1.36],
							"pivot": [-3.49067, 9.18736, -5.2],
							"rotation": [0, -90, -25],
							"uv": {
								"north": {"uv": [44, 13], "uv_size": [0.5, 0.5]},
								"east": {"uv": [43, 23], "uv_size": [1.5, 0.5]},
								"south": {"uv": [15, 44], "uv_size": [0.5, 0.5]},
								"west": {"uv": [43, 24], "uv_size": [1.5, 0.5]},
								"up": {"uv": [43, 25], "uv_size": [0.5, 1.5]},
								"down": {"uv": [43, 28.5], "uv_size": [0.5, -1.5]}
							}
						},
						{
							"origin": [-3.83067, 9.08975, -5.93714],
							"size": [0.68, 0.27052, 1.36],
							"pivot": [-3.49067, 9.18736, -5.2],
							"rotation": [0, -90, -2.5],
							"uv": {
								"north": {"uv": [44, 12], "uv_size": [0.5, 0.5]},
								"east": {"uv": [43, 14], "uv_size": [1.5, 0.5]},
								"south": {"uv": [13, 44], "uv_size": [0.5, 0.5]},
								"west": {"uv": [15, 43], "uv_size": [1.5, 0.5]},
								"up": {"uv": [43, 15], "uv_size": [0.5, 1.5]},
								"down": {"uv": [17, 44.5], "uv_size": [0.5, -1.5]}
							}
						},
						{
							"origin": [-3.83067, 9.10875, -5.91838],
							"size": [0.68, 0.27052, 1.36],
							"pivot": [-3.49067, 9.18736, -5.2],
							"rotation": [0, -90, 20],
							"uv": {
								"north": {"uv": [44, 11], "uv_size": [0.5, 0.5]},
								"east": {"uv": [6, 43], "uv_size": [1.5, 0.5]},
								"south": {"uv": [12, 44], "uv_size": [0.5, 0.5]},
								"west": {"uv": [12, 43], "uv_size": [1.5, 0.5]},
								"up": {"uv": [43, 12], "uv_size": [0.5, 1.5]},
								"down": {"uv": [14, 44.5], "uv_size": [0.5, -1.5]}
							}
						},
						{
							"origin": [-5.7968, 7.61413, -5.5],
							"size": [2, 1.7, 0.5],
							"pivot": [-3.49067, 9.18736, -5.2],
							"rotation": [0, 0, 20],
							"uv": {
								"north": {"uv": [28, 5], "uv_size": [2, 1.5]},
								"east": {"uv": [4, 44], "uv_size": [0.5, 1.5]},
								"south": {"uv": [40, 13], "uv_size": [2, 1.5]},
								"west": {"uv": [44, 4], "uv_size": [0.5, 1.5]},
								"up": {"uv": [38, 42], "uv_size": [2, 0.5]},
								"down": {"uv": [40, 42.5], "uv_size": [2, -0.5]}
							}
						},
						{
							"origin": [-4.70398, 6.82131, -5.4],
							"size": [1.6, 2.2, 0.4],
							"pivot": [-3.49067, 9.18736, -5.2],
							"rotation": [0, 0, 20],
							"uv": {
								"north": {"uv": [38, 39], "uv_size": [1.5, 2]},
								"east": {"uv": [36, 42], "uv_size": [0.5, 2]},
								"south": {"uv": [40, 5], "uv_size": [1.5, 2]},
								"west": {"uv": [42, 41], "uv_size": [0.5, 2]},
								"up": {"uv": [5, 44], "uv_size": [1.5, 0.5]},
								"down": {"uv": [44, 6.5], "uv_size": [1.5, -0.5]}
							}
						},
						{
							"origin": [-5.93722, 7.48552, -5.4],
							"size": [2, 1.7, 0.5],
							"pivot": [-3.49067, 9.18736, -5.2],
							"rotation": [-180, 0, 107.5],
							"uv": {
								"north": {"uv": [40, 13], "uv_size": [2, 1.5]},
								"east": {"uv": [7, 44], "uv_size": [0.5, 1.5]},
								"south": {"uv": [40, 13], "uv_size": [2, 1.5]},
								"west": {"uv": [44, 9], "uv_size": [0.5, 1.5]},
								"up": {"uv": [2, 43], "uv_size": [2, 0.5]},
								"down": {"uv": [4, 43.5], "uv_size": [2, -0.5]}
							}
						},
						{
							"origin": [-4.8444, 6.6927, -5.4],
							"size": [1.6, 2.2, 0.4],
							"pivot": [-3.49067, 9.18736, -5.2],
							"rotation": [-180, 0, 107.5],
							"uv": {
								"north": {"uv": [40, 7], "uv_size": [1.5, 2]},
								"east": {"uv": [0, 43], "uv_size": [0.5, 2]},
								"south": {"uv": [40, 9], "uv_size": [1.5, 2]},
								"west": {"uv": [1, 43], "uv_size": [0.5, 2]},
								"up": {"uv": [44, 7], "uv_size": [1.5, 0.5]},
								"down": {"uv": [44, 8.5], "uv_size": [1.5, -0.5]}
							}
						}
					]
				}
			]
		}
	]
}