{
	"format_version": "1.19.0",
	"minecraft:geometry": [
		{
			"description": {
				"identifier": "geometry._oraev_hats__whipped_cream_dollop",
				"texture_width": 32,
				"texture_height": 32,
				"visible_bounds_width": 2,
				"visible_bounds_height": 2.5,
				"visible_bounds_offset": [0, 0.75, 0]
			},
			"bones": [
				{
					"name": "root_item",
					"pivot": [0, 0, 0]
				},
				{
					"name": "helmet",
					"parent": "root_item",
					"pivot": [0, 0, 0],
					"binding": "'head'",
					"cubes": [
						{
							"origin": [-0.09136, 12.93221, -0.33108],
							"size": [0.33572, 1.51074, 0.25179],
							"pivot": [0.04042, 12.97142, -0.12791],
							"rotation": [0, 22.5, 9],
							"uv": {
								"north": {"uv": [12, 8], "uv_size": [0.5, 1.5]},
								"east": {"uv": [7, 14], "uv_size": [0.5, 1.5]},
								"south": {"uv": [12, 18], "uv_size": [0.5, 1.5]},
								"west": {"uv": [18, 12], "uv_size": [0.5, 1.5]},
								"up": {"uv": [4, 17], "uv_size": [0.5, 0.5]},
								"down": {"uv": [18, 16.5], "uv_size": [0.5, -0.5]}
							}
						},
						{
							"origin": [0.96565, 14.57024, -0.75626],
							"size": [0.33572, 1.51074, 0.25179],
							"pivot": [1.09743, 13.08345, -0.5531],
							"rotation": [-16.32495, 15.69986, -38.26579],
							"uv": {
								"north": {"uv": [18, 14], "uv_size": [0.5, 1.5]},
								"east": {"uv": [0, 19], "uv_size": [0.5, 1.5]},
								"south": {"uv": [19, 0], "uv_size": [0.5, 1.5]},
								"west": {"uv": [1, 19], "uv_size": [0.5, 1.5]},
								"up": {"uv": [2, 19], "uv_size": [0.5, 0.5]},
								"down": {"uv": [19, 2.5], "uv_size": [0.5, -0.5]}
							}
						},
						{
							"origin": [-0.77312, 11.93746, -0.91859],
							"size": [1.51074, 1.51074, 1.51074],
							"pivot": [0.04042, 12.97142, -0.12791],
							"rotation": [0, 22.5, 9],
							"uv": {
								"north": {"uv": [10, 8], "uv_size": [1.5, 1.5]},
								"east": {"uv": [5, 14], "uv_size": [1.5, 1.5]},
								"south": {"uv": [8, 18], "uv_size": [1.5, 1.5]},
								"west": {"uv": [18, 8], "uv_size": [1.5, 1.5]},
								"up": {"uv": [10, 18], "uv_size": [1.5, 1.5]},
								"down": {"uv": [18, 11.5], "uv_size": [1.5, -1.5]}
							}
						},
						{
							"origin": [-2.616, 8.029, -2.616],
							"size": [5.232, 2.507, 5.232],
							"pivot": [0.05248, 11.64455, -0.16612],
							"rotation": [0, -45, 0],
							"uv": {
								"north": {"uv": [8, 10], "uv_size": [5, 2.5]},
								"east": {"uv": [8, 13], "uv_size": [5, 2.5]},
								"south": {"uv": [13, 8], "uv_size": [5, 2.5]},
								"west": {"uv": [13, 11], "uv_size": [5, 2.5]},
								"up": {"uv": [0, 0], "uv_size": [5, 5]},
								"down": {"uv": [0, 10], "uv_size": [5, -5]}
							}
						},
						{
							"origin": [-2.616, 8.029, -2.616],
							"size": [5.232, 2.507, 5.232],
							"uv": {
								"north": {"uv": [0, 14], "uv_size": [5, 2.5]},
								"east": {"uv": [14, 0], "uv_size": [5, 2.5]},
								"south": {"uv": [14, 3], "uv_size": [5, 2.5]},
								"west": {"uv": [13, 14], "uv_size": [5, 2.5]},
								"up": {"uv": [5, 0], "uv_size": [5, 5]},
								"down": {"uv": [5, 10], "uv_size": [5, -5]}
							}
						},
						{
							"origin": [-2.02276, 10.29146, -1.9633],
							"size": [3.87168, 1.85518, 3.87168],
							"pivot": [-0.03777, 11.21905, -0.03173],
							"rotation": [0, -45, -5],
							"uv": {
								"north": {"uv": [8, 10], "uv_size": [5, 2.5]},
								"east": {"uv": [8, 13], "uv_size": [5, 2.5]},
								"south": {"uv": [13, 8], "uv_size": [5, 2.5]},
								"west": {"uv": [13, 11], "uv_size": [5, 2.5]},
								"up": {"uv": [0, 0], "uv_size": [5, 5]},
								"down": {"uv": [0, 10], "uv_size": [5, -5]}
							}
						},
						{
							"origin": [-1.93584, 10.29146, -1.93584],
							"size": [3.87168, 1.85518, 3.87168],
							"pivot": [-0.03777, 11.21905, -0.03173],
							"rotation": [0, 0, -5],
							"uv": {
								"north": {"uv": [0, 14], "uv_size": [5, 2.5]},
								"east": {"uv": [14, 0], "uv_size": [5, 2.5]},
								"south": {"uv": [14, 3], "uv_size": [5, 2.5]},
								"west": {"uv": [13, 14], "uv_size": [5, 2.5]},
								"up": {"uv": [5, 0], "uv_size": [5, 5]},
								"down": {"uv": [5, 10], "uv_size": [5, -5]}
							}
						}
					]
				}
			]
		}
	]
}