{
	"format_version": "1.19.0",
	"minecraft:geometry": [
		{
			"description": {
				"identifier": "geometry._oraev_hats__cinnamoroll",
				"texture_width": 64,
				"texture_height": 64,
				"visible_bounds_width": 3,
				"visible_bounds_height": 2.5,
				"visible_bounds_offset": [0, 0.75, 0]
			},
			"bones": [
				{
					"name": "root_item",
					"pivot": [0, 0, 0]
				},
				{
					"name": "helmet",
					"parent": "root_item",
					"pivot": [0, 0, 0],
					"binding": "'head'",
					"cubes": [
						{
							"origin": [-7, 7.4, -3],
							"size": [3, 1, 4],
							"pivot": [-7.5, 7.9, -1.5],
							"rotation": [0, 0, -20],
							"uv": {
								"north": {"uv": [46, 29], "uv_size": [3, 1]},
								"east": {"uv": [10, 20], "uv_size": [4, 1]},
								"south": {"uv": [46, 41], "uv_size": [3, 1]},
								"west": {"uv": [42, 39], "uv_size": [4, 1]},
								"up": {"uv": [22, 37], "uv_size": [3, 4]},
								"down": {"uv": [25, 41], "uv_size": [3, -4]}
							}
						},
						{
							"origin": [-10.17678, 4.25249, -3],
							"size": [5.9, 1.3, 4],
							"pivot": [-7.77678, 5.05249, -1.5],
							"rotation": [0, 0, -72.5],
							"uv": {
								"north": {"uv": [40, 40], "uv_size": [6, 1.5]},
								"east": {"uv": [43, 42], "uv_size": [4, 1.5]},
								"south": {"uv": [40, 40], "uv_size": [6, 1.5]},
								"west": {"uv": [44, 9], "uv_size": [4, 1.5]},
								"up": {"uv": [0, 35], "uv_size": [6, 4]},
								"down": {"uv": [0, 39], "uv_size": [6, -4]}
							}
						},
						{
							"origin": [-8.33653, 2.29953, -3],
							"size": [0.875, 0.95, 4],
							"pivot": [-8.11153, 2.59953, -1.5],
							"rotation": [0, 0, -115],
							"uv": {
								"north": {"uv": [37, 17], "uv_size": [1, 1]},
								"east": {"uv": [45, 33], "uv_size": [4, 1]},
								"south": {"uv": [37, 18], "uv_size": [1, 1]},
								"west": {"uv": [45, 34], "uv_size": [4, 1]},
								"up": {"uv": [45, 35], "uv_size": [1, 4]},
								"down": {"uv": [40, 49], "uv_size": [1, -4]}
							}
						},
						{
							"origin": [-4, 6, -5],
							"size": [8, 4, 10],
							"uv": {
								"north": {"uv": [0, 51.5], "uv_size": [26.5, 12]},
								"east": {"uv": [0, 27], "uv_size": [10, 4]},
								"south": {"uv": [0, 31], "uv_size": [8, 4]},
								"west": {"uv": [28, 26], "uv_size": [10, 4]},
								"up": {"uv": [0, 10], "uv_size": [8, 10]},
								"down": {"uv": [8, 20], "uv_size": [8, -10]}
							}
						},
						{
							"origin": [-4, -0.875, 4],
							"size": [8, 6.875, 1],
							"uv": {
								"north": {"uv": [26, 14], "uv_size": [8, 5]},
								"east": {"uv": [32, 43], "uv_size": [1, 5]},
								"south": {"uv": [20, 26], "uv_size": [8, 5]},
								"west": {"uv": [33, 43], "uv_size": [1, 5]},
								"up": {"uv": [38, 29], "uv_size": [8, 1]},
								"down": {"uv": [42, 9], "uv_size": [8, -1]}
							}
						},
						{
							"origin": [-4.3, 4.3, -4.975],
							"size": [1, 2.7, 0.975],
							"pivot": [-3.8, 5.5, -4.5],
							"rotation": [0, 0, 42.5],
							"uv": {
								"north": {"uv": [23, 47], "uv_size": [1, 2.5]},
								"east": {"uv": [24, 47], "uv_size": [1, 2.5]},
								"south": {"uv": [25, 47], "uv_size": [1, 2.5]},
								"west": {"uv": [47, 25], "uv_size": [1, 2.5]},
								"up": {"uv": [14, 20], "uv_size": [1, 1]},
								"down": {"uv": [15, 21], "uv_size": [1, -1]}
							}
						},
						{
							"origin": [3.3, 4.3, -4.95],
							"size": [1, 2.7, 0.95],
							"pivot": [3.8, 5.5, -4.5],
							"rotation": [0, 0, -42.5],
							"uv": {
								"north": {"uv": [26, 47], "uv_size": [1, 2.5]},
								"east": {"uv": [27, 47], "uv_size": [1, 2.5]},
								"south": {"uv": [28, 47], "uv_size": [1, 2.5]},
								"west": {"uv": [29, 47], "uv_size": [1, 2.5]},
								"up": {"uv": [29, 19], "uv_size": [1, 1]},
								"down": {"uv": [29, 21], "uv_size": [1, -1]}
							}
						},
						{
							"origin": [-5.25, -0.875, -5],
							"size": [1.25, 8.875, 10],
							"uv": {
								"north": {"uv": [14, 43], "uv_size": [1, 7]},
								"east": {"uv": [16, 0], "uv_size": [10, 7]},
								"south": {"uv": [15, 43], "uv_size": [1, 7]},
								"west": {"uv": [16, 7], "uv_size": [10, 7]},
								"up": {"uv": [34, 37], "uv_size": [1, 10]},
								"down": {"uv": [35, 47], "uv_size": [1, -10]}
							}
						},
						{
							"origin": [-1.23662, -1.03046, -5],
							"size": [6, 1, 1],
							"pivot": [4.33192, -0.60459, -4.5],
							"rotation": [0, -12.5, -12.5],
							"uv": {
								"north": {"uv": [0, 32], "uv_size": [6, -1]},
								"east": {"uv": [36, 30], "uv_size": [1, 1]},
								"south": {"uv": [34, 26], "uv_size": [6, 1]},
								"west": {"uv": [37, 29], "uv_size": [1, 1]},
								"up": {"uv": [31, 34], "uv_size": [6, 1]},
								"down": {"uv": [35, 17], "uv_size": [6, -1]}
							}
						},
						{
							"origin": [-4.9, -2, -5],
							"size": [6, 1, 1],
							"pivot": [0.1, -1, 0],
							"rotation": [0, 0, 12.5],
							"uv": {
								"north": {"uv": [0, 32], "uv_size": [6, -1]},
								"east": {"uv": [23, 17], "uv_size": [1, 1]},
								"south": {"uv": [8, 29], "uv_size": [6, 1]},
								"west": {"uv": [33, 16], "uv_size": [1, 1]},
								"up": {"uv": [8, 30], "uv_size": [6, 1]},
								"down": {"uv": [0, 31], "uv_size": [6, 1]}
							}
						},
						{
							"origin": [-6, 3, -5],
							"size": [1, 5, 10],
							"uv": {
								"north": {"uv": [44, 15], "uv_size": [1, 5]},
								"east": {"uv": [10, 21], "uv_size": [10, 5]},
								"south": {"uv": [44, 20], "uv_size": [1, 5]},
								"west": {"uv": [20, 21], "uv_size": [10, 5]},
								"up": {"uv": [36, 37], "uv_size": [1, 10]},
								"down": {"uv": [37, 47], "uv_size": [1, -10]}
							}
						},
						{
							"origin": [-4.975, 7.2, -4.975],
							"size": [1.5, 2.8, 9.95],
							"pivot": [-4.475, 8.85, 0],
							"rotation": [0, 0, 44.25],
							"uv": {
								"north": {"uv": [8, 31], "uv_size": [1.5, 3]},
								"east": {"uv": [30, 23], "uv_size": [10, 3]},
								"south": {"uv": [38, 26], "uv_size": [1.5, 3]},
								"west": {"uv": [18, 31], "uv_size": [10, 3]},
								"up": {"uv": [6, 35], "uv_size": [1.5, 10]},
								"down": {"uv": [8, 47], "uv_size": [1.5, -10]}
							}
						},
						{
							"origin": [3.6, 6.825, -4.975],
							"size": [1.5, 2.8, 9.95],
							"pivot": [4.1, 8.475, 0],
							"rotation": [0, 0, -44.25],
							"uv": {
								"north": {"uv": [6, 45], "uv_size": [1.5, 3]},
								"east": {"uv": [8, 34], "uv_size": [10, 3]},
								"south": {"uv": [45, 17], "uv_size": [1.5, 3]},
								"west": {"uv": [34, 14], "uv_size": [10, 3]},
								"up": {"uv": [10, 37], "uv_size": [1.5, 10]},
								"down": {"uv": [12, 47], "uv_size": [1.5, -10]}
							}
						},
						{
							"origin": [-5.875, 0.8, -4.975],
							"size": [1, 2.4, 9.95],
							"pivot": [-5.375, 2.7, 0],
							"rotation": [0, 0, -17.5],
							"uv": {
								"north": {"uv": [34, 47], "uv_size": [1, 2.5]},
								"east": {"uv": [18, 34], "uv_size": [10, 2.5]},
								"south": {"uv": [35, 47], "uv_size": [1, 2.5]},
								"west": {"uv": [28, 34], "uv_size": [10, 2.5]},
								"up": {"uv": [38, 34], "uv_size": [1, 10]},
								"down": {"uv": [0, 49], "uv_size": [1, -10]}
							}
						},
						{
							"origin": [4.875, 0.8, -4.975],
							"size": [1, 2.4, 9.95],
							"pivot": [5.375, 2.7, 0],
							"rotation": [0, 0, 17.5],
							"uv": {
								"north": {"uv": [36, 47], "uv_size": [1, 2.5]},
								"east": {"uv": [36, 0], "uv_size": [10, 2.5]},
								"south": {"uv": [37, 47], "uv_size": [1, 2.5]},
								"west": {"uv": [36, 3], "uv_size": [10, 2.5]},
								"up": {"uv": [1, 39], "uv_size": [1, 10]},
								"down": {"uv": [2, 49], "uv_size": [1, -10]}
							}
						},
						{
							"origin": [5, 3, -5],
							"size": [1, 5, 10],
							"uv": {
								"north": {"uv": [38, 44], "uv_size": [1, 5]},
								"east": {"uv": [26, 0], "uv_size": [10, 5]},
								"south": {"uv": [39, 44], "uv_size": [1, 5]},
								"west": {"uv": [26, 5], "uv_size": [10, 5]},
								"up": {"uv": [3, 39], "uv_size": [1, 10]},
								"down": {"uv": [4, 49], "uv_size": [1, -10]}
							}
						},
						{
							"origin": [4, -0.875, -5],
							"size": [1.25, 8.875, 10],
							"uv": {
								"north": {"uv": [15, 43], "uv_size": [-1, 7]},
								"east": {"uv": [26, 7], "uv_size": [-10, 7]},
								"south": {"uv": [16, 43], "uv_size": [-1, 7]},
								"west": {"uv": [26, 0], "uv_size": [-10, 7]},
								"up": {"uv": [35, 37], "uv_size": [-1, 10]},
								"down": {"uv": [36, 47], "uv_size": [-1, -10]}
							}
						},
						{
							"origin": [7.46153, 2.29953, -3],
							"size": [0.875, 0.95, 4],
							"pivot": [8.11153, 2.59953, -1.5],
							"rotation": [0, 0, 115],
							"uv": {
								"north": {"uv": [18, 30], "uv_size": [1, 1]},
								"east": {"uv": [45, 24], "uv_size": [4, 1]},
								"south": {"uv": [19, 30], "uv_size": [1, 1]},
								"west": {"uv": [45, 30], "uv_size": [4, 1]},
								"up": {"uv": [30, 45], "uv_size": [1, 4]},
								"down": {"uv": [31, 49], "uv_size": [1, -4]}
							}
						},
						{
							"origin": [4, 7.4, -3],
							"size": [3, 1, 4],
							"pivot": [7.5, 7.9, -1.5],
							"rotation": [0, 0, 20],
							"uv": {
								"north": {"uv": [20, 47], "uv_size": [3, 1]},
								"east": {"uv": [45, 31], "uv_size": [4, 1]},
								"south": {"uv": [47, 21], "uv_size": [3, 1]},
								"west": {"uv": [45, 32], "uv_size": [4, 1]},
								"up": {"uv": [28, 37], "uv_size": [3, 4]},
								"down": {"uv": [31, 41], "uv_size": [3, -4]}
							}
						},
						{
							"origin": [4.27678, 4.25249, -3],
							"size": [5.9, 1.3, 4],
							"pivot": [7.77678, 5.05249, -1.5],
							"rotation": [0, 0, 72.5],
							"uv": {
								"north": {"uv": [46, 40], "uv_size": [-6, 1.5]},
								"east": {"uv": [48, 9], "uv_size": [-4, 1.5]},
								"south": {"uv": [46, 40], "uv_size": [-6, 1.5]},
								"west": {"uv": [47, 42], "uv_size": [-4, 1.5]},
								"up": {"uv": [6, 35], "uv_size": [-6, 4]},
								"down": {"uv": [6, 39], "uv_size": [-6, -4]}
							}
						}
					]
				}
			]
		}
	]
}