{
	"format_version": "1.21.0",
	"minecraft:geometry": [
		{
			"description": {
				"identifier": "geometry._oraev_hats__custard_pudding",
				"texture_width": 64,
				"texture_height": 64,
				"visible_bounds_width": 3,
				"visible_bounds_height": 2.5,
				"visible_bounds_offset": [0, 0.75, 0]
			},
			"bones": [
				{
					"name": "root_item",
					"pivot": [0, -2, 0]
				},
				{
					"name": "helmet",
					"parent": "root_item",
					"pivot": [0, -2, 0],
					"binding": "'head'",
					"cubes": [
						{
							"origin": [-5, 4, -4.95],
							"size": [10, 3, 9.95],
							"uv": {
								"north": {"uv": [40, 25], "uv_size": [10, 3]},
								"east": {"uv": [36, 39], "uv_size": [10, 3]},
								"south": {"uv": [16, 40], "uv_size": [10, 3]},
								"west": {"uv": [40, 22], "uv_size": [10, 3]},
								"up": {"uv": [0, 22], "uv_size": [10, 10], "uv_rotation": 90},
								"down": {"uv": [10, 34], "uv_size": [10, -10], "uv_rotation": 270}
							}
						},
						{
							"origin": [3.41412, -2.38607, -5],
							"size": [2.8, 9.3, 10],
							"pivot": [5.21412, 3.41393, 0],
							"rotation": [0, 0, -12.5],
							"uv": {
								"north": {"uv": [40, 42], "uv_size": [2, 11.5]},
								"east": {"uv": [21, 0], "uv_size": [10, 11.5]},
								"south": {"uv": [38, 42], "uv_size": [2, 11.5]},
								"west": {"uv": [21, 12], "uv_size": [10, 11.5]},
								"up": {"uv": [44, 31], "uv_size": [10, 2], "uv_rotation": 90},
								"down": {"uv": [44, 35], "uv_size": [10, -2], "uv_rotation": 270}
							}
						},
						{
							"origin": [4.08588, -2.66107, -4.95],
							"size": [0.625, 6.975, 9.9],
							"uv": {
								"north": {"uv": [47, 46], "uv_size": [1.5, 7]},
								"east": {"uv": [31, 0], "uv_size": [10, 7]},
								"south": {"uv": [34, 47], "uv_size": [1.5, 7]},
								"west": {"uv": [31, 7], "uv_size": [10, 7]},
								"up": {"uv": [42, 44], "uv_size": [10, 1.5], "uv_rotation": 90},
								"down": {"uv": [15, 46.5], "uv_size": [10, -1.5], "uv_rotation": 270}
							}
						},
						{
							"origin": [-3.24701, -2.71396, -5.15],
							"size": [7.55, 0.975, 0.9],
							"pivot": [3.50232, -2.61804, -4.7],
							"rotation": [-2.35666, -17.34551, -7.85952],
							"uv": {
								"north": {"uv": [47, 21], "uv_size": [7.5, 1]},
								"east": {"uv": [39, 22], "uv_size": [1, 1]},
								"south": {"uv": [47, 20], "uv_size": [7.5, 1]},
								"west": {"uv": [39, 23], "uv_size": [1, 1]},
								"up": {"uv": [43, 49], "uv_size": [1, 7.5], "uv_rotation": 90},
								"down": {"uv": [44, 56.5], "uv_size": [1, -7.5], "uv_rotation": 270}
							}
						},
						{
							"origin": [-5.56412, -3.03607, -4.95],
							"size": [7.55, 0.975, 0.9],
							"pivot": [-2.78912, -2.54857, -4.5],
							"rotation": [0, 0, 7.5],
							"uv": {
								"north": {"uv": [47, 19], "uv_size": [7.5, 1]},
								"east": {"uv": [10, 22], "uv_size": [1, 1]},
								"south": {"uv": [31, 23], "uv_size": [7.5, 1]},
								"west": {"uv": [10, 23], "uv_size": [1, 1]},
								"up": {"uv": [4, 48], "uv_size": [1, 7.5], "uv_rotation": 90},
								"down": {"uv": [42, 56.5], "uv_size": [1, -7.5], "uv_rotation": 270}
							}
						},
						{
							"origin": [-5.56412, -2.66107, -4.95],
							"size": [1.55, 6.975, 9.9],
							"uv": {
								"north": {"uv": [32, 47], "uv_size": [1.5, 7]},
								"east": {"uv": [20, 24], "uv_size": [10, 7]},
								"south": {"uv": [24, 47], "uv_size": [1.5, 7]},
								"west": {"uv": [30, 24], "uv_size": [10, 7]},
								"up": {"uv": [44, 35], "uv_size": [10, 1.5], "uv_rotation": 90},
								"down": {"uv": [44, 38.5], "uv_size": [10, -1.5], "uv_rotation": 270}
							}
						},
						{
							"origin": [-6.21412, -2.58607, -5],
							"size": [2.8, 9.5, 10],
							"pivot": [-5.21412, 3.41393, 0],
							"rotation": [0, 0, 12.5],
							"uv": {
								"north": {"uv": [36, 42], "uv_size": [2, 11.5]},
								"east": {"uv": [11, 0], "uv_size": [10, 11.5]},
								"south": {"uv": [26, 40], "uv_size": [2, 11.5]},
								"west": {"uv": [11, 12], "uv_size": [10, 11.5]},
								"up": {"uv": [42, 42], "uv_size": [10, 2], "uv_rotation": 90},
								"down": {"uv": [15, 45], "uv_size": [10, -2], "uv_rotation": 270}
							}
						},
						{
							"origin": [-4, -2.65, 4],
							"size": [8.075, 6.65, 1],
							"uv": {
								"north": {"uv": [20, 31], "uv_size": [8, 8.5]},
								"east": {"uv": [0, 48], "uv_size": [1, 8.5]},
								"south": {"uv": [31, 14], "uv_size": [8, 8.5]},
								"west": {"uv": [1, 48], "uv_size": [1, 8.5]},
								"up": {"uv": [2, 48], "uv_size": [1, 8], "uv_rotation": 90},
								"down": {"uv": [3, 56], "uv_size": [1, -8], "uv_rotation": 270}
							}
						},
						{
							"origin": [-0.08382, 12.32313, -0.30374],
							"size": [0.308, 1.386, 0.231],
							"pivot": [0.03708, 12.3591, -0.11735],
							"rotation": [0, 22.5, 9],
							"uv": {
								"north": {"uv": [46, 12], "uv_size": [0.5, 1.5]},
								"east": {"uv": [7, 40], "uv_size": [0.5, 1.5]},
								"south": {"uv": [25, 43], "uv_size": [0.5, 1.5]},
								"west": {"uv": [25, 45], "uv_size": [0.5, 1.5]},
								"up": {"uv": [51, 11], "uv_size": [0.5, 0.5], "uv_rotation": 90},
								"down": {"uv": [51, 15.5], "uv_size": [0.5, -0.5], "uv_rotation": 270}
							}
						},
						{
							"origin": [0.88592, 13.82591, -0.69382],
							"size": [0.308, 1.386, 0.231],
							"pivot": [1.00682, 12.46188, -0.50743],
							"rotation": [-16.32495, 15.69986, -38.26579],
							"uv": {
								"north": {"uv": [46, 12], "uv_size": [0.5, 1.5]},
								"east": {"uv": [7, 40], "uv_size": [0.5, 1.5]},
								"south": {"uv": [25, 43], "uv_size": [0.5, 1.5]},
								"west": {"uv": [25, 45], "uv_size": [0.5, 1.5]},
								"up": {"uv": [51, 11], "uv_size": [0.5, 0.5], "uv_rotation": 90},
								"down": {"uv": [51, 15.5], "uv_size": [0.5, -0.5], "uv_rotation": 270}
							}
						},
						{
							"origin": [-0.70928, 11.41051, -0.84274],
							"size": [1.386, 1.386, 1.386],
							"pivot": [0.03708, 12.3591, -0.11735],
							"rotation": [0, 22.5, 9],
							"uv": {
								"north": {"uv": [17, 50], "uv_size": [1.5, 1.5]},
								"east": {"uv": [8, 32], "uv_size": [1.5, 1.5]},
								"south": {"uv": [5, 40], "uv_size": [1.5, 1.5]},
								"west": {"uv": [45, 49], "uv_size": [1.5, 1.5]},
								"up": {"uv": [50, 26], "uv_size": [1.5, 1.5], "uv_rotation": 90},
								"down": {"uv": [49, 51.5], "uv_size": [1.5, -1.5], "uv_rotation": 270}
							}
						},
						{
							"origin": [-2.4, 8.1, -2.4],
							"size": [4.8, 2.3, 4.8],
							"pivot": [0.04815, 11.41702, -0.1524],
							"rotation": [0, -45, 0],
							"uv": {
								"north": {"uv": [15, 47], "uv_size": [5, 2.5]},
								"east": {"uv": [5, 47], "uv_size": [5, 2.5]},
								"south": {"uv": [10, 47], "uv_size": [5, 2.5]},
								"west": {"uv": [47, 12], "uv_size": [5, 2.5]},
								"up": {"uv": [5, 42], "uv_size": [5, 5], "uv_rotation": 90},
								"down": {"uv": [10, 47], "uv_size": [5, -5], "uv_rotation": 270}
							}
						},
						{
							"origin": [-2.4, 8.1, -2.4],
							"size": [4.8, 2.3, 4.8],
							"uv": {
								"north": {"uv": [42, 46], "uv_size": [5, 2.5]},
								"east": {"uv": [0, 45], "uv_size": [5, 2.5]},
								"south": {"uv": [46, 9], "uv_size": [5, 2.5]},
								"west": {"uv": [46, 39], "uv_size": [5, 2.5]},
								"up": {"uv": [0, 40], "uv_size": [5, 5], "uv_rotation": 90},
								"down": {"uv": [41, 14], "uv_size": [5, -5], "uv_rotation": 270}
							}
						},
						{
							"origin": [-1.776, 9.976, -1.776],
							"size": [3.552, 1.702, 3.552],
							"pivot": [-0.03465, 10.827, -0.02911],
							"rotation": [0, 0, -7.5],
							"uv": {
								"north": {"uv": [42, 46], "uv_size": [5, 2.5]},
								"east": {"uv": [0, 45], "uv_size": [5, 2.5]},
								"south": {"uv": [46, 9], "uv_size": [5, 2.5]},
								"west": {"uv": [46, 39], "uv_size": [5, 2.5]},
								"up": {"uv": [0, 40], "uv_size": [5, 5], "uv_rotation": 90},
								"down": {"uv": [41, 14], "uv_size": [5, -5], "uv_rotation": 270}
							}
						},
						{
							"origin": [-1.85574, 9.976, -1.80119],
							"size": [3.552, 1.702, 3.552],
							"pivot": [-0.03465, 10.827, -0.02911],
							"rotation": [0, -45, -7.5],
							"uv": {
								"north": {"uv": [15, 47], "uv_size": [5, 2.5]},
								"east": {"uv": [5, 47], "uv_size": [5, 2.5]},
								"south": {"uv": [10, 47], "uv_size": [5, 2.5]},
								"west": {"uv": [47, 12], "uv_size": [5, 2.5]},
								"up": {"uv": [5, 42], "uv_size": [5, 5], "uv_rotation": 90},
								"down": {"uv": [10, 47], "uv_size": [5, -5], "uv_rotation": 270}
							}
						},
						{
							"origin": [-5.9, 5.8, -5.4],
							"size": [11.8, 2.3, 10.8],
							"uv": {
								"north": {"uv": [41, 6], "uv_size": [11, 2.5]},
								"east": {"uv": [41, 6], "uv_size": [11, 2.5]},
								"south": {"uv": [41, 6], "uv_size": [11, 2.5]},
								"west": {"uv": [41, 6], "uv_size": [11, 2.5]},
								"up": {"uv": [0, 0], "uv_size": [11, 11], "uv_rotation": 90},
								"down": {"uv": [0, 22], "uv_size": [11, -11], "uv_rotation": 270}
							}
						}
					]
				}
			]
		}
	]
}