{
	"format_version": "1.19.0",
	"minecraft:geometry": [
		{
			"description": {
				"identifier": "geometry._oraev_hats__mamegoma",
				"texture_width": 64,
				"texture_height": 64,
				"visible_bounds_width": 2,
				"visible_bounds_height": 2.5,
				"visible_bounds_offset": [0, 0.75, 0]
			},
			"bones": [
				{
					"name": "root_item",
					"pivot": [0, 0, 0],
					"rotation": [-5, 0, 0]
				},
				{
					"name": "helmet",
					"parent": "root_item",
					"pivot": [0, -1, 0],
					"rotation": [5, 0, 0],
					"binding": "'head'",
					"cubes": [
						{
							"origin": [-0.4762, 9.93964, -2.17868],
							"size": [0.78, 0.53019, 1.28],
							"pivot": [-0.0862, 8.08341, -3.66],
							"rotation": [-135, -80, 90],
							"uv": {
								"north": {"uv": [37, 54], "uv_size": [0, 0]},
								"east": {"uv": [36, 54], "uv_size": [1, 0]},
								"south": {"uv": [38, 54], "uv_size": [0, 0]},
								"west": {"uv": [37, 54], "uv_size": [1, 0]},
								"up": {"uv": [37, 53], "uv_size": [0, 1]},
								"down": {"uv": [37, 54], "uv_size": [0, -1]}
							}
						},
						{
							"origin": [-0.4762, 7.81832, -1.3],
							"size": [0.78, 0.53019, 1.28],
							"pivot": [-0.0862, 8.08341, -3.66],
							"rotation": [-90, -80, 90],
							"uv": {
								"north": {"uv": [37, 54], "uv_size": [0, 0]},
								"east": {"uv": [36, 54], "uv_size": [1, 0]},
								"south": {"uv": [38, 54], "uv_size": [0, 0]},
								"west": {"uv": [37, 54], "uv_size": [1, 0]},
								"up": {"uv": [37, 53], "uv_size": [0, 1]},
								"down": {"uv": [37, 54], "uv_size": [0, -1]}
							}
						},
						{
							"origin": [-0.4762, 9.56473, -1.80378],
							"size": [0.78, 1.28, 0.53019],
							"pivot": [-0.0862, 8.08341, -3.66],
							"rotation": [-135, -80, 90],
							"uv": {
								"north": {"uv": [36, 53], "uv_size": [0, 1]},
								"east": {"uv": [36, 53], "uv_size": [0, 1]},
								"south": {"uv": [36, 53], "uv_size": [0, 1]},
								"west": {"uv": [36, 53], "uv_size": [0, 1]},
								"up": {"uv": [36, 53], "uv_size": [0, 0]},
								"down": {"uv": [36, 53], "uv_size": [0, 0]}
							}
						},
						{
							"origin": [-0.4762, 7.44341, -0.9251],
							"size": [0.78, 1.28, 0.53019],
							"pivot": [-0.0862, 8.08341, -3.66],
							"rotation": [-90, -80, 90],
							"uv": {
								"north": {"uv": [36, 53], "uv_size": [0, 1]},
								"east": {"uv": [36, 53], "uv_size": [0, 1]},
								"south": {"uv": [36, 53], "uv_size": [0, 1]},
								"west": {"uv": [36, 53], "uv_size": [0, 1]},
								"up": {"uv": [36, 53], "uv_size": [0, 0]},
								"down": {"uv": [36, 53], "uv_size": [0, 0]}
							}
						},
						{
							"origin": [-1.0762, 9.13964, -2.17868],
							"size": [0.78, 0.53019, 1.28],
							"pivot": [-0.6862, 7.28341, -3.66],
							"rotation": [-135, -80, 90],
							"uv": {
								"north": {"uv": [45, 45], "uv_size": [0, 0]},
								"east": {"uv": [44, 45], "uv_size": [1, 0]},
								"south": {"uv": [46, 45], "uv_size": [0, 0]},
								"west": {"uv": [45, 45], "uv_size": [1, 0]},
								"up": {"uv": [45, 44], "uv_size": [0, 1]},
								"down": {"uv": [45, 45], "uv_size": [0, -1]}
							}
						},
						{
							"origin": [-1.0762, 7.01832, -1.3],
							"size": [0.78, 0.53019, 1.28],
							"pivot": [-0.6862, 7.28341, -3.66],
							"rotation": [-90, -80, 90],
							"uv": {
								"north": {"uv": [45, 45], "uv_size": [0, 0]},
								"east": {"uv": [44, 45], "uv_size": [1, 0]},
								"south": {"uv": [46, 45], "uv_size": [0, 0]},
								"west": {"uv": [45, 45], "uv_size": [1, 0]},
								"up": {"uv": [45, 44], "uv_size": [0, 1]},
								"down": {"uv": [45, 45], "uv_size": [0, -1]}
							}
						},
						{
							"origin": [-1.0762, 8.76473, -1.80378],
							"size": [0.78, 1.28, 0.53019],
							"pivot": [-0.6862, 7.28341, -3.66],
							"rotation": [-135, -80, 90],
							"uv": {
								"north": {"uv": [44, 44], "uv_size": [0, 1]},
								"east": {"uv": [44, 44], "uv_size": [0, 1]},
								"south": {"uv": [44, 44], "uv_size": [0, 1]},
								"west": {"uv": [44, 44], "uv_size": [0, 1]},
								"up": {"uv": [44, 44], "uv_size": [0, 0]},
								"down": {"uv": [44, 44], "uv_size": [0, 0]}
							}
						},
						{
							"origin": [-1.0762, 6.64341, -0.9251],
							"size": [0.78, 1.28, 0.53019],
							"pivot": [-0.6862, 7.28341, -3.66],
							"rotation": [-90, -80, 90],
							"uv": {
								"north": {"uv": [44, 44], "uv_size": [0, 1]},
								"east": {"uv": [44, 44], "uv_size": [0, 1]},
								"south": {"uv": [44, 44], "uv_size": [0, 1]},
								"west": {"uv": [44, 44], "uv_size": [0, 1]},
								"up": {"uv": [44, 44], "uv_size": [0, 0]},
								"down": {"uv": [44, 44], "uv_size": [0, 0]}
							}
						},
						{
							"origin": [-0.4762, 5.697, -6.42132],
							"size": [0.78, 0.53019, 1.28],
							"pivot": [-0.0862, 8.08341, -3.66],
							"rotation": [-135, -80, 90],
							"uv": {
								"north": {"uv": [37, 54], "uv_size": [0, 0]},
								"east": {"uv": [36, 54], "uv_size": [1, 0]},
								"south": {"uv": [38, 54], "uv_size": [0, 0]},
								"west": {"uv": [37, 54], "uv_size": [1, 0]},
								"up": {"uv": [37, 53], "uv_size": [0, 1]},
								"down": {"uv": [37, 54], "uv_size": [0, -1]}
							}
						},
						{
							"origin": [-0.4762, 7.81832, -7.3],
							"size": [0.78, 0.53019, 1.28],
							"pivot": [-0.0862, 8.08341, -3.66],
							"rotation": [-90, -80, 90],
							"uv": {
								"north": {"uv": [37, 54], "uv_size": [0, 0]},
								"east": {"uv": [36, 54], "uv_size": [1, 0]},
								"south": {"uv": [38, 54], "uv_size": [0, 0]},
								"west": {"uv": [37, 54], "uv_size": [1, 0]},
								"up": {"uv": [37, 53], "uv_size": [0, 1]},
								"down": {"uv": [37, 54], "uv_size": [0, -1]}
							}
						},
						{
							"origin": [-0.4762, 5.32209, -6.04642],
							"size": [0.78, 1.28, 0.53019],
							"pivot": [-0.0862, 8.08341, -3.66],
							"rotation": [-135, -80, 90],
							"uv": {
								"north": {"uv": [36, 53], "uv_size": [0, 1]},
								"east": {"uv": [36, 53], "uv_size": [0, 1]},
								"south": {"uv": [36, 53], "uv_size": [0, 1]},
								"west": {"uv": [36, 53], "uv_size": [0, 1]},
								"up": {"uv": [36, 53], "uv_size": [0, 0]},
								"down": {"uv": [36, 53], "uv_size": [0, 0]}
							}
						},
						{
							"origin": [-0.4762, 7.44341, -6.9251],
							"size": [0.78, 1.28, 0.53019],
							"pivot": [-0.0862, 8.08341, -3.66],
							"rotation": [-90, -80, 90],
							"uv": {
								"north": {"uv": [36, 53], "uv_size": [0, 1]},
								"east": {"uv": [36, 53], "uv_size": [0, 1]},
								"south": {"uv": [36, 53], "uv_size": [0, 1]},
								"west": {"uv": [36, 53], "uv_size": [0, 1]},
								"up": {"uv": [36, 53], "uv_size": [0, 0]},
								"down": {"uv": [36, 53], "uv_size": [0, 0]}
							}
						},
						{
							"origin": [-5.125, 5.59456, -7.12841],
							"size": [2.225, 1.15, 13.225],
							"pivot": [-5.075, 6.16956, -5.66591],
							"rotation": [-9.91615, -1.29876, -7.38733],
							"uv": {
								"north": {"uv": [28, 20], "uv_size": [10.5, 1]},
								"east": {"uv": [28, 18], "uv_size": [13, 1]},
								"south": {"uv": [28, 21], "uv_size": [10.5, 1]},
								"west": {"uv": [28, 19], "uv_size": [13, 1]},
								"up": {"uv": [62, 4.65], "uv_size": [2, 2]},
								"down": {"uv": [22, 10.5], "uv_size": [6, -10.5]}
							}
						},
						{
							"origin": [-3.025, 5.05, -9.2],
							"size": [6.05, 1.15, 1.15],
							"pivot": [0, 0.6375, -1.3125],
							"rotation": [-10, 0, 0],
							"uv": {
								"north": {"uv": [29, 28], "uv_size": [8, 1]},
								"east": {"uv": [6, 31], "uv_size": [1, 1]},
								"south": {"uv": [29, 29], "uv_size": [8, 1]},
								"west": {"uv": [7, 31], "uv_size": [1, 1]},
								"up": {"uv": [0, 30], "uv_size": [8, 1]},
								"down": {"uv": [8, 31], "uv_size": [8, -1]}
							}
						},
						{
							"origin": [-4.87907, 5.90765, -7.48845],
							"size": [2.43875, 1.15, 1.15],
							"pivot": [-4.25969, 6.48265, -6.91345],
							"rotation": [-13.85803, 27.00464, -13.12311],
							"uv": {
								"north": {"uv": [17, 24], "uv_size": [1.5, 1]},
								"east": {"uv": [21, 24], "uv_size": [1, 1]},
								"south": {"uv": [19, 24], "uv_size": [1.5, 1]},
								"west": {"uv": [5, 31], "uv_size": [1, 1]},
								"up": {"uv": [1, 31], "uv_size": [1.5, 1]},
								"down": {"uv": [3, 32], "uv_size": [1.5, -1]}
							}
						},
						{
							"origin": [-5.175, 5.9, -5.175],
							"size": [10.35, 2.3, 10.35],
							"pivot": [0, 0.3375, -1.3125],
							"rotation": [-10, 0, 0],
							"uv": {
								"north": {"uv": [23, 25], "uv_size": [10.5, 2.5]},
								"east": {"uv": [0, 27], "uv_size": [10.5, 2.5]},
								"south": {"uv": [28, 0], "uv_size": [10.5, 2.5]},
								"west": {"uv": [28, 3], "uv_size": [10.5, 2.5]},
								"up": {"uv": [0, 13], "uv_size": [10.5, 10.5]},
								"down": {"uv": [11, 23.5], "uv_size": [10.5, -10.5]}
							}
						},
						{
							"origin": [-2.875, 8.2, -5.175],
							"size": [5.75, 2.3, 10.35],
							"pivot": [0, 0.3375, -1.3125],
							"rotation": [-10, 0, 0],
							"uv": {
								"north": {"uv": [28, 12], "uv_size": [6, 2.5]},
								"east": {"uv": [28, 6], "uv_size": [10.5, 2.5]},
								"south": {"uv": [28, 15], "uv_size": [6, 2.5]},
								"west": {"uv": [28, 9], "uv_size": [10.5, 2.5]},
								"up": {"uv": [22, 0], "uv_size": [6, 10.5]},
								"down": {"uv": [22, 21.5], "uv_size": [6, -10.5]}
							}
						},
						{
							"origin": [-2.875, 5.9, -5.2325],
							"size": [5.75, 4.6, 0.0575],
							"pivot": [0, 0.3375, -1.3125],
							"rotation": [-10, 0, 0],
							"uv": {
								"north": {"uv": [0, 44], "uv_size": [23.5, 19.5]},
								"east": {"uv": [22, 30], "uv_size": [0.5, 4.5]},
								"south": {"uv": [17, 25], "uv_size": [6, 4.5]},
								"west": {"uv": [0, 31], "uv_size": [0.5, 4.5]},
								"up": {"uv": [11, 29], "uv_size": [6, 0.5]},
								"down": {"uv": [29, 30.5], "uv_size": [6, -0.5]}
							}
						},
						{
							"origin": [-9.2189, 2.27054, -5.175],
							"size": [2.3, 3.22, 10.35],
							"pivot": [0, 0.3375, -1.3125],
							"rotation": [-7.10708, 7.05302, 44.56145],
							"uv": {
								"north": {"uv": [16, 30], "uv_size": [2.5, 3]},
								"east": {"uv": [22, 22], "uv_size": [10.5, 3]},
								"south": {"uv": [19, 30], "uv_size": [2.5, 3]},
								"west": {"uv": [0, 24], "uv_size": [10.5, 3]},
								"up": {"uv": [23, 28], "uv_size": [2.5, 10.5]},
								"down": {"uv": [26, 38.5], "uv_size": [2.5, -10.5]}
							}
						},
						{
							"origin": [6.9189, 2.27054, -5.175],
							"size": [2.3, 3.22, 10.35],
							"pivot": [0, 0.3375, -1.3125],
							"rotation": [-7.10708, -7.05302, -44.56145],
							"uv": {
								"north": {"uv": [18.5, 30], "uv_size": [-2.5, 3]},
								"east": {"uv": [10.5, 24], "uv_size": [-10.5, 3]},
								"south": {"uv": [21.5, 30], "uv_size": [-2.5, 3]},
								"west": {"uv": [32.5, 22], "uv_size": [-10.5, 3]},
								"up": {"uv": [25.5, 28], "uv_size": [-2.5, 10.5]},
								"down": {"uv": [28.5, 38.5], "uv_size": [-2.5, -10.5]}
							}
						},
						{
							"origin": [0.2962, 6.64341, -0.9251],
							"size": [0.78, 1.28, 0.53019],
							"pivot": [0.6862, 7.28341, -3.66],
							"rotation": [-90, 80, -90],
							"uv": {
								"north": {"uv": [44, 44], "uv_size": [0, 1]},
								"east": {"uv": [44, 44], "uv_size": [0, 1]},
								"south": {"uv": [44, 44], "uv_size": [0, 1]},
								"west": {"uv": [44, 44], "uv_size": [0, 1]},
								"up": {"uv": [44, 44], "uv_size": [0, 0]},
								"down": {"uv": [44, 44], "uv_size": [0, 0]}
							}
						},
						{
							"origin": [0.2962, 8.76473, -1.80378],
							"size": [0.78, 1.28, 0.53019],
							"pivot": [0.6862, 7.28341, -3.66],
							"rotation": [-135, 80, -90],
							"uv": {
								"north": {"uv": [44, 44], "uv_size": [0, 1]},
								"east": {"uv": [44, 44], "uv_size": [0, 1]},
								"south": {"uv": [44, 44], "uv_size": [0, 1]},
								"west": {"uv": [44, 44], "uv_size": [0, 1]},
								"up": {"uv": [44, 44], "uv_size": [0, 0]},
								"down": {"uv": [44, 44], "uv_size": [0, 0]}
							}
						},
						{
							"origin": [0.2962, 7.01832, -1.3],
							"size": [0.78, 0.53019, 1.28],
							"pivot": [0.6862, 7.28341, -3.66],
							"rotation": [-90, 80, -90],
							"uv": {
								"north": {"uv": [45, 45], "uv_size": [0, 0]},
								"east": {"uv": [46, 45], "uv_size": [-1, 0]},
								"south": {"uv": [46, 45], "uv_size": [0, 0]},
								"west": {"uv": [45, 45], "uv_size": [-1, 0]},
								"up": {"uv": [45, 44], "uv_size": [0, 1]},
								"down": {"uv": [45, 45], "uv_size": [0, -1]}
							}
						},
						{
							"origin": [0.2962, 9.13964, -2.17868],
							"size": [0.78, 0.53019, 1.28],
							"pivot": [0.6862, 7.28341, -3.66],
							"rotation": [-135, 80, -90],
							"uv": {
								"north": {"uv": [45, 45], "uv_size": [0, 0]},
								"east": {"uv": [46, 45], "uv_size": [-1, 0]},
								"south": {"uv": [46, 45], "uv_size": [0, 0]},
								"west": {"uv": [45, 45], "uv_size": [-1, 0]},
								"up": {"uv": [45, 44], "uv_size": [0, 1]},
								"down": {"uv": [45, 45], "uv_size": [0, -1]}
							}
						},
						{
							"origin": [2.9, 5.59456, -7.12841],
							"size": [2.225, 1.15, 13.225],
							"pivot": [5.075, 6.16956, -5.66591],
							"rotation": [-9.91615, 1.29876, 7.38733],
							"uv": {
								"north": {"uv": [38.5, 20], "uv_size": [-10.5, 1]},
								"east": {"uv": [41, 19], "uv_size": [-13, 1]},
								"south": {"uv": [38.5, 21], "uv_size": [-10.5, 1]},
								"west": {"uv": [41, 18], "uv_size": [-13, 1]},
								"up": {"uv": [64, 4.65], "uv_size": [-2, 2]},
								"down": {"uv": [28, 10.5], "uv_size": [-6, -10.5]}
							}
						},
						{
							"origin": [-2.99366, 5.8693, -7.07997],
							"size": [6.05, 1.15, 13.225],
							"pivot": [-0.81866, 6.4443, -5.61747],
							"rotation": [-10, 0, 0],
							"uv": {
								"north": {"uv": [28, 20], "uv_size": [10.5, 1]},
								"east": {"uv": [28, 18], "uv_size": [13, 1]},
								"south": {"uv": [28, 21], "uv_size": [10.5, 1]},
								"west": {"uv": [28, 19], "uv_size": [13, 1]},
								"up": {"uv": [53.5, 0], "uv_size": [10.5, 4.5]},
								"down": {"uv": [22, 10.5], "uv_size": [6, -10.5]}
							}
						},
						{
							"origin": [2.44032, 5.90765, -7.48845],
							"size": [2.43875, 1.15, 1.15],
							"pivot": [4.25969, 6.48265, -6.91345],
							"rotation": [-13.85803, -27.00464, 13.12311],
							"uv": {
								"north": {"uv": [18.5, 24], "uv_size": [-1.5, 1]},
								"east": {"uv": [6, 31], "uv_size": [-1, 1]},
								"south": {"uv": [20.5, 24], "uv_size": [-1.5, 1]},
								"west": {"uv": [22, 24], "uv_size": [-1, 1]},
								"up": {"uv": [2.5, 31], "uv_size": [-1.5, 1]},
								"down": {"uv": [4.5, 32], "uv_size": [-1.5, -1]}
							}
						}
					]
				}
			]
		}
	]
}