{
	"format_version": "1.10.0",
	"particle_effect": {
		"description": {
			"identifier": "goe_spa:mist",
			"basic_render_parameters": {
				"material": "particles_blend",
				"texture": "textures/goe/spa/empty"
			}
		},
		"events": {
			"emit": {
				"particle_effect": {
					"type": "emitter",
					"effect": "goe_spa:particle_fog"
				}
			}
		},
		"components": {
			"minecraft:emitter_rate_instant": {
				"num_particles": 13
			},
			"minecraft:emitter_lifetime_once": {
				"active_time": 1
			},
			"minecraft:emitter_shape_box": {
				"offset": [0, -1, 0],
				"half_dimensions": [30, 5, 30],
				"direction": "outwards"
			},
			"minecraft:particle_lifetime_expression": {
				"max_lifetime": 0.12
			},
			"minecraft:particle_expire_if_not_in_blocks": ["minecraft:air"],
			"minecraft:particle_lifetime_events": {
				"timeline": {
					"0.1": "emit"
				}
			},
			"minecraft:particle_initial_speed": 0,
			"minecraft:particle_motion_dynamic": {},
			"minecraft:particle_appearance_billboard": {
				"size": [0.2, 0.2],
				"facing_camera_mode": "lookat_xyz"
			}
		}
	}
}