{
	"format_version": "1.10.0",
	"particle_effect": {
		"description": {
			"identifier": "goe_spa:particle_fog",
			"basic_render_parameters": {
				"material": "particles_blend",
				"texture": "textures/goe/spa/particles/realism/fog"
			}
		},
		"curves": {
			"variable.transparency": {
				"type": "catmull_rom",
				"input": "v.particle_age",
				"horizontal_range": "v.particle_lifetime",
				"nodes": [0, 0.17, 0.45, 0.51, 0.23, 0, 0]
			}
		},
		"components": {
			"minecraft:emitter_rate_instant": {
				"num_particles": "Math.random(1,3)"
			},
			"minecraft:emitter_lifetime_once": {
				"active_time": 1
			},
			"minecraft:emitter_shape_disc": {
				"radius": 6,
				"direction": ["math.random(-2,2)", 0, "math.random(-2,2)"]
			},
			"minecraft:particle_lifetime_expression": {
				"max_lifetime": 3
			},
			"minecraft:particle_initial_spin": {
				"rotation": "math.random(-1, 1)*10",
				"rotation_rate": "math.random(-1, 1)*10"
			},
			"minecraft:particle_initial_speed": "math.random(-0.1,0.1)",
			"minecraft:particle_motion_dynamic": {
				"linear_acceleration": [0, -0.5, 0]
			},
			"minecraft:particle_appearance_billboard": {
				"size": ["2.9 + v.particle_random_2 * 2", "2.5 + v.particle_random_1 * 2"],
				"facing_camera_mode": "lookat_xyz"
			},
			"minecraft:particle_motion_collision": {
				"collision_radius": 0.5
			},
			"minecraft:particle_appearance_tinting": {
				"color": [0.9, 1, 1, "variable.transparency/2"]
			}
		}
	}
}