{
	"format_version": "1.10.0",
	"particle_effect": {
		"description": {
			"identifier": "goe_spa:red_sand_dust",
			"basic_render_parameters": {
				"material": "particles_blend",
				"texture": "textures/goe/spa/particles/realism/red_sand_dust"
			}
		},
		"curves": {
			"variable.transparency": {
				"type": "catmull_rom",
				"input": "v.particle_age",
				"horizontal_range": "v.particle_lifetime",
				"nodes": [0, 0.28, 0.67, 0.21, -0.06]
			}
		},
		"components": {
			"minecraft:emitter_rate_instant": {
				"num_particles": 1
			},
			"minecraft:emitter_lifetime_once": {
				"active_time": 1
			},
			"minecraft:emitter_shape_disc": {
				"offset": ["math.random(10, 20)", "math.random(0, 6)", "math.random(10, 20)"],
				"radius": "math.random(4.5, 14.5)",
				"surface_only": true,
				"direction": ["math.random(-1, -3)", 0, "v.emitter_random_3-1.15"]
			},
			"minecraft:particle_lifetime_expression": {
				"max_lifetime": 3
			},
			"minecraft:particle_expire_if_not_in_blocks": ["minecraft:air", "minecraft:deadbush"],
			"minecraft:particle_initial_spin": {
				"rotation": 180,
				"rotation_rate": "math.random(-1, 1)*11"
			},
			"minecraft:particle_initial_speed": "math.random(13, 17)*2",
			"minecraft:particle_motion_dynamic": {
				"linear_acceleration": [0, -0.8, 0],
				"linear_drag_coefficient": 0.08
			},
			"minecraft:particle_appearance_billboard": {
				"size": ["5 + v.particle_random_3", "5 + v.particle_random_3"],
				"facing_camera_mode": "lookat_direction",
				"uv": {
					"texture_width": 192,
					"texture_height": 256,
					"uv": [0, "Math.floor(v.particle_random_1 * 2)"],
					"uv_size": [192, 128]
				}
			},
			"minecraft:particle_appearance_lighting": {},
			"minecraft:particle_appearance_tinting": {
				"color": [1, 1, 1, "variable.transparency*1.3"]
			}
		}
	}
}