{
	"format_version": "1.10.0",
	"particle_effect": {
		"description": {
			"identifier": "goe_spa:regular_wind",
			"basic_render_parameters": {
				"material": "particles_blend",
				"texture": "textures/goe/spa/particles/realism/regular_wind"
			}
		},
		"curves": {
			"variable.size": {
				"type": "catmull_rom",
				"input": "v.particle_age",
				"horizontal_range": "v.particle_lifetime",
				"nodes": [-0.16, 0.59, 0.5, 0.96, 0.6, 0.81, 0.24]
			},
			"variable.transparency": {
				"type": "linear",
				"input": "v.particle_age",
				"horizontal_range": "v.particle_lifetime",
				"nodes": [0, 0.66, 0.94, 0.57, 0.84, 0.46, 0.68, 0]
			}
		},
		"components": {
			"minecraft:emitter_rate_steady": {
				"spawn_rate": "math.random(1, 5)",
				"max_particles": 80
			},
			"minecraft:emitter_lifetime_once": {
				"active_time": 1
			},
			"minecraft:emitter_shape_disc": {
				"offset": [25, 15, 25],
				"radius": "math.random(13, 28)",
				"plane_normal": [0.8, 0, 0],
				"surface_only": true,
				"direction": [-1, "Math.random(-0.5,0.5)", "Math.random(-1,0)"]
			},
			"minecraft:particle_lifetime_expression": {
				"max_lifetime": "math.random(3.5, 6)"
			},
			"minecraft:particle_initial_spin": {
				"rotation": 180
			},
			"minecraft:particle_initial_speed": "math.random(12, 20)",
			"minecraft:particle_motion_dynamic": {
				"linear_acceleration": ["Math.random(-2,2)*v.particle_age", "Math.random(-2,2)*v.particle_age", "Math.random(-2,2)*v.particle_age"],
				"linear_drag_coefficient": 0.025
			},
			"minecraft:particle_appearance_billboard": {
				"size": ["((5*(v.particle_random_3 * 10)) * variable.size)/2", "(1 * variable.size)/5"],
				"facing_camera_mode": "lookat_direction",
				"uv": {
					"texture_width": 16,
					"texture_height": 4,
					"uv": [0, "Math.floor(v.particle_random_1 * 4)"],
					"uv_size": [16, 0.5]
				}
			},
			"minecraft:particle_appearance_lighting": {},
			"minecraft:particle_appearance_tinting": {
				"color": [1, 1, 1, "(0.1 + v.particle_random_3*0.55) * variable.transparency"]
			}
		}
	}
}