{
	"format_version": "1.10.0",
	"particle_effect": {
		"description": {
			"identifier": "goe_spa:sand_particles",
			"basic_render_parameters": {
				"material": "particles_blend",
				"texture": "textures/goe/spa/particles/realism/sand_particles"
			}
		},
		"curves": {
			"variable.transparency": {
				"type": "catmull_rom",
				"input": "v.particle_age",
				"horizontal_range": "v.particle_lifetime",
				"nodes": [-1.19, 0.45, 1, 0.33, -0.98]
			}
		},
		"components": {
			"minecraft:emitter_rate_steady": {
				"spawn_rate": 30,
				"max_particles": 1000
			},
			"minecraft:emitter_lifetime_once": {
				"active_time": 0.25
			},
			"minecraft:emitter_shape_disc": {
				"offset": [2, "math.random(3, 15)", 4],
				"radius": "math.random(4, 21)",
				"surface_only": true,
				"direction": [-1, "(0.5-v.emitter_random_1) * 0.5", "-0.4 + (0.5-v.emitter_random_2) * 0.2"]
			},
			"minecraft:particle_lifetime_expression": {
				"max_lifetime": 1.3
			},
			"minecraft:particle_expire_if_not_in_blocks": ["minecraft:air"],
			"minecraft:particle_initial_spin": {
				"rotation": "math.random(-180, 180)",
				"rotation_rate": "math.random(-40, 40)"
			},
			"minecraft:particle_initial_speed": "math.random(12, 15)",
			"minecraft:particle_motion_dynamic": {},
			"minecraft:particle_appearance_billboard": {
				"size": ["4 + v.particle_random_1*2", "4 + v.particle_random_1*2 + (v.particle_random_2-0.5) * 0.2"],
				"facing_camera_mode": "rotate_xyz",
				"uv": {
					"texture_width": 32,
					"texture_height": 32,
					"uv": [0, 0],
					"uv_size": [32, 32]
				}
			},
			"minecraft:particle_appearance_tinting": {
				"color": [0.9, 0.9, 1, "variable.transparency * 0.5 + v.particle_random_4 * 0.4"]
			}
		}
	}
}