{
	"format_version": "1.10.0",
	"particle_effect": {
		"description": {
			"identifier": "goe_spa:sky_birds",
			"basic_render_parameters": {
				"material": "goe_spa.disabled_particle_culling",
				"texture": "textures/goe/spa/particles/realism/bird"
			}
		},
		"curves": {
			"variable.uv": {
				"type": "linear",
				"input": "Math.mod(v.particle_age, 2.35)",
				"horizontal_range": "1+variable.particle_random_1",
				"nodes": [0, 0, 1, 2, 3, 2, 1, 2.98, 3, 2, 1, 0]
			}
		},
		"components": {
			"minecraft:emitter_rate_instant": {
				"num_particles": "math.random_integer(2, 6)"
			},
			"minecraft:emitter_lifetime_once": {
				"active_time": 1.5
			},
			"minecraft:emitter_shape_point": {
				"offset": ["math.sin((v.spawn_direction ?? v.emitter_random_4) * 360) * 100 + math.random(-15, 15)", "15 + v.emitter_random_4 * 32 + math.random(0, 4)", "math.cos((v.spawn_direction ?? v.emitter_random_3) * 360) * 100 + math.random(-14, 15)"],
				"direction": ["-math.sin((v.spawn_direction ?? v.emitter_random_4) * 360 + (v.emitter_random_2-0.5) * 120)", "(v.emitter_random_1 - 0.45) * 0.3", "-math.cos((v.spawn_direction ?? v.emitter_random_4) * 360 + (v.emitter_random_2-0.35) * 120)"]
			},
			"minecraft:particle_lifetime_expression": {
				"max_lifetime": 11
			},
			"minecraft:particle_initial_speed": "(12 + v.emitter_random_1 * 7)",
			"minecraft:particle_motion_dynamic": {
				"linear_acceleration": [0, "math.cos(v.particle_age * 360 * 1.4 + v.particle_random_1 * 90) * -12.5 * (0.384 + v.particle_random_4)", 0]
			},
			"minecraft:particle_appearance_billboard": {
				"size": ["1.12 + v.particle_random_1", "1.12 + v.particle_random_1"],
				"facing_camera_mode": "direction_y",
				"uv": {
					"texture_width": 32,
					"texture_height": 256,
					"uv": [0, "math.round(variable.uv)*64"],
					"uv_size": [32, 32]
				}
			},
			"minecraft:particle_appearance_lighting": {}
		}
	}
}