{
	"format_version": "1.10.0",
	"particle_effect": {
		"description": {
			"identifier": "goe_spa:snow_particles",
			"basic_render_parameters": {
				"material": "particles_blend",
				"texture": "textures/goe/spa/particles/realism/snow_particles"
			}
		},
		"curves": {
			"variable.transparency": {
				"type": "catmull_rom",
				"input": "v.particle_age",
				"horizontal_range": "v.particle_lifetime",
				"nodes": [-1.19, 0.32, 0.84, 0.85, 0.24, -0.98]
			}
		},
		"components": {
			"minecraft:emitter_rate_steady": {
				"spawn_rate": 28,
				"max_particles": 820
			},
			"minecraft:emitter_lifetime_once": {
				"active_time": 0.25
			},
			"minecraft:emitter_shape_disc": {
				"offset": [2, "math.random(3, 15)", 4],
				"radius": "math.random(7, 27)",
				"surface_only": true,
				"direction": [-1, "(0.2-v.emitter_random_3)/2", "v.emitter_random_3-1.15"]
			},
			"minecraft:particle_lifetime_expression": {
				"max_lifetime": 1.5
			},
			"minecraft:particle_expire_if_not_in_blocks": ["minecraft:air"],
			"minecraft:particle_initial_spin": {
				"rotation": "math.random(-180, 180)",
				"rotation_rate": "math.random(-10,10)*1.3"
			},
			"minecraft:particle_initial_speed": "math.random(7, 13)",
			"minecraft:particle_motion_dynamic": {},
			"minecraft:particle_appearance_billboard": {
				"size": ["(v.particle_random_2*1.7+3.8)*2", "(v.particle_random_2*1.7+3.8)*2"],
				"facing_camera_mode": "rotate_xyz",
				"uv": {
					"texture_width": 128,
					"texture_height": 128,
					"uv": [0, 0],
					"uv_size": [128, 128]
				}
			},
			"minecraft:particle_appearance_tinting": {
				"color": [1, 1, 1, "variable.transparency * 0.5"]
			}
		}
	}
}