{
	"format_version": "1.20.40",
	"minecraft:attachable": {
		"description": {
			"identifier": "goe_spa:pink_smartphone_charged",
			"render_controllers": [ "controller.render.item_default" ],
			"materials": {
				"default": "entity_alphatest",
				"enchanted": "entity_alphatest_glint"
			},
			"textures": {
				"default": "textures/goe/spa/items/attachables/pink_phone",
				"enchanted": "textures/misc/enchanted_item_glint"
			},
			"geometry": {
				"default": "geometry.goe_spa.smartphone"
			},
			"animations": {
				"hold.fp": "animation.goe_spa.food.hold.fp",
				"hold.tp": "animation.goe_spa.food.hold.tp"
			},
			"scripts": {
				"animate": [ 
					{ "hold.fp": "c.is_first_person" },
					{ "hold.tp": "!c.is_first_person" }
				]
			}
		}
	}
}