{
	"format_version": "1.10.0",
	"particle_effect": {
		"description": {
			"identifier": "goe_spa:bought",
			"basic_render_parameters": {
				"material": "particles_add",
				"texture": "textures/goe/spa/particles/portal"
			}
		},
		"components": {
			"minecraft:emitter_local_space": {
				"position": true,
				"rotation": true
			},
			"minecraft:emitter_rate_steady": {
				"spawn_rate": 180,
				"max_particles": 200
			},
			"minecraft:emitter_lifetime_once": {
				"active_time": 0.5
			},
			"minecraft:emitter_shape_disc": {
				"offset": [0, 0.3, 0],
				"radius": 0.5,
				"surface_only": true,
				"direction": [0, 3, 0]
			},
			"minecraft:particle_lifetime_expression": {
				"max_lifetime": 1
			},
			"minecraft:particle_initial_speed": 5,
			"minecraft:particle_motion_dynamic": {
				"linear_acceleration": [0, 5, 0],
				"linear_drag_coefficient": 0.8
			},
			"minecraft:particle_appearance_billboard": {
				"size": ["(0.5 - variable.particle_age) ", "(0.8 * variable.particle_age) + variable.particle_random_2 +1"],
				"facing_camera_mode": "lookat_xyz",
				"uv": {
					"texture_width": 16,
					"texture_height": 128,
					"flipbook": {
						"base_UV": [0, 0],
						"size_UV": [16, 16],
						"step_UV": [0, 16],
						"frames_per_second": 16,
						"max_frame": 16,
						"loop": true
					}
				}
			},
			"minecraft:particle_appearance_tinting": {
				"color": {
					"interpolant": "variable.particle_random_2 * math.random(1,4)",
					"gradient": {
						"0.0": "#CCFFFCA6",
						"0.5": "#D6FFCE49",
						"1.0": "#6BDC8605"
					}
				}
			}
		}
	}
}