{
	"format_version": "1.10.0",
	"particle_effect": {
		"description": {
			"identifier": "goe_spa:charged",
			"basic_render_parameters": {
				"material": "particles_alpha",
				"texture": "textures/goe/spa/particles/electricity"
			}
		},
		"components": {
			"minecraft:emitter_local_space": {
				"position": true,
				"rotation": true,
				"velocity": true
			},
			"minecraft:emitter_rate_steady": {
				"spawn_rate": 300,
				"max_particles": 1000
			},
			"minecraft:emitter_lifetime_once": {
				"active_time": 1
			},
			"minecraft:emitter_shape_disc": {
				"offset": [0, "math.random(0, 5)", 0],
				"radius": 10,
				"plane_normal": "y",
				"direction": "outwards"
			},
			"minecraft:particle_lifetime_expression": {
				"max_lifetime": 2
			},
			"minecraft:particle_initial_speed": 0,
			"minecraft:particle_motion_dynamic": {},
			"minecraft:particle_appearance_billboard": {
				"size": ["0.5 * math.sin((v.particle_age / v.particle_lifetime) * 360)", "math.abs(0.5 * math.sin((v.particle_age / v.particle_lifetime) * 360))"],
				"facing_camera_mode": "rotate_xyz",
				"uv": {
					"texture_width": 64,
					"texture_height": 64,
					"uv": [0, 0],
					"uv_size": [64, 64]
				}
			},
			"minecraft:particle_appearance_tinting": {
				"color": [1, 1, 1, 0]
			}
		}
	}
}