{
	"format_version": "1.10.0",
	"particle_effect": {
		"description": {
			"identifier": "goe_spa:confirm_build_name",
			"basic_render_parameters": {
				"material": "particles_blend",
				"texture": "textures/goe/spa/entity/build/confirm_build"
			}
		},
		"components": {
			"minecraft:emitter_local_space": {
				"position": true
			},
			"minecraft:emitter_rate_instant": {
				"num_particles": 1
			},
			"minecraft:emitter_lifetime_expression": {
				"activation_expression": 1
			},
			"minecraft:emitter_shape_point": {},
			"minecraft:particle_lifetime_expression": {},
			"minecraft:particle_appearance_billboard": {
				"size": [1.8782, 0.1742],
				"facing_camera_mode": "rotate_xyz",
				"uv": {
					"texture_width": 128,
					"texture_height": 32,
					"uv": [0, 0],
					"uv_size": [73, 13]
				}
			}
		}
	}
}