{
	"format_version": "1.10.0",
	"particle_effect": {
		"description": {
			"identifier": "goe_spa:delivery",
			"basic_render_parameters": {
				"material": "particles_alpha",
				"texture": "textures/goe/spa/particles/package_particle"
			}
		},
		"components": {
			"minecraft:emitter_local_space": {
				"position": true,
				"rotation": true,
				"velocity": true
			},
			"minecraft:emitter_rate_steady": {
				"spawn_rate": 200,
				"max_particles": 1000
			},
			"minecraft:emitter_lifetime_once": {
				"active_time": 1
			},
			"minecraft:emitter_shape_disc": {
				"offset": [0, "3 + math.random(-2, 2)", 0],
				"radius": 10,
				"plane_normal": "y",
				"direction": "outwards"
			},
			"minecraft:particle_lifetime_expression": {
				"max_lifetime": 2
			},
			"minecraft:particle_initial_speed": 0,
			"minecraft:particle_motion_dynamic": {
				"linear_acceleration": [0, -4, 0]
			},
			"minecraft:particle_appearance_billboard": {
				"size": [0.2, 0.2],
				"facing_camera_mode": "rotate_xyz",
				"uv": {
					"texture_width": 27,
					"texture_height": 324,
					"flipbook": {
						"base_UV": [0, 0],
						"size_UV": [27, 27],
						"step_UV": [0, 27],
						"frames_per_second": 6,
						"max_frame": 12
					}
				}
			},
			"minecraft:particle_appearance_tinting": {
				"color": [0.94902, 0.85882, 0, 1]
			}
		}
	}
}