{
	"format_version": "1.10.0",
	"particle_effect": {
		"description": {
			"identifier": "goe_spa:package_open",
			"basic_render_parameters": {
				"material": "particles_alpha",
				"texture": "textures/goe/spa/particles/paper_shreds"
			}
		},
		"components": {
			"minecraft:emitter_rate_instant": {
				"num_particles": 50
			},
			"minecraft:emitter_lifetime_once": {
				"active_time": 5
			},
			"minecraft:emitter_shape_sphere": {
				"offset": [0, 1, 0],
				"radius": 1,
				"direction": "outwards"
			},
			"minecraft:particle_lifetime_expression": {
				"max_lifetime": 1
			},
			"minecraft:particle_initial_speed": 3,
			"minecraft:particle_motion_dynamic": {
				"linear_acceleration": ["math.sin(v.particle_age * 90)", -10, "math.cos(v.particle_age * 40)"],
				"linear_drag_coefficient": 5
			},
			"minecraft:particle_appearance_billboard": {
				"size": [0.125, 0.125],
				"facing_camera_mode": "rotate_xyz",
				"uv": {
					"texture_width": 16,
					"texture_height": 16,
					"uv": ["math.floor(v.particle_random_1 * 2) * 8", "math.floor(v.particle_random_2 * 2) * 8"],
					"uv_size": [8, 8]
				}
			},
			"minecraft:particle_motion_collision": {
				"collision_drag": 10,
				"collision_radius": 0.2
			},
			"minecraft:particle_appearance_lighting": {}
		}
	}
}