{
	"format_version": "1.10.0",
	"particle_effect": {
		"description": {
			"identifier": "goe_spa:stars",
			"basic_render_parameters": {
				"material": "particles_add",
				"texture": "textures/goe/spa/particles/stars"
			}
		},
		"components": {
			"minecraft:emitter_local_space": {
				"position": true,
				"rotation": true,
				"velocity": true
			},
			"minecraft:emitter_rate_steady": {
				"spawn_rate": 300,
				"max_particles": 1000
			},
			"minecraft:emitter_lifetime_once": {
				"active_time": 1
			},
			"minecraft:emitter_shape_disc": {
				"offset": [0, "math.random(0, 3)", 0],
				"radius": 6,
				"plane_normal": "y",
				"direction": "outwards"
			},
			"minecraft:particle_lifetime_expression": {
				"max_lifetime": 2
			},
			"minecraft:particle_initial_spin": {
				"rotation_rate": 1
			},
			"minecraft:particle_initial_speed": 0,
			"minecraft:particle_motion_dynamic": {},
			"minecraft:particle_appearance_billboard": {
				"size": ["0.2 * math.sin((v.particle_age / v.particle_lifetime) * 360)", "0.2 * math.sin((v.particle_age / v.particle_lifetime) * 360)"],
				"facing_camera_mode": "rotate_xyz",
				"uv": {
					"texture_width": 16,
					"texture_height": 256,
					"flipbook": {
						"base_UV": [0, 0],
						"size_UV": [16, 16],
						"step_UV": [0, 16],
						"frames_per_second": 6,
						"max_frame": 12
					}
				}
			},
			"minecraft:particle_appearance_tinting": {
				"color": {
					"interpolant": "v.particle_age / v.particle_lifetime",
					"gradient": {
						"0.0": "#FFFF0000",
						"0.19": "#FFFF9300",
						"0.35": "#FFFFFD00",
						"0.53": "#FF00FF1E",
						"0.67": "#FF00F9FF",
						"0.85": "#FF000CFF",
						"1.0": "#FFFF009B"
					}
				}
			}
		}
	}
}