{
	"format_version": "1.20.60",
	"minecraft:item": {
		"description": {
			"identifier": "goe_spa:pink_smartphone",
			"menu_category": {
				"category": "equipment",
				"is_hidden_in_commands": false
			}
		},
		"components": {
			"minecraft:icon": "goe_spa_pink_smartphone",
			"minecraft:display_name": { "value": "Pink Smartphone" },
			"minecraft:durability": {
				"max_durability": 1200
			},
			"minecraft:repairable": {
				"repair_items": [{
					"items": ["goe_spa:battery"],
					"repair_amount": "query.max_durability"
				}]
			},
			"minecraft:use_modifiers": {
				"use_duration": 999
			},
			"minecraft:cooldown": {
				"category": "book",
				"duration": 0.3
			},
			"minecraft:max_stack_size": 1
		}
	}
}