{
	"format_version": "1.10.0",
	"animation_controllers": {
		"controller.animation.mbl_roads.rider": {
			"initial_state" : "default",
			"states": {
				"default": {
					"transitions": [
						{
							"rider": "query.has_rider"
						}
					],
					"on_entry": [
						"/event entity @s mbl_road_no_driver"
					]

				},
        "rider": {
					"transitions": [
						{
							"default": "!query.has_rider"
						}
					],
					"on_entry": [
						"/event entity @s mbl_road_turn_off"
					]
				}
			}
		},
		"controller.animation.mbl_roads.tarmack": {
			"initial_state" : "default",
			"states": {
				"default": {
					"transitions": [
						{
							"tarmack": "query.variant == 1"
						}
					]

				},
        "tarmack": {
					"transitions": [
						{
							"default": "query.variant == 1"
						}
					],
					"on_entry": [
						"/execute unless block ~ ~-1 ~ air run fill ~1 ~-0.5 ~1 ~-1 ~-0.5 ~-1 mbl_road:dark_asphalt"
					]
				}
			}},
			"controller.animation.mbl_roads.tarmack_02": {
				"initial_state" : "default",
				"states": {
					"default": {
						"transitions": [
							{
								"tarmack": "query.variant == 1"
							}
						]
	
					},
			"tarmack": {
						"transitions": [
							{
								"default": "query.variant == 1"
							}
						],
						"on_entry": [
							"/execute unless block ~ ~-1 ~ air run fill ~1 ~-0.5 ~1 ~-1 ~-0.5 ~-1 mbl_road:light_asphalt"
						]
					}
				}}
	}
}