{
	"format_version": "1.16.100",
	"minecraft:entity": {
		"description": {
			"identifier": "mbl_road:explainer_book",
			"is_spawnable": false,
			"is_summonable": true,
			"is_experimental": false
		},
		"component_groups": {
			"page_01":{
				"minecraft:variant": {
					"value": 0
				},
				"minecraft:interact": {
					"interactions": [
											{
							"on_interact": {
							  "filters": {
								"all_of": [
								  { "test" :  "is_family", "subject" : "other", "value" :  "player"}
								]
							  },
							  "event": "turn_02"
							},
							"swing": true,
							"interact_text": "TURN PAGE"
						  }
					]
				}
				
			},
			"page_02":{
				"minecraft:variant": {
					"value": 1
				},
				"minecraft:interact": {
					"interactions": [
											{
							"on_interact": {
							  "filters": {
								"all_of": [
								  { "test" :  "is_family", "subject" : "other", "value" :  "player"}
								]
							  },
							  "event": "turn_03"
							},
							"swing": true,
							"interact_text": "TURN PAGE"
						  }
					]
				}
			},
			"page_03":{
				"minecraft:variant": {
					"value": 2
				},
				"minecraft:interact": {
					"interactions": [
											{
							"on_interact": {
							  "filters": {
								"all_of": [
								  { "test" :  "is_family", "subject" : "other", "value" :  "player"}
								]
							  },
							  "event": "turn_04"
							},
							"swing": true,
							"interact_text": "TURN PAGE"
						  }
					]
				}
			},
			"page_04":{
				"minecraft:variant": {
					"value": 3
				},
				"minecraft:interact": {
					"interactions": [
											{
							"on_interact": {
							  "filters": {
								"all_of": [
								  { "test" :  "is_family", "subject" : "other", "value" :  "player"}
								]
							  },
							  "event": "turn_05"
							},
							"swing": true,
							"interact_text": "TURN PAGE"
						  }
					]
				}
			},
			"page_05":{
				"minecraft:variant": {
					"value": 4
				},
				"minecraft:interact": {
					"interactions": [
											{
							"on_interact": {
							  "filters": {
								"all_of": [
								  { "test" :  "is_family", "subject" : "other", "value" :  "player"}
								]
							  },
							  "event": "turn_06"
							},
							"swing": true,
							"interact_text": "TURN PAGE"
						  }
					]
				}
			},
			"page_06":{
				"minecraft:variant": {
					"value": 5
				},
				"minecraft:interact": {
					"interactions": [
											{
							"on_interact": {
							  "filters": {
								"all_of": [
								  { "test" :  "is_family", "subject" : "other", "value" :  "player"}
								]
							  },
							  "event": "turn_07"
							},
							"swing": true,
							"interact_text": "TURN PAGE"
						  }
					]
				}
			},
			"page_07":{
				"minecraft:variant": {
					"value": 6
				},
				"minecraft:interact": {
					"interactions": [
											{
							"on_interact": {
							  "filters": {
								"all_of": [
								  { "test" :  "is_family", "subject" : "other", "value" :  "player"}
								]
							  },
							  "event": "turn_01"
							},
							"swing": true,
							"interact_text": "TURN PAGE"
						  }
					]
				}
			},
			"page_08":{
				"minecraft:variant": {
					"value": 7
				},
				"minecraft:interact": {
					"interactions": [
											{
							"on_interact": {
							  "filters": {
								"all_of": [
								  { "test" :  "is_family", "subject" : "other", "value" :  "player"}
								]
							  },
							  "event": "turn_09"
							},
							"swing": true,
							"interact_text": "TURN PAGE"
						  }
					]
				}
			},
			"page_09":{
				"minecraft:variant": {
					"value": 8
				},
				"minecraft:interact": {
					"interactions": [
											{
							"on_interact": {
							  "filters": {
								"all_of": [
								  { "test" :  "is_family", "subject" : "other", "value" :  "player"}
								]
							  },
							  "event": "turn_10"
							},
							"swing": true,
							"interact_text": "TURN PAGE"
						  }
					]
				}
			},
			"page_10":{
				"minecraft:variant": {
					"value": 9
				},
				"minecraft:interact": {
					"interactions": [
											{
							"on_interact": {
							  "filters": {
								"all_of": [
								  { "test" :  "is_family", "subject" : "other", "value" :  "player"}
								]
							  },
							  "event": "turn_01"
							},
							"swing": true,
							"interact_text": "TURN PAGE"
						  }
					]
				}
			}
		},
		"components": {
			"minecraft:physics": {
				"has_gravity": true,
				"has_collision": true
			},
			"minecraft:scale": {
				"value": 1.5
			},

			"minecraft:pushable": {
				"is_pushable": false
			},
			"minecraft:health": {
				"value": 1,
				"max": 1
			},
			"minecraft:push_through": {
				"value": 1
			},
			"minecraft:knockback_resistance": {
			"value": 1
		},			
		"minecraft:behavior.look_at_player": {
			"priority": 0,
			"look_distance": 30.0,
			"target_distance": 40.0,
			"probability": 1.0
		},

			"minecraft:loot": {
				"table": "loot_tables/mobblocks/roads/entities/mbl_r_e_b.json"
			}
		},
		"events": {
			"minecraft:entity_spawned": {
						"add": {
							"component_groups": ["page_01"]
						}

				
			},
			
							"turn_01": {
								"add": {
									  "component_groups": [
										"page_01"
									  ]
								},
								"remove": {
									"component_groups": [
									  "page_10"
									]
							  }
							  },
			"turn_02": {
				"add": {
					  "component_groups": [
						"page_02"
					  ]
				},
				"remove": {
					"component_groups": [
					  "page_01"
					]
			  }
			  },
			  "turn_03": {
				  "add": {
						"component_groups": [
						  "page_03"
						]
				  },
				  "remove": {
					  "component_groups": [
						"page_02"
					  ]
				}
				},
				"turn_04": {
					"add": {
						  "component_groups": [
							"page_04"
						  ]
					},
					"remove": {
						"component_groups": [
						  "page_03"
						]
				  }
				  },
				  "turn_05": {
					  "add": {
							"component_groups": [
							  "page_05"
							]
					  },
					  "remove": {
						  "component_groups": [
							"page_04"
						  ]
					}
					},
					"turn_06": {
						"add": {
							  "component_groups": [
								"page_06"
							  ]
						},
						"remove": {
							"component_groups": [
							  "page_05"
							]
					  }
					  },
					  "turn_07": {
						  "add": {
								"component_groups": [
								  "page_07"
								]
						  },
						  "remove": {
							  "component_groups": [
								"page_06"
							  ]
						}
						},
						"turn_08": {
							"add": {
								  "component_groups": [
									"page_08"
								  ]
							},
							"remove": {
								"component_groups": [
								  "page_07"
								]
						  }
						  },
						  "turn_09": {
							  "add": {
									"component_groups": [
									  "page_09"
									]
							  },
							  "remove": {
								  "component_groups": [
									"page_08"
								  ]
							}
							},
							"turn_10": {
								"add": {
									  "component_groups": [
										"page_10"
									  ]
								},
								"remove": {
									"component_groups": [
									  "page_09"
									]
							  }
							  }
		}
	}
}