{
	"format_version": "1.20.0",
	"minecraft:entity": {
		"description": {
			"identifier": "mbl_road:mixer_truck",
			"is_spawnable": true,
			"is_summonable": true,
			"is_experimental": false
			},
			
			"component_groups": {
			},
		"components": {
			"minecraft:physics": {
				"has_gravity": true,
				"has_collision": true
			},
			"minecraft:pushable": {
				"is_pushable": false
			},
			"minecraft:push_through": {
				"value": 1
			},
			"minecraft:movement": {
				"value": 0.2
			},
			"minecraft:collision_box": {
				"height": 2.5,
				"width": 3
			},

            "minecraft:interact": {
                "interactions": [
                    {
                        "on_interact": {
                            "filters": {
                                "all_of": [
                                    {
                                        "test": "is_family",
                                        "subject": "other",
                                        "value": "player"
                                    },
                                    {
                                        "test": "has_equipment",
                                        "domain": "hand",
                                        "subject": "other",
                                        "value": "mbl_road:dark_asphalt"
                                    }
                                ]
                            }
                        },

                        "swing": true,
                        "use_item": true,
                        "transform_to_item": "mbl_road:light_asphalt",
                        "play_sounds": "milk",
                        "interact_text": "Make Light Asphalt"
                    },
                    {
                        "on_interact": {
                            "filters": {
                                "all_of": [
                                    {
                                        "test": "is_family",
                                        "subject": "other",
                                        "value": "player"
                                    },
                                    {
                                        "test": "has_equipment",
                                        "domain": "hand",
                                        "subject": "other",
                                        "value": "mbl_road:light_asphalt"
                                    }
                                ]
                            }
                        },

                        "swing": true,
                        "use_item": true,
                        "transform_to_item": "mbl_road:dark_asphalt",
                        "play_sounds": "milk",
                        "interact_text": "Make Dark Asphalt"
                    }
                ]
            },
			"minecraft:knockback_resistance": {//Knockback resistance is needed to make it not be Knocked off by an entity.
				"value": 1
			},
			"minecraft:movement.basic": {},
			"minecraft:navigation.generic": {},
			"minecraft:input_ground_controlled": {},
			"minecraft:rideable": {
				"rider_can_interact": true,
				"seat_count": 1,
				"seats": [
					{
                        "position": [0.5, 1.2, 0.4]
					}
				]
			},
			"minecraft:variable_max_auto_step": {
				"base_value": 1.2,
				"controlled_value": 1.2
			},
			"minecraft:loot": {
				"table": "loot_tables/mobblocks/roads/entities/mbl_r_m_t.json"
			}
		},
		"events": {
	
		}
		}
		}