{
	"format_version": "1.20.0",
	"minecraft:entity": {
		"description": {
			"identifier": "mbl_road:dump_truck",
			"is_spawnable": true,
			"is_summonable": true,
			"is_experimental": false
			},
			
			"component_groups": {
			},
		"components": {
			"minecraft:physics": {
				"has_gravity": true,
				"has_collision": true
			},
			"minecraft:pushable": {
				"is_pushable": false
			},
			"minecraft:push_through": {
				"value": 1
			},
			"minecraft:movement": {
				"value": 0.2
			},
			"minecraft:collision_box": {
				"height": 2.5,
				"width": 3
			},
			"minecraft:inventory": {
				"container_type": "minecart_chest",
				"inventory_size": 27,
				"can_be_siphoned_from": false
			},
			"minecraft:knockback_resistance": {//Knockback resistance is needed to make it not be Knocked off by an entity.
			"value": 1
		},
			"minecraft:movement.basic": {},
			"minecraft:navigation.generic": {},
			"minecraft:input_ground_controlled": {},
			"minecraft:rideable": {
				"rider_can_interact": true,
				"seat_count": 1,
				"seats": [
					{
                        "position": [0.2, 1.1, -0.2]
					}
				]
			},
			"minecraft:variable_max_auto_step": {
				"base_value": 1.2,
				"controlled_value": 1.2
			},
			"minecraft:loot": {
				"table": "loot_tables/mobblocks/roads/entities/mbl_r_d_t.json"
			}
		},
		"events": {
	
		}
		}
		}