{
	"format_version": "1.20.0",
	"minecraft:entity": {
		"description": {
			"identifier": "mbl_road:steam_roller_02",
			"is_spawnable": false,
			"is_summonable": true,
			"is_experimental": false,
			// this part here .............................................................................................part1
			"scripts": {
				"animate": [ "rider","tarmack" ]
			  },
			  "animations": {
				"rider": "controller.animation.mbl_roads.rider",
                "tarmack": "controller.animation.mbl_roads.tarmack_02"
			  }
			//To here .............................................................................................................part1 end
			},
			
			"component_groups": {
                "change": {

                    "minecraft:transformation": {
                        "into": "mbl_road:steam_roller",
                        "transformation_sound": "convert_to_drowned",
                        "drop_equipment": false,
                        "drop_inventory": false,
                        "keep_level": false

                    }
                },
				"has_driver_off": {

					"minecraft:interact": {
						"interactions": [
							{
								"on_interact": {
									"filters": {
										"all_of": [
											{
												"test": "is_family",
												"subject": "other",
												"value": "player"
											}
										]
									},
									"event": "mbl_road_turn_on"
								},
								"interact_text": "§aTurn Roller ON"
							}
						]
					},
					"minecraft:variable_max_auto_step": {
						"base_value": 1.2,
						"controlled_value": 1.2
					},
                    "minecraft:variant": {
                        "value": 0
                    }
				},
                "no_driver": {
                    "minecraft:variant": {
                        "value": 0
                    },
                    "minecraft:interact": {
                        "interactions": [
                            {
                                "on_interact": {
                                    "filters": {
                                        "all_of": [
                                            {
                                                "test": "is_family",
                                                "subject": "other",
                                                "value": "player"
                                            },
                                            {
                                                "test": "has_equipment",
                                                "domain": "hand",
                                                "subject": "other",
                                                "value": "mbl_road:dark_asphalt"
                                            }
                                        ]
                                    },
                                    "event": "mbl_road_change"
                                },
            
                                "swing": true,
                                "play_sounds": "milk",
                                "interact_text": "Dark Asphalt Mode"
                                
                            }
                        ]
                    }
				},


				"has_driver_on": {
					"minecraft:interact": {
						"interactions": [
							{
								"on_interact": {
									"filters": {
										"all_of": [
											{
												"test": "is_family",
												"subject": "other",
												"value": "player"
											}
										]
									},
									"event": "mbl_road_turn_off"
								},
								"interact_text": "§cTurn Roller OFF"
							}
						]
					},

					"minecraft:variable_max_auto_step": {
						"base_value": 0.5,
						"controlled_value": 0.5
					},

                    "minecraft:variant": {
                        "value": 1
                    }

				}
			},
		"components": {
			"minecraft:physics": {
				"has_gravity": true,
				"has_collision": true
			},
			"minecraft:pushable": {
				"is_pushable": false
			},
			"minecraft:push_through": {
				"value": 1
			},
			"minecraft:movement": {
				"value": 0.2
			},
			"minecraft:collision_box": {
				"height": 2.5,
				"width": 3
			},
			"minecraft:knockback_resistance": {//Knockback resistance is needed to make it not be Knocked off by an entity.
			"value": 1
		},



			"minecraft:movement.basic": {},
			"minecraft:navigation.generic": {},
			"minecraft:input_ground_controlled": {},
			"minecraft:rideable": {
				"rider_can_interact": true,
				"seat_count": 1,
				"seats": [
					{
                        "position": [0, 1.9, -0.7]
					}
				]
			},
			"minecraft:loot": {
				"table": "loot_tables/mobblocks/roads/entities/mbl_r_s_r.json"
			}
		},
		"events": {
            "mbl_road_change": {
				"add": {
					  "component_groups": [
						"change"
					  ]
				}
			  },
			"mbl_road_turn_on": {
				"add": {
					  "component_groups": [
						"has_driver_on"
					  ]
				},
				"remove": {
					"component_groups": [
					  "has_driver_off","no_driver"
					]
			  }
			  },
			  "mbl_road_turn_off": {
				"add": {
					  "component_groups": [
						"has_driver_off"
					  ]
				},
				"remove": {
					"component_groups": [
					  "has_driver_on","no_driver"
					]
			  }
			  },
			  "mbl_road_no_driver": {
                "add": {
                    "component_groups": [
                        "no_driver"
                    ]
              },
				"remove": {
					"component_groups": [
					  "has_driver_on","has_driver_off"
					]
			  }
			  }
	
		}
		}
		}