{
	"format_version": "1.20.0",
	"minecraft:entity": {
		"description": {
			"identifier": "mbl_road:bull_dozer",
			"is_spawnable": true,
			"is_summonable": true,
			"is_experimental": false,
			// this part here .............................................................................................part1
			"scripts": {
				"animate": [ "rider" ]
			  },
			  "animations": {
				"rider": "controller.animation.mbl_roads.rider"
			  }
			//To here .............................................................................................................part1 end
			},
			
			"component_groups": {
				"has_driver_off": {

					"minecraft:interact": {
						"interactions": [
							{
								"on_interact": {
									"filters": {
										"all_of": [
											{
												"test": "is_family",
												"subject": "other",
												"value": "player"
											}
										]
									},
									"event": "mbl_road_turn_on"
								},
								"interact_text": "§aTurn Bucket ON"
							}
						]
					},
					"minecraft:variable_max_auto_step": {
						"base_value": 1.2,
						"controlled_value": 1.2
					}
				},
				"has_driver_on": {
					"minecraft:interact": {
						"interactions": [
							{
								"on_interact": {
									"filters": {
										"all_of": [
											{
												"test": "is_family",
												"subject": "other",
												"value": "player"
											}
										]
									},
									"event": "mbl_road_turn_off"
								},
								"interact_text": "§cTurn Bucket OFF"
							}
						]
					},
					"minecraft:break_blocks": {
						"breakable_blocks": [
							"minecraft:grass",
							"minecraft:dirt",
							"minecraft:stone",
          "dirt_with_roots",
          "gravel",
          "suspicious_gravel",
          "sand",
          "suspicious_sand",
          "sandstone",
          "red_sandstone",
          "soul_sand",
          "coal_ore",
          "copper_ore",
          "diamond_ore",
          "emerald_ore",
          "gold_ore",
          "iron_ore",
          "lapis_ore",
          "nether_gold_ore",
          "quartz_ore",
          "redstone_ore",
		  "deepslate",
		  "lit_redstone_ore",
          "deepslate_coal_ore",
          "deepslate_copper_ore",
          "deepslate_diamond_ore",
          "deepslate_emerald_ore",
          "deepslate_gold_ore",
          "deepslate_iron_ore",
          "deepslate_lapis_ore",
          "deepslate_redstone_ore",
		  "lit_deepslate_redstone_ore",
          "tuff",
		  "crimson_nylium",
		  "warped_nylium",
		  "mycelium",
		  "soul_soil",
		  "netherrack",
		  "mud",
		  "podzol",
		  "grass_path"
					]
					},
					"minecraft:variable_max_auto_step": {
						"base_value": 0.5,
						"controlled_value": 0.5
					}

				}
			},
		"components": {
			"minecraft:physics": {
				"has_gravity": true,
				"has_collision": true
			},
			
			"minecraft:pushable": {
				"is_pushable": false
			},
			"minecraft:push_through": {
				"value": 1
			},
			"minecraft:movement": {
				"value": 0.2
			},
			"minecraft:collision_box": {
				"height": 2.5,
				"width": 3
			},
			"minecraft:knockback_resistance": {//Knockback resistance is needed to make it not be Knocked off by an entity.
			"value": 1
		},
			"minecraft:movement.basic": {},
			"minecraft:navigation.generic": {},
			"minecraft:input_ground_controlled": {},
			"minecraft:rideable": {
				"rider_can_interact": true,
				"seat_count": 1,
				"seats": [
					{
						"position": [0, 1.2, -1.3]
					}
				]
			},
			"minecraft:loot": {
				"table": "loot_tables/mobblocks/roads/entities/mbl_r_b_d.json"
			}
		},
		"events": {
			"mbl_road_turn_on": {
				"add": {
					  "component_groups": [
						"has_driver_on"
					  ]
				},
				"remove": {
					"component_groups": [
					  "has_driver_off"
					]
			  }
			  },
			  "mbl_road_turn_off": {
				"add": {
					  "component_groups": [
						"has_driver_off"
					  ]
				},
				"remove": {
					"component_groups": [
					  "has_driver_on"
					]
			  }
			  },
			  "mbl_road_no_driver": {
				"remove": {
					"component_groups": [
					  "has_driver_on","has_driver_off"
					]
			  }
			  }
	
		}
		}
		}