{
  "resource_pack_name": "vanilla",
  "texture_name": "atlas.items",
  "texture_data": {	
    "thm_ecp_atm_card_white": { "textures": [ "textures/thm/ecp/cards/white" ] },
    "thm_ecp_atm_card_orange": { "textures": [ "textures/thm/ecp/cards/orange" ] },
    "thm_ecp_atm_card_magenta": { "textures": [ "textures/thm/ecp/cards/magenta" ] },
    "thm_ecp_atm_card_light_blue": { "textures": [ "textures/thm/ecp/cards/light_blue" ] },
    "thm_ecp_atm_card_yellow": { "textures": [ "textures/thm/ecp/cards/yellow" ] },
    "thm_ecp_atm_card_lime": { "textures": [ "textures/thm/ecp/cards/lime" ] },
    "thm_ecp_atm_card_pink": { "textures": [ "textures/thm/ecp/cards/pink" ] },
    "thm_ecp_atm_card_grey": { "textures": [ "textures/thm/ecp/cards/grey" ] },
    "thm_ecp_atm_card_light_grey": { "textures": [ "textures/thm/ecp/cards/light_grey" ] },
    "thm_ecp_atm_card_cyan": { "textures": [ "textures/thm/ecp/cards/cyan" ] },
    "thm_ecp_atm_card_purple": { "textures": [ "textures/thm/ecp/cards/purple" ] },
    "thm_ecp_atm_card_blue": { "textures": [ "textures/thm/ecp/cards/blue" ] },
    "thm_ecp_atm_card_brown": { "textures": [ "textures/thm/ecp/cards/brown" ] },
    "thm_ecp_atm_card_green": { "textures": [ "textures/thm/ecp/cards/green" ] },
    "thm_ecp_atm_card_red": { "textures": [ "textures/thm/ecp/cards/red" ] },
    "thm_ecp_atm_card_black": { "textures": [ "textures/thm/ecp/cards/black" ] },

    "thm_ecp_cash_case": { "textures": [ "textures/thm/ecp/cash/case" ] },
    "thm_ecp_cash_pallet": { "textures": [ "textures/thm/ecp/cash/pallet" ] },
    "thm_ecp_cash_single": { "textures": [ "textures/thm/ecp/cash/single" ] },
    "thm_ecp_cash_stack": { "textures": [ "textures/thm/ecp/cash/stack" ] },
    "thm_ecp_cash_double": { "textures": [ "textures/thm/ecp/cash/double" ] },
    "thm_ecp_cash_tripple": { "textures": [ "textures/thm/ecp/cash/tripple" ] },
    "thm_ecp_cash_halfclip": { "textures": [ "textures/thm/ecp/cash/halfclip" ] },
    "thm_ecp_cash_twinstack": { "textures": [ "textures/thm/ecp/cash/twinstack" ] },
    "thm_ecp_cash_doublecase": { "textures": [ "textures/thm/ecp/cash/doublecase" ] },
    "thm_ecp_cash_chest": { "textures": [ "textures/thm/ecp/cash/chest" ] },
    "thm_ecp_cash_clip": { "textures": [ "textures/thm/ecp/cash/clip" ] },
    "thm_ecp_cash_doublestack": { "textures": [ "textures/thm/ecp/cash/doublestack" ] },
    "thm_ecp_cash_crate": { "textures": [ "textures/thm/ecp/cash/crate" ] },
    "thm_ecp_cash_pile": { "textures": [ "textures/thm/ecp/cash/pile" ] },
    "thm_ecp_item_market": { "textures": [ "textures/thm/ecp/items/market" ] },
    "thm_ecp_phone": { "textures": [ "textures/thm/ecp/items/phone" ] },
    "thm_ecp_auction": { "textures": [ "textures/thm/ecp/items/auction" ] },

    "thm_ecp_info_book": { "textures": [ "textures/thm/ecp/items/info_book" ] },
    "spawn_egg_wandering_buyer": { "textures": [ "textures/thm/ecp/items/egg_wanderingbuyer" ] }
  }
}