{
    "format_version": "1.21.60",
    "minecraft:block": {
        "description": {
            "identifier": "farmersdelight:cutting_board",
			"menu_category":{
				"category": "items"
			},
            "traits" : {
                "minecraft:placement_direction": {
                      "enabled_states": ["minecraft:cardinal_direction"],
                      "y_rotation_offset": 0.0
                 }
            }
        },
		"permutations": [
			{
				"condition": "query.block_state('minecraft:cardinal_direction') == 'north'",
				"components": {
					"minecraft:transformation": {
						"rotation": [
							0,
							180,
							0
						]
					}
				}
			},
			{
				"condition": "query.block_state('minecraft:cardinal_direction') == 'south'",
				"components": {
					"minecraft:transformation": {
						"rotation": [
							0,
							0,
							0
						]
					}
				}
			},
			{
				"condition": "query.block_state('minecraft:cardinal_direction') == 'west'",
				"components": {
					"minecraft:transformation": {
						"rotation": [
							0,
							270,
							0
						]
					}
				}
			},
			{
				"condition": "query.block_state('minecraft:cardinal_direction') == 'east'",
				"components": {
					"minecraft:transformation": {
						"rotation": [
							0,
							90,
							0
						]
					}
				}
			}
		],
        "components": {
            "minecraft:custom_components": [
                "farmersdelight:interact"
            ],
            "minecraft:destructible_by_mining": {
                "seconds_to_destroy": 1.0
            },
			"minecraft:light_dampening": 0,
            "minecraft:destructible_by_explosion": {
                "explosion_resistance": 0.25
            },
            "minecraft:geometry": "geometry.cutting_board",
			"minecraft:material_instances": {
				"*": {
					"texture": "cutting_board"
				}
			},
            "minecraft:collision_box": {
                "origin": [
                    -7.0,
                    0.0,
                    -7.0
                ],
                "size": [
                    14.0,
                    1.0,
                    14.0
                ]
            },
            "minecraft:selection_box": {
                "origin": [
                    -7.0,
                    0.0,
                    -7.0
                ],
                "size": [
                    14.0,
                    1.0,
                    14.0
                ]
            }
        }
    }
}