{
    "format_version": "1.21.60",
    "minecraft:block": {
        "description": {
            "identifier": "farmersdelight:rich_soil",
            "menu_category": {
                "category": "nature"
            }
        },
        "components": {
            "minecraft:custom_components": [
                "farmersdelight:rich_soil"
            ],
            "minecraft:destructible_by_mining": {
                "seconds_to_destroy": 0.6
            },
            "minecraft:destructible_by_explosion": {
                "explosion_resistance": 3
            },
            "minecraft:geometry": "geometry.block",
            "minecraft:material_instances": {
                "*": {
                    "texture": "rich_soil"
                }
            },
            "tag:dirt": {},
            "tag:sand": {},
            "tag:compost_activators": {}
        }
    }
}