{
  "format_version": "1.8.0",
  "render_controllers": {
    "controller.render.thm_ecp.market.colour1": {
      "arrays": {
        "textures": {
          "Array.skins": [
            "Texture.colour1_black",
            "Texture.colour1_blue",
            "Texture.colour1_brown",
            "Texture.colour1_green",
            "Texture.colour1_grey",
            "Texture.colour1_orange",
            "Texture.colour1_purple",
            "Texture.colour1_red",
            "Texture.colour1_white",
            "Texture.colour1_yellow"
          ]
        }
      },
      "geometry": "Geometry.default",
      "materials": [{ "*": "Material.default" }],
      "textures": ["Array.skins[v.colour1]"]
    },
    "controller.render.thm_ecp.market.colour2": {
      "arrays": {
        "textures": {
          "Array.skins": [
            "Texture.colour2_black",
            "Texture.colour2_blue",
            "Texture.colour2_brown",
            "Texture.colour2_green",
            "Texture.colour2_grey",
            "Texture.colour2_orange",
            "Texture.colour2_purple",
            "Texture.colour2_red",
            "Texture.colour2_white",
            "Texture.colour2_yellow"
          ]
        }
      },
      "geometry": "Geometry.default",
      "materials": [{ "*": "Material.default" }],
      "textures": ["Array.skins[v.colour2]"]
    }
  }
}
