{
  "format_version": "1.8.0",
  "render_controllers": {
    "controller.render.thm_ecp.market_items.item0": {
      "arrays": {
        "textures": {
          "Array.skins": [
            "Texture.blank",
            "Texture.coal",
            "Texture.concrete",
            "Texture.copper",
            "Texture.diamond",
            "Texture.emerald",
            "Texture.end",
            "Texture.food",
            "Texture.glass",
            "Texture.gold",
            "Texture.iron",
            "Texture.lapis",
            "Texture.leaves",
            "Texture.natural",
            "Texture.nether",
            "Texture.netherite",
            "Texture.redstone",
            "Texture.stone",
            "Texture.wood"
          ]
        }
      },
      "geometry": "Geometry.item0",
      "materials": [{ "*": "Material.blend" }],
      "textures": ["Array.skins[v.item0]"]
    },
    "controller.render.thm_ecp.market_items.item1": {
      "arrays": {
        "textures": {
          "Array.skins": [
            "Texture.blank",
            "Texture.coal",
            "Texture.concrete",
            "Texture.copper",
            "Texture.diamond",
            "Texture.emerald",
            "Texture.end",
            "Texture.food",
            "Texture.glass",
            "Texture.gold",
            "Texture.iron",
            "Texture.lapis",
            "Texture.leaves",
            "Texture.natural",
            "Texture.nether",
            "Texture.netherite",
            "Texture.redstone",
            "Texture.stone",
            "Texture.wood"
          ]
        }
      },
      "geometry": "Geometry.item1",
      "materials": [{ "*": "Material.blend" }],
      "textures": ["Array.skins[v.item1]"]
    },
    "controller.render.thm_ecp.market_items.item2": {
      "arrays": {
        "textures": {
          "Array.skins": [
            "Texture.blank",
            "Texture.coal",
            "Texture.concrete",
            "Texture.copper",
            "Texture.diamond",
            "Texture.emerald",
            "Texture.end",
            "Texture.food",
            "Texture.glass",
            "Texture.gold",
            "Texture.iron",
            "Texture.lapis",
            "Texture.leaves",
            "Texture.natural",
            "Texture.nether",
            "Texture.netherite",
            "Texture.redstone",
            "Texture.stone",
            "Texture.wood"
          ]
        }
      },
      "geometry": "Geometry.item2",
      "materials": [{ "*": "Material.blend" }],
      "textures": ["Array.skins[v.item2]"]
    }
  }
}
