{
  "format_version": "1.8.0",
  "render_controllers": {
    "controller.render.goe_spa.confirm_button": {
      "geometry": "geometry.default",
      "materials": [ { "*": "Material.default" } ],
      "textures": [ "Texture.default" ],
      "uv_anim": {
        "offset": [ 0.0, "math.mod(math.floor(query.life_time * 14),32) / 32" ],
        "scale": [ 1.0, "1 / 32" ]
      }
    },
    "controller.render.goe_spa.cancel_button": {
      "geometry": "geometry.default",
      "materials": [ { "*": "Material.default" } ],
      "textures": [ "Texture.default" ],
      "uv_anim": {
        "offset": [ 0.0, "math.mod(math.floor(query.life_time * 14),32) / 32" ],
        "scale": [ 1.0, "1 / 32" ]
      }
    },
    "controller.render.goe_spa.confirm_build": {
      "geometry": "geometry.default",
      "materials": [ { "*": "Material.semi" } ],
      "textures": [ "Texture.default" ],
      "uv_anim": {
        "offset": [ 0.0, "math.mod(math.floor(query.life_time * 14),32) / 32" ],
        "scale": [ 1.0, "1 / 32" ]
      }
    }
  }
}