{
  "format_version": "1.10.0",
  "render_controllers": {
    "controller.render.goe_spa.smartphone": {
      "geometry": "Geometry.default",
      "materials": [
        { "*": "Material.default" }
      ],
      "textures": ["Texture.default"],
      "ignore_lighting": true
    },
    "controller.render.goe_spa.smartphone_loading": {
      "geometry": "Geometry.default",
      "materials": [
        { "*": "Material.default" }
      ],
      "textures": ["Texture.loading"],
      "ignore_lighting": true
    }
  }
}