{
    "format_version": "1.10.0",
    "render_controllers": {
        "controller.render.goe_spa.sun_light": {
            "arrays": {
                "textures": {
                    "array.variant": [
                        "texture.day",
                        "texture.moon"
                    ]
                }
            },
            "geometry": "geometry.default",
            "textures": [
                "array.variant[q.property('goe_spa:variant')]"
            ],
            "materials": [
                {
                    "*": "material.default"
                }
            ],
            "ignore_lighting": true,
            "light_color_multiplier": "Math.exp( (Math.pow(v.length_x, 2)  +  Math.pow(v.length_y, 2)) / -2200)"
        }
    }
}