{"format_version":"1.21.20","minecraft:block":{"description":{"identifier":"mdnusa:durian_mdnusa","menu_category":{"category":"items","group":"itemGroup.name.buah"},"traits":{"minecraft:placement_direction":{"enabled_states":["minecraft:cardinal_direction"]}},"states":{"md:half_direction":[false,true]}},"permutations":[{"condition":"q.block_state('minecraft:cardinal_direction') == 'north'","components":{"minecraft:transformation":{"rotation":[0,180,0]}}},{"condition":"q.block_state('minecraft:cardinal_direction') == 'east'","components":{"minecraft:transformation":{"rotation":[0,90,0]}}},{"condition":"q.block_state('minecraft:cardinal_direction') == 'west'","components":{"minecraft:transformation":{"rotation":[0,-90,0]}}}],"components":{"minecraft:geometry":{"identifier":"geometry.durian_mdnusa","bone_visibility":{"main":"!q.block_state('md:half_direction')","main2":"q.block_state('md:half_direction')"}},"minecraft:material_instances":{"*":{"texture":"durian","render_method":"opaque"}},"minecraft:collision_box":{"origin":[-8,0,-8],"size":[16,16,16]},"minecraft:selection_box":{"origin":[-8,0,-8],"size":[16,16,16]},"minecraft:light_dampening":0,"minecraft:light_emission":0,"minecraft:custom_components":["md:half_direction"]}}}