{"format_version":"1.21.20","minecraft:block":{"description":{"identifier":"mdnusa:kaleng_kerupuk_biru_mdnusa","menu_category":{"category":"items","group":"itemGroup.name.makanan"},"traits":{"minecraft:placement_direction":{"enabled_states":["minecraft:cardinal_direction"]}}},"permutations":[{"condition":"q.block_state('minecraft:cardinal_direction') == 'north'","components":{"minecraft:transformation":{"rotation":[0,180,0]}}},{"condition":"q.block_state('minecraft:cardinal_direction') == 'east'","components":{"minecraft:transformation":{"rotation":[0,90,0]}}},{"condition":"q.block_state('minecraft:cardinal_direction') == 'west'","components":{"minecraft:transformation":{"rotation":[0,-90,0]}}},{"condition":"q.block_state('minecraft:cardinal_direction') == 'south'","components":{"minecraft:transformation":{"rotation":[0,0,0]}}}],"components":{"minecraft:geometry":"geometry.kaleng_kerupuk_mdnusa","minecraft:material_instances":{"1":{"texture":"concrete_white_md","render_method":"opaque"},"2":{"texture":"metal_gray_md","render_method":"opaque"},"*":{"texture":"concrete_blue_md","render_method":"opaque"}},"minecraft:collision_box":{"origin":[-6,0,-6],"size":[12,16,12]},"minecraft:selection_box":{"origin":[-6,0,-6],"size":[12,16,12]},"minecraft:light_dampening":0,"minecraft:light_emission":0}}}