{"format_version":"1.21.20","minecraft:block":{"description":{"identifier":"mdnusa:kentungan_hijau_mdnusa","menu_category":{"category":"items","group":"itemGroup.name.kentungan"},"traits":{"minecraft:placement_direction":{"enabled_states":["minecraft:cardinal_direction"]}}},"permutations":[{"condition":"q.block_state('minecraft:cardinal_direction') == 'north'","components":{"minecraft:transformation":{"rotation":[0,180,0]}}},{"condition":"q.block_state('minecraft:cardinal_direction') == 'south'","components":{"minecraft:transformation":{"rotation":[0,0,0]}}},{"condition":"q.block_state('minecraft:cardinal_direction') == 'east'","components":{"minecraft:transformation":{"rotation":[0,90,0]}}},{"condition":"q.block_state('minecraft:cardinal_direction') == 'west'","components":{"minecraft:transformation":{"rotation":[0,-90,0]}}}],"components":{"minecraft:geometry":"geometry.kentungan_mdnusa","minecraft:material_instances":{"*":{"texture":"kentungan_hijau","render_method":"opaque"}},"minecraft:collision_box":{"origin":[-3,0,-3],"size":[6,16,6]},"minecraft:selection_box":{"origin":[-3,0,-3],"size":[6,16,6]},"minecraft:light_dampening":0,"minecraft:light_emission":0}}}