{"format_version":"1.21.20","minecraft:block":{"description":{"identifier":"mdnusa:minuman_es_teh_mdnusa","menu_category":{"category":"items","group":"itemGroup.name.minuman"},"traits":{"minecraft:placement_direction":{"enabled_states":["minecraft:cardinal_direction"]}},"states":{"md:rotate":[0,1,2]}},"permutations":[{"condition":"q.block_state('md:rotate') == 0","components":{"minecraft:geometry":{"identifier":"geometry.minuman_gelas_mdnusa","bone_visibility":{"1":true,"2":false,"3":false}}}},{"condition":"q.block_state('md:rotate') == 1","components":{"minecraft:geometry":{"identifier":"geometry.minuman_gelas_mdnusa","bone_visibility":{"1":true,"2":true,"3":false}}}},{"condition":"q.block_state('md:rotate') == 2","components":{"minecraft:geometry":{"identifier":"geometry.minuman_gelas_mdnusa","bone_visibility":{"1":true,"2":true,"3":true}}}},{"condition":"q.block_state('minecraft:cardinal_direction') == 'north'","components":{"minecraft:transformation":{"rotation":[0,180,0]}}},{"condition":"q.block_state('minecraft:cardinal_direction') == 'south'","components":{"minecraft:transformation":{"rotation":[0,0,0]}}},{"condition":"q.block_state('minecraft:cardinal_direction') == 'east'","components":{"minecraft:transformation":{"rotation":[0,90,0]}}},{"condition":"q.block_state('minecraft:cardinal_direction') == 'west'","components":{"minecraft:transformation":{"rotation":[0,-90,0]}}}],"components":{"minecraft:geometry":"geometry.minuman_gelas_mdnusa","minecraft:material_instances":{"*":{"texture":"minuman_es_teh","render_method":"opaque"}},"minecraft:collision_box":{"origin":[-8,0,-8],"size":[0,0,0]},"minecraft:selection_box":{"origin":[-8,0,-8],"size":[16,7,16]},"minecraft:light_dampening":0,"minecraft:light_emission":0,"minecraft:custom_components":["md:rotate"]}}}