{"format_version":"1.21.20","minecraft:block":{"description":{"identifier":"mdnusa:nasi_tumpeng_makanan_mdnusa","menu_category":{"category":"items","group":"itemGroup.name.makanan"},"traits":{"minecraft:placement_direction":{"enabled_states":["minecraft:cardinal_direction"]}},"states":{"md:inout":[0,1],"md:half_direction":[false,true]}},"permutations":[{"condition":"q.block_state('md:inout') == 0","components":{"minecraft:geometry":{"identifier":"geometry.nasi_tumpeng_makanan_mdnusa","bone_visibility":{"main":true,"in":false}},"minecraft:collision_box":{"origin":[-8,0,-8],"size":[0,0,0]},"minecraft:selection_box":{"origin":[-8,0,-8],"size":[16,16,16]}}},{"condition":"q.block_state('md:inout') == 0 && q.block_state('md:half_direction')","components":{"minecraft:geometry":"geometry.nasi_tumpeng_makanan_mdnusa.half","minecraft:collision_box":{"origin":[-8,0,-8],"size":[0,0,0]},"minecraft:selection_box":{"origin":[-8,0,-8],"size":[16,16,16]}}},{"condition":"q.block_state('md:inout') == 1","components":{"minecraft:geometry":{"identifier":"geometry.nasi_tumpeng_makanan_mdnusa","bone_visibility":{"main":false,"in":true}},"minecraft:collision_box":{"origin":[-8,0,-8],"size":[0,0,0]},"minecraft:selection_box":{"origin":[-8,0,5],"size":[16,16,3]}}},{"condition":"q.block_state('minecraft:cardinal_direction') == 'north'","components":{"minecraft:transformation":{"rotation":[0,180,0]}}},{"condition":"q.block_state('minecraft:cardinal_direction') == 'east'","components":{"minecraft:transformation":{"rotation":[0,90,0]}}},{"condition":"q.block_state('minecraft:cardinal_direction') == 'west'","components":{"minecraft:transformation":{"rotation":[0,-90,0]}}}],"components":{"tag:nasi_tumpeng_makanan_mdnusa":{},"minecraft:geometry":"geometry.nasi_tumpeng_makanan_mdnusa","minecraft:material_instances":{"*":{"texture":"nasi_tumpeng_makanan","render_method":"opaque"},"1":{"texture":"concrete_white_md","render_method":"opaque"}},"minecraft:light_dampening":0,"minecraft:light_emission":0,"minecraft:custom_components":["md:half_direction","md:push_0"]}}}