{"format_version":"1.21.20","minecraft:block":{"description":{"identifier":"mdnusa:prasmanan_sayur_mdnusa","menu_category":{"category":"items","group":"itemGroup.name.dapur"},"traits":{"minecraft:placement_direction":{"enabled_states":["minecraft:cardinal_direction"]}},"states":{"md:on":[false,true]}},"permutations":[{"condition":"q.block_state('minecraft:cardinal_direction') == 'north'","components":{"minecraft:transformation":{"rotation":[0,180,0]}}},{"condition":"q.block_state('minecraft:cardinal_direction') == 'east'","components":{"minecraft:transformation":{"rotation":[0,90,0]}}},{"condition":"q.block_state('minecraft:cardinal_direction') == 'west'","components":{"minecraft:transformation":{"rotation":[0,-90,0]}}},{"condition":"!q.block_state('md:on')","components":{"minecraft:geometry":{"identifier":"geometry.prasmanan_mdnusa","bone_visibility":{"1":true,"2":false}}}},{"condition":"q.block_state('md:on')","components":{"minecraft:geometry":{"identifier":"geometry.prasmanan_mdnusa","bone_visibility":{"1":false,"2":true}}}}],"components":{"tag:prasmanan_sayur_mdnusa":{},"minecraft:geometry":"geometry.prasmanan_mdnusa","minecraft:material_instances":{"*":{"texture":"metal_gray_md","render_method":"opaque"},"1":{"texture":"prasmanan_sayur","render_method":"opaque"}},"minecraft:collision_box":{"origin":[-8,0,-6],"size":[16,9,12]},"minecraft:selection_box":{"origin":[-8,0,-6],"size":[16,9,12]},"minecraft:light_dampening":0,"minecraft:light_emission":0,"minecraft:custom_components":["md:interactive_0"]}}}