{
	"format_version": "1.12.0",
	"minecraft:geometry": [
		{
			"description": {
				"identifier": "geometry.thm_ecp_floor_atm_bottom",
				"texture_width": 64,
				"texture_height": 64,
				"visible_bounds_width": 2,
				"visible_bounds_height": 2.5,
				"visible_bounds_offset": [0, 0.75, 0]
			},
			"bones": [
				{
					"name": "root",
					"pivot": [0, 0, 0],
					"cubes": [
						{
							"origin": [7, 0, 1],
							"size": [1, 13, 7],
							"uv": {
								"north": {"uv": [0, 42], "uv_size": [1, 15]},
								"east": {"uv": [28, 30], "uv_size": [7, 15]},
								"south": {"uv": [1, 42], "uv_size": [1, 15]},
								"west": {"uv": [35, 30], "uv_size": [7, 15]},
								"up": {"uv": [20, 42], "uv_size": [1, 7]},
								"down": {"uv": [21, 49], "uv_size": [1, -7]}
							}
						},
						{
							"origin": [-7, 0, 7],
							"size": [14, 13, 1],
							"uv": {
								"north": {"uv": [0, 0], "uv_size": [14, 15]},
								"east": {"uv": [2, 42], "uv_size": [1, 15]},
								"south": {"uv": [14, 0], "uv_size": [14, 15]},
								"west": {"uv": [3, 42], "uv_size": [1, 15]},
								"up": {"uv": [6, 42], "uv_size": [14, 1]},
								"down": {"uv": [42, 31], "uv_size": [14, -1]}
							}
						},
						{
							"origin": [-8, 0, 1],
							"size": [1, 13, 7],
							"uv": {
								"north": {"uv": [4, 42], "uv_size": [1, 15]},
								"east": {"uv": [40, 0], "uv_size": [7, 15]},
								"south": {"uv": [5, 42], "uv_size": [1, 15]},
								"west": {"uv": [40, 15], "uv_size": [7, 15]},
								"up": {"uv": [22, 42], "uv_size": [1, 7]},
								"down": {"uv": [23, 49], "uv_size": [1, -7]}
							}
						},
						{
							"origin": [-7, 0, -5],
							"size": [14, 13, 12],
							"uv": {
								"north": {"uv": [0, 15], "uv_size": [14, 15]},
								"east": {"uv": [28, 0], "uv_size": [12, 15]},
								"south": {"uv": [14, 15], "uv_size": [14, 15]},
								"west": {"uv": [28, 15], "uv_size": [12, 15]},
								"up": {"uv": [0, 30], "uv_size": [14, 12]},
								"down": {"uv": [14, 42], "uv_size": [14, -12]}
							}
						}
					]
				}
			]
		}
	]
}