{
	"format_version": "1.12.0",
	"minecraft:geometry": [
		{
			"description": {
				"identifier": "geometry.thm_ecp_floor_atm_top",
				"texture_width": 128,
				"texture_height": 128,
				"visible_bounds_width": 3,
				"visible_bounds_height": 2.5,
				"visible_bounds_offset": [0, 0.75, 0]
			},
			"bones": [
				{
					"name": "root",
					"pivot": [0, -3, 3]
				},
				{
					"name": "top",
					"parent": "root",
					"pivot": [0, -2, -4],
					"cubes": [
						{
							"origin": [-2, -2, -5.4],
							"size": [4, 1, 4],
							"pivot": [0, -2, -4],
							"rotation": [20, 0, 0],
							"uv": {
								"north": {"uv": [61, 18], "uv_size": [4, 1]},
								"east": {"uv": [61, 19], "uv_size": [4, 1]},
								"south": {"uv": [21, 61], "uv_size": [4, 1]},
								"west": {"uv": [25, 61], "uv_size": [4, 1]},
								"up": {"uv": [57, 38], "uv_size": [4, 4]},
								"down": {"uv": [33, 62], "uv_size": [4, -4]}
							}
						},
						{
							"origin": [-7, -3, 7],
							"size": [14, 15, 1],
							"uv": {
								"north": {"uv": [32, 0], "uv_size": [14, 15]},
								"east": {"uv": [37, 58], "uv_size": [1, 15]},
								"south": {"uv": [32, 15], "uv_size": [14, 15]},
								"west": {"uv": [38, 58], "uv_size": [1, 15]},
								"up": {"uv": [57, 42], "uv_size": [14, 1]},
								"down": {"uv": [57, 44], "uv_size": [14, -1]}
							}
						},
						{
							"origin": [-7, -4, -1],
							"size": [3, 17, 4],
							"inflate": 0.01,
							"pivot": [0, 5, -0.5],
							"rotation": [-15, 0, 0],
							"uv": {
								"north": {"uv": [46, 32], "uv_size": [3, 15]},
								"east": {"uv": [39, 58], "uv_size": [1, 15]},
								"south": {"uv": [0, 47], "uv_size": [3, 15]},
								"west": {"uv": [40, 58], "uv_size": [1, 15]},
								"up": {"uv": [61, 38], "uv_size": [3, 1]},
								"down": {"uv": [61, 40], "uv_size": [3, -1]}
							}
						},
						{
							"origin": [-4, 11, -1],
							"size": [8, 2, 1],
							"pivot": [3, 5, -0.5],
							"rotation": [-15, 0, 0],
							"uv": {
								"north": {"uv": [30, 55], "uv_size": [8, 2]},
								"east": {"uv": [12, 62], "uv_size": [1, 2]},
								"south": {"uv": [38, 55], "uv_size": [8, 2]},
								"west": {"uv": [13, 62], "uv_size": [1, 2]},
								"up": {"uv": [16, 60], "uv_size": [8, 1]},
								"down": {"uv": [59, 61], "uv_size": [8, -1]}
							}
						},
						{
							"origin": [-4, 0, -1],
							"size": [8, 1, 1],
							"pivot": [3, 5, -0.5],
							"rotation": [-15, 0, 0],
							"uv": {
								"north": {"uv": [61, 0], "uv_size": [8, 1]},
								"east": {"uv": [14, 62], "uv_size": [1, 1]},
								"south": {"uv": [61, 1], "uv_size": [8, 1]},
								"west": {"uv": [24, 62], "uv_size": [1, 1]},
								"up": {"uv": [61, 2], "uv_size": [8, 1]},
								"down": {"uv": [61, 4], "uv_size": [8, -1]}
							}
						},
						{
							"origin": [-4, 1, 0],
							"size": [8, 10, 1],
							"pivot": [3, 5, -0.5],
							"rotation": [-15, 0, 0],
							"uv": {
								"north": {"uv": [30, 45], "uv_size": [8, 10]},
								"east": {"uv": [60, 0], "uv_size": [1, 10]},
								"south": {"uv": [38, 45], "uv_size": [8, 10]},
								"west": {"uv": [60, 10], "uv_size": [1, 10]},
								"up": {"uv": [61, 4], "uv_size": [8, 1]},
								"down": {"uv": [61, 6], "uv_size": [8, -1]}
							}
						},
						{
							"origin": [4, -4, -1],
							"size": [3, 17, 4],
							"inflate": 0.01,
							"pivot": [0, 5, -0.5],
							"rotation": [-15, 0, 0],
							"uv": {
								"north": {"uv": [3, 47], "uv_size": [3, 15]},
								"east": {"uv": [41, 58], "uv_size": [1, 15]},
								"south": {"uv": [6, 47], "uv_size": [3, 15]},
								"west": {"uv": [42, 58], "uv_size": [1, 15]},
								"up": {"uv": [61, 40], "uv_size": [3, 1]},
								"down": {"uv": [61, 42], "uv_size": [3, -1]}
							}
						},
						{
							"origin": [4.5, 2, -1.3],
							"size": [2, 1, 0.5],
							"pivot": [0, 5, -0.5],
							"rotation": [-15, 0, 0],
							"uv": {
								"north": {"uv": [16, 62], "uv_size": [2, 1]},
								"east": {"uv": [25, 62], "uv_size": [1, 1]},
								"south": {"uv": [18, 62], "uv_size": [2, 1]},
								"west": {"uv": [26, 62], "uv_size": [1, 1]},
								"up": {"uv": [20, 62], "uv_size": [2, 1]},
								"down": {"uv": [22, 63], "uv_size": [2, -1]}
							}
						},
						{
							"origin": [4.5, 4, -1.3],
							"size": [2, 1, 0.5],
							"pivot": [0, 5, -0.5],
							"rotation": [-15, 0, 0],
							"uv": {
								"north": {"uv": [16, 62], "uv_size": [2, 1]},
								"east": {"uv": [25, 62], "uv_size": [1, 1]},
								"south": {"uv": [18, 62], "uv_size": [2, 1]},
								"west": {"uv": [26, 62], "uv_size": [1, 1]},
								"up": {"uv": [20, 62], "uv_size": [2, 1]},
								"down": {"uv": [22, 63], "uv_size": [2, -1]}
							}
						},
						{
							"origin": [4.5, 6, -1.3],
							"size": [2, 1, 0.5],
							"pivot": [0, 5, -0.5],
							"rotation": [-15, 0, 0],
							"uv": {
								"north": {"uv": [16, 62], "uv_size": [2, 1]},
								"east": {"uv": [25, 62], "uv_size": [1, 1]},
								"south": {"uv": [18, 62], "uv_size": [2, 1]},
								"west": {"uv": [26, 62], "uv_size": [1, 1]},
								"up": {"uv": [20, 62], "uv_size": [2, 1]},
								"down": {"uv": [22, 63], "uv_size": [2, -1]}
							}
						},
						{
							"origin": [4.5, 8, -1.3],
							"size": [2, 1, 0.5],
							"pivot": [0, 5, -0.5],
							"rotation": [-15, 0, 0],
							"uv": {
								"north": {"uv": [16, 62], "uv_size": [2, 1]},
								"east": {"uv": [25, 62], "uv_size": [1, 1]},
								"south": {"uv": [18, 62], "uv_size": [2, 1]},
								"west": {"uv": [26, 62], "uv_size": [1, 1]},
								"up": {"uv": [20, 62], "uv_size": [2, 1]},
								"down": {"uv": [22, 63], "uv_size": [2, -1]}
							}
						},
						{
							"origin": [-6.5, 8, -1.3],
							"size": [2, 1, 0.5],
							"pivot": [0, 5, -0.5],
							"rotation": [-15, 0, 0],
							"uv": {
								"north": {"uv": [16, 62], "uv_size": [2, 1]},
								"east": {"uv": [25, 62], "uv_size": [1, 1]},
								"south": {"uv": [18, 62], "uv_size": [2, 1]},
								"west": {"uv": [26, 62], "uv_size": [1, 1]},
								"up": {"uv": [20, 62], "uv_size": [2, 1]},
								"down": {"uv": [22, 63], "uv_size": [2, -1]}
							}
						},
						{
							"origin": [-6.5, 6, -1.3],
							"size": [2, 1, 0.5],
							"pivot": [0, 5, -0.5],
							"rotation": [-15, 0, 0],
							"uv": {
								"north": {"uv": [16, 62], "uv_size": [2, 1]},
								"east": {"uv": [25, 62], "uv_size": [1, 1]},
								"south": {"uv": [18, 62], "uv_size": [2, 1]},
								"west": {"uv": [26, 62], "uv_size": [1, 1]},
								"up": {"uv": [20, 62], "uv_size": [2, 1]},
								"down": {"uv": [22, 63], "uv_size": [2, -1]}
							}
						},
						{
							"origin": [-6.5, 4, -1.3],
							"size": [2, 1, 0.5],
							"pivot": [0, 5, -0.5],
							"rotation": [-15, 0, 0],
							"uv": {
								"north": {"uv": [16, 62], "uv_size": [2, 1]},
								"east": {"uv": [25, 62], "uv_size": [1, 1]},
								"south": {"uv": [18, 62], "uv_size": [2, 1]},
								"west": {"uv": [26, 62], "uv_size": [1, 1]},
								"up": {"uv": [20, 62], "uv_size": [2, 1]},
								"down": {"uv": [22, 63], "uv_size": [2, -1]}
							}
						},
						{
							"origin": [-6.5, 2, -1.3],
							"size": [2, 1, 0.5],
							"pivot": [0, 5, -0.5],
							"rotation": [-15, 0, 0],
							"uv": {
								"north": {"uv": [16, 62], "uv_size": [2, 1]},
								"east": {"uv": [25, 62], "uv_size": [1, 1]},
								"south": {"uv": [18, 62], "uv_size": [2, 1]},
								"west": {"uv": [26, 62], "uv_size": [1, 1]},
								"up": {"uv": [20, 62], "uv_size": [2, 1]},
								"down": {"uv": [22, 63], "uv_size": [2, -1]}
							}
						},
						{
							"origin": [-8, 12, 1],
							"size": [16, 1, 7],
							"uv": {
								"north": {"uv": [30, 57], "uv_size": [16, 1]},
								"east": {"uv": [57, 35], "uv_size": [16, 1]},
								"south": {"uv": [57, 36], "uv_size": [16, 1]},
								"west": {"uv": [57, 37], "uv_size": [16, 1]},
								"up": {"uv": [0, 0], "uv_size": [16, 16]},
								"down": {"uv": [0, 32], "uv_size": [16, -16]}
							}
						},
						{
							"origin": [-8, -3, 1],
							"size": [1, 15, 7],
							"uv": {
								"north": {"uv": [43, 58], "uv_size": [1, 15]},
								"east": {"uv": [16, 0], "uv_size": [16, 15]},
								"south": {"uv": [44, 58], "uv_size": [1, 15]},
								"west": {"uv": [16, 15], "uv_size": [16, 15]},
								"up": {"uv": [15, 47], "uv_size": [1, 16]},
								"down": {"uv": [30, 74], "uv_size": [1, -16]}
							}
						},
						{
							"origin": [7, -3, 1],
							"size": [1, 15, 7],
							"uv": {
								"north": {"uv": [45, 58], "uv_size": [1, 15]},
								"east": {"uv": [16, 30], "uv_size": [16, 15]},
								"south": {"uv": [49, 58], "uv_size": [1, 15]},
								"west": {"uv": [0, 32], "uv_size": [16, 15]},
								"up": {"uv": [31, 58], "uv_size": [1, 16]},
								"down": {"uv": [32, 74], "uv_size": [1, -16]}
							}
						},
						{
							"origin": [-6, -1, -6],
							"size": [12, 1, 5],
							"pivot": [0, -2, -4],
							"rotation": [20, 0, 0],
							"uv": {
								"north": {"uv": [59, 56], "uv_size": [14, 1]},
								"east": {"uv": [61, 7], "uv_size": [5, 1]},
								"south": {"uv": [59, 57], "uv_size": [14, 1]},
								"west": {"uv": [61, 8], "uv_size": [5, 1]},
								"up": {"uv": [46, 0], "uv_size": [14, 5]},
								"down": {"uv": [46, 10], "uv_size": [14, -5]}
							}
						},
						{
							"origin": [-6, -5, -6],
							"size": [12, 3, 5],
							"pivot": [0, -2, -4],
							"rotation": [20, 0, 0],
							"uv": {
								"north": {"uv": [59, 58], "uv_size": [14, 1]},
								"east": {"uv": [61, 9], "uv_size": [5, 1]},
								"south": {"uv": [59, 59], "uv_size": [14, 1]},
								"west": {"uv": [61, 10], "uv_size": [5, 1]},
								"up": {"uv": [46, 10], "uv_size": [14, 5]},
								"down": {"uv": [46, 20], "uv_size": [14, -5]}
							}
						},
						{
							"origin": [-6, -2, -6],
							"size": [4, 1, 5],
							"pivot": [0, -2, -4],
							"rotation": [20, 0, 0],
							"uv": {
								"north": {"uv": [61, 11], "uv_size": [5, 1]},
								"east": {"uv": [61, 12], "uv_size": [5, 1]},
								"south": {"uv": [61, 13], "uv_size": [5, 1]},
								"west": {"uv": [61, 14], "uv_size": [5, 1]},
								"up": {"uv": [52, 34], "uv_size": [5, 5]},
								"down": {"uv": [52, 44], "uv_size": [5, -5]}
							}
						},
						{
							"origin": [2, -2, -6],
							"size": [4, 1, 5],
							"pivot": [0, -2, -4],
							"rotation": [20, 0, 0],
							"uv": {
								"north": {"uv": [61, 15], "uv_size": [5, 1]},
								"east": {"uv": [16, 61], "uv_size": [5, 1]},
								"south": {"uv": [61, 16], "uv_size": [5, 1]},
								"west": {"uv": [61, 17], "uv_size": [5, 1]},
								"up": {"uv": [49, 53], "uv_size": [5, 5]},
								"down": {"uv": [54, 58], "uv_size": [5, -5]}
							}
						}
					]
				},
				{
					"name": "text",
					"parent": "top",
					"pivot": [1.25, -3.48296, 0.47059],
					"rotation": [-15, 0, 0]
				},
				{
					"name": "a",
					"parent": "text",
					"pivot": [2.75, 10.51704, 6.97059],
					"cubes": [
						{
							"origin": [-3.25, 10.51704, -3.52941],
							"size": [0.5, 1.5, 0.5],
							"uv": {
								"north": {"uv": [0, 127.5], "uv_size": [0.5, 0.5]},
								"east": {"uv": [0, 127.5], "uv_size": [0.5, 0.5]},
								"south": {"uv": [0, 127.5], "uv_size": [0.5, 0.5]},
								"west": {"uv": [0, 127.5], "uv_size": [0.5, 0.5]},
								"down": {"uv": [0.5, 128], "uv_size": [-0.5, -0.5]}
							}
						},
						{
							"origin": [-2.25, 10.51704, -3.52941],
							"size": [0.5, 1.5, 0.5],
							"uv": {
								"north": {"uv": [0, 127.5], "uv_size": [0.5, 0.5]},
								"east": {"uv": [0, 127.5], "uv_size": [0.5, 0.5]},
								"south": {"uv": [0, 127.5], "uv_size": [0.5, 0.5]},
								"west": {"uv": [0, 127.5], "uv_size": [0.5, 0.5]},
								"down": {"uv": [0.5, 128], "uv_size": [-0.5, -0.5]}
							}
						},
						{
							"origin": [-2.75, 11.01704, -3.52941],
							"size": [0.5, 0.5, 0.5],
							"uv": {
								"north": {"uv": [0, 127.5], "uv_size": [0.5, 0.5]},
								"south": {"uv": [0, 127.5], "uv_size": [0.5, 0.5]},
								"up": {"uv": [-1, 128], "uv_size": [-0.5, -0.5]},
								"down": {"uv": [0.5, 128], "uv_size": [-0.5, -0.5]}
							}
						},
						{
							"origin": [-3.25, 12.01704, -3.52941],
							"size": [1.5, 0.5, 0.5],
							"uv": {
								"north": {"uv": [0, 127.5], "uv_size": [0.5, 0.5]},
								"east": {"uv": [0, 127.5], "uv_size": [0.5, 0.5]},
								"south": {"uv": [0, 127.5], "uv_size": [0.5, 0.5]},
								"west": {"uv": [0, 127.5], "uv_size": [0.5, 0.5]},
								"up": {"uv": [-1, 128], "uv_size": [-0.5, -0.5]},
								"down": {"uv": [0.5, 128], "uv_size": [-0.5, -0.5]}
							}
						}
					]
				},
				{
					"name": "t",
					"parent": "text",
					"pivot": [4.75, 10.51704, 6.97059],
					"cubes": [
						{
							"origin": [-0.75, 10.51704, -3.52941],
							"size": [0.5, 1.5, 0.5],
							"uv": {
								"north": {"uv": [0, 127.5], "uv_size": [0.5, 0.5]},
								"east": {"uv": [0, 127.5], "uv_size": [0.5, 0.5]},
								"south": {"uv": [0, 127.5], "uv_size": [0.5, 0.5]},
								"west": {"uv": [0, 127.5], "uv_size": [0.5, 0.5]},
								"down": {"uv": [0.5, 128], "uv_size": [-0.5, -0.5]}
							}
						},
						{
							"origin": [-1.25, 12.01704, -3.52941],
							"size": [1.5, 0.5, 0.5],
							"uv": {
								"north": {"uv": [0, 127.5], "uv_size": [0.5, 0.5]},
								"east": {"uv": [0, 127.5], "uv_size": [0.5, 0.5]},
								"south": {"uv": [0, 127.5], "uv_size": [0.5, 0.5]},
								"west": {"uv": [0, 127.5], "uv_size": [0.5, 0.5]},
								"up": {"uv": [-1, 128], "uv_size": [-0.5, -0.5]},
								"down": {"uv": [0.5, 128], "uv_size": [-0.5, -0.5]}
							}
						}
					]
				},
				{
					"name": "m",
					"parent": "text",
					"pivot": [6.75, 10.51704, 6.97059],
					"cubes": [
						{
							"origin": [0.75, 10.51704, -3.52941],
							"size": [0.5, 1.5, 0.5],
							"uv": {
								"north": {"uv": [0, 127.5], "uv_size": [0.5, 0.5]},
								"east": {"uv": [0, 127.5], "uv_size": [0.5, 0.5]},
								"south": {"uv": [0, 127.5], "uv_size": [0.5, 0.5]},
								"west": {"uv": [0, 127.5], "uv_size": [0.5, 0.5]},
								"down": {"uv": [0.5, 128], "uv_size": [-0.5, -0.5]}
							}
						},
						{
							"origin": [2.75, 10.51704, -3.52941],
							"size": [0.5, 1.5, 0.5],
							"uv": {
								"north": {"uv": [0, 127.5], "uv_size": [0.5, 0.5]},
								"east": {"uv": [0, 127.5], "uv_size": [0.5, 0.5]},
								"south": {"uv": [0, 127.5], "uv_size": [0.5, 0.5]},
								"west": {"uv": [0, 127.5], "uv_size": [0.5, 0.5]},
								"down": {"uv": [0.5, 128], "uv_size": [-0.5, -0.5]}
							}
						},
						{
							"origin": [1.75, 10.51704, -3.52941],
							"size": [0.5, 1.5, 0.5],
							"uv": {
								"north": {"uv": [0, 127.5], "uv_size": [0.5, 0.5]},
								"east": {"uv": [0, 127.5], "uv_size": [0.5, 0.5]},
								"south": {"uv": [0, 127.5], "uv_size": [0.5, 0.5]},
								"west": {"uv": [0, 127.5], "uv_size": [0.5, 0.5]},
								"down": {"uv": [0.5, 128], "uv_size": [-0.5, -0.5]}
							}
						},
						{
							"origin": [0.75, 12.01704, -3.52941],
							"size": [2.5, 0.5, 0.5],
							"uv": {
								"north": {"uv": [0, 127.5], "uv_size": [0.5, 0.5]},
								"east": {"uv": [0, 127.5], "uv_size": [0.5, 0.5]},
								"south": {"uv": [0, 127.5], "uv_size": [0.5, 0.5]},
								"west": {"uv": [0, 127.5], "uv_size": [0.5, 0.5]},
								"up": {"uv": [-1, 128], "uv_size": [-0.5, -0.5]},
								"down": {"uv": [0.5, 128], "uv_size": [-0.5, -0.5]}
							}
						}
					]
				},
				{
					"name": "pad",
					"parent": "root",
					"pivot": [0.5, -2, -4],
					"cubes": [
						{
							"origin": [-2.5, -0.2, -5.2],
							"size": [5, 0.5, 3],
							"pivot": [0.5, -2, -4],
							"rotation": [20, 0, 0],
							"uv": {
								"north": {"uv": [24, 60], "uv_size": [5, 1]},
								"east": {"uv": [6, 62], "uv_size": [3, 1]},
								"south": {"uv": [61, 6], "uv_size": [5, 1]},
								"west": {"uv": [9, 62], "uv_size": [3, 1]},
								"up": {"uv": [54, 58], "uv_size": [5, 3]},
								"down": {"uv": [59, 56], "uv_size": [5, -3]}
							}
						},
						{
							"origin": [0.7, 0.3, -5.1],
							"size": [1.6, 0.1, 0.8],
							"pivot": [0.5, -2, -4],
							"rotation": [20, 0, 0],
							"uv": {
								"north": {"uv": [27, 62], "uv_size": [1, 1]},
								"east": {"uv": [28, 62], "uv_size": [1, 1]},
								"south": {"uv": [33, 62], "uv_size": [1, 1]},
								"west": {"uv": [34, 62], "uv_size": [1, 1]},
								"up": {"uv": [35, 62], "uv_size": [1, 1]},
								"down": {"uv": [36, 63], "uv_size": [1, -1]}
							}
						},
						{
							"origin": [-0.3, 0.3, -5.1],
							"size": [0.8, 0.1, 0.8],
							"pivot": [0.5, -2, -4],
							"rotation": [20, 0, 0],
							"uv": {
								"north": {"uv": [27, 62], "uv_size": [1, 1]},
								"east": {"uv": [28, 62], "uv_size": [1, 1]},
								"south": {"uv": [33, 62], "uv_size": [1, 1]},
								"west": {"uv": [34, 62], "uv_size": [1, 1]},
								"up": {"uv": [35, 62], "uv_size": [1, 1]},
								"down": {"uv": [36, 63], "uv_size": [1, -1]}
							}
						},
						{
							"origin": [-1.3, 0.3, -5.1],
							"size": [0.8, 0.1, 0.8],
							"pivot": [0.5, -2, -4],
							"rotation": [20, 0, 0],
							"uv": {
								"north": {"uv": [27, 62], "uv_size": [1, 1]},
								"east": {"uv": [28, 62], "uv_size": [1, 1]},
								"south": {"uv": [33, 62], "uv_size": [1, 1]},
								"west": {"uv": [34, 62], "uv_size": [1, 1]},
								"up": {"uv": [35, 62], "uv_size": [1, 1]},
								"down": {"uv": [36, 63], "uv_size": [1, -1]}
							}
						},
						{
							"origin": [-2.3, 0.3, -5.1],
							"size": [0.8, 0.1, 0.8],
							"pivot": [0.5, -2, -4],
							"rotation": [20, 0, 0],
							"uv": {
								"north": {"uv": [27, 62], "uv_size": [1, 1]},
								"east": {"uv": [28, 62], "uv_size": [1, 1]},
								"south": {"uv": [33, 62], "uv_size": [1, 1]},
								"west": {"uv": [34, 62], "uv_size": [1, 1]},
								"up": {"uv": [35, 62], "uv_size": [1, 1]},
								"down": {"uv": [36, 63], "uv_size": [1, -1]}
							}
						},
						{
							"origin": [-2.3, 0.3, -4.1],
							"size": [0.8, 0.1, 0.8],
							"pivot": [0.5, -2, -4],
							"rotation": [20, 0, 0],
							"uv": {
								"north": {"uv": [27, 62], "uv_size": [1, 1]},
								"east": {"uv": [28, 62], "uv_size": [1, 1]},
								"south": {"uv": [33, 62], "uv_size": [1, 1]},
								"west": {"uv": [34, 62], "uv_size": [1, 1]},
								"up": {"uv": [35, 62], "uv_size": [1, 1]},
								"down": {"uv": [36, 63], "uv_size": [1, -1]}
							}
						},
						{
							"origin": [-1.3, 0.3, -4.1],
							"size": [0.8, 0.1, 0.8],
							"pivot": [0.5, -2, -4],
							"rotation": [20, 0, 0],
							"uv": {
								"north": {"uv": [27, 62], "uv_size": [1, 1]},
								"east": {"uv": [28, 62], "uv_size": [1, 1]},
								"south": {"uv": [33, 62], "uv_size": [1, 1]},
								"west": {"uv": [34, 62], "uv_size": [1, 1]},
								"up": {"uv": [35, 62], "uv_size": [1, 1]},
								"down": {"uv": [36, 63], "uv_size": [1, -1]}
							}
						},
						{
							"origin": [-0.3, 0.3, -4.1],
							"size": [0.8, 0.1, 0.8],
							"pivot": [0.5, -2, -4],
							"rotation": [20, 0, 0],
							"uv": {
								"north": {"uv": [27, 62], "uv_size": [1, 1]},
								"east": {"uv": [28, 62], "uv_size": [1, 1]},
								"south": {"uv": [33, 62], "uv_size": [1, 1]},
								"west": {"uv": [34, 62], "uv_size": [1, 1]},
								"up": {"uv": [35, 62], "uv_size": [1, 1]},
								"down": {"uv": [36, 63], "uv_size": [1, -1]}
							}
						},
						{
							"origin": [0.7, 0.3, -4.1],
							"size": [1.6, 0.1, 0.8],
							"pivot": [0.5, -2, -4],
							"rotation": [20, 0, 0],
							"uv": {
								"north": {"uv": [27, 62], "uv_size": [1, 1]},
								"east": {"uv": [28, 62], "uv_size": [1, 1]},
								"south": {"uv": [33, 62], "uv_size": [1, 1]},
								"west": {"uv": [34, 62], "uv_size": [1, 1]},
								"up": {"uv": [35, 62], "uv_size": [1, 1]},
								"down": {"uv": [36, 63], "uv_size": [1, -1]}
							}
						},
						{
							"origin": [0.7, 0.3, -3.1],
							"size": [1.6, 0.1, 0.8],
							"pivot": [0.5, -2, -4],
							"rotation": [20, 0, 0],
							"uv": {
								"north": {"uv": [27, 62], "uv_size": [1, 1]},
								"east": {"uv": [28, 62], "uv_size": [1, 1]},
								"south": {"uv": [33, 62], "uv_size": [1, 1]},
								"west": {"uv": [34, 62], "uv_size": [1, 1]},
								"up": {"uv": [35, 62], "uv_size": [1, 1]},
								"down": {"uv": [36, 63], "uv_size": [1, -1]}
							}
						},
						{
							"origin": [-0.3, 0.3, -3.1],
							"size": [0.8, 0.1, 0.8],
							"pivot": [0.5, -2, -4],
							"rotation": [20, 0, 0],
							"uv": {
								"north": {"uv": [27, 62], "uv_size": [1, 1]},
								"east": {"uv": [28, 62], "uv_size": [1, 1]},
								"south": {"uv": [33, 62], "uv_size": [1, 1]},
								"west": {"uv": [34, 62], "uv_size": [1, 1]},
								"up": {"uv": [35, 62], "uv_size": [1, 1]},
								"down": {"uv": [36, 63], "uv_size": [1, -1]}
							}
						},
						{
							"origin": [-1.3, 0.3, -3.1],
							"size": [0.8, 0.1, 0.8],
							"pivot": [0.5, -2, -4],
							"rotation": [20, 0, 0],
							"uv": {
								"north": {"uv": [27, 62], "uv_size": [1, 1]},
								"east": {"uv": [28, 62], "uv_size": [1, 1]},
								"south": {"uv": [33, 62], "uv_size": [1, 1]},
								"west": {"uv": [34, 62], "uv_size": [1, 1]},
								"up": {"uv": [35, 62], "uv_size": [1, 1]},
								"down": {"uv": [36, 63], "uv_size": [1, -1]}
							}
						},
						{
							"origin": [-2.3, 0.3, -3.1],
							"size": [0.8, 0.1, 0.8],
							"pivot": [0.5, -2, -4],
							"rotation": [20, 0, 0],
							"uv": {
								"north": {"uv": [27, 62], "uv_size": [1, 1]},
								"east": {"uv": [28, 62], "uv_size": [1, 1]},
								"south": {"uv": [33, 62], "uv_size": [1, 1]},
								"west": {"uv": [34, 62], "uv_size": [1, 1]},
								"up": {"uv": [35, 62], "uv_size": [1, 1]},
								"down": {"uv": [36, 63], "uv_size": [1, -1]}
							}
						}
					]
				}
			]
		}
	]
}