{
	"format_version": "1.12.0",
	"minecraft:geometry": [
		{
			"description": {
				"identifier": "geometry.thm_ecp_wall_atm",
				"texture_width": 128,
				"texture_height": 128,
				"visible_bounds_width": 3,
				"visible_bounds_height": 2.5,
				"visible_bounds_offset": [0, 0.75, 0]
			},
			"bones": [
				{
					"name": "root",
					"pivot": [0, 0, 0],
					"cubes": [
						{
							"origin": [-7, 0, 7],
							"size": [14, 15, 1],
							"uv": {
								"north": {"uv": [32, 0], "uv_size": [14, 15]},
								"east": {"uv": [37, 58], "uv_size": [1, 15]},
								"south": {"uv": [32, 15], "uv_size": [14, 15]},
								"west": {"uv": [38, 58], "uv_size": [1, 15]},
								"up": {"uv": [57, 42], "uv_size": [14, 1]},
								"down": {"uv": [57, 44], "uv_size": [14, -1]}
							}
						},
						{
							"origin": [-7, 1, -4],
							"size": [3, 15, 1],
							"pivot": [0, 8, -3.5],
							"rotation": [-15, 0, 0],
							"uv": {
								"north": {"uv": [46, 32], "uv_size": [3, 15]},
								"east": {"uv": [39, 58], "uv_size": [1, 15]},
								"south": {"uv": [0, 47], "uv_size": [3, 15]},
								"west": {"uv": [40, 58], "uv_size": [1, 15]},
								"up": {"uv": [61, 38], "uv_size": [3, 1]},
								"down": {"uv": [61, 40], "uv_size": [3, -1]}
							}
						},
						{
							"origin": [-4, 14, -4],
							"size": [8, 2, 1],
							"pivot": [3, 8, -3.5],
							"rotation": [-15, 0, 0],
							"uv": {
								"north": {"uv": [30, 55], "uv_size": [8, 2]},
								"east": {"uv": [12, 62], "uv_size": [1, 2]},
								"south": {"uv": [38, 55], "uv_size": [8, 2]},
								"west": {"uv": [13, 62], "uv_size": [1, 2]},
								"up": {"uv": [16, 60], "uv_size": [8, 1]},
								"down": {"uv": [59, 61], "uv_size": [8, -1]}
							}
						},
						{
							"origin": [-4, 3, -4],
							"size": [8, 1, 1],
							"pivot": [3, 8, -3.5],
							"rotation": [-15, 0, 0],
							"uv": {
								"north": {"uv": [61, 0], "uv_size": [8, 1]},
								"east": {"uv": [14, 62], "uv_size": [1, 1]},
								"south": {"uv": [61, 1], "uv_size": [8, 1]},
								"west": {"uv": [24, 62], "uv_size": [1, 1]},
								"up": {"uv": [61, 2], "uv_size": [8, 1]},
								"down": {"uv": [61, 4], "uv_size": [8, -1]}
							}
						},
						{
							"origin": [-4, 4, -3],
							"size": [8, 10, 1],
							"pivot": [3, 8, -3.5],
							"rotation": [-15, 0, 0],
							"uv": {
								"north": {"uv": [30, 45], "uv_size": [8, 10]},
								"east": {"uv": [60, 0], "uv_size": [1, 10]},
								"south": {"uv": [38, 45], "uv_size": [8, 10]},
								"west": {"uv": [60, 10], "uv_size": [1, 10]},
								"up": {"uv": [61, 4], "uv_size": [8, 1]},
								"down": {"uv": [61, 6], "uv_size": [8, -1]}
							}
						},
						{
							"origin": [4, 1, -4],
							"size": [3, 15, 1],
							"pivot": [0, 8, -3.5],
							"rotation": [-15, 0, 0],
							"uv": {
								"north": {"uv": [3, 47], "uv_size": [3, 15]},
								"east": {"uv": [41, 58], "uv_size": [1, 15]},
								"south": {"uv": [6, 47], "uv_size": [3, 15]},
								"west": {"uv": [42, 58], "uv_size": [1, 15]},
								"up": {"uv": [61, 40], "uv_size": [3, 1]},
								"down": {"uv": [61, 42], "uv_size": [3, -1]}
							}
						},
						{
							"origin": [4.5, 5, -4.3],
							"size": [2, 1, 0.5],
							"pivot": [0, 8, -3.5],
							"rotation": [-15, 0, 0],
							"uv": {
								"north": {"uv": [16, 62], "uv_size": [2, 1]},
								"east": {"uv": [25, 62], "uv_size": [1, 1]},
								"south": {"uv": [18, 62], "uv_size": [2, 1]},
								"west": {"uv": [26, 62], "uv_size": [1, 1]},
								"up": {"uv": [20, 62], "uv_size": [2, 1]},
								"down": {"uv": [22, 63], "uv_size": [2, -1]}
							}
						},
						{
							"origin": [4.5, 7, -4.3],
							"size": [2, 1, 0.5],
							"pivot": [0, 8, -3.5],
							"rotation": [-15, 0, 0],
							"uv": {
								"north": {"uv": [16, 62], "uv_size": [2, 1]},
								"east": {"uv": [25, 62], "uv_size": [1, 1]},
								"south": {"uv": [18, 62], "uv_size": [2, 1]},
								"west": {"uv": [26, 62], "uv_size": [1, 1]},
								"up": {"uv": [20, 62], "uv_size": [2, 1]},
								"down": {"uv": [22, 63], "uv_size": [2, -1]}
							}
						},
						{
							"origin": [4.5, 9, -4.3],
							"size": [2, 1, 0.5],
							"pivot": [0, 8, -3.5],
							"rotation": [-15, 0, 0],
							"uv": {
								"north": {"uv": [16, 62], "uv_size": [2, 1]},
								"east": {"uv": [25, 62], "uv_size": [1, 1]},
								"south": {"uv": [18, 62], "uv_size": [2, 1]},
								"west": {"uv": [26, 62], "uv_size": [1, 1]},
								"up": {"uv": [20, 62], "uv_size": [2, 1]},
								"down": {"uv": [22, 63], "uv_size": [2, -1]}
							}
						},
						{
							"origin": [4.5, 11, -4.3],
							"size": [2, 1, 0.5],
							"pivot": [0, 8, -3.5],
							"rotation": [-15, 0, 0],
							"uv": {
								"north": {"uv": [16, 62], "uv_size": [2, 1]},
								"east": {"uv": [25, 62], "uv_size": [1, 1]},
								"south": {"uv": [18, 62], "uv_size": [2, 1]},
								"west": {"uv": [26, 62], "uv_size": [1, 1]},
								"up": {"uv": [20, 62], "uv_size": [2, 1]},
								"down": {"uv": [22, 63], "uv_size": [2, -1]}
							}
						},
						{
							"origin": [-6.5, 11, -4.3],
							"size": [2, 1, 0.5],
							"pivot": [0, 8, -3.5],
							"rotation": [-15, 0, 0],
							"uv": {
								"north": {"uv": [16, 62], "uv_size": [2, 1]},
								"east": {"uv": [25, 62], "uv_size": [1, 1]},
								"south": {"uv": [18, 62], "uv_size": [2, 1]},
								"west": {"uv": [26, 62], "uv_size": [1, 1]},
								"up": {"uv": [20, 62], "uv_size": [2, 1]},
								"down": {"uv": [22, 63], "uv_size": [2, -1]}
							}
						},
						{
							"origin": [-6.5, 9, -4.3],
							"size": [2, 1, 0.5],
							"pivot": [0, 8, -3.5],
							"rotation": [-15, 0, 0],
							"uv": {
								"north": {"uv": [16, 62], "uv_size": [2, 1]},
								"east": {"uv": [25, 62], "uv_size": [1, 1]},
								"south": {"uv": [18, 62], "uv_size": [2, 1]},
								"west": {"uv": [26, 62], "uv_size": [1, 1]},
								"up": {"uv": [20, 62], "uv_size": [2, 1]},
								"down": {"uv": [22, 63], "uv_size": [2, -1]}
							}
						},
						{
							"origin": [-6.5, 7, -4.3],
							"size": [2, 1, 0.5],
							"pivot": [0, 8, -3.5],
							"rotation": [-15, 0, 0],
							"uv": {
								"north": {"uv": [16, 62], "uv_size": [2, 1]},
								"east": {"uv": [25, 62], "uv_size": [1, 1]},
								"south": {"uv": [18, 62], "uv_size": [2, 1]},
								"west": {"uv": [26, 62], "uv_size": [1, 1]},
								"up": {"uv": [20, 62], "uv_size": [2, 1]},
								"down": {"uv": [22, 63], "uv_size": [2, -1]}
							}
						},
						{
							"origin": [-6.5, 5, -4.3],
							"size": [2, 1, 0.5],
							"pivot": [0, 8, -3.5],
							"rotation": [-15, 0, 0],
							"uv": {
								"north": {"uv": [16, 62], "uv_size": [2, 1]},
								"east": {"uv": [25, 62], "uv_size": [1, 1]},
								"south": {"uv": [18, 62], "uv_size": [2, 1]},
								"west": {"uv": [26, 62], "uv_size": [1, 1]},
								"up": {"uv": [20, 62], "uv_size": [2, 1]},
								"down": {"uv": [22, 63], "uv_size": [2, -1]}
							}
						},
						{
							"origin": [-8, 15, -8],
							"size": [16, 1, 16],
							"uv": {
								"north": {"uv": [30, 57], "uv_size": [16, 1]},
								"east": {"uv": [57, 35], "uv_size": [16, 1]},
								"south": {"uv": [57, 36], "uv_size": [16, 1]},
								"west": {"uv": [57, 37], "uv_size": [16, 1]},
								"up": {"uv": [0, 0], "uv_size": [16, 16]},
								"down": {"uv": [0, 32], "uv_size": [16, -16]}
							}
						},
						{
							"origin": [-10, 15, -9],
							"size": [20, 3, 1],
							"uv": {
								"north": {"uv": [46, 20], "uv_size": [20, 3]},
								"east": {"uv": [29, 60], "uv_size": [1, 3]},
								"south": {"uv": [46, 23], "uv_size": [20, 3]},
								"west": {"uv": [54, 61], "uv_size": [1, 3]},
								"up": {"uv": [52, 44], "uv_size": [20, 1]},
								"down": {"uv": [52, 46], "uv_size": [20, -1]}
							}
						},
						{
							"origin": [-10, -3, -9],
							"size": [20, 3, 1],
							"uv": {
								"north": {"uv": [46, 26], "uv_size": [20, 3]},
								"east": {"uv": [55, 61], "uv_size": [1, 3]},
								"south": {"uv": [46, 29], "uv_size": [20, 3]},
								"west": {"uv": [56, 61], "uv_size": [1, 3]},
								"up": {"uv": [52, 46], "uv_size": [20, 1]},
								"down": {"uv": [57, 35], "uv_size": [20, -1]}
							}
						},
						{
							"origin": [-8, 0, -8],
							"size": [1, 15, 16],
							"uv": {
								"north": {"uv": [43, 58], "uv_size": [1, 15]},
								"east": {"uv": [16, 0], "uv_size": [16, 15]},
								"south": {"uv": [44, 58], "uv_size": [1, 15]},
								"west": {"uv": [16, 15], "uv_size": [16, 15]},
								"up": {"uv": [15, 47], "uv_size": [1, 16]},
								"down": {"uv": [30, 74], "uv_size": [1, -16]}
							}
						},
						{
							"origin": [7, 0, -8],
							"size": [1, 15, 16],
							"uv": {
								"north": {"uv": [45, 58], "uv_size": [1, 15]},
								"east": {"uv": [16, 30], "uv_size": [16, 15]},
								"south": {"uv": [49, 58], "uv_size": [1, 15]},
								"west": {"uv": [0, 32], "uv_size": [16, 15]},
								"up": {"uv": [31, 58], "uv_size": [1, 16]},
								"down": {"uv": [32, 74], "uv_size": [1, -16]}
							}
						},
						{
							"origin": [7, 0, -9],
							"size": [3, 15, 1],
							"uv": {
								"north": {"uv": [9, 47], "uv_size": [3, 15]},
								"east": {"uv": [50, 58], "uv_size": [1, 15]},
								"south": {"uv": [12, 47], "uv_size": [3, 15]},
								"west": {"uv": [51, 58], "uv_size": [1, 15]},
								"up": {"uv": [57, 61], "uv_size": [3, 1]},
								"down": {"uv": [60, 62], "uv_size": [3, -1]}
							}
						},
						{
							"origin": [-10, 0, -9],
							"size": [3, 15, 1],
							"uv": {
								"north": {"uv": [46, 47], "uv_size": [3, 15]},
								"east": {"uv": [52, 58], "uv_size": [1, 15]},
								"south": {"uv": [49, 32], "uv_size": [3, 15]},
								"west": {"uv": [53, 58], "uv_size": [1, 15]},
								"up": {"uv": [0, 62], "uv_size": [3, 1]},
								"down": {"uv": [3, 63], "uv_size": [3, -1]}
							}
						},
						{
							"origin": [-7, 2, -9],
							"size": [14, 1, 5],
							"pivot": [0, 1, -7],
							"rotation": [20, 0, 0],
							"uv": {
								"north": {"uv": [59, 56], "uv_size": [14, 1]},
								"east": {"uv": [61, 7], "uv_size": [5, 1]},
								"south": {"uv": [59, 57], "uv_size": [14, 1]},
								"west": {"uv": [61, 8], "uv_size": [5, 1]},
								"up": {"uv": [46, 0], "uv_size": [14, 5]},
								"down": {"uv": [46, 10], "uv_size": [14, -5]}
							}
						},
						{
							"origin": [-7, 0, -9],
							"size": [14, 1, 5],
							"pivot": [0, 1, -7],
							"rotation": [20, 0, 0],
							"uv": {
								"north": {"uv": [59, 58], "uv_size": [14, 1]},
								"east": {"uv": [61, 9], "uv_size": [5, 1]},
								"south": {"uv": [59, 59], "uv_size": [14, 1]},
								"west": {"uv": [61, 10], "uv_size": [5, 1]},
								"up": {"uv": [46, 10], "uv_size": [14, 5]},
								"down": {"uv": [46, 20], "uv_size": [14, -5]}
							}
						},
						{
							"origin": [-7, 1, -9],
							"size": [5, 1, 5],
							"pivot": [0, 1, -7],
							"rotation": [20, 0, 0],
							"uv": {
								"north": {"uv": [61, 11], "uv_size": [5, 1]},
								"east": {"uv": [61, 12], "uv_size": [5, 1]},
								"south": {"uv": [61, 13], "uv_size": [5, 1]},
								"west": {"uv": [61, 14], "uv_size": [5, 1]},
								"up": {"uv": [52, 34], "uv_size": [5, 5]},
								"down": {"uv": [52, 44], "uv_size": [5, -5]}
							}
						},
						{
							"origin": [2, 1, -9],
							"size": [5, 1, 5],
							"pivot": [0, 1, -7],
							"rotation": [20, 0, 0],
							"uv": {
								"north": {"uv": [61, 15], "uv_size": [5, 1]},
								"east": {"uv": [16, 61], "uv_size": [5, 1]},
								"south": {"uv": [61, 16], "uv_size": [5, 1]},
								"west": {"uv": [61, 17], "uv_size": [5, 1]},
								"up": {"uv": [49, 53], "uv_size": [5, 5]},
								"down": {"uv": [54, 58], "uv_size": [5, -5]}
							}
						},
						{
							"origin": [-2, 1, -8.4],
							"size": [4, 1, 4],
							"pivot": [0, 1, -7],
							"rotation": [20, 0, 0],
							"uv": {
								"north": {"uv": [61, 18], "uv_size": [4, 1]},
								"east": {"uv": [61, 19], "uv_size": [4, 1]},
								"south": {"uv": [21, 61], "uv_size": [4, 1]},
								"west": {"uv": [25, 61], "uv_size": [4, 1]},
								"up": {"uv": [57, 38], "uv_size": [4, 4]},
								"down": {"uv": [33, 62], "uv_size": [4, -4]}
							}
						},
						{
							"origin": [-7, 0, -8],
							"size": [14, 2, 15],
							"uv": {
								"north": {"uv": [49, 51], "uv_size": [14, 2]},
								"east": {"uv": [49, 47], "uv_size": [15, 2]},
								"south": {"uv": [52, 32], "uv_size": [14, 2]},
								"west": {"uv": [49, 49], "uv_size": [15, 2]},
								"up": {"uv": [32, 30], "uv_size": [14, 15]},
								"down": {"uv": [16, 60], "uv_size": [14, -15]}
							}
						}
					]
				},
				{
					"name": "pad",
					"parent": "root",
					"pivot": [0.5, 1, -7],
					"cubes": [
						{
							"origin": [-2.5, 2.8, -8.2],
							"size": [5, 0.5, 3],
							"pivot": [0.5, 1, -7],
							"rotation": [20, 0, 0],
							"uv": {
								"north": {"uv": [24, 60], "uv_size": [5, 1]},
								"east": {"uv": [6, 62], "uv_size": [3, 1]},
								"south": {"uv": [61, 6], "uv_size": [5, 1]},
								"west": {"uv": [9, 62], "uv_size": [3, 1]},
								"up": {"uv": [54, 58], "uv_size": [5, 3]},
								"down": {"uv": [59, 56], "uv_size": [5, -3]}
							}
						},
						{
							"origin": [0.7, 3.3, -8.1],
							"size": [1.6, 0.1, 0.8],
							"pivot": [0.5, 1, -7],
							"rotation": [20, 0, 0],
							"uv": {
								"north": {"uv": [27, 62], "uv_size": [1, 1]},
								"east": {"uv": [28, 62], "uv_size": [1, 1]},
								"south": {"uv": [33, 62], "uv_size": [1, 1]},
								"west": {"uv": [34, 62], "uv_size": [1, 1]},
								"up": {"uv": [35, 62], "uv_size": [1, 1]},
								"down": {"uv": [36, 63], "uv_size": [1, -1]}
							}
						},
						{
							"origin": [-0.3, 3.3, -8.1],
							"size": [0.8, 0.1, 0.8],
							"pivot": [0.5, 1, -7],
							"rotation": [20, 0, 0],
							"uv": {
								"north": {"uv": [27, 62], "uv_size": [1, 1]},
								"east": {"uv": [28, 62], "uv_size": [1, 1]},
								"south": {"uv": [33, 62], "uv_size": [1, 1]},
								"west": {"uv": [34, 62], "uv_size": [1, 1]},
								"up": {"uv": [35, 62], "uv_size": [1, 1]},
								"down": {"uv": [36, 63], "uv_size": [1, -1]}
							}
						},
						{
							"origin": [-1.3, 3.3, -8.1],
							"size": [0.8, 0.1, 0.8],
							"pivot": [0.5, 1, -7],
							"rotation": [20, 0, 0],
							"uv": {
								"north": {"uv": [27, 62], "uv_size": [1, 1]},
								"east": {"uv": [28, 62], "uv_size": [1, 1]},
								"south": {"uv": [33, 62], "uv_size": [1, 1]},
								"west": {"uv": [34, 62], "uv_size": [1, 1]},
								"up": {"uv": [35, 62], "uv_size": [1, 1]},
								"down": {"uv": [36, 63], "uv_size": [1, -1]}
							}
						},
						{
							"origin": [-2.3, 3.3, -8.1],
							"size": [0.8, 0.1, 0.8],
							"pivot": [0.5, 1, -7],
							"rotation": [20, 0, 0],
							"uv": {
								"north": {"uv": [27, 62], "uv_size": [1, 1]},
								"east": {"uv": [28, 62], "uv_size": [1, 1]},
								"south": {"uv": [33, 62], "uv_size": [1, 1]},
								"west": {"uv": [34, 62], "uv_size": [1, 1]},
								"up": {"uv": [35, 62], "uv_size": [1, 1]},
								"down": {"uv": [36, 63], "uv_size": [1, -1]}
							}
						},
						{
							"origin": [-2.3, 3.3, -7.1],
							"size": [0.8, 0.1, 0.8],
							"pivot": [0.5, 1, -7],
							"rotation": [20, 0, 0],
							"uv": {
								"north": {"uv": [27, 62], "uv_size": [1, 1]},
								"east": {"uv": [28, 62], "uv_size": [1, 1]},
								"south": {"uv": [33, 62], "uv_size": [1, 1]},
								"west": {"uv": [34, 62], "uv_size": [1, 1]},
								"up": {"uv": [35, 62], "uv_size": [1, 1]},
								"down": {"uv": [36, 63], "uv_size": [1, -1]}
							}
						},
						{
							"origin": [-1.3, 3.3, -7.1],
							"size": [0.8, 0.1, 0.8],
							"pivot": [0.5, 1, -7],
							"rotation": [20, 0, 0],
							"uv": {
								"north": {"uv": [27, 62], "uv_size": [1, 1]},
								"east": {"uv": [28, 62], "uv_size": [1, 1]},
								"south": {"uv": [33, 62], "uv_size": [1, 1]},
								"west": {"uv": [34, 62], "uv_size": [1, 1]},
								"up": {"uv": [35, 62], "uv_size": [1, 1]},
								"down": {"uv": [36, 63], "uv_size": [1, -1]}
							}
						},
						{
							"origin": [-0.3, 3.3, -7.1],
							"size": [0.8, 0.1, 0.8],
							"pivot": [0.5, 1, -7],
							"rotation": [20, 0, 0],
							"uv": {
								"north": {"uv": [27, 62], "uv_size": [1, 1]},
								"east": {"uv": [28, 62], "uv_size": [1, 1]},
								"south": {"uv": [33, 62], "uv_size": [1, 1]},
								"west": {"uv": [34, 62], "uv_size": [1, 1]},
								"up": {"uv": [35, 62], "uv_size": [1, 1]},
								"down": {"uv": [36, 63], "uv_size": [1, -1]}
							}
						},
						{
							"origin": [0.7, 3.3, -7.1],
							"size": [1.6, 0.1, 0.8],
							"pivot": [0.5, 1, -7],
							"rotation": [20, 0, 0],
							"uv": {
								"north": {"uv": [27, 62], "uv_size": [1, 1]},
								"east": {"uv": [28, 62], "uv_size": [1, 1]},
								"south": {"uv": [33, 62], "uv_size": [1, 1]},
								"west": {"uv": [34, 62], "uv_size": [1, 1]},
								"up": {"uv": [35, 62], "uv_size": [1, 1]},
								"down": {"uv": [36, 63], "uv_size": [1, -1]}
							}
						},
						{
							"origin": [0.7, 3.3, -6.1],
							"size": [1.6, 0.1, 0.8],
							"pivot": [0.5, 1, -7],
							"rotation": [20, 0, 0],
							"uv": {
								"north": {"uv": [27, 62], "uv_size": [1, 1]},
								"east": {"uv": [28, 62], "uv_size": [1, 1]},
								"south": {"uv": [33, 62], "uv_size": [1, 1]},
								"west": {"uv": [34, 62], "uv_size": [1, 1]},
								"up": {"uv": [35, 62], "uv_size": [1, 1]},
								"down": {"uv": [36, 63], "uv_size": [1, -1]}
							}
						},
						{
							"origin": [-0.3, 3.3, -6.1],
							"size": [0.8, 0.1, 0.8],
							"pivot": [0.5, 1, -7],
							"rotation": [20, 0, 0],
							"uv": {
								"north": {"uv": [27, 62], "uv_size": [1, 1]},
								"east": {"uv": [28, 62], "uv_size": [1, 1]},
								"south": {"uv": [33, 62], "uv_size": [1, 1]},
								"west": {"uv": [34, 62], "uv_size": [1, 1]},
								"up": {"uv": [35, 62], "uv_size": [1, 1]},
								"down": {"uv": [36, 63], "uv_size": [1, -1]}
							}
						},
						{
							"origin": [-1.3, 3.3, -6.1],
							"size": [0.8, 0.1, 0.8],
							"pivot": [0.5, 1, -7],
							"rotation": [20, 0, 0],
							"uv": {
								"north": {"uv": [27, 62], "uv_size": [1, 1]},
								"east": {"uv": [28, 62], "uv_size": [1, 1]},
								"south": {"uv": [33, 62], "uv_size": [1, 1]},
								"west": {"uv": [34, 62], "uv_size": [1, 1]},
								"up": {"uv": [35, 62], "uv_size": [1, 1]},
								"down": {"uv": [36, 63], "uv_size": [1, -1]}
							}
						},
						{
							"origin": [-2.3, 3.3, -6.1],
							"size": [0.8, 0.1, 0.8],
							"pivot": [0.5, 1, -7],
							"rotation": [20, 0, 0],
							"uv": {
								"north": {"uv": [27, 62], "uv_size": [1, 1]},
								"east": {"uv": [28, 62], "uv_size": [1, 1]},
								"south": {"uv": [33, 62], "uv_size": [1, 1]},
								"west": {"uv": [34, 62], "uv_size": [1, 1]},
								"up": {"uv": [35, 62], "uv_size": [1, 1]},
								"down": {"uv": [36, 63], "uv_size": [1, -1]}
							}
						}
					]
				},
				{
					"name": "text",
					"parent": "root",
					"pivot": [1.25, 1.01704, -5.52941]
				},
				{
					"name": "a",
					"parent": "text",
					"pivot": [2.75, 15.01704, 0.97059],
					"cubes": [
						{
							"origin": [-3.25, 15.01704, -9.52941],
							"size": [0.5, 1.5, 0.5],
							"uv": {
								"north": {"uv": [0, 127.5], "uv_size": [0.5, 0.5]},
								"east": {"uv": [0, 127.5], "uv_size": [0.5, 0.5]},
								"south": {"uv": [0, 127.5], "uv_size": [0.5, 0.5]},
								"west": {"uv": [0, 127.5], "uv_size": [0.5, 0.5]},
								"down": {"uv": [0.5, 128], "uv_size": [-0.5, -0.5]}
							}
						},
						{
							"origin": [-2.25, 15.01704, -9.52941],
							"size": [0.5, 1.5, 0.5],
							"uv": {
								"north": {"uv": [0, 127.5], "uv_size": [0.5, 0.5]},
								"east": {"uv": [0, 127.5], "uv_size": [0.5, 0.5]},
								"south": {"uv": [0, 127.5], "uv_size": [0.5, 0.5]},
								"west": {"uv": [0, 127.5], "uv_size": [0.5, 0.5]},
								"down": {"uv": [0.5, 128], "uv_size": [-0.5, -0.5]}
							}
						},
						{
							"origin": [-2.75, 15.51704, -9.52941],
							"size": [0.5, 0.5, 0.5],
							"uv": {
								"north": {"uv": [0, 127.5], "uv_size": [0.5, 0.5]},
								"south": {"uv": [0, 127.5], "uv_size": [0.5, 0.5]},
								"up": {"uv": [0.5, 128], "uv_size": [-0.5, -0.5]},
								"down": {"uv": [0.5, 128], "uv_size": [-0.5, -0.5]}
							}
						},
						{
							"origin": [-3.25, 16.51704, -9.52941],
							"size": [1.5, 0.5, 0.5],
							"uv": {
								"north": {"uv": [0, 127.5], "uv_size": [0.5, 0.5]},
								"east": {"uv": [0, 127.5], "uv_size": [0.5, 0.5]},
								"south": {"uv": [0, 127.5], "uv_size": [0.5, 0.5]},
								"west": {"uv": [0, 127.5], "uv_size": [0.5, 0.5]},
								"up": {"uv": [0.5, 128], "uv_size": [-0.5, -0.5]},
								"down": {"uv": [0.5, 128], "uv_size": [-0.5, -0.5]}
							}
						}
					]
				},
				{
					"name": "t",
					"parent": "text",
					"pivot": [4.75, 15.01704, 0.97059],
					"cubes": [
						{
							"origin": [-0.75, 15.01704, -9.52941],
							"size": [0.5, 1.5, 0.5],
							"uv": {
								"north": {"uv": [0, 127.5], "uv_size": [0.5, 0.5]},
								"east": {"uv": [0, 127.5], "uv_size": [0.5, 0.5]},
								"south": {"uv": [0, 127.5], "uv_size": [0.5, 0.5]},
								"west": {"uv": [0, 127.5], "uv_size": [0.5, 0.5]},
								"down": {"uv": [0.5, 128], "uv_size": [-0.5, -0.5]}
							}
						},
						{
							"origin": [-1.25, 16.51704, -9.52941],
							"size": [1.5, 0.5, 0.5],
							"uv": {
								"north": {"uv": [0, 127.5], "uv_size": [0.5, 0.5]},
								"east": {"uv": [0, 127.5], "uv_size": [0.5, 0.5]},
								"south": {"uv": [0, 127.5], "uv_size": [0.5, 0.5]},
								"west": {"uv": [0, 127.5], "uv_size": [0.5, 0.5]},
								"up": {"uv": [0.5, 128], "uv_size": [-0.5, -0.5]},
								"down": {"uv": [0.5, 128], "uv_size": [-0.5, -0.5]}
							}
						}
					]
				},
				{
					"name": "m",
					"parent": "text",
					"pivot": [6.75, 15.01704, 0.97059],
					"cubes": [
						{
							"origin": [0.75, 15.01704, -9.52941],
							"size": [0.5, 1.5, 0.5],
							"uv": {
								"north": {"uv": [0, 127.5], "uv_size": [0.5, 0.5]},
								"east": {"uv": [0, 127.5], "uv_size": [0.5, 0.5]},
								"south": {"uv": [0, 127.5], "uv_size": [0.5, 0.5]},
								"west": {"uv": [0, 127.5], "uv_size": [0.5, 0.5]},
								"down": {"uv": [0.5, 128], "uv_size": [-0.5, -0.5]}
							}
						},
						{
							"origin": [2.75, 15.01704, -9.52941],
							"size": [0.5, 1.5, 0.5],
							"uv": {
								"north": {"uv": [0, 127.5], "uv_size": [0.5, 0.5]},
								"east": {"uv": [0, 127.5], "uv_size": [0.5, 0.5]},
								"south": {"uv": [0, 127.5], "uv_size": [0.5, 0.5]},
								"west": {"uv": [0, 127.5], "uv_size": [0.5, 0.5]},
								"down": {"uv": [0.5, 128], "uv_size": [-0.5, -0.5]}
							}
						},
						{
							"origin": [1.75, 15.01704, -9.52941],
							"size": [0.5, 1.5, 0.5],
							"uv": {
								"north": {"uv": [0, 127.5], "uv_size": [0.5, 0.5]},
								"east": {"uv": [0, 127.5], "uv_size": [0.5, 0.5]},
								"south": {"uv": [0, 127.5], "uv_size": [0.5, 0.5]},
								"west": {"uv": [0, 127.5], "uv_size": [0.5, 0.5]},
								"down": {"uv": [0.5, 128], "uv_size": [-0.5, -0.5]}
							}
						},
						{
							"origin": [0.75, 16.51704, -9.52941],
							"size": [2.5, 0.5, 0.5],
							"uv": {
								"north": {"uv": [0, 127.5], "uv_size": [0.5, 0.5]},
								"east": {"uv": [0, 127.5], "uv_size": [0.5, 0.5]},
								"south": {"uv": [0, 127.5], "uv_size": [0.5, 0.5]},
								"west": {"uv": [0, 127.5], "uv_size": [0.5, 0.5]},
								"up": {"uv": [0.5, 128], "uv_size": [-0.5, -0.5]},
								"down": {"uv": [0.5, 128], "uv_size": [-0.5, -0.5]}
							}
						}
					]
				}
			]
		}
	]
}