{
  "resource_pack_name": "vanilla",
  "texture_name": "atlas.items",
  "texture_data": {
    "a_phone1": {
      "textures": "textures/items/pamobile/a_phone1"
    },
    "a_phone2": {
      "textures": "textures/items/pamobile/a_phone2"
    },
    "a_phone3": {
      "textures": "textures/items/pamobile/a_phone3"
    },
    "a_phone4": {
      "textures": "textures/items/pamobile/a_phone4"
    },
    "a_phone6": {
      "textures": "textures/items/pamobile/a_phone6"
    },
    "a_phone5": {
      "textures": "textures/items/pamobile/a_phone5"
    }
  }
}