{"format_version":"1.21.20","minecraft:block":{"description":{"identifier":"md3:6_wall_dark_md3","menu_category":{"category":"items","group":"itemGroup.name.number"},"traits":{"minecraft:placement_direction":{"enabled_states":["minecraft:cardinal_direction"]}}},"permutations":[{"condition":"q.block_state('minecraft:cardinal_direction') == 'north'","components":{"minecraft:transformation":{"rotation":[0,180,0]}}},{"condition":"q.block_state('minecraft:cardinal_direction') == 'south'","components":{"minecraft:transformation":{"rotation":[0,0,0]}}},{"condition":"q.block_state('minecraft:cardinal_direction') == 'east'","components":{"minecraft:transformation":{"rotation":[0,90,0]}}},{"condition":"q.block_state('minecraft:cardinal_direction') == 'west'","components":{"minecraft:transformation":{"rotation":[0,-90,0]}}}],"components":{"tag:6_wall_dark_md3":{},"minecraft:geometry":"geometry.number_6_mdplus","minecraft:material_instances":{"*":{"texture":"concrete_black_md","render_method":"opaque"}},"minecraft:collision_box":{"origin":[-8,0,-8],"size":[0,0,0]},"minecraft:selection_box":{"origin":[-8,0,6],"size":[16,16,2]},"minecraft:light_dampening":0,"minecraft:light_emission":0}}}