{"format_version":"1.21.20","minecraft:block":{"description":{"identifier":"md3:ac_central_outdoor_md3","menu_category":{"category":"items","group":"itemGroup.name.ac_outdoor"},"traits":{"minecraft:placement_direction":{"enabled_states":["minecraft:cardinal_direction"]}}},"permutations":[{"condition":"q.block_state('minecraft:cardinal_direction') == 'north'","components":{"minecraft:transformation":{"rotation":[0,180,0]}}},{"condition":"q.block_state('minecraft:cardinal_direction') == 'south'","components":{"minecraft:transformation":{"rotation":[0,0,0]}}},{"condition":"q.block_state('minecraft:cardinal_direction') == 'east'","components":{"minecraft:transformation":{"rotation":[0,90,0]}}},{"condition":"q.block_state('minecraft:cardinal_direction') == 'west'","components":{"minecraft:transformation":{"rotation":[0,-90,0]}}}],"components":{"tag:ac_central_outdoor_md3":{},"minecraft:geometry":"geometry.ac_central_outdoor_mdplus","minecraft:material_instances":{"*":{"texture":"metal_dark_rusted_md","render_method":"opaque"},"1":{"texture":"ac_central_outdoor","render_method":"opaque"}},"minecraft:collision_box":{"origin":[-8,0,-8],"size":[16,16,16]},"minecraft:selection_box":{"origin":[-8,0,-8],"size":[16,16,16]},"minecraft:light_dampening":0,"minecraft:light_emission":0}}}