{"format_version":"1.21.20","minecraft:block":{"description":{"identifier":"md2:ac_indoor_2_md2","menu_category":{"category":"items","group":"itemGroup.name.ac_indoor"},"traits":{"minecraft:placement_direction":{"enabled_states":["minecraft:cardinal_direction"]}}},"permutations":[{"condition":"q.block_state('minecraft:cardinal_direction') == 'north'","components":{"minecraft:transformation":{"rotation":[0,180,0]}}},{"condition":"q.block_state('minecraft:cardinal_direction') == 'south'","components":{"minecraft:transformation":{"rotation":[0,0,0]}}},{"condition":"q.block_state('minecraft:cardinal_direction') == 'east'","components":{"minecraft:transformation":{"rotation":[0,90,0]}}},{"condition":"q.block_state('minecraft:cardinal_direction') == 'west'","components":{"minecraft:transformation":{"rotation":[0,-90,0]}}}],"components":{"tag:ac_indoor_2_md2":{},"minecraft:geometry":"geometry.ac_md3","minecraft:material_instances":{"*":{"texture":"concrete_white_md","render_method":"opaque"},"ac":{"texture":"ac","render_method":"opaque","ambient_occlusion":false,"face_dimming":false}},"minecraft:collision_box":{"origin":[-8,0,2],"size":[16,13,6]},"minecraft:selection_box":{"origin":[-8,0,2],"size":[16,13,6]},"minecraft:light_dampening":0,"minecraft:light_emission":0}}}