{"format_version":"1.21.20","minecraft:block":{"description":{"identifier":"md2:ac_outdoor_md2","menu_category":{"category":"items","group":"itemGroup.name.ac_outdoor"},"traits":{"minecraft:placement_direction":{"enabled_states":["minecraft:cardinal_direction"]}}},"permutations":[{"condition":"q.block_state('minecraft:cardinal_direction') == 'north'","components":{"minecraft:transformation":{"rotation":[0,180,0]}}},{"condition":"q.block_state('minecraft:cardinal_direction') == 'south'","components":{"minecraft:transformation":{"rotation":[0,0,0]}}},{"condition":"q.block_state('minecraft:cardinal_direction') == 'east'","components":{"minecraft:transformation":{"rotation":[0,90,0]}}},{"condition":"q.block_state('minecraft:cardinal_direction') == 'west'","components":{"minecraft:transformation":{"rotation":[0,-90,0]}}}],"components":{"tag:ac_outdoor_md2":{},"minecraft:geometry":"geometry.outdoor_ac_md3","minecraft:material_instances":{"*":{"texture":"ac_outdoor","render_method":"opaque"},"metal_gray_md":{"texture":"metal_gray_md","render_method":"opaque"},"metal_dark_rusted_md":{"texture":"metal_dark_rusted_md","render_method":"opaque"}},"minecraft:collision_box":{"origin":[-8,0,0],"size":[16,14,8]},"minecraft:selection_box":{"origin":[-8,0,0],"size":[16,14,8]},"minecraft:light_dampening":0,"minecraft:light_emission":0}}}