{"format_version":"1.21.20","minecraft:block":{"description":{"identifier":"md3:ac_standing_md3","menu_category":{"category":"items","group":"itemGroup.name.ac_indoor"},"traits":{"minecraft:placement_direction":{"enabled_states":["minecraft:cardinal_direction"]}}},"permutations":[{"condition":"q.block_state('minecraft:cardinal_direction') == 'north'","components":{"minecraft:transformation":{"rotation":[0,180,0]}}},{"condition":"q.block_state('minecraft:cardinal_direction') == 'south'","components":{"minecraft:transformation":{"rotation":[0,0,0]}}},{"condition":"q.block_state('minecraft:cardinal_direction') == 'east'","components":{"minecraft:transformation":{"rotation":[0,90,0]}}},{"condition":"q.block_state('minecraft:cardinal_direction') == 'west'","components":{"minecraft:transformation":{"rotation":[0,-90,0]}}}],"components":{"tag:ac_standing_md3":{},"minecraft:geometry":"geometry.ac_standing_mdplus","minecraft:material_instances":{"*":{"texture":"ac_standing","render_method":"opaque"}},"minecraft:collision_box":{"origin":[-7,0,2],"size":[14,16,6]},"minecraft:selection_box":{"origin":[-7,0,2],"size":[14,16,6]},"minecraft:light_dampening":0,"minecraft:light_emission":2}}}