{"format_version":"1.21.50","minecraft:block":{"description":{"identifier":"md2:acoustic_panel_vertical_brown_md2","menu_category":{"category":"items","group":"itemGroup.name.acoustic_panel"},"traits":{"minecraft:placement_direction":{"enabled_states":["minecraft:cardinal_direction"]}},"states":{"md:in_right":[false,true],"md:in_left":[false,true],"md:out":[false,true]}},"permutations":[{"condition":"q.block_state('md:in_left') || q.block_state('md:in_right') || q.block_state('md:out')","components":{"minecraft:geometry":{"identifier":"geometry.acoustic_panel_ver_md3","bone_visibility":{"main":true,"out":"q.block_state('md:out') && !q.block_state('md:in_right')","outs":"q.block_state('md:out') && q.block_state('md:in_right')","in_right":"q.block_state('md:in_right')","in_left":"q.block_state('md:in_left')"}}}},{"condition":"q.block_state('md:in_right') || q.block_state('md:in_left')","components":{"minecraft:collision_box":true,"minecraft:selection_box":true}},{"condition":"q.block_state('minecraft:cardinal_direction') == 'north'","components":{"minecraft:transformation":{"rotation":[0,180,0]}}},{"condition":"q.block_state('minecraft:cardinal_direction') == 'east'","components":{"minecraft:transformation":{"rotation":[0,90,0]}}},{"condition":"q.block_state('minecraft:cardinal_direction') == 'west'","components":{"minecraft:transformation":{"rotation":[0,-90,0]}}}],"components":{"tag:acoustic_panel_vertical_brown_md2":{},"minecraft:geometry":{"identifier":"geometry.acoustic_panel_ver_md3","bone_visibility":{"main":true,"out":false,"outs":false,"in_right":false,"in_left":false}},"minecraft:material_instances":{"*":{"texture":"wood_brown_md"}},"minecraft:collision_box":{"origin":[-8,0,6],"size":[16,16,2]},"minecraft:selection_box":{"origin":[-8,0,6],"size":[16,16,2]},"minecraft:light_dampening":0,"minecraft:light_emission":0,"minecraft:custom_components":["md:acoustic_horizontal_place","md:acoustic_horizontal_break"]}}}