{"format_version":"1.21.20","minecraft:block":{"description":{"identifier":"md3:air_fryer_dark_md3","menu_category":{"category":"items","group":"itemGroup.name.kitchen"},"traits":{"minecraft:placement_direction":{"enabled_states":["minecraft:cardinal_direction"]}}},"permutations":[{"condition":"q.block_state('minecraft:cardinal_direction') == 'north'","components":{"minecraft:transformation":{"rotation":[0,180,0]}}},{"condition":"q.block_state('minecraft:cardinal_direction') == 'south'","components":{"minecraft:transformation":{"rotation":[0,0,0]}}},{"condition":"q.block_state('minecraft:cardinal_direction') == 'east'","components":{"minecraft:transformation":{"rotation":[0,90,0]}}},{"condition":"q.block_state('minecraft:cardinal_direction') == 'west'","components":{"minecraft:transformation":{"rotation":[0,-90,0]}}}],"components":{"tag:air_fryer_dark_md3":{},"minecraft:geometry":"geometry.air_fryer_mdplus","minecraft:material_instances":{"*":{"texture":"air_fryer_dark","render_method":"opaque"},"1":{"texture":"metal_white_md","render_method":"opaque"},"2":{"texture":"metal_dark_md","render_method":"opaque"}},"minecraft:collision_box":{"origin":[-4,0,-8],"size":[8,11,16]},"minecraft:selection_box":{"origin":[-4,0,-8],"size":[8,11,16]},"minecraft:light_dampening":0,"minecraft:light_emission":0}}}