{"format_version":"1.21.20","minecraft:block":{"description":{"identifier":"md3:arcade_yellow_md3","menu_category":{"category":"items","group":"itemGroup.name.md3"},"traits":{"minecraft:placement_direction":{"enabled_states":["minecraft:cardinal_direction"]}},"states":{"md:top":[0,1],"md:bottom":[0,1]}},"permutations":[{"condition":"q.block_state('minecraft:cardinal_direction') == 'north'","components":{"minecraft:transformation":{"rotation":[0,180,0]}}},{"condition":"q.block_state('minecraft:cardinal_direction') == 'south'","components":{"minecraft:transformation":{"rotation":[0,0,0]}}},{"condition":"q.block_state('minecraft:cardinal_direction') == 'east'","components":{"minecraft:transformation":{"rotation":[0,90,0]}}},{"condition":"q.block_state('minecraft:cardinal_direction') == 'west'","components":{"minecraft:transformation":{"rotation":[0,-90,0]}}},{"condition":"(q.block_state('md:bottom') && !q.block_state('md:top'))","components":{"minecraft:geometry":{"identifier":"geometry.arcade_machine_mdplus","bone_visibility":{"bottom":false,"top":true}}}},{"condition":"(q.block_state('md:bottom') && q.block_state('md:top'))","components":{"minecraft:geometry":{"identifier":"geometry.arcade_machine_mdplus","bone_visibility":{"bottom":true,"top":false}}}},{"condition":"(!q.block_state('md:bottom') && q.block_state('md:top'))","components":{"minecraft:geometry":{"identifier":"geometry.arcade_machine_mdplus","bone_visibility":{"bottom":true,"top":false}}}}],"components":{"tag:arcade_yellow_md3":{},"minecraft:geometry":{"identifier":"geometry.arcade_machine_mdplus","bone_visibility":{"bottom":false,"top":true}},"minecraft:material_instances":{"1":{"texture":"arcade_machine_yellow","render_method":"opaque","ambient_occlusion":false,"face_dimming":false},"2":{"texture":"metal_gray_md","render_method":"opaque"},"3":{"texture":"concrete_red_md","render_method":"opaque"},"4":{"texture":"concrete_green_md","render_method":"opaque"},"5":{"texture":"concrete_light_blue_md","render_method":"opaque"},"*":{"texture":"concrete_yellow_md","render_method":"opaque"}},"minecraft:collision_box":{"origin":[-8,0,-8],"size":[16,16,16]},"minecraft:selection_box":{"origin":[-8,0,-8],"size":[16,16,16]},"minecraft:light_dampening":0,"minecraft:light_emission":9,"minecraft:custom_components":["md:vertical_connected","md:vertical_destroy"]}}}