{"format_version":"1.21.20","minecraft:block":{"description":{"identifier":"md2:atm_white_md2","menu_category":{"category":"items","group":"itemGroup.name.md2"},"traits":{"minecraft:placement_direction":{"enabled_states":["minecraft:cardinal_direction"]}},"states":{"md:top":[0,1],"md:bottom":[0,1]}},"permutations":[{"condition":"q.block_state('minecraft:cardinal_direction') == 'north'","components":{"minecraft:transformation":{"rotation":[0,180,0]}}},{"condition":"q.block_state('minecraft:cardinal_direction') == 'south'","components":{"minecraft:transformation":{"rotation":[0,0,0]}}},{"condition":"q.block_state('minecraft:cardinal_direction') == 'east'","components":{"minecraft:transformation":{"rotation":[0,90,0]}}},{"condition":"q.block_state('minecraft:cardinal_direction') == 'west'","components":{"minecraft:transformation":{"rotation":[0,-90,0]}}},{"condition":"(q.block_state('md:bottom') && !q.block_state('md:top'))","components":{"minecraft:geometry":{"identifier":"geometry.atm_md3","bone_visibility":{"bottom":false,"top":true}}}},{"condition":"(q.block_state('md:bottom') && q.block_state('md:top'))","components":{"minecraft:geometry":{"identifier":"geometry.atm_md3","bone_visibility":{"bottom":true,"top":false}}}},{"condition":"(!q.block_state('md:bottom') && q.block_state('md:top'))","components":{"minecraft:geometry":{"identifier":"geometry.atm_md3","bone_visibility":{"bottom":true,"top":false}}}}],"components":{"tag:atm_white_md2":{},"minecraft:geometry":{"identifier":"geometry.atm_md3","bone_visibility":{"bottom":false,"top":true}},"minecraft:material_instances":{"*":{"texture":"concrete_white_md","render_method":"opaque"},"1":{"texture":"atm_white","render_method":"opaque","ambient_occlusion":false,"face_dimming":false}},"minecraft:collision_box":{"origin":[-8,0,-8],"size":[16,16,16]},"minecraft:selection_box":{"origin":[-8,0,-8],"size":[16,16,16]},"minecraft:light_dampening":0,"minecraft:light_emission":3,"minecraft:custom_components":["md:vertical_connected","md:vertical_destroy"]}}}