{"format_version":"1.21.20","minecraft:block":{"description":{"identifier":"md2:bar_stool_dark_md2","menu_category":{"category":"items","group":"itemGroup.name.bar_stool"},"traits":{"minecraft:placement_direction":{"enabled_states":["minecraft:cardinal_direction"]}},"states":{"md:half_direction":[false,true]}},"permutations":[{"condition":"q.block_state('minecraft:cardinal_direction') == 'north'","components":{"minecraft:transformation":{"rotation":[0,180,0]}}},{"condition":"q.block_state('minecraft:cardinal_direction') == 'east'","components":{"minecraft:transformation":{"rotation":[0,90,0]}}},{"condition":"q.block_state('minecraft:cardinal_direction') == 'west'","components":{"minecraft:transformation":{"rotation":[0,-90,0]}}}],"components":{"tag:bar_stool_dark_md2":{},"minecraft:geometry":{"identifier":"geometry.bar_stool_md3","bone_visibility":{"main":"!q.block_state('md:half_direction')","main2":"q.block_state('md:half_direction')"}},"minecraft:material_instances":{"*":{"texture":"wood_brown_md","render_method":"opaque"},"1":{"texture":"concrete_gray_md","render_method":"opaque"}},"minecraft:collision_box":{"origin":[-4,0,-4],"size":[8,11,8]},"minecraft:selection_box":{"origin":[-4,0,-4],"size":[8,11,8]},"minecraft:light_dampening":0,"minecraft:light_emission":0,"minecraft:custom_components":["md:half_direction","md:sit"]}}}