{"format_version":"1.21.20","minecraft:block":{"description":{"identifier":"md3:bar_stool_3_red_md3","menu_category":{"category":"items","group":"itemGroup.name.chair"},"traits":{"minecraft:placement_direction":{"enabled_states":["minecraft:cardinal_direction"]}},"states":{"md:half_direction":[false,true]}},"permutations":[{"condition":"q.block_state('minecraft:cardinal_direction') == 'north'","components":{"minecraft:transformation":{"rotation":[0,180,0]}}},{"condition":"q.block_state('minecraft:cardinal_direction') == 'east'","components":{"minecraft:transformation":{"rotation":[0,90,0]}}},{"condition":"q.block_state('minecraft:cardinal_direction') == 'west'","components":{"minecraft:transformation":{"rotation":[0,-90,0]}}}],"components":{"tag:bar_stool_3_red_md3":{},"minecraft:geometry":{"identifier":"geometry.bar_stool_type_2_mdplus","bone_visibility":{"main":"!q.block_state('md:half_direction')","main2":"q.block_state('md:half_direction')"}},"minecraft:material_instances":{"*":{"texture":"metal_gray_md","render_method":"opaque"},"1":{"texture":"concrete_red_md","render_method":"opaque"}},"minecraft:collision_box":{"origin":[-8,0,-8],"size":[16,12,16]},"minecraft:selection_box":{"origin":[-3.5,0,-4],"size":[7,13,8]},"minecraft:light_dampening":0,"minecraft:light_emission":0,"minecraft:custom_components":["md:half_direction","md:sit"]}}}