{"format_version":"1.21.20","minecraft:block":{"description":{"identifier":"md2:basket_brown_md2","menu_category":{"category":"items","group":"itemGroup.name.basket"},"traits":{"minecraft:placement_direction":{"enabled_states":["minecraft:cardinal_direction"]}},"states":{"md:inout":[0,1]}},"permutations":[{"condition":"q.block_state('md:inout') == 0","components":{"minecraft:geometry":{"identifier":"geometry.basket_md3","bone_visibility":{"main":true,"in":false}},"minecraft:collision_box":{"origin":[-8,0,-8],"size":[0,0,0]},"minecraft:selection_box":{"origin":[-6,0,-6],"size":[12,10,12]}}},{"condition":"q.block_state('md:inout') == 1","components":{"minecraft:geometry":{"identifier":"geometry.basket_md3","bone_visibility":{"main":false,"in":true}},"minecraft:collision_box":{"origin":[-8,0,-8],"size":[0,0,0]},"minecraft:selection_box":{"origin":[-8,0,5],"size":[16,16,3]}}},{"condition":"q.block_state('minecraft:cardinal_direction') == 'north'","components":{"minecraft:transformation":{"rotation":[0,180,0]}}},{"condition":"q.block_state('minecraft:cardinal_direction') == 'south'","components":{"minecraft:transformation":{"rotation":[0,0,0]}}},{"condition":"q.block_state('minecraft:cardinal_direction') == 'east'","components":{"minecraft:transformation":{"rotation":[0,90,0]}}},{"condition":"q.block_state('minecraft:cardinal_direction') == 'west'","components":{"minecraft:transformation":{"rotation":[0,-90,0]}}}],"components":{"tag:basket_brown_md2":{},"minecraft:geometry":"geometry.basket_md3","minecraft:material_instances":{"*":{"texture":"wood_brown_md","render_method":"opaque"},"1":{"texture":"fabric_brown_md","render_method":"opaque"}},"minecraft:light_dampening":0,"minecraft:light_emission":0,"minecraft:custom_components":["md:push_0"]}}}