{
  "format_version": "1.10.0",
  "minecraft:attachable": {
    "description": {
      "identifier": "seal:high_school_white_coat.player",
      "item": {
        "seal:high_school_white_coat": "query.owner_identifier == 'minecraft:player'"
      },
      "materials": {
        "default": "armor",
        "enchanted": "armor_enchanted"
      },
      "textures": {
        "default": "textures/entity/pamobile/seal_high_school_white_coat",
        "enchanted": "textures/misc/enchanted_item_glint"
      },
      "geometry": {
        "default": "geometry.seal_high_school_white_coat"
      },
      "scripts": {
        "parent_setup": "variable.chest_layer_visible = 0.0;"
      },
      "render_controllers": [
        "controller.render.armor"
      ]
    }
  }
}