{
	"format_version": "1.8.0",
	"animations": {
		"animation.player.sleepdeath": {
			"loop": "hold_on_last_frame",
			"override_previous_animation": true,
			"animation_length": 600.75,
			"bones": {
				"root": {
					"rotation": [
						-90,
						0,
						0
					],
					"position": [
						0,
						1.8,
						-11.8
					]
				},
				"head": {
					"rotation": [
						0,
						30,
						0
					]
				},
				"leftArm": {
					"rotation": [
						1.75088,
						-22.38696,
						-47.99119
					]
				},
				"rightArm": {
					"rotation": [
						0,
						15,
						37.5
					]
				},
				"rightLeg": {
					"rotation": [
						0,
						0,
						7.5
					]
				},
				"leftLeg": {
					"rotation": [
						0,
						-7.5,
						-27.5
					]
				}
			}
		}
	}
}