{
	"format_version": "1.8.0",
	"animations": {
		"animation.player.hug": {
			"override_previous_animation": true,
			"animation_length": 300.41667,
			"bones": {
				"leftArm": {
					"rotation": {
						"0.0": [
							0,
							0,
							0
						],
						"0.3333": [
							-90,
							-70,
							0
						],
						"0.7083": [
							-90,
							-20,
							0
						]
					},
					"position": [
						0,
						0,
						0
					]
				},
				"rightArm": {
					"rotation": {
						"0.0": [
							0,
							0,
							0
						],
						"0.3333": [
							-90,
							70,
							0
						],
						"0.7083": [
							-90,
							12.5,
							0
						]
					},
					"position": [
						0,
						0,
						0
					]
				}
			}
		},
		"animation.player.sit3": {
			"override_previous_animation": true,
			"animation_length": 300.20833,
			"bones": {
				"root": {
					"position": {
						"0.0": [
							0,
							0,
							0
						],
						"0.2083": [
							0,
							-10,
							0
						]
					}
				},
				"body": {
					"rotation": {
						"0.0": [
							0,
							0,
							0
						],
						"0.2083": [
							20,
							0,
							0
						]
					},
					"position": {
						"0.0": [
							0,
							0,
							0
						],
						"0.2083": [
							0,
							-1,
							3
						]
					}
				},
				"head": {
					"rotation": {
						"0.0": [
							0,
							0,
							0
						],
						"0.2083": [
							0,
							0,
							0
						]
					}
				},
				"leftArm": {
					"rotation": {
						"0.0": [
							0,
							0,
							0
						],
						"0.2083": [
							-40.89339,
							20.70481,
							22.20765
						]
					},
					"position": {
						"0.0": [
							0,
							0,
							0
						],
						"0.2083": [
							0,
							-1,
							0
						]
					}
				},
				"rightArm": {
					"rotation": {
						"0.0": [
							0,
							0,
							0
						],
						"0.2083": [
							-40.89339,
							-20.70481,
							-22.20765
						]
					},
					"position": {
						"0.0": [
							0,
							0,
							0
						],
						"0.2083": [
							0,
							-1,
							0
						]
					}
				},
				"leftLeg": {
					"rotation": {
						"0.0": [
							0,
							0,
							0
						],
						"0.2083": [
							84.07764,
							32.36121,
							-3.17805
						]
					}
				},
				"rightLeg": {
					"rotation": {
						"0.0": [
							0,
							0,
							0
						],
						"0.2083": [
							84.07764,
							-32.36121,
							3.17805
						]
					}
				}
			}
		},
		"animation.player.pointright": {
			"override_previous_animation": true,
			"animation_length": 300.70833,
			"bones": {
				"rightArm": {
					"rotation": {
						"0.0": [
							0,
							0,
							0
						],
						"0.1667": [
							-90,
							0,
							0
						]
					},
					"position": [
						0,
						0,
						0
					]
				}
			}
		},
		"animation.player.pointleft": {
			"override_previous_animation": true,
			"animation_length": 300.70833,
			"bones": {
				"leftArm": {
					"rotation": {
						"0.0": [
							0,
							0,
							0
						],
						"0.1667": [
							-90,
							0,
							0
						]
					}
				}
			}
		},
		"animation.player.sleep": {
			"override_previous_animation": true,
			"animation_length": 300.54167,
			"bones": {
				"root": {
					"rotation": [
						-90,
						0,
						0
					],
					"position": [
						0,
						2,
						-12
					]
				},
				"head": {
					"rotation": {
						"0.0": [
							0,
							0,
							-1
						],
						"38.8333": [
							0,
							0,
							0
						]
					},
					"position": {
						"0.0": [
							0,
							0,
							0
						],
						"38.8333": [
							0,
							0,
							0
						]
					}
				},
				"leftArm": {
					"rotation": {
						"0.0": [
							0,
							0,
							-32.5
						],
						"38.8333": [
							0,
							0,
							-32.5
						]
					},
					"position": {
						"0.0": [
							0,
							0,
							0
						],
						"38.8333": [
							0,
							0,
							0
						]
					}
				},
				"rightArm": {
					"rotation": {
						"0.0": [
							0,
							0,
							42.5
						],
						"38.8333": [
							0,
							0,
							42.5
						]
					}
				},
				"leftLeg": {
					"rotation": [
						0,
						0,
						-7.5
					]
				},
				"rightLeg": {
					"rotation": [
						0,
						0,
						15
					]
				}
			}
		},
		"animation.holdarmup": {
			"loop": "hold_on_last_frame",
			"override_previous_animation": true,
			"animation_length": 300.83333,
			"bones": {
				"leftArm": {
					"rotation": {
						"0.0": [
							0,
							0,
							0
						],
						"0.3333": [
							-180,
							0,
							5
						]
					}
				},
				"rightArm": {
					"rotation": {
						"0.0": [
							0,
							0,
							0
						],
						"0.3333": [
							-180,
							0,
							-5
						]
					}
				}
			}
		},
		"animation.player.gun": {
			"animation_length": 300,
			"override_previous_animation": true,
			"bones": {
				"rightArm": {
					"rotation": {
						"0.0": [
							0,
							0,
							0
						],
						"0.3": [
							-90,
							0,
							0
						]
					}
				},
				"body": {
					"rotation": {
						"0.0": [
							0,
							0,
							0
						],
						"15.0": [
							0,
							0,
							0
						]
					}
				},
				"leftArm": {
					"rotation": {
						"0.0": [
							0,
							0,
							0
						],
						"0.3": [
							-92.14565,
							57.4145,
							-3.91686
						]
					}
				},
				"head": {
					"rotation": {
						"0.0": [
							0,
							0,
							0
						],
						"0.3": [
							0,
							0,
							-10
						]
					},
					"position": {
						"0.0": [
							0,
							0,
							0
						],
						"0.3": [
							0,
							0,
							0
						]
					}
				}
			}
		},
		"animation.player.sit": {
			"override_previous_animation": true,
			"animation_length": 300,
			"bones": {
				"leftLeg": {
					"rotation": [
						"-84.5-this",
						"-18-this",
						"0-this"
					]
				},
				"rightLeg": {
					"rotation": [
						"-87-this",
						"18-this",
						"-this"
					]
				},
				"root": {
					"position": [
						0,
						-10,
						0
					]
				}
			}
		},
		"animation.player.sit2": {
			"override_previous_animation": true,
			"animation_length": 600,
			"bones": {
				"leftLeg": {
					"rotation": [
						-20,
						0,
						0
					],
					"position": [
						0,
						7,
						-2
					]
				},
				"rightLeg": {
					"rotation": [
						-80.20004,
						5.11136,
						-1.30394
					],
					"position": [
						0,
						1,
						0
					]
				},
				"root": {
					"position": [
						0,
						-10,
						0
					]
				},
				"body": {
					"rotation": [
						-7.5,
						0,
						0
					],
					"position": [
						0,
						-1,
						2
					]
				},
				"leftArm": {
					"rotation": [
						-59.90532,
						4.32875,
						2.50477
					]
				},
				"rightArm": {
					"rotation": [
						10,
						0,
						0
					]
				}
			}
		},
		"animation.player.hi": {
			"animation_length": 3.08333,
			"override_previous_animation": true,
			"bones": {
				"body": {
					"rotation": {
						"0.0": [
							0,
							0,
							0
						],
						"1.0417": [
							7.5,
							0,
							0
						],
						"1.5833": [
							35,
							0,
							0
						],
						"2.2083": [
							35,
							0,
							0
						],
						"3.0": [
							0,
							0,
							0
						]
					},
					"position": {
						"0.0": [
							0,
							0,
							0
						],
						"1.0417": [
							0,
							0,
							-0.8
						],
						"1.5833": [
							0,
							-2.5,
							-6.8
						],
						"2.2083": [
							0,
							-2.5,
							-6.8
						],
						"3.0": [
							0,
							0,
							0
						]
					}
				},
				"head": {
					"rotation": {
						"0.0": [
							0,
							0,
							0
						],
						"1.5833": [
							25,
							0,
							0
						],
						"2.2083": [
							25,
							0,
							0
						],
						"3.0": [
							0,
							0,
							0
						]
					},
					"position": {
						"0.0": [
							0,
							0,
							0
						],
						"3.0": [
							0,
							0,
							0
						]
					}
				},
				"leftArm": {
					"rotation": {
						"0.0": [
							0,
							0,
							0
						],
						"1.5833": [
							20.94102,
							-8.42106,
							20.94102
						],
						"2.2083": [
							20.94102,
							-8.42106,
							20.94102
						],
						"3.0": [
							0,
							0,
							0
						]
					},
					"position": {
						"0.0": [
							0,
							0,
							0
						],
						"3.0": [
							0,
							0,
							0
						]
					}
				},
				"rightArm": {
					"rotation": {
						"0.0": [
							0,
							0,
							0
						],
						"0.5": [
							-51.93606,
							35.80852,
							24.61562
						],
						"1.25": [
							-36.20399,
							-51.7101,
							-46.99693
						],
						"2.2083": [
							-36.20399,
							-51.7101,
							-46.99693
						],
						"3.0": [
							0,
							0,
							0
						]
					},
					"position": {
						"0.0": [
							0,
							0,
							0
						],
						"3.0": [
							0,
							0,
							0
						]
					}
				},
				"leftLeg": {
					"rotation": {
						"0.0": [
							0,
							0,
							0
						],
						"1.0417": [
							-2.5,
							0,
							0
						],
						"3.0": [
							0,
							0,
							0
						]
					},
					"position": {
						"0.0": [
							0,
							0,
							0
						],
						"3.0": [
							0,
							0,
							0
						]
					}
				},
				"rightLeg": {
					"rotation": {
						"0.0": [
							0,
							0,
							0
						],
						"1.0417": [
							2.5,
							0,
							0
						],
						"3.0": [
							0,
							0,
							0
						]
					},
					"position": {
						"0.0": [
							0,
							0,
							0
						],
						"3.0": [
							0,
							0,
							0
						]
					}
				}
			}
		},
		"animation.player.sleep3": {
			"loop": "hold_on_last_frame",
			"override_previous_animation": true,
			"animation_length": 300.04167,
			"bones": {
				"root": {
					"rotation": [
						-90,
						0,
						0
					],
					"position": [
						0,
						2,
						-13
					]
				},
				"head": {
					"rotation": [
						45,
						0,
						0
					],
					"position": [
						0,
						0,
						-1
					]
				},
				"leftArm": {
					"rotation": [
						-180,
						0,
						-30
					],
					"position": [
						0,
						2,
						0
					]
				},
				"rightArm": {
					"rotation": [
						-180,
						0,
						30
					],
					"position": [
						0,
						2,
						0
					]
				},
				"leftLeg": {
					"rotation": [
						-12.29331,
						2.04631,
						14.83676
					]
				},
				"rightLeg": {
					"rotation": [
						0,
						0,
						-5
					]
				}
			}
		},
		"animation.player.sit5": {
			"loop": "hold_on_last_frame",
			"override_previous_animation": true,
			"animation_length": 340.04167,
			"bones": {
				"root": {
					"rotation": [
						-5,
						0,
						0
					],
					"position": [
						0,
						-12,
						0
					]
				},
				"body": {
					"rotation": [
						12.5,
						0,
						0
					],
					"position": [
						0,
						0.4,
						0
					]
				},
				"leftArm": {
					"rotation": [
						-58.4333,
						17.2294,
						10.3141
					]
				},
				"rightArm": {
					"rotation": [
						-58.4333,
						-17.2294,
						-10.3141
					]
				},
				"leftLeg": {
					"rotation": [
						-65,
						0,
						0
					],
					"position": [
						-0.2,
						5,
						1
					]
				},
				"rightLeg": {
					"rotation": [
						-65,
						0,
						0
					],
					"position": [
						0.2,
						5,
						1
					]
				}
			}
		},
		"animation.player.coverface": {
			"animation_length": 488,
			"override_previous_animation": true,
			"bones": {
				"waist": {
					"rotation": {
						"0.0": [
							0,
							0,
							0
						],
						"0.3333": [
							10,
							0,
							0
						]
					}
				},
				"head": {
					"rotation": {
						"0.0": [
							0,
							0,
							0
						],
						"0.3333": [
							17.5,
							0,
							0
						]
					}
				},
				"leftArm": {
					"rotation": {
						"0.0": [
							0,
							0,
							0
						],
						"0.3333": [
							-107.5,
							32.5,
							0
						]
					}
				},
				"rightArm": {
					"rotation": {
						"0.0": [
							0,
							0,
							0
						],
						"0.3333": [
							-107.5,
							-32.5,
							0
						]
					}
				}
			}
		},
		"animation.player.tpose": {
			"loop": "hold_on_last_frame",
			"override_previous_animation": true,
			"animation_length": 500,
			"bones": {
				"head": {
					"position": [
						0,
						0,
						-0.1
					]
				},
				"leftArm": {
					"rotation": {
						"0.0": [
							0,
							0,
							0
						],
						"0.25": [
							0,
							0,
							-90
						]
					},
					"position": {
						"0.0": [
							0,
							0,
							0
						],
						"0.25": [
							0,
							0,
							0
						]
					}
				},
				"rightArm": {
					"rotation": {
						"0.0": [
							0,
							0,
							0
						],
						"0.25": [
							0,
							0,
							90
						]
					},
					"position": {
						"0.0": [
							0,
							0,
							0
						],
						"0.25": [
							0,
							0,
							0
						]
					}
				}
			}
		},
		"animation.player.moveglasses": {
			"animation_length": 3.0833,
			"override_previous_animation": true,
			"bones": {
				"head": {
					"rotation": {
						"0.0": [
							0,
							0,
							0
						],
						"0.5417": [
							7.5,
							0,
							0
						],
						"2.6667": [
							7.5,
							0,
							0
						],
						"3.0417": [
							0,
							0,
							0
						]
					}
				},
				"leftArm": {
					"rotation": [
						0,
						2,
						0
					]
				},
				"rightArm": {
					"rotation": {
						"0.0": [
							0,
							0,
							0
						],
						"0.5417": [
							-125,
							-30,
							0
						],
						"2.6667": [
							-125,
							-30,
							0
						],
						"3.0417": [
							0,
							0,
							0
						]
					},
					"position": {
						"0.0": [
							0,
							0,
							0
						],
						"0.5417": [
							0,
							-2,
							0
						],
						"1.3333": [
							0,
							-2,
							0
						],
						"1.5833": [
							0,
							-1.4,
							0
						],
						"1.875": [
							0,
							-2,
							0
						],
						"2.6667": [
							0,
							-2,
							0
						],
						"3.0417": [
							0,
							0,
							0
						]
					}
				}
			}
		},
		"animation.player.narutorun": {
			"loop": "hold_on_last_frame",
			"override_previous_animation": true,
			"animation_length": 401.0833,
			"bones": {
				"waist": {
					"rotation": {
						"0.0": [
							0,
							0,
							0
						],
						"0.2917": [
							52.5,
							0,
							0
						]
					},
					"position": {
						"0.0": [
							0,
							0,
							0
						],
						"0.2917": [
							0,
							0,
							1
						]
					}
				},
				"head": {
					"rotation": {
						"0.0": [
							0,
							0,
							0
						],
						"0.2917": [
							-47.5,
							0,
							0
						]
					}
				},
				"leftArm": {
					"rotation": {
						"0.0": [
							0,
							0,
							0
						],
						"0.2917": [
							45,
							0,
							0
						]
					}
				},
				"rightArm": {
					"rotation": {
						"0.0": [
							0,
							0,
							0
						],
						"0.2917": [
							45,
							0,
							0
						]
					}
				}
			}
		},
		"animation.player.meme1": {
			"animation_length": 3.2917,
			"override_previous_animation": true,
			"loop": true,
			"bones": {
				"head": {
					"rotation": {
						"0.0": [
							0,
							0,
							0
						],
						"0.8333": [
							0,
							-360,
							0
						],
						"1.25": [
							0,
							-360,
							0
						],
						"1.5417": [
							0,
							-360,
							17.5
						],
						"2.9167": [
							0,
							-360,
							17.5
						],
						"3.2083": [
							0,
							-360,
							0
						]
					}
				}
			}
		},
		"animation.player.tilth": {
			"loop": "hold_on_last_frame",
			"override_previous_animation": true,
			"animation_length": 362.9167,
			"bones": {
				"head": {
					"rotation": {
						"0.0": [
							0,
							0,
							0
						],
						"0.3333": [
							0,
							0,
							17.5
						]
					}
				}
			}
		},
		"animation.player.handfront": {
			"override_previous_animation": true,
			"animation_length": 1000,
			"loop": true,
			"bones": {
				"leftArm": {
					"rotation": [
						-19.89913,
						12.67956,
						18.74227
					],
					"position": [
						-0.8,
						-1.4,
						-1.5
					]
				},
				"rightArm": {
					"rotation": [
						-19.89913,
						-12.67956,
						-18.74227
					],
					"position": [
						0.8,
						-1.4,
						-1.5
					]
				}
			}
		},
		"animation.player.handback": {
			"animation_length": 750,
			"loop": "hold_on_last_frame",
			"override_previous_animation": true,
			"bones": {
				"leftArm": {
					"rotation": [
						22.06852,
						-19.90349,
						19.37626
					],
					"position": [
						0,
						0,
						1
					]
				},
				"rightArm": {
					"rotation": [
						22.06852,
						19.90349,
						-19.37626
					],
					"position": [
						0,
						0,
						1
					]
				}
			}
		},
		"animation.player.sleep5": {
			"loop": "hold_on_last_frame",
			"override_previous_animation": true,
			"animation_length": 600,
			"bones": {
				"root": {
					"rotation": [
						-90,
						0,
						0
					],
					"position": [
						0,
						1.8,
						-13.3
					]
				},
				"head": {
					"rotation": [
						0,
						-37.5,
						0
					]
				},
				"leftArm": {
					"rotation": [
						0,
						77.5,
						-57.5
					],
					"position": [
						0.3,
						0,
						0
					]
				},
				"rightArm": {
					"rotation": [
						0,
						-80,
						60
					],
					"position": [
						-0.5,
						0,
						0
					]
				},
				"rightLeg": {
					"rotation": [
						0,
						0,
						18
					],
					"position": [
						0,
						-0.4,
						0
					]
				},
				"leftLeg": {
					"rotation": [
						0,
						0,
						-17.5
					]
				}
			}
		}
	}
}