{
	"format_version": "1.8.0",
	"animations": {
		"animation.player.sleep6": {
			"loop": "hold_on_last_frame",
			"override_previous_animation": true,
			"animation_length": 600.25,
			"bones": {
				"root": {
					"rotation": [
						0,
						0,
						90
					],
					"position": [
						-15.2,
						3.8,
						0
					]
				},
				"head": {
					"rotation": {
						"0.0": [
							11.82286,
							2.06903,
							-38.78575
						],
						"2.4583": [
							11.82286,
							2.06903,
							-34.78575
						]
					},
					"position": {
						"0.0": [
							-0.6,
							0,
							-0.8
						],
						"2.4583": [
							-1,
							-0.4,
							-0.8
						]
					}
				},
				"leftArm": {
					"rotation": [
						-130,
						0,
						0
					],
					"position": {
						"0.0": [
							-1.9,
							3.40716,
							-1.37019
						],
						"2.4583": [
							-3,
							1.81,
							-1.37
						]
					}
				},
				"rightArm": {
					"rotation": [
						-19.52663,
						4.41257,
						-52.75964
					],
					"position": [
						1.3,
						-2,
						-2.2
					]
				},
				"rightLeg": {
					"rotation": [
						-18.52272,
						-7.67986,
						-21.74586
					]
				},
				"leftLeg": {
					"rotation": [
						-2,
						0,
						0
					]
				}
			}
		},
		"animation.player.sleep7": {
			"loop": "hold_on_last_frame",
			"override_previous_animation": true,
			"animation_length": 716.1667,
			"bones": {
				"root": {
					"rotation": [
						0,
						0,
						90
					],
					"position": [
						-15,
						3.6,
						0
					]
				},
				"head": {
					"rotation": {
						"0.0": [
							0,
							0,
							-6
						],
						"2.4583": [
							0,
							0,
							-7
						]
					},
					"position": [
						-1.8,
						-0.2,
						0
					]
				},
				"leftArm": {
					"rotation": [
						-154,
						0,
						0
					],
					"position": {
						"0.0": [
							-2.1,
							0,
							-0.9
						],
						"2.4583": [
							-3.3,
							0,
							-0.9
						]
					}
				},
				"rightArm": {
					"rotation": [
						-84,
						-67.5,
						0
					],
					"position": [
						0.4,
						0,
						-1.5
					]
				},
				"rightLeg": {
					"rotation": [
						-0.17302,
						1.81467,
						-12.89219
					]
				},
				"leftLeg": {
					"rotation": [
						-11,
						0,
						0
					],
					"position": [
						0,
						0,
						-0.4
					]
				}
			}
		},
		"animation.player.sit6": {
			"loop": "hold_on_last_frame",
			"override_previous_animation": true,
			"animation_length": 700.25,
			"bones": {
				"root": {
					"position": [
						0,
						-10.8,
						0
					]
				},
				"body": {
					"rotation": [
						6,
						0,
						0
					],
					"position": [
						0,
						-1,
						1.9
					]
				},
				"head": {
					"rotation": {
						"0.0": [
							27,
							0,
							0
						],
						"2.4583": [
							26.5,
							0,
							0
						]
					},
					"position": {
						"0.0": [
							0,
							0,
							0
						],
						"2.4583": [
							0,
							0.42917,
							-0.25655
						]
					}
				},
				"leftArm": {
					"rotation": {
						"0.0": [
							-121.5667,
							17.2294,
							-10.3141
						],
						"2.4583": [
							-122.04524,
							19.67392,
							-10.72696
						]
					},
					"position": [
						0,
						-0.98481,
						-0.17365
					]
				},
				"rightArm": {
					"rotation": {
						"0.0": [
							-122.49858,
							-21.46902,
							13.12427
						],
						"2.4583": [
							-123.12188,
							-23.88791,
							13.626
						]
					},
					"position": [
						0,
						-0.98481,
						-0.17365
					]
				},
				"rightLeg": {
					"rotation": [
						-34.92287,
						1.91134,
						4.62111
					],
					"position": [
						0.08509,
						8.81572,
						-0.42785
					]
				},
				"leftLeg": {
					"rotation": [
						-34.92287,
						-1.91134,
						-4.62111
					],
					"position": [
						-0.08509,
						8.81572,
						-0.42785
					]
				}
			}
		},
		"animation.player.ac4": {
			"loop": "hold_on_last_frame",
			"override_previous_animation": true,
			"animation_length": 644.5833,
			"bones": {
				"body": {
					"rotation": [
						15.79921,
						49.0508,
						9.5309
					],
					"position": [
						0,
						0,
						-0.9
					]
				},
				"head": {
					"rotation": {
						"0.0": [
							-19.00209,
							-51.34251,
							10.38645
						],
						"2.4583": [
							-20.03152,
							-51.26851,
							10.4281
						]
					}
				},
				"leftArm": {
					"rotation": [
						-77.97866,
						-49.9023,
						-45.20211
					],
					"position": [
						-1.1647,
						-1.08179,
						1.29645
					]
				},
				"rightArm": {
					"rotation": [
						-158.9937,
						7.0892,
						-4.90816
					],
					"position": [
						-0.15176,
						-0.05221,
						0.36639
					]
				},
				"rightLeg": {
					"rotation": [
						3.61947,
						15.78985,
						5.68537
					],
					"position": [
						-0.7,
						0,
						2.1
					]
				},
				"leftLeg": {
					"rotation": [
						-12.5,
						-17.5,
						0
					],
					"position": [
						0,
						0,
						0.8
					]
				}
			}
		},
		"animation.player.ben10": {
			"loop": "hold_on_last_frame",
			"override_previous_animation": true,
			"animation_length": 776.1667,
			"bones": {
				"body": {
					"rotation": [
						2.08903,
						-17.49211,
						-0.45378
					],
					"position": [
						0.03484,
						-0.01396,
						-0.39824
					]
				},
				"head": {
					"rotation": {
						"0.0": [
							0,
							-15,
							0
						],
						"2.4583": [
							-0.98733,
							-14.99233,
							0.55614
						]
					}
				},
				"leftArm": {
					"rotation": [
						-115.49774,
						37.43509,
						-60.52909
					],
					"position": [
						-0.11199,
						-2.19896,
						-0.04489
					]
				},
				"rightArm": {
					"rotation": [
						-127.19773,
						-24.51598,
						2226.19241
					]
				},
				"rightLeg": {
					"rotation": [
						3.43283,
						12.69212,
						10.50845
					],
					"position": [
						-0.73655,
						-0.22956,
						-0.05625
					]
				},
				"leftLeg": {
					"rotation": [
						-8.43619,
						-28.22353,
						-3.8548
					],
					"position": [
						1.01145,
						0.08603,
						0.03255
					]
				}
			}
		},
		"animation.player.ac5": {
			"loop": "hold_on_last_frame",
			"override_previous_animation": true,
			"animation_length": 719.9167,
			"bones": {
				"waist": {
					"rotation": [
						22.5,
						0,
						0
					],
					"position": [
						0,
						-8.2,
						1
					]
				},
				"head": {
					"rotation": {
						"0.0": [
							-22.5,
							0,
							0
						],
						"2.4583": [
							-23.5,
							0,
							0
						]
					}
				},
				"leftArm": {
					"rotation": [
						13.19685,
						24.51549,
						-102.7004
					],
					"position": [
						0.8,
						0.68341,
						0.15151
					]
				},
				"rightArm": {
					"rotation": [
						-56.74504,
						-48.41183,
						34.37766
					],
					"position": [
						1.2,
						-1.05242,
						-2.6873
					]
				},
				"rightLeg": {
					"rotation": [
						13.76376,
						20.13925,
						33.06548
					],
					"position": [
						-2,
						-1.1,
						-2.3
					]
				},
				"leftLeg": {
					"rotation": [
						32.39936,
						-14.02846,
						-69.0943
					],
					"position": [
						-0.3,
						-6.9,
						-0.5
					]
				}
			}
		},
		"animation.player.sit7": {
			"loop": "hold_on_last_frame",
			"override_previous_animation": true,
			"animation_length": 700.25,
			"bones": {
				"root": {
					"rotation": [
						-22.5,
						0,
						0
					],
					"position": [
						0,
						-11,
						-4
					]
				},
				"waist": {
					"rotation": [
						-5,
						0,
						0
					]
				},
				"leftArm": {
					"rotation": [
						34.26782,
						4.2453,
						-19.5623
					]
				},
				"rightArm": {
					"rotation": [
						34.26782,
						-4.2453,
						19.5623
					]
				},
				"rightLeg": {
					"rotation": [
						-38.97298,
						1.88652,
						1.64074
					],
					"position": [
						0,
						5.71877,
						-1.61112
					]
				},
				"leftLeg": {
					"rotation": [
						-62.5,
						0,
						0
					],
					"position": [
						0,
						1.46508,
						-1.68925
					]
				}
			}
		},
		"animation.player.headdown": {
			"loop": "hold_on_last_frame",
			"override_previous_animation": true,
			"animation_length": 615.1667,
			"bones": {
				"waist": {
					"rotation": [
						123.5,
						0,
						0
					],
					"position": [
						0,
						0.3,
						0.8
					]
				},
				"head": {
					"rotation": [
						-7.5,
						0,
						0
					]
				},
				"leftArm": {
					"rotation": [
						40.02881,
						-46.41077,
						-4.563
					]
				},
				"rightArm": {
					"rotation": [
						40.02881,
						46.41077,
						4.563
					]
				},
				"rightLeg": {
					"rotation": [
						12.5,
						0,
						0
					]
				},
				"leftLeg": {
					"rotation": [
						12.5,
						0,
						0
					]
				}
			}
		},
		"animation.player.bodydown": {
			"loop": "hold_on_last_frame",
			"override_previous_animation": true,
			"animation_length": 760.1667,
			"bones": {
				"root": {
					"rotation": [
						90,
						0,
						0
					],
					"position": [
						0,
						2.2,
						13
					]
				},
				"head": {
					"rotation": [
						-30,
						0,
						0
					],
					"position": [
						0,
						-0.1,
						1.03923
					]
				},
				"leftArm": {
					"rotation": [
						24.31152,
						-27.14879,
						17.97972
					],
					"position": [
						0,
						-1.73205,
						1
					]
				},
				"rightArm": {
					"rotation": [
						24.71553,
						25.95225,
						-15.63397
					],
					"position": [
						0,
						-1.73205,
						1
					]
				},
				"rightLeg": {
					"rotation": {
						"0.0": [
							0,
							0,
							0
						],
						"0.6667": [
							-2,
							0,
							0
						]
					}
				},
				"leftLeg": {
					"rotation": {
						"0.0": [
							0,
							0,
							0
						],
						"0.6667": [
							-2,
							0,
							0
						]
					}
				}
			}
		},
		"animation.player.ac6": {
			"loop": "hold_on_last_frame",
			"override_previous_animation": true,
			"animation_length": 620,
			"bones": {
				"waist": {
					"rotation": [
						0,
						30,
						0
					]
				},
				"body": {
					"rotation": [
						0,
						10,
						0
					]
				},
				"head": {
					"rotation": [
						0,
						-30,
						0
					]
				},
				"leftArm": {
					"rotation": [
						-92.5,
						-42.5,
						0
					]
				},
				"rightArm": {
					"rotation": [
						-106.62364,
						-42.21806,
						2.06871
					],
					"position": [
						0.02716,
						-2,
						-1.28423
					]
				},
				"rightLeg": {
					"rotation": [
						0,
						22.5,
						0
					],
					"position": [
						0,
						0,
						2
					]
				},
				"leftLeg": {
					"rotation": [
						-15,
						-7.5,
						0
					],
					"position": [
						0,
						0,
						-2
					]
				}
			}
		},
		"animation.player.hi2": {
			"loop": "hold_on_last_frame",
			"override_previous_animation": true,
			"animation_length": 620,
			"bones": {
				"head": {
					"rotation": [
						-1,
						0,
						0
					]
				},
				"rightArm": {
					"rotation": [
						-140.86208,
						32.94271,
						37.73066
					],
					"position": [
						-0.7,
						-1,
						-0.9
					]
				}
			}
		}
	}
}