{
	"format_version": "1.8.0",
	"animations": {
		"animation.player.ac1": {
			"override_previous_animation": true,
			"animation_length": 301.125,
			"bones": {
				"root": {
					"rotation": {
						"0.0": [
							0,
							0,
							0
						],
						"0.375": [
							-2.5,
							0,
							0
						]
					},
					"position": {
						"0.0": [
							0,
							0,
							0
						],
						"0.375": [
							0,
							-0.5,
							0
						]
					}
				},
				"body": {
					"rotation": {
						"0.0": [
							0,
							0,
							0
						],
						"0.375": [
							-2.5,
							0,
							0
						]
					}
				},
				"leftArm": {
					"rotation": {
						"0.0": [
							0,
							0,
							0
						],
						"0.375": [
							-10.94925,
							24.2967,
							46.65861
						]
					},
					"position": {
						"0.0": [
							0,
							0,
							0
						],
						"0.375": [
							-1,
							0,
							-1.2
						]
					}
				},
				"rightArm": {
					"rotation": {
						"0.0": [
							0,
							0,
							0
						],
						"0.375": [
							-44.33939,
							-53.27439,
							-34.61536
						]
					},
					"position": {
						"0.0": [
							0,
							0,
							0
						],
						"0.375": [
							0.5,
							0,
							-1.7
						]
					}
				},
				"leftLeg": {
					"rotation": {
						"0.0": [
							0,
							0,
							0
						],
						"0.375": [
							-5.5,
							0,
							0
						]
					},
					"position": {
						"0.0": [
							0,
							0,
							0
						],
						"0.375": [
							0,
							0,
							-0.5
						]
					}
				},
				"rightLeg": {
					"rotation": {
						"0.0": [
							0,
							0,
							0
						],
						"0.375": [
							22.5,
							0,
							0
						]
					},
					"position": {
						"0.0": [
							0,
							0,
							0
						],
						"0.375": [
							0,
							1.2,
							-3.8
						]
					}
				}
			}
		},
		"animation.player.sit4": {
			"override_previous_animation": true,
			"animation_length": 300.83333,
			"bones": {
				"root": {
					"position": {
						"0.0": [
							0,
							0,
							0
						],
						"0.3333": [
							0,
							-9.5,
							0
						]
					}
				},
				"body": {
					"rotation": {
						"0.0": [
							0,
							0,
							0
						],
						"0.3333": [
							25,
							0,
							0
						]
					},
					"position": {
						"0.0": [
							0,
							0,
							0
						],
						"0.3333": [
							0,
							-3,
							-3
						]
					}
				},
				"leftArm": {
					"rotation": {
						"0.0": [
							0,
							0,
							0
						],
						"0.3333": [
							-50.00142,
							21.46902,
							13.12427
						]
					},
					"position": {
						"0.0": [
							0,
							0,
							0
						],
						"0.3333": [
							-1,
							0,
							-1
						]
					}
				},
				"rightArm": {
					"rotation": {
						"0.0": [
							0,
							0,
							0
						],
						"0.3333": [
							-57.50142,
							-21.46902,
							-13.12427
						]
					},
					"position": {
						"0.0": [
							0,
							0,
							0
						],
						"0.3333": [
							1,
							0,
							-1
						]
					}
				},
				"leftLeg": {
					"rotation": {
						"0.0": [
							0,
							0,
							0
						],
						"0.3333": [
							-78.75686,
							-27.0478,
							-5.16524
						]
					},
					"position": {
						"0.0": [
							0,
							0,
							0
						],
						"0.3333": [
							0,
							0,
							2
						]
					}
				},
				"rightLeg": {
					"rotation": {
						"0.0": [
							0,
							0,
							0
						],
						"0.3333": [
							-78.75686,
							27.0478,
							5.16524
						]
					},
					"position": {
						"0.0": [
							0,
							0,
							0
						],
						"0.3333": [
							0,
							0,
							2
						]
					}
				}
			}
		},
		"animation.player.sleep2": {
			"override_previous_animation": true,
			"animation_length": 304.5,
			"bones": {
				"root": {
					"rotation": [
						90,
						0,
						0
					],
					"position": [
						0,
						1,
						15
					]
				},
				"head": {
					"rotation": [
						0,
						0,
						1
					]
				},
				"leftArm": {
					"rotation": [
						0,
						0,
						-35
					]
				},
				"rightArm": {
					"rotation": [
						0,
						0,
						35
					]
				},
				"leftLeg": {
					"rotation": [
						0,
						0,
						-22.5
					]
				},
				"rightLeg": {
					"rotation": [
						0,
						0,
						22.5
					]
				}
			}
		},
		"animation.player.big": {
			"animation_length": 309.16667,
			"bones": {
				"root": {
					"scale": {
						"0.0": [
							1,
							1,
							1
						],
						"0.8333": [
							2,
							2,
							2
						]
					}
				},
				"head": {
					"scale": {
						"0.0": [
							1,
							1,
							1
						],
						"0.625": [
							2,
							2,
							2
						]
					}
				}
			}
		},
		"animation.player.gun2": {
			"override_previous_animation": true,
			"animation_length": 300.25,
			"bones": {
				"root": {
					"scale": 0.5
				},
				"body": {
					"rotation": {
						"0.0": [
							0,
							0,
							0
						],
						"15.0": [
							0,
							0,
							0
						]
					}
				},
				"head": {
					"rotation": {
						"0.0": [
							0,
							0,
							0
						],
						"0.2917": [
							0,
							0,
							-10
						]
					},
					"position": {
						"0.0": [
							0,
							0,
							0
						],
						"0.2917": [
							0,
							0,
							0
						]
					},
					"scale": 2
				},
				"leftArm": {
					"rotation": {
						"0.0": [
							0,
							0,
							0
						],
						"0.2917": [
							-92.14565,
							57.4145,
							-3.91686
						]
					}
				},
				"rightArm": {
					"rotation": {
						"0.0": [
							0,
							0,
							0
						],
						"0.2917": [
							-90,
							0,
							0
						]
					}
				}
			}
		},
		"animation.player.ac2": {
			"override_previous_animation": true,
			"animation_length": 301.875,
			"bones": {
				"root": {
					"position": [
						0,
						0,
						1
					]
				},
				"body": {
					"rotation": {
						"0.0": [
							0,
							0,
							0
						],
						"0.25": [
							0,
							0,
							5
						]
					},
					"position": {
						"0.0": [
							0,
							0,
							0
						],
						"0.25": [
							0.8,
							-0.2,
							0
						]
					}
				},
				"head": {
					"rotation": {
						"0.0": [
							0,
							0,
							-2.5
						],
						"0.25": [
							0,
							0,
							5
						]
					}
				},
				"leftArm": {
					"rotation": {
						"0.0": [
							0,
							0,
							0
						],
						"0.25": [
							0,
							-90,
							-92.5
						]
					},
					"position": {
						"0.0": [
							0,
							0,
							0
						],
						"0.25": [
							1,
							-0.5,
							-0.4
						]
					}
				},
				"rightArm": {
					"rotation": {
						"0.0": [
							0,
							0,
							0
						],
						"0.25": [
							-7.47178,
							-0.65182,
							-4.95744
						]
					},
					"position": {
						"0.0": [
							0,
							0,
							0
						],
						"0.25": [
							0,
							0,
							-0.3
						]
					}
				},
				"leftLeg": {
					"position": [
						0.1,
						0,
						0
					]
				},
				"rightLeg": {
					"rotation": {
						"0.0": [
							0,
							0,
							0
						],
						"0.25": [
							1.8734,
							1.96271,
							4.24793
						]
					},
					"position": {
						"0.0": [
							0,
							0,
							0
						],
						"0.25": [
							-0.4,
							0,
							-1.4
						]
					}
				}
			}
		},
		"animation.player.kiss": {
			"override_previous_animation": true,
			"animation_length": 2.58333,
			"bones": {
				"body": {
					"rotation": {
						"0.0": [
							0,
							0,
							0
						],
						"0.25": [
							18,
							0,
							0
						],
						"1.8333": [
							18,
							0,
							0
						],
						"2.125": [
							18,
							0,
							0
						],
						"2.5417": [
							0,
							0,
							0
						]
					},
					"position": {
						"0.0": [
							0,
							0,
							0
						],
						"0.25": [
							0,
							-0.1,
							-3.5
						],
						"1.8333": [
							0,
							-0.1,
							-3.5
						],
						"2.125": [
							0,
							-0.1,
							-3.5
						],
						"2.5417": [
							0,
							0,
							0
						]
					}
				},
				"head": {
					"rotation": {
						"0.0": [
							0,
							0,
							0
						],
						"0.25": [
							-15,
							0,
							0
						],
						"1.8333": [
							-15,
							0,
							0
						],
						"2.125": [
							-15,
							0,
							0
						],
						"2.5417": [
							0,
							0,
							0
						]
					},
					"position": {
						"0.0": [
							0,
							0,
							0
						],
						"0.25": [
							0,
							0,
							0
						],
						"1.8333": [
							0,
							0,
							0
						],
						"2.125": [
							0,
							0,
							0
						],
						"2.5417": [
							0,
							0,
							0
						]
					}
				},
				"leftArm": {
					"rotation": [
						0,
						0,
						0
					],
					"position": [
						0,
						0,
						-0.1
					]
				},
				"rightArm": {
					"rotation": {
						"0.0": [
							0,
							0,
							0
						],
						"0.25": [
							-85,
							0,
							0
						],
						"0.5833": [
							-85,
							0,
							0
						],
						"0.875": [
							-102.62128,
							-47.2626,
							-5.43327
						],
						"1.3333": [
							-102.62128,
							-47.2626,
							-5.43327
						],
						"1.8333": [
							-85,
							0,
							0
						],
						"2.125": [
							-85,
							0,
							0
						],
						"2.5417": [
							0,
							0,
							0
						]
					},
					"position": {
						"0.0": [
							0,
							0,
							0
						],
						"2.5417": [
							0,
							0,
							0
						]
					}
				},
				"leftLeg": {
					"position": [
						0,
						0,
						-0.1
					]
				},
				"rightLeg": {
					"position": [
						0,
						0,
						-0.1
					]
				}
			}
		},
		"animation.player.flower": {
			"override_previous_animation": true,
			"animation_length": 8.08333,
			"bones": {
				"root": {
					"rotation": [
						0,
						-90,
						0
					]
				},
				"body": {
					"rotation": {
						"0.0": [
							0,
							0,
							0
						],
						"0.3333": [
							0,
							-8,
							0
						],
						"7.4583": [
							0,
							-8,
							0
						],
						"7.875": [
							0,
							0,
							0
						]
					}
				},
				"head": {
					"rotation": {
						"0.0": [
							0,
							0,
							0
						],
						"0.3333": [
							12.5,
							-20,
							0
						],
						"2.0": [
							12.5,
							-20,
							0
						],
						"2.5833": [
							12.11282,
							14.24348,
							7.35877
						],
						"3.0": [
							12.11282,
							14.24348,
							7.35877
						],
						"3.5": [
							12.5,
							-20,
							0
						],
						"4.1667": [
							12.5,
							-20,
							0
						],
						"4.7917": [
							12.11282,
							14.24348,
							7.35877
						],
						"7.4583": [
							12.11282,
							14.24348,
							7.35877
						],
						"7.875": [
							0,
							0,
							0
						]
					},
					"position": {
						"0.0": [
							0,
							0,
							0
						],
						"7.875": [
							0,
							0,
							0
						]
					}
				},
				"leftArm": {
					"rotation": {
						"0.0": [
							0,
							0,
							0
						],
						"0.3333": [
							12.08681,
							-3.21132,
							14.65993
						],
						"2.0": [
							12.08681,
							-3.21132,
							14.65993
						],
						"2.5833": [
							12.45684,
							-1.07905,
							4.88225
						],
						"7.4583": [
							12.45684,
							-1.07905,
							4.88225
						],
						"7.875": [
							0,
							0,
							0
						]
					}
				},
				"rightArm": {
					"rotation": {
						"0.0": [
							0,
							0,
							0
						],
						"0.3333": [
							0,
							80,
							90
						],
						"7.4583": [
							0,
							80,
							90
						],
						"7.875": [
							0,
							0,
							0
						]
					},
					"position": {
						"0.0": [
							0,
							0,
							0
						],
						"0.3333": [
							-1,
							-1,
							0
						],
						"7.4583": [
							-1,
							-1,
							0
						],
						"7.875": [
							0,
							0,
							0
						]
					}
				},
				"leftLeg": {
					"rotation": {
						"0.0": [
							0,
							0,
							0
						],
						"0.3333": [
							7.47178,
							-0.65182,
							4.95744
						],
						"2.0417": [
							7.47178,
							-0.65182,
							4.95744
						],
						"2.5417": [
							0,
							0,
							0
						],
						"7.4583": [
							0,
							0,
							0
						],
						"7.875": [
							0,
							0,
							0
						]
					}
				},
				"rightLeg": {
					"rotation": [
						0,
						0,
						0
					],
					"position": [
						0,
						0,
						0.1
					]
				}
			}
		},
		"animation.player.ac3": {
			"override_previous_animation": true,
			"animation_length": 300.16667,
			"bones": {
				"root": {
					"rotation": [
						0,
						0,
						0
					],
					"position": [
						0,
						0,
						1
					]
				},
				"body": {
					"rotation": {
						"0.0": [
							0,
							0,
							0
						],
						"0.25": [
							0,
							0,
							-5
						]
					},
					"position": {
						"0.0": [
							0,
							0,
							0
						],
						"0.25": [
							-0.8,
							0.2,
							0
						]
					}
				},
				"head": {
					"rotation": {
						"0.0": [
							0,
							0,
							2.5
						],
						"0.25": [
							0,
							0,
							-5
						]
					}
				},
				"leftArm": {
					"rotation": {
						"0.0": [
							0,
							0,
							0
						],
						"0.25": [
							-7.47178,
							0.6518,
							4.9574
						]
					},
					"position": {
						"0.0": [
							0,
							0,
							0
						],
						"0.25": [
							0,
							0,
							-0.3
						]
					}
				},
				"rightArm": {
					"rotation": {
						"0.0": [
							0,
							0,
							0
						],
						"0.25": [
							0,
							90,
							92.5
						]
					},
					"position": {
						"0.0": [
							0,
							0,
							0
						],
						"0.25": [
							1,
							-0.5,
							-0.4
						]
					}
				},
				"leftLeg": {
					"rotation": {
						"0.0": [
							0,
							0,
							0
						],
						"0.25": [
							1.06216,
							3.38562,
							-2.07498
						]
					},
					"position": {
						"0.0": [
							0,
							0,
							0
						],
						"0.25": [
							0.6,
							0,
							-0.7
						]
					}
				},
				"rightLeg": {
					"rotation": [
						0,
						0,
						0
					],
					"position": [
						0.1,
						0,
						0
					]
				}
			}
		},
		"animation.player.sithi": {
			"animation_length": 345.58333,
			"override_previous_animation": true,
			"bones": {
				"root": {
					"rotation": [
						0,
						0,
						0
					],
					"position": [
						0,
						0,
						0
					]
				},
				"body": {
					"rotation": {
						"0.0": [
							0,
							0,
							0
						],
						"0.2917": [
							6,
							0,
							0
						],
						"0.4583": [
							6,
							0,
							0
						],
						"0.9167": [
							13.5,
							0,
							0
						]
					},
					"position": {
						"0.0": [
							0,
							0,
							0
						],
						"0.2917": [
							0,
							0,
							-0.2
						],
						"0.4583": [
							0,
							0,
							-0.2
						],
						"0.9167": [
							0,
							-5,
							-0.2
						]
					}
				},
				"head": {
					"rotation": {
						"0.0": [
							0,
							0,
							0
						],
						"0.9167": [
							30,
							0,
							0
						]
					},
					"position": [
						0,
						0,
						0
					]
				},
				"leftArm": {
					"rotation": {
						"0.0": [
							0,
							0,
							0
						],
						"0.2917": [
							-10,
							0,
							0
						],
						"0.4583": [
							-10,
							0,
							0
						],
						"0.9167": [
							19.25656,
							-11.86554,
							30.48005
						]
					},
					"position": [
						0,
						0,
						0
					]
				},
				"rightArm": {
					"rotation": {
						"0.0": [
							0,
							0,
							0
						],
						"0.2917": [
							-12.5,
							0,
							0
						],
						"0.4583": [
							-12.5,
							0,
							0
						],
						"0.9167": [
							-93.03723,
							-46.77447,
							67.70254
						]
					},
					"position": [
						0,
						0,
						0
					]
				},
				"leftLeg": {
					"rotation": {
						"0.0": [
							0,
							0,
							0
						],
						"0.2917": [
							2.5,
							0,
							0
						],
						"0.4583": [
							2.5,
							0,
							0
						],
						"0.9167": [
							52.5,
							0,
							0
						]
					},
					"position": {
						"0.0": [
							0,
							0,
							0
						],
						"0.2917": [
							0,
							0,
							0.3
						],
						"0.4583": [
							0,
							0,
							0.3
						],
						"0.9167": [
							0,
							-3.6,
							0
						]
					}
				},
				"rightLeg": {
					"rotation": {
						"0.0": [
							0,
							0,
							0
						],
						"0.2917": [
							-5,
							0,
							0
						],
						"0.4583": [
							-5,
							0,
							0
						],
						"0.9167": [
							5,
							0,
							0
						]
					},
					"position": {
						"0.0": [
							0,
							0,
							0
						],
						"0.9167": [
							0,
							0,
							-2.5
						]
					}
				}
			}
		},
		"animation.hurt": {
			"loop": true,
			"override_previous_animation": true,
			"animation_length": 2000,
			"bones": {
				"waist": {
					"rotation": [
						15,
						0,
						0
					]
				},
				"leftArm": {
					"rotation": [
						-15,
						0,
						0
					]
				},
				"rightArm": {
					"rotation": [
						-14.34228,
						-57.34858,
						-61.01447
					],
					"position": [
						1.4,
						0,
						-2
					]
				}
			}
		},
		"animation.player.sleep4": {
			"animation_length": 500,
			"loop": "hold_on_last_frame",
			"override_previous_animation": true,
			"bones": {
				"root": {
					"rotation": [
						0,
						0,
						-90
					],
					"position": [
						13,
						4.5,
						0
					]
				},
				"leftArm": {
					"rotation": [
						-76.9352,
						29.98523,
						-10.61356
					],
					"position": [
						-1.67444,
						-0.32846,
						-1.51666
					]
				},
				"rightArm": {
					"rotation": [
						-65,
						0,
						0
					],
					"position": [
						2.5,
						0.40576,
						-3.38901
					]
				},
				"rightLeg": {
					"rotation": [
						15,
						0,
						0
					],
					"position": [
						0,
						2.8,
						-3.2
					]
				},
				"leftLeg": {
					"rotation": [
						-19,
						0,
						15
					],
					"position": [
						0,
						2.6,
						-3.1
					]
				},
				"head": {
					"rotation": [
						0,
						0,
						1
					]
				}
			}
		}
	}
}