{
	"pools": [
	  {
		"rolls": 1,
		"entries": [
		  {
			"type": "item",
			"name": "minecraft:copper_ingot",
			"weight": 1
		  }
		]
	  },
	  {
		"rolls": 1,
		"entries": [
		  {
			"type": "item",
			"name": "minecraft:redstone",
			"weight": 1,
			"functions": [
			  {
				"function": "set_count",
				"count": 2
			  }
			]
		  }
		]
	  },
	  {
		"rolls": 1,
		"entries": [
		  {
			"type": "item",
			"name": "minecraft:minecart",
			"weight": 1
		  }
		]
	  },
	  {
		"rolls": 1,
		"entries": [
		  {
			"type": "item",
			"name": "minecraft:iron_block",
			"weight": 1,
			"functions": [
			  {
				"function": "set_count",
				"count": 3
			  }
			]
		  }
		]
	  }
	]
  }