{
    "format_version": "1.20.20",
    "minecraft:single_block_feature": {
        "description": {
            "identifier": "farmersdelight:red_mushroom_colony_feature"
        },
        "places_block":{
            "name": "farmersdelight:red_mushroom_colony",
            "states": {
                "farmersdelight:growth": 4
            }
        },
        "enforce_survivability_rules": true,
        "enforce_placement_rules": false,
        "may_attach_to": {
            "bottom": [
                {
                    "name": "minecraft:mycelium"
                }
            ]
        },
        "may_replace": [
            "minecraft:air"
        ]
    }
}