{
    "format_version": "1.20.20",
    "minecraft:scatter_feature": {
        "description": {
            "identifier": "farmersdelight:scatter_wild_onions_feature"
        },
        "places_feature": "farmersdelight:wild_onions_feature",
        "iterations": 25,
        "x": {
            "distribution": "uniform",
            "extent": [
                2,
                14
            ]
        },
        "y": "query.above_top_solid(variable.worldx, variable.worldz)",
        "z": {
            "distribution": "uniform",
            "extent": [
                2,
                14
            ]
        }
      }
    }