{
    "format_version": "1.20.20",
    "minecraft:scatter_feature": {
        "description": {
            "identifier": "farmersdelight:scatter_wild_rice_feature"
        },
        "places_feature": "farmersdelight:sequence_wild_rice_feature",
        "iterations": 25,
        "x": {
            "distribution": "uniform",
            "extent": [
                0,
                16
            ]
        },
        "y": "query.heightmap(variable.worldx, variable.worldz)-1",
        "z": {
            "distribution": "uniform",
            "extent": [
                6,
                16
            ]
        }
    }
}