{
	"format_version": "1.20.20",
	"minecraft:feature_rules": {
		"description": {
			"identifier": "farmersdelight:wild_rice_feature_rules",
			"places_feature": "farmersdelight:scatter_wild_rice_feature"
		},
		"conditions": {
			"placement_pass": "surface_pass",
			"minecraft:biome_filter": [
				{
					"all_of": [
						{
							"any_of": [
								{
									"test": "has_biome_tag",
									"operator": "==",
									"value": "overworld"
								},
								{
									"test": "has_biome_tag",
									"operator": "==",
									"value": "overworld_generation"
								}
							]
						},
						{
							"any_of": [
								{
									"test": "has_biome_tag",
									"operator": "==",
									"value": "swamp"
								},
								{
									"test": "has_biome_tag",
									"operator": "==",
									"value": "jungle"
								},
								{
									"test": "has_biome_tag",
									"operator": "==",
									"value": "river"
								}
							]
						}
					]
				}
			]
		},
		"distribution": {
			"iterations": 1,
            "scatter_chance": 100.0,
            "coordinate_eval_order": "xzy",
            "x": 0,
            "y": 0,
            "z": 0
		}
	}
}