{
  "format_version": "1.16.0",
  "minecraft:geometry": [
    {
      "description": {
        "identifier": "geometry.a_phone1",
        "texture_width": 32,
        "texture_height": 32,
        "visible_bounds_width": 56,
        "visible_bounds_height": 3.5,
        "visible_bounds_offset": [
          0,
          1.25,
          0
        ]
      },
      "bones": [
        {
          "name": "Root",
          "pivot": [
            0,
            0,
            0
          ]
        },
        {
          "name": "waist",
          "parent": "Root",
          "pivot": [
            0,
            12,
            0
          ]
        },
        {
          "name": "body",
          "parent": "waist",
          "pivot": [
            0,
            24,
            0
          ]
        },
        {
          "name": "rightArm",
          "parent": "body",
          "pivot": [
            -5,
            22,
            0
          ]
        },
        {
          "name": "rightitem",
          "parent": "rightArm",
          "pivot": [
            -5,
            22,
            0
          ],
          "binding": "q.item_slot_to_bone_name(c.item_slot)",
          "locators": {
            "locator": [
              0,
              0,
              0
            ]
          }
        },
        {
          "name": "bone",
          "parent": "rightitem",
          "pivot": [
            2,
            6,
            0
          ]
        },
        {
          "name": "bone3",
          "parent": "bone",
          "pivot": [
            2.5,
            8,
            -8.5625
          ],
          "rotation": [
            -40,
            0,
            0
          ],
          "cubes": [
            {
              "origin": [
                -4.8125,
                20.75,
                -15.6875
              ],
              "size": [
                0.1875,
                0.25,
                5
              ],
              "uv": {
                "north": {
                  "uv": [
                    6,
                    11
                  ],
                  "uv_size": [
                    0.25,
                    0.25
                  ]
                },
                "east": {
                  "uv": [
                    0,
                    6
                  ],
                  "uv_size": [
                    5,
                    0.25
                  ]
                },
                "south": {
                  "uv": [
                    7,
                    11
                  ],
                  "uv_size": [
                    0.25,
                    0.25
                  ]
                },
                "west": {
                  "uv": [
                    5,
                    6
                  ],
                  "uv_size": [
                    5,
                    0.25
                  ]
                },
                "up": {
                  "uv": [
                    0,
                    7
                  ],
                  "uv_size": [
                    0.25,
                    5
                  ]
                },
                "down": {
                  "uv": [
                    1,
                    12
                  ],
                  "uv_size": [
                    0.25,
                    -5
                  ]
                }
              }
            },
            {
              "origin": [
                -1.375,
                20.75,
                -15.6875
              ],
              "size": [
                0.1875,
                0.25,
                5
              ],
              "uv": {
                "north": {
                  "uv": [
                    13,
                    2
                  ],
                  "uv_size": [
                    0.25,
                    0.25
                  ]
                },
                "east": {
                  "uv": [
                    2,
                    7
                  ],
                  "uv_size": [
                    5,
                    0.25
                  ]
                },
                "south": {
                  "uv": [
                    3,
                    13
                  ],
                  "uv_size": [
                    0.25,
                    0.25
                  ]
                },
                "west": {
                  "uv": [
                    7,
                    7
                  ],
                  "uv_size": [
                    5,
                    0.25
                  ]
                },
                "up": {
                  "uv": [
                    8,
                    0
                  ],
                  "uv_size": [
                    0.25,
                    5
                  ]
                },
                "down": {
                  "uv": [
                    2,
                    13
                  ],
                  "uv_size": [
                    0.25,
                    -5
                  ]
                }
              }
            },
            {
              "origin": [
                -4.4375,
                20.75,
                -16
              ],
              "size": [
                2.875,
                0.25,
                0.1875
              ],
              "uv": {
                "north": {
                  "uv": [
                    7,
                    8
                  ],
                  "uv_size": [
                    2.875,
                    0.25
                  ]
                },
                "east": {
                  "uv": [
                    8,
                    11
                  ],
                  "uv_size": [
                    0.25,
                    0.25
                  ]
                },
                "south": {
                  "uv": [
                    9,
                    0
                  ],
                  "uv_size": [
                    2.875,
                    0.25
                  ]
                },
                "west": {
                  "uv": [
                    11,
                    8
                  ],
                  "uv_size": [
                    0.25,
                    0.25
                  ]
                },
                "up": {
                  "uv": [
                    9,
                    1
                  ],
                  "uv_size": [
                    2.875,
                    0.25
                  ]
                },
                "down": {
                  "uv": [
                    9,
                    2.25
                  ],
                  "uv_size": [
                    2.875,
                    -0.25
                  ]
                }
              }
            },
            {
              "origin": [
                -4.4375,
                20.75,
                -10.5625
              ],
              "size": [
                2.875,
                0.25,
                0.1875
              ],
              "uv": {
                "north": {
                  "uv": [
                    3,
                    9
                  ],
                  "uv_size": [
                    2.875,
                    0.25
                  ]
                },
                "east": {
                  "uv": [
                    9,
                    13
                  ],
                  "uv_size": [
                    0.25,
                    0.25
                  ]
                },
                "south": {
                  "uv": [
                    9,
                    3
                  ],
                  "uv_size": [
                    2.875,
                    0.25
                  ]
                },
                "west": {
                  "uv": [
                    10,
                    13
                  ],
                  "uv_size": [
                    0.25,
                    0.25
                  ]
                },
                "up": {
                  "uv": [
                    9,
                    4
                  ],
                  "uv_size": [
                    2.875,
                    0.25
                  ]
                },
                "down": {
                  "uv": [
                    6,
                    9.25
                  ],
                  "uv_size": [
                    2.875,
                    -0.25
                  ]
                }
              }
            },
            {
              "origin": [
                -4.625,
                20.78125,
                -11
              ],
              "size": [
                3.25,
                0.1875,
                0.4375
              ],
              "uv": {
                "north": {
                  "uv": [
                    3,
                    8
                  ],
                  "uv_size": [
                    3.25,
                    0.25
                  ]
                },
                "east": {
                  "uv": [
                    4,
                    11
                  ],
                  "uv_size": [
                    0.5,
                    0.25
                  ]
                },
                "south": {
                  "uv": [
                    8,
                    5
                  ],
                  "uv_size": [
                    3.25,
                    0.25
                  ]
                },
                "west": {
                  "uv": [
                    5,
                    11
                  ],
                  "uv_size": [
                    0.5,
                    0.25
                  ]
                },
                "up": {
                  "uv": [
                    0,
                    5
                  ],
                  "uv_size": [
                    3.25,
                    0.5
                  ]
                },
                "down": {
                  "uv": [
                    4,
                    5.5
                  ],
                  "uv_size": [
                    3.25,
                    -0.5
                  ]
                }
              }
            },
            {
              "origin": [
                -4.625,
                20.78125,
                -15.9375
              ],
              "size": [
                3.25,
                0.1875,
                0.375
              ],
              "uv": {
                "north": {
                  "uv": [
                    3,
                    8
                  ],
                  "uv_size": [
                    3.25,
                    0.25
                  ]
                },
                "east": {
                  "uv": [
                    4,
                    11
                  ],
                  "uv_size": [
                    0.5,
                    0.25
                  ]
                },
                "south": {
                  "uv": [
                    8,
                    5
                  ],
                  "uv_size": [
                    3.25,
                    0.25
                  ]
                },
                "west": {
                  "uv": [
                    5,
                    11
                  ],
                  "uv_size": [
                    0.5,
                    0.25
                  ]
                },
                "up": {
                  "uv": [
                    0,
                    5
                  ],
                  "uv_size": [
                    3.25,
                    0.5
                  ]
                },
                "down": {
                  "uv": [
                    4,
                    5.5
                  ],
                  "uv_size": [
                    3.25,
                    -0.5
                  ]
                }
              }
            },
            {
              "origin": [
                -4.625,
                20.8125,
                -15.8125
              ],
              "size": [
                3.25,
                0.125,
                4.8125
              ],
              "uv": {
                "north": {
                  "uv": [
                    10,
                    6
                  ],
                  "uv_size": [
                    3.25,
                    0.125
                  ]
                },
                "east": {
                  "uv": [
                    9,
                    9
                  ],
                  "uv_size": [
                    4.875,
                    0.125
                  ]
                },
                "south": {
                  "uv": [
                    8,
                    10
                  ],
                  "uv_size": [
                    3.25,
                    0.125
                  ]
                },
                "west": {
                  "uv": [
                    3,
                    10
                  ],
                  "uv_size": [
                    4.875,
                    0.125
                  ]
                },
                "up": {
                  "uv": [
                    0,
                    0
                  ],
                  "uv_size": [
                    3.25,
                    4.875
                  ]
                },
                "down": {
                  "uv": [
                    4,
                    4.875
                  ],
                  "uv_size": [
                    3.25,
                    -4.875
                  ]
                }
              }
            },
            {
              "origin": [
                -3.1875,
                20.9375,
                -10.9375
              ],
              "size": [
                0.3125,
                0.0625,
                0.3125
              ],
              "uv": {
                "north": {
                  "uv": [
                    13,
                    10
                  ],
                  "uv_size": [
                    0.375,
                    0.125
                  ]
                },
                "east": {
                  "uv": [
                    11,
                    13
                  ],
                  "uv_size": [
                    0.375,
                    0.125
                  ]
                },
                "south": {
                  "uv": [
                    13,
                    11
                  ],
                  "uv_size": [
                    0.375,
                    0.125
                  ]
                },
                "west": {
                  "uv": [
                    12,
                    13
                  ],
                  "uv_size": [
                    0.375,
                    0.125
                  ]
                },
                "up": {
                  "uv": [
                    10,
                    8
                  ],
                  "uv_size": [
                    0.375,
                    0.375
                  ]
                },
                "down": {
                  "uv": [
                    3,
                    11.375
                  ],
                  "uv_size": [
                    0.375,
                    -0.375
                  ]
                }
              }
            }
          ]
        },
        {
          "name": "bone2",
          "parent": "bone3",
          "pivot": [
            2.625,
            8,
            -8.5625
          ],
          "cubes": [
            {
              "origin": [
                -1.5625,
                20.75,
                -16
              ],
              "size": [
                0.125,
                0.25,
                0.1875
              ],
              "uv": {
                "north": {
                  "uv": [
                    13,
                    12
                  ],
                  "uv_size": [
                    0.125,
                    0.25
                  ]
                },
                "east": {
                  "uv": [
                    9,
                    11
                  ],
                  "uv_size": [
                    0.25,
                    0.25
                  ]
                },
                "south": {
                  "uv": [
                    13,
                    13
                  ],
                  "uv_size": [
                    0.125,
                    0.25
                  ]
                },
                "west": {
                  "uv": [
                    10,
                    11
                  ],
                  "uv_size": [
                    0.25,
                    0.25
                  ]
                },
                "up": {
                  "uv": [
                    0,
                    14
                  ],
                  "uv_size": [
                    0.125,
                    0.25
                  ]
                },
                "down": {
                  "uv": [
                    14,
                    0.25
                  ],
                  "uv_size": [
                    0.125,
                    -0.25
                  ]
                }
              }
            },
            {
              "origin": [
                -1.5625,
                20.75,
                -16
              ],
              "size": [
                0.125,
                0.25,
                0.1875
              ],
              "pivot": [
                -1.5,
                20.875,
                -15.6875
              ],
              "rotation": [
                0,
                -20,
                0
              ],
              "uv": {
                "north": {
                  "uv": [
                    1,
                    14
                  ],
                  "uv_size": [
                    0.125,
                    0.25
                  ]
                },
                "east": {
                  "uv": [
                    11,
                    11
                  ],
                  "uv_size": [
                    0.25,
                    0.25
                  ]
                },
                "south": {
                  "uv": [
                    14,
                    1
                  ],
                  "uv_size": [
                    0.125,
                    0.25
                  ]
                },
                "west": {
                  "uv": [
                    0,
                    12
                  ],
                  "uv_size": [
                    0.25,
                    0.25
                  ]
                },
                "up": {
                  "uv": [
                    2,
                    14
                  ],
                  "uv_size": [
                    0.125,
                    0.25
                  ]
                },
                "down": {
                  "uv": [
                    14,
                    2.25
                  ],
                  "uv_size": [
                    0.125,
                    -0.25
                  ]
                }
              }
            },
            {
              "origin": [
                -1.5625,
                20.75,
                -16
              ],
              "size": [
                0.125,
                0.25,
                0.1875
              ],
              "pivot": [
                -1.5,
                20.875,
                -15.6875
              ],
              "rotation": [
                0,
                -40,
                0
              ],
              "uv": {
                "north": {
                  "uv": [
                    3,
                    14
                  ],
                  "uv_size": [
                    0.125,
                    0.25
                  ]
                },
                "east": {
                  "uv": [
                    12,
                    0
                  ],
                  "uv_size": [
                    0.25,
                    0.25
                  ]
                },
                "south": {
                  "uv": [
                    14,
                    3
                  ],
                  "uv_size": [
                    0.125,
                    0.25
                  ]
                },
                "west": {
                  "uv": [
                    1,
                    12
                  ],
                  "uv_size": [
                    0.25,
                    0.25
                  ]
                },
                "up": {
                  "uv": [
                    4,
                    14
                  ],
                  "uv_size": [
                    0.125,
                    0.25
                  ]
                },
                "down": {
                  "uv": [
                    14,
                    4.25
                  ],
                  "uv_size": [
                    0.125,
                    -0.25
                  ]
                }
              }
            },
            {
              "origin": [
                -1.5625,
                20.75,
                -16
              ],
              "size": [
                0.125,
                0.25,
                0.1875
              ],
              "pivot": [
                -1.5,
                20.875,
                -15.6875
              ],
              "rotation": [
                0,
                -60,
                0
              ],
              "uv": {
                "north": {
                  "uv": [
                    5,
                    14
                  ],
                  "uv_size": [
                    0.125,
                    0.25
                  ]
                },
                "east": {
                  "uv": [
                    12,
                    1
                  ],
                  "uv_size": [
                    0.25,
                    0.25
                  ]
                },
                "south": {
                  "uv": [
                    14,
                    5
                  ],
                  "uv_size": [
                    0.125,
                    0.25
                  ]
                },
                "west": {
                  "uv": [
                    12,
                    2
                  ],
                  "uv_size": [
                    0.25,
                    0.25
                  ]
                },
                "up": {
                  "uv": [
                    6,
                    14
                  ],
                  "uv_size": [
                    0.125,
                    0.25
                  ]
                },
                "down": {
                  "uv": [
                    14,
                    6.25
                  ],
                  "uv_size": [
                    0.125,
                    -0.25
                  ]
                }
              }
            },
            {
              "origin": [
                -1.5625,
                20.75,
                -16
              ],
              "size": [
                0.125,
                0.25,
                0.1875
              ],
              "pivot": [
                -1.5,
                20.875,
                -15.6875
              ],
              "rotation": [
                0,
                -80,
                0
              ],
              "uv": {
                "north": {
                  "uv": [
                    7,
                    14
                  ],
                  "uv_size": [
                    0.125,
                    0.25
                  ]
                },
                "east": {
                  "uv": [
                    3,
                    12
                  ],
                  "uv_size": [
                    0.25,
                    0.25
                  ]
                },
                "south": {
                  "uv": [
                    14,
                    7
                  ],
                  "uv_size": [
                    0.125,
                    0.25
                  ]
                },
                "west": {
                  "uv": [
                    12,
                    3
                  ],
                  "uv_size": [
                    0.25,
                    0.25
                  ]
                },
                "up": {
                  "uv": [
                    8,
                    14
                  ],
                  "uv_size": [
                    0.125,
                    0.25
                  ]
                },
                "down": {
                  "uv": [
                    14,
                    8.25
                  ],
                  "uv_size": [
                    0.125,
                    -0.25
                  ]
                }
              }
            }
          ]
        },
        {
          "name": "bone4",
          "parent": "bone3",
          "pivot": [
            -8.625,
            8,
            -8.5625
          ],
          "cubes": [
            {
              "origin": [
                -4.5625,
                20.75,
                -16
              ],
              "size": [
                0.125,
                0.25,
                0.1875
              ],
              "uv": {
                "north": {
                  "uv": [
                    9,
                    14
                  ],
                  "uv_size": [
                    0.125,
                    0.25
                  ]
                },
                "east": {
                  "uv": [
                    4,
                    12
                  ],
                  "uv_size": [
                    0.25,
                    0.25
                  ]
                },
                "south": {
                  "uv": [
                    14,
                    9
                  ],
                  "uv_size": [
                    0.125,
                    0.25
                  ]
                },
                "west": {
                  "uv": [
                    12,
                    4
                  ],
                  "uv_size": [
                    0.25,
                    0.25
                  ]
                },
                "up": {
                  "uv": [
                    10,
                    14
                  ],
                  "uv_size": [
                    0.125,
                    0.25
                  ]
                },
                "down": {
                  "uv": [
                    14,
                    10.25
                  ],
                  "uv_size": [
                    0.125,
                    -0.25
                  ]
                }
              }
            },
            {
              "origin": [
                -4.5625,
                20.75,
                -16
              ],
              "size": [
                0.125,
                0.25,
                0.1875
              ],
              "pivot": [
                -4.5,
                20.875,
                -15.6875
              ],
              "rotation": [
                0,
                20,
                0
              ],
              "uv": {
                "north": {
                  "uv": [
                    11,
                    14
                  ],
                  "uv_size": [
                    0.125,
                    0.25
                  ]
                },
                "east": {
                  "uv": [
                    5,
                    12
                  ],
                  "uv_size": [
                    0.25,
                    0.25
                  ]
                },
                "south": {
                  "uv": [
                    14,
                    11
                  ],
                  "uv_size": [
                    0.125,
                    0.25
                  ]
                },
                "west": {
                  "uv": [
                    12,
                    5
                  ],
                  "uv_size": [
                    0.25,
                    0.25
                  ]
                },
                "up": {
                  "uv": [
                    12,
                    14
                  ],
                  "uv_size": [
                    0.125,
                    0.25
                  ]
                },
                "down": {
                  "uv": [
                    14,
                    12.25
                  ],
                  "uv_size": [
                    0.125,
                    -0.25
                  ]
                }
              }
            },
            {
              "origin": [
                -4.5625,
                20.75,
                -16
              ],
              "size": [
                0.125,
                0.25,
                0.1875
              ],
              "pivot": [
                -4.5,
                20.875,
                -15.6875
              ],
              "rotation": [
                0,
                40,
                0
              ],
              "uv": {
                "north": {
                  "uv": [
                    13,
                    14
                  ],
                  "uv_size": [
                    0.125,
                    0.25
                  ]
                },
                "east": {
                  "uv": [
                    6,
                    12
                  ],
                  "uv_size": [
                    0.25,
                    0.25
                  ]
                },
                "south": {
                  "uv": [
                    14,
                    13
                  ],
                  "uv_size": [
                    0.125,
                    0.25
                  ]
                },
                "west": {
                  "uv": [
                    7,
                    12
                  ],
                  "uv_size": [
                    0.25,
                    0.25
                  ]
                },
                "up": {
                  "uv": [
                    14,
                    14
                  ],
                  "uv_size": [
                    0.125,
                    0.25
                  ]
                },
                "down": {
                  "uv": [
                    0,
                    15.25
                  ],
                  "uv_size": [
                    0.125,
                    -0.25
                  ]
                }
              }
            },
            {
              "origin": [
                -4.5625,
                20.75,
                -16
              ],
              "size": [
                0.125,
                0.25,
                0.1875
              ],
              "pivot": [
                -4.5,
                20.875,
                -15.6875
              ],
              "rotation": [
                0,
                60,
                0
              ],
              "uv": {
                "north": {
                  "uv": [
                    15,
                    0
                  ],
                  "uv_size": [
                    0.125,
                    0.25
                  ]
                },
                "east": {
                  "uv": [
                    12,
                    7
                  ],
                  "uv_size": [
                    0.25,
                    0.25
                  ]
                },
                "south": {
                  "uv": [
                    1,
                    15
                  ],
                  "uv_size": [
                    0.125,
                    0.25
                  ]
                },
                "west": {
                  "uv": [
                    8,
                    12
                  ],
                  "uv_size": [
                    0.25,
                    0.25
                  ]
                },
                "up": {
                  "uv": [
                    15,
                    1
                  ],
                  "uv_size": [
                    0.125,
                    0.25
                  ]
                },
                "down": {
                  "uv": [
                    2,
                    15.25
                  ],
                  "uv_size": [
                    0.125,
                    -0.25
                  ]
                }
              }
            },
            {
              "origin": [
                -4.5625,
                20.75,
                -16
              ],
              "size": [
                0.125,
                0.25,
                0.1875
              ],
              "pivot": [
                -4.5,
                20.875,
                -15.6875
              ],
              "rotation": [
                0,
                80,
                0
              ],
              "uv": {
                "north": {
                  "uv": [
                    15,
                    2
                  ],
                  "uv_size": [
                    0.125,
                    0.25
                  ]
                },
                "east": {
                  "uv": [
                    12,
                    8
                  ],
                  "uv_size": [
                    0.25,
                    0.25
                  ]
                },
                "south": {
                  "uv": [
                    3,
                    15
                  ],
                  "uv_size": [
                    0.125,
                    0.25
                  ]
                },
                "west": {
                  "uv": [
                    9,
                    12
                  ],
                  "uv_size": [
                    0.25,
                    0.25
                  ]
                },
                "up": {
                  "uv": [
                    15,
                    3
                  ],
                  "uv_size": [
                    0.125,
                    0.25
                  ]
                },
                "down": {
                  "uv": [
                    4,
                    15.25
                  ],
                  "uv_size": [
                    0.125,
                    -0.25
                  ]
                }
              }
            }
          ]
        },
        {
          "name": "bone5",
          "parent": "bone3",
          "pivot": [
            -8.625,
            8,
            -17.8125
          ],
          "cubes": [
            {
              "origin": [
                -4.5625,
                20.75,
                -10.5625
              ],
              "size": [
                0.125,
                0.25,
                0.1875
              ],
              "uv": {
                "north": {
                  "uv": [
                    15,
                    4
                  ],
                  "uv_size": [
                    0.125,
                    0.25
                  ]
                },
                "east": {
                  "uv": [
                    10,
                    12
                  ],
                  "uv_size": [
                    0.25,
                    0.25
                  ]
                },
                "south": {
                  "uv": [
                    5,
                    15
                  ],
                  "uv_size": [
                    0.125,
                    0.25
                  ]
                },
                "west": {
                  "uv": [
                    12,
                    10
                  ],
                  "uv_size": [
                    0.25,
                    0.25
                  ]
                },
                "up": {
                  "uv": [
                    15,
                    5
                  ],
                  "uv_size": [
                    0.125,
                    0.25
                  ]
                },
                "down": {
                  "uv": [
                    6,
                    15.25
                  ],
                  "uv_size": [
                    0.125,
                    -0.25
                  ]
                }
              }
            },
            {
              "origin": [
                -4.5625,
                20.75,
                -10.5625
              ],
              "size": [
                0.125,
                0.25,
                0.1875
              ],
              "pivot": [
                -4.5,
                20.875,
                -10.6875
              ],
              "rotation": [
                0,
                -20,
                0
              ],
              "uv": {
                "north": {
                  "uv": [
                    15,
                    6
                  ],
                  "uv_size": [
                    0.125,
                    0.25
                  ]
                },
                "east": {
                  "uv": [
                    11,
                    12
                  ],
                  "uv_size": [
                    0.25,
                    0.25
                  ]
                },
                "south": {
                  "uv": [
                    7,
                    15
                  ],
                  "uv_size": [
                    0.125,
                    0.25
                  ]
                },
                "west": {
                  "uv": [
                    12,
                    11
                  ],
                  "uv_size": [
                    0.25,
                    0.25
                  ]
                },
                "up": {
                  "uv": [
                    15,
                    7
                  ],
                  "uv_size": [
                    0.125,
                    0.25
                  ]
                },
                "down": {
                  "uv": [
                    8,
                    15.25
                  ],
                  "uv_size": [
                    0.125,
                    -0.25
                  ]
                }
              }
            },
            {
              "origin": [
                -4.5625,
                20.75,
                -10.5625
              ],
              "size": [
                0.125,
                0.25,
                0.1875
              ],
              "pivot": [
                -4.5,
                20.875,
                -10.6875
              ],
              "rotation": [
                0,
                -40,
                0
              ],
              "uv": {
                "north": {
                  "uv": [
                    15,
                    8
                  ],
                  "uv_size": [
                    0.125,
                    0.25
                  ]
                },
                "east": {
                  "uv": [
                    12,
                    12
                  ],
                  "uv_size": [
                    0.25,
                    0.25
                  ]
                },
                "south": {
                  "uv": [
                    9,
                    15
                  ],
                  "uv_size": [
                    0.125,
                    0.25
                  ]
                },
                "west": {
                  "uv": [
                    0,
                    13
                  ],
                  "uv_size": [
                    0.25,
                    0.25
                  ]
                },
                "up": {
                  "uv": [
                    15,
                    9
                  ],
                  "uv_size": [
                    0.125,
                    0.25
                  ]
                },
                "down": {
                  "uv": [
                    10,
                    15.25
                  ],
                  "uv_size": [
                    0.125,
                    -0.25
                  ]
                }
              }
            },
            {
              "origin": [
                -4.5625,
                20.75,
                -10.5625
              ],
              "size": [
                0.125,
                0.25,
                0.1875
              ],
              "pivot": [
                -4.5,
                20.875,
                -10.6875
              ],
              "rotation": [
                0,
                -60,
                0
              ],
              "uv": {
                "north": {
                  "uv": [
                    15,
                    10
                  ],
                  "uv_size": [
                    0.125,
                    0.25
                  ]
                },
                "east": {
                  "uv": [
                    13,
                    0
                  ],
                  "uv_size": [
                    0.25,
                    0.25
                  ]
                },
                "south": {
                  "uv": [
                    11,
                    15
                  ],
                  "uv_size": [
                    0.125,
                    0.25
                  ]
                },
                "west": {
                  "uv": [
                    1,
                    13
                  ],
                  "uv_size": [
                    0.25,
                    0.25
                  ]
                },
                "up": {
                  "uv": [
                    15,
                    11
                  ],
                  "uv_size": [
                    0.125,
                    0.25
                  ]
                },
                "down": {
                  "uv": [
                    12,
                    15.25
                  ],
                  "uv_size": [
                    0.125,
                    -0.25
                  ]
                }
              }
            },
            {
              "origin": [
                -4.5625,
                20.75,
                -10.5625
              ],
              "size": [
                0.125,
                0.25,
                0.1875
              ],
              "pivot": [
                -4.5,
                20.875,
                -10.6875
              ],
              "rotation": [
                0,
                -80,
                0
              ],
              "uv": {
                "north": {
                  "uv": [
                    15,
                    12
                  ],
                  "uv_size": [
                    0.125,
                    0.25
                  ]
                },
                "east": {
                  "uv": [
                    13,
                    1
                  ],
                  "uv_size": [
                    0.25,
                    0.25
                  ]
                },
                "south": {
                  "uv": [
                    13,
                    15
                  ],
                  "uv_size": [
                    0.125,
                    0.25
                  ]
                },
                "west": {
                  "uv": [
                    2,
                    13
                  ],
                  "uv_size": [
                    0.25,
                    0.25
                  ]
                },
                "up": {
                  "uv": [
                    15,
                    13
                  ],
                  "uv_size": [
                    0.125,
                    0.25
                  ]
                },
                "down": {
                  "uv": [
                    14,
                    15.25
                  ],
                  "uv_size": [
                    0.125,
                    -0.25
                  ]
                }
              }
            }
          ]
        },
        {
          "name": "bone6",
          "parent": "bone3",
          "pivot": [
            2.625,
            8,
            -17.8125
          ],
          "cubes": [
            {
              "origin": [
                -1.5625,
                20.75,
                -10.5625
              ],
              "size": [
                0.125,
                0.25,
                0.1875
              ],
              "uv": {
                "north": {
                  "uv": [
                    15,
                    14
                  ],
                  "uv_size": [
                    0.125,
                    0.25
                  ]
                },
                "east": {
                  "uv": [
                    13,
                    3
                  ],
                  "uv_size": [
                    0.25,
                    0.25
                  ]
                },
                "south": {
                  "uv": [
                    15,
                    15
                  ],
                  "uv_size": [
                    0.125,
                    0.25
                  ]
                },
                "west": {
                  "uv": [
                    4,
                    13
                  ],
                  "uv_size": [
                    0.25,
                    0.25
                  ]
                },
                "up": {
                  "uv": [
                    0,
                    16
                  ],
                  "uv_size": [
                    0.125,
                    0.25
                  ]
                },
                "down": {
                  "uv": [
                    16,
                    0.25
                  ],
                  "uv_size": [
                    0.125,
                    -0.25
                  ]
                }
              }
            },
            {
              "origin": [
                -1.5625,
                20.75,
                -10.5625
              ],
              "size": [
                0.125,
                0.25,
                0.1875
              ],
              "pivot": [
                -1.5,
                20.875,
                -10.6875
              ],
              "rotation": [
                0,
                20,
                0
              ],
              "uv": {
                "north": {
                  "uv": [
                    1,
                    16
                  ],
                  "uv_size": [
                    0.125,
                    0.25
                  ]
                },
                "east": {
                  "uv": [
                    13,
                    4
                  ],
                  "uv_size": [
                    0.25,
                    0.25
                  ]
                },
                "south": {
                  "uv": [
                    16,
                    1
                  ],
                  "uv_size": [
                    0.125,
                    0.25
                  ]
                },
                "west": {
                  "uv": [
                    5,
                    13
                  ],
                  "uv_size": [
                    0.25,
                    0.25
                  ]
                },
                "up": {
                  "uv": [
                    2,
                    16
                  ],
                  "uv_size": [
                    0.125,
                    0.25
                  ]
                },
                "down": {
                  "uv": [
                    16,
                    2.25
                  ],
                  "uv_size": [
                    0.125,
                    -0.25
                  ]
                }
              }
            },
            {
              "origin": [
                -1.5625,
                20.75,
                -10.5625
              ],
              "size": [
                0.125,
                0.25,
                0.1875
              ],
              "pivot": [
                -1.5,
                20.875,
                -10.6875
              ],
              "rotation": [
                0,
                40,
                0
              ],
              "uv": {
                "north": {
                  "uv": [
                    3,
                    16
                  ],
                  "uv_size": [
                    0.125,
                    0.25
                  ]
                },
                "east": {
                  "uv": [
                    13,
                    5
                  ],
                  "uv_size": [
                    0.25,
                    0.25
                  ]
                },
                "south": {
                  "uv": [
                    16,
                    3
                  ],
                  "uv_size": [
                    0.125,
                    0.25
                  ]
                },
                "west": {
                  "uv": [
                    6,
                    13
                  ],
                  "uv_size": [
                    0.25,
                    0.25
                  ]
                },
                "up": {
                  "uv": [
                    4,
                    16
                  ],
                  "uv_size": [
                    0.125,
                    0.25
                  ]
                },
                "down": {
                  "uv": [
                    16,
                    4.25
                  ],
                  "uv_size": [
                    0.125,
                    -0.25
                  ]
                }
              }
            },
            {
              "origin": [
                -1.5625,
                20.75,
                -10.5625
              ],
              "size": [
                0.125,
                0.25,
                0.1875
              ],
              "pivot": [
                -1.5,
                20.875,
                -10.6875
              ],
              "rotation": [
                0,
                60,
                0
              ],
              "uv": {
                "north": {
                  "uv": [
                    5,
                    16
                  ],
                  "uv_size": [
                    0.125,
                    0.25
                  ]
                },
                "east": {
                  "uv": [
                    7,
                    13
                  ],
                  "uv_size": [
                    0.25,
                    0.25
                  ]
                },
                "south": {
                  "uv": [
                    16,
                    5
                  ],
                  "uv_size": [
                    0.125,
                    0.25
                  ]
                },
                "west": {
                  "uv": [
                    13,
                    7
                  ],
                  "uv_size": [
                    0.25,
                    0.25
                  ]
                },
                "up": {
                  "uv": [
                    6,
                    16
                  ],
                  "uv_size": [
                    0.125,
                    0.25
                  ]
                },
                "down": {
                  "uv": [
                    16,
                    6.25
                  ],
                  "uv_size": [
                    0.125,
                    -0.25
                  ]
                }
              }
            },
            {
              "origin": [
                -1.5625,
                20.75,
                -10.5625
              ],
              "size": [
                0.125,
                0.25,
                0.1875
              ],
              "pivot": [
                -1.5,
                20.875,
                -10.6875
              ],
              "rotation": [
                0,
                80,
                0
              ],
              "uv": {
                "north": {
                  "uv": [
                    7,
                    16
                  ],
                  "uv_size": [
                    0.125,
                    0.25
                  ]
                },
                "east": {
                  "uv": [
                    8,
                    13
                  ],
                  "uv_size": [
                    0.25,
                    0.25
                  ]
                },
                "south": {
                  "uv": [
                    16,
                    7
                  ],
                  "uv_size": [
                    0.125,
                    0.25
                  ]
                },
                "west": {
                  "uv": [
                    13,
                    8
                  ],
                  "uv_size": [
                    0.25,
                    0.25
                  ]
                },
                "up": {
                  "uv": [
                    8,
                    16
                  ],
                  "uv_size": [
                    0.125,
                    0.25
                  ]
                },
                "down": {
                  "uv": [
                    16,
                    8.25
                  ],
                  "uv_size": [
                    0.125,
                    -0.25
                  ]
                }
              }
            }
          ]
        }
      ]
    }
  ]
}