{
	"format_version": "1.21.0",
	"minecraft:geometry": [
		{
			"description": {
				"identifier": "geometry.humanoid.custom",
				"texture_width": 64,
				"texture_height": 64,
				"visible_bounds_width": 3,
				"visible_bounds_height": 3,
				"visible_bounds_offset": [0, 1.5, 0]
			},
			"bones": [
				{
					"name": "root",
					"pivot": [0, 0, 0]
				},
				{
					"name": "waist",
					"parent": "root",
					"pivot": [0, 12, 0]
				},
				{
					"name": "body",
					"parent": "waist",
					"pivot": [0, 24, 0],
					"cubes": [
						{
							"origin": [-4, 12, -2],
							"size": [8, 6, 4],
							"uv": {
								"north": {"uv": [20, 26], "uv_size": [8, 6]},
								"east": {"uv": [16, 26], "uv_size": [4, 6]},
								"south": {"uv": [32, 26], "uv_size": [8, 6]},
								"west": {"uv": [28, 26], "uv_size": [4, 6]},
								"up": {"uv": [36, 20], "uv_size": [-8, -4]},
								"down": {"uv": [28, 20], "uv_size": [8, -4]}
							}
						},
						{
							"origin": [-4, 12, -2],
							"size": [8, 5.75, 4],
							"inflate": 0.25,
							"uv": {
								"north": {"uv": [20, 42], "uv_size": [8, 6]},
								"east": {"uv": [16, 42], "uv_size": [4, 6]},
								"south": {"uv": [32, 42], "uv_size": [8, 6]},
								"west": {"uv": [28, 42], "uv_size": [4, 6]},
								"down": {"uv": [28, 52], "uv_size": [8, -4]}
							}
						}
					]
				},
				{
					"name": "BodySea",
					"parent": "body",
					"pivot": [0, 18, 0],
					"cubes": [
						{
							"origin": [-4, 18.25, -2],
							"size": [8, 5.75, 4],
							"inflate": 0.25,
							"uv": {
								"north": {"uv": [20, 36], "uv_size": [8, 6]},
								"east": {"uv": [16, 36], "uv_size": [4, 6]},
								"south": {"uv": [32, 36], "uv_size": [8, 6]},
								"west": {"uv": [28, 36], "uv_size": [4, 6]},
								"up": {"uv": [20, 32], "uv_size": [8, 4]}
							}
						},
						{
							"origin": [-4, 18, -2],
							"size": [8, 6, 4],
							"uv": {
								"north": {"uv": [20, 20], "uv_size": [8, 6]},
								"east": {"uv": [16, 20], "uv_size": [4, 6]},
								"south": {"uv": [32, 20], "uv_size": [8, 6]},
								"west": {"uv": [28, 20], "uv_size": [4, 6]},
								"up": {"uv": [20, 16], "uv_size": [8, 4]},
								"down": {"uv": [36, 20], "uv_size": [-8, -4]}
							}
						}
					]
				},
				{
					"name": "head",
					"parent": "BodySea",
					"pivot": [0, 24, 0],
					"cubes": [
						{
							"origin": [-4, 24, -4],
							"size": [8, 8, 8],
							"uv": {
								"north": {"uv": [8, 8], "uv_size": [8, 8]},
								"east": {"uv": [0, 8], "uv_size": [8, 8]},
								"south": {"uv": [24, 8], "uv_size": [8, 8]},
								"west": {"uv": [16, 8], "uv_size": [8, 8]},
								"up": {"uv": [8, 0], "uv_size": [8, 8]},
								"down": {"uv": [16, 8], "uv_size": [8, -8]}
							}
						},
						{
							"origin": [-4, 24, -4],
							"size": [8, 8, 8],
							"inflate": 0.5,
							"uv": {
								"north": {"uv": [40, 8], "uv_size": [8, 8]},
								"east": {"uv": [32, 8], "uv_size": [8, 8]},
								"south": {"uv": [56, 8], "uv_size": [8, 8]},
								"west": {"uv": [48, 8], "uv_size": [8, 8]},
								"up": {"uv": [40, 0], "uv_size": [8, 8]},
								"down": {"uv": [48, 8], "uv_size": [8, -8]}
							}
						}
					]
				},
				{
					"name": "cape",
					"parent": "BodySea",
					"pivot": [0, 24, 3]
				},
				{
					"name": "leftArm",
					"parent": "BodySea",
					"pivot": [5, 22, 0],
					"cubes": [
						{
							"origin": [4, 18, -2],
							"size": [3, 6, 4],
							"uv": {
								"north": {"uv": [37, 52], "uv_size": [3, 6]},
								"east": {"uv": [32, 52], "uv_size": [4, 6]},
								"south": {"uv": [43, 52], "uv_size": [3, 6]},
								"west": {"uv": [40, 52], "uv_size": [4, 6]},
								"up": {"uv": [36, 48], "uv_size": [3, 4]},
								"down": {"uv": [39, 52], "uv_size": [-3, -4]}
							}
						},
						{
							"origin": [4, 18.25, -2],
							"size": [3, 5.75, 4],
							"inflate": 0.25,
							"uv": {
								"north": {"uv": [53, 52], "uv_size": [3, 6]},
								"east": {"uv": [48, 52], "uv_size": [4, 6]},
								"south": {"uv": [58, 52], "uv_size": [3, 6]},
								"west": {"uv": [56, 52], "uv_size": [4, 6]},
								"up": {"uv": [52, 48], "uv_size": [4, 4]}
							}
						}
					]
				},
				{
					"name": "Left2",
					"parent": "leftArm",
					"pivot": [7, 18, 2],
					"cubes": [
						{
							"origin": [3.99, 12, -2],
							"size": [3, 6, 4],
							"uv": {
								"north": {"uv": [37, 58], "uv_size": [3, 6]},
								"east": {"uv": [32, 58], "uv_size": [4, 6]},
								"south": {"uv": [43, 58], "uv_size": [3, 6]},
								"west": {"uv": [40, 58], "uv_size": [4, 6]},
								"up": {"uv": [39, 52], "uv_size": [-3, -4], "uv_rotation": 180},
								"down": {"uv": [39, 52], "uv_size": [3, -4]}
							}
						},
						{
							"origin": [3.99, 12, -2],
							"size": [3, 5.75, 4],
							"inflate": 0.26,
							"uv": {
								"north": {"uv": [53, 58], "uv_size": [3, 6]},
								"east": {"uv": [48, 58], "uv_size": [4, 6]},
								"south": {"uv": [58, 58], "uv_size": [3, 6]},
								"west": {"uv": [56, 58], "uv_size": [4, 6]},
								"down": {"uv": [56, 52], "uv_size": [4, -4]}
							}
						}
					]
				},
				{
					"name": "leftItem",
					"parent": "leftArm",
					"pivot": [6, 15, 1]
				},
				{
					"name": "rightArm",
					"parent": "BodySea",
					"pivot": [-5, 22, 0],
					"cubes": [
						{
							"origin": [-7, 18, -2],
							"size": [3, 6, 4],
							"uv": {
								"north": {"uv": [43, 20], "uv_size": [3, 6]},
								"east": {"uv": [40, 20], "uv_size": [4, 6]},
								"south": {"uv": [51, 20], "uv_size": [3, 6]},
								"west": {"uv": [48, 20], "uv_size": [4, 6]},
								"up": {"uv": [44, 16], "uv_size": [3, 4]},
								"down": {"uv": [47, 20], "uv_size": [-3, -4]}
							}
						},
						{
							"origin": [-7, 18.25, -2],
							"size": [3, 5.75, 4],
							"inflate": 0.25,
							"uv": {
								"north": {"uv": [43, 36], "uv_size": [3, 6]},
								"east": {"uv": [40, 36], "uv_size": [4, 6]},
								"south": {"uv": [51, 36], "uv_size": [3, 6]},
								"west": {"uv": [48, 36], "uv_size": [4, 6]},
								"up": {"uv": [44, 32], "uv_size": [4, 4]}
							}
						}
					]
				},
				{
					"name": "Right2",
					"parent": "rightArm",
					"pivot": [-7, 18, 2],
					"cubes": [
						{
							"origin": [-7.01, 12, -2],
							"size": [3, 6, 4],
							"uv": {
								"north": {"uv": [43, 26], "uv_size": [3, 6]},
								"east": {"uv": [40, 26], "uv_size": [4, 6]},
								"south": {"uv": [51, 26], "uv_size": [3, 6]},
								"west": {"uv": [48, 26], "uv_size": [4, 6]},
								"up": {"uv": [47, 20], "uv_size": [-3, -4], "uv_rotation": 90},
								"down": {"uv": [47, 20], "uv_size": [3, -4]}
							}
						},
						{
							"origin": [-7.01, 12, -2],
							"size": [3, 5.75, 4],
							"inflate": 0.25,
							"uv": {
								"north": {"uv": [43, 42], "uv_size": [3, 6]},
								"east": {"uv": [40, 42], "uv_size": [4, 6]},
								"south": {"uv": [51, 42], "uv_size": [3, 6]},
								"west": {"uv": [48, 42], "uv_size": [4, 6]},
								"down": {"uv": [48, 36], "uv_size": [4, -4]}
							}
						}
					]
				},
				{
					"name": "rightItem",
					"parent": "Right2",
					"pivot": [-6, 15, 1],
					"locators": {
						"lead_hold": [-4.01, 15, 1]
					}
				},
				{
					"name": "leftLeg",
					"parent": "root",
					"pivot": [1.9, 12, 0],
					"cubes": [
						{
							"origin": [-0.1, 6, -2],
							"size": [4, 6, 4],
							"uv": {
								"north": {"uv": [20, 52], "uv_size": [4, 6]},
								"east": {"uv": [16, 52], "uv_size": [4, 6]},
								"south": {"uv": [28, 52], "uv_size": [4, 6]},
								"west": {"uv": [24, 52], "uv_size": [4, 6]},
								"up": {"uv": [20, 48], "uv_size": [4, 4]},
								"down": {"uv": [28, 52], "uv_size": [-4, -4], "uv_rotation": 90}
							}
						},
						{
							"origin": [-0.1, 6, -2],
							"size": [4, 6, 4],
							"inflate": 0.25,
							"uv": {
								"north": {"uv": [4, 52], "uv_size": [4, 6]},
								"east": {"uv": [0, 52], "uv_size": [4, 6]},
								"south": {"uv": [12, 52], "uv_size": [4, 6]},
								"west": {"uv": [8, 52], "uv_size": [4, 6]},
								"up": {"uv": [4, 48], "uv_size": [4, 4]}
							}
						}
					]
				},
				{
					"name": "LeftX",
					"parent": "leftLeg",
					"pivot": [4, 6, -2],
					"cubes": [
						{
							"origin": [-0.1, 0, -2],
							"size": [4, 6, 4],
							"uv": {
								"north": {"uv": [20, 58], "uv_size": [4, 6]},
								"east": {"uv": [16, 58], "uv_size": [4, 6]},
								"south": {"uv": [28, 58], "uv_size": [4, 6]},
								"west": {"uv": [24, 58], "uv_size": [4, 6]},
								"up": {"uv": [24, 52], "uv_size": [-4, -4], "uv_rotation": 90},
								"down": {"uv": [24, 52], "uv_size": [4, -4]}
							}
						},
						{
							"origin": [-0.1, 0, -2],
							"size": [4, 6, 4],
							"inflate": 0.25,
							"uv": {
								"north": {"uv": [4, 58], "uv_size": [4, 6]},
								"east": {"uv": [0, 58], "uv_size": [4, 6]},
								"south": {"uv": [12, 58], "uv_size": [4, 6]},
								"west": {"uv": [8, 58], "uv_size": [4, 6]},
								"down": {"uv": [8, 52], "uv_size": [4, -4]}
							}
						}
					]
				},
				{
					"name": "rightLeg",
					"parent": "root",
					"pivot": [-1.9, 12, 0],
					"cubes": [
						{
							"origin": [-3.9, 6, -2],
							"size": [4, 6, 4],
							"uv": {
								"north": {"uv": [4, 20], "uv_size": [4, 6]},
								"east": {"uv": [0, 20], "uv_size": [4, 6]},
								"south": {"uv": [12, 20], "uv_size": [4, 6]},
								"west": {"uv": [8, 20], "uv_size": [4, 6]},
								"up": {"uv": [4, 16], "uv_size": [4, 4]},
								"down": {"uv": [12, 20], "uv_size": [-4, -4], "uv_rotation": 270}
							}
						},
						{
							"origin": [-3.9, 6, -2],
							"size": [4, 6, 4],
							"inflate": 0.25,
							"uv": {
								"north": {"uv": [4, 36], "uv_size": [4, 6]},
								"east": {"uv": [0, 36], "uv_size": [4, 6]},
								"south": {"uv": [12, 36], "uv_size": [4, 6]},
								"west": {"uv": [8, 36], "uv_size": [4, 6]},
								"up": {"uv": [4, 32], "uv_size": [4, 4]}
							}
						}
					]
				},
				{
					"name": "RightX",
					"parent": "rightLeg",
					"pivot": [-4, 6, -2],
					"cubes": [
						{
							"origin": [-3.9, 0, -2],
							"size": [4, 6, 4],
							"uv": {
								"north": {"uv": [4, 26], "uv_size": [4, 6]},
								"east": {"uv": [0, 26], "uv_size": [4, 6]},
								"south": {"uv": [12, 26], "uv_size": [4, 6]},
								"west": {"uv": [8, 26], "uv_size": [4, 6]},
								"up": {"uv": [8, 20], "uv_size": [-4, -4], "uv_rotation": 270},
								"down": {"uv": [8, 20], "uv_size": [4, -4]}
							}
						},
						{
							"origin": [-3.9, 0, -2],
							"size": [4, 6, 4],
							"inflate": 0.25,
							"uv": {
								"north": {"uv": [4, 42], "uv_size": [4, 6]},
								"east": {"uv": [0, 42], "uv_size": [4, 6]},
								"south": {"uv": [12, 42], "uv_size": [4, 6]},
								"west": {"uv": [8, 42], "uv_size": [4, 6]},
								"down": {"uv": [8, 36], "uv_size": [4, -4]}
							}
						}
					]
				}
			]
		}
	]
}