{
  "format_version": "1.21.60",
  "minecraft:item": {
    "components": {
      "minecraft:food": {
        "can_always_eat": true,
        "nutrition": 7,
        "saturation_modifier": 0.6,
        "using_converts_to": "minecraft:glass_bottle"
      },
      "minecraft:icon": {
        "textures": {
          "default": "farmersdelight:glow_berry_custard"
        }
      },
      "minecraft:max_stack_size": 16,
      "minecraft:use_animation": "drink",
      "minecraft:use_modifiers": {
                "use_duration": 1.6,
                "movement_modifier": 0.4
            }
    },
    "description": {
      "identifier": "farmersdelight:glow_berry_custard",
      "menu_category": {
        "category": "equipment",
        "group": "farmersdelight:itemGroup.name.miscFood"
      }
    }
  }
}