{
	"format_version": "1.8.0",
	"animations": {
		"animation.a10": {
			"loop": true,
			"animation_length": 10000,
			"override_previous_animation": true,
			"bones": {
				"root": {
					"rotation": [87.58508, 0.64686, 14.98637],
					"position": [0, 0.5, 14]
				},
				"leftArm": {
					"rotation": [17.5, 0, -77.5]
				},
				"Left2": {
					"rotation": [-7.46891, 6.84289, 46.02413]
				},
				"rightArm": {
					"rotation": [-179.46542, -44.72566, 203.96205]
				},
				"Right2": {
					"rotation": [-14.33501, 4.46375, 16.93839],
					"position": [0, 1, 0]
				},
				"leftLeg": {
					"rotation": [0, 72.5, 0]
				},
				"LeftX": {
					"rotation": [62.5, 0, 0]
				},
				"rightLeg": {
					"rotation": [-25, 0, 0],
					"position": [0, 0, 1.5]
				},
				"RightX": {
					"rotation": [22.5, 0, 0]
				}
			}
		}
	}
}