{
	"format_version": "1.8.0",
	"animations": {
		"animation.a11": {
			"loop": true,
			"animation_length": 1,
			"bones": {
				"root": {
					"position": {
						"0.0": {
							"post": [0, -4, 0],
							"lerp_mode": "catmullrom"
						},
						"0.5": {
							"post": [3, -4, 0],
							"lerp_mode": "catmullrom"
						},
						"1.0": {
							"post": [0, -4, 0],
							"lerp_mode": "catmullrom"
						}
					}
				},
				"waist": {
					"rotation": {
						"0.0": {
							"post": [7.5, 7.5, 7.5],
							"lerp_mode": "catmullrom"
						},
						"0.5": {
							"post": [12.5, -10, -7.5],
							"lerp_mode": "catmullrom"
						},
						"1.0": {
							"post": [7.5, 7.5, 7.5],
							"lerp_mode": "catmullrom"
						}
					}
				},
				"leftArm": {
					"rotation": {
						"0.0": {
							"post": [-5.12468, -8.73313, -62.14845],
							"lerp_mode": "catmullrom"
						},
						"0.5": {
							"post": [2.58484, -4.77803, -107.53553],
							"lerp_mode": "catmullrom"
						},
						"1.0": {
							"post": [-5.12, -8.73, -62.15],
							"lerp_mode": "catmullrom"
						}
					}
				},
				"rightArm": {
					"rotation": {
						"0.0": {
							"post": [-2.5, 0, 107.5],
							"lerp_mode": "catmullrom"
						},
						"0.5": {
							"post": [-1.91561, -1.60667, 67.52686],
							"lerp_mode": "catmullrom"
						},
						"1.0": {
							"post": [-2.5, 0, 107.5],
							"lerp_mode": "catmullrom"
						}
					}
				},
				"leftLeg": {
					"rotation": {
						"0.0": {
							"post": [-30.38078, -28.72509, -35.27463],
							"lerp_mode": "catmullrom"
						},
						"0.5": {
							"post": [-37.53093, -17.45618, -17.25523],
							"lerp_mode": "catmullrom"
						},
						"1.0": {
							"post": [-30.38, -28.73, -35.27],
							"lerp_mode": "catmullrom"
						}
					}
				},
				"LeftX": {
					"rotation": {
						"0.0": {
							"post": [40, 0, 0],
							"lerp_mode": "catmullrom"
						},
						"0.5": {
							"post": [65, 0, 0],
							"lerp_mode": "catmullrom"
						},
						"1.0": {
							"post": [40, 0, 0],
							"lerp_mode": "catmullrom"
						}
					}
				},
				"rightLeg": {
					"rotation": {
						"0.0": {
							"post": [-35, 0, 20],
							"lerp_mode": "catmullrom"
						},
						"0.5": {
							"post": [-29.14586, 26.55596, 29.92191],
							"lerp_mode": "catmullrom"
						},
						"1.0": {
							"post": [-35, 0, 20],
							"lerp_mode": "catmullrom"
						}
					}
				},
				"RightX": {
					"rotation": {
						"0.0": {
							"post": [62.5, 0, 0],
							"lerp_mode": "catmullrom"
						},
						"0.5": {
							"post": [32.5, 0, 0],
							"lerp_mode": "catmullrom"
						},
						"1.0": {
							"post": [62.5, 0, 0],
							"lerp_mode": "catmullrom"
						}
					}
				}
			}
		}
	}
}