{
	"format_version": "1.8.0",
	"animations": {
		"animation.a15": {
			"animation_length": 10000,
			"override_previous_animation": true,
			"bones": {
				"root": {
					"rotation": [0, 27.5, 0],
					"position": [0, 9, 0]
				},
				"waist": {
					"rotation": [-32.5, 0, 0]
				},
				"BodySea": {
					"rotation": [-22.5, 0, 0],
					"position": [0, -1, -0.25]
				},
				"head": {
					"rotation": [-40, 0, 0]
				},
				"leftArm": {
					"rotation": [55, 0, 0]
				},
				"rightArm": {
					"rotation": [55, 0, 0]
				},
				"leftLeg": {
					"rotation": [-27.5, -27.5, 0]
				},
				"LeftX": {
					"rotation": [27.5, 0, 0]
				},
				"rightLeg": {
					"rotation": [-32.5, 2.5, 0]
				},
				"RightX": {
					"rotation": [45, 0, 0]
				}
			}
		}
	}
}