{
	"format_version": "1.8.0",
	"animations": {
		"animation.a3": {
			"loop": true,
			"animation_length": 2.9851,
			"bones": {
				"root": {
					"rotation": [0, -40, 0],
					"position": [0, -10.5, 0]
				},
				"waist": {
					"rotation": {
						"0.0": {
							"post": [-20, 0, 0],
							"lerp_mode": "catmullrom"
						},
						"1.5": {
							"post": [-25, 0, 0],
							"lerp_mode": "catmullrom"
						},
						"3.0": {
							"post": [-20, 0, 0],
							"lerp_mode": "catmullrom"
						}
					}
				},
				"BodySea": {
					"rotation": {
						"0.0": {
							"post": [32.5, 0, 0],
							"lerp_mode": "catmullrom"
						},
						"1.5": {
							"post": [37.5, 0, 0],
							"lerp_mode": "catmullrom"
						},
						"3.0": {
							"post": [32.5, 0, 0],
							"lerp_mode": "catmullrom"
						}
					},
					"position": [0, -1, 0.5]
				},
				"head": {
					"rotation": [0, 20, 0]
				},
				"leftArm": {
					"rotation": {
						"0.0": {
							"post": [-82.5, 0, 0],
							"lerp_mode": "catmullrom"
						},
						"1.5": {
							"post": [-85, 0, 0],
							"lerp_mode": "catmullrom"
						},
						"3.0": {
							"post": [-82.5, 0, 0],
							"lerp_mode": "catmullrom"
						}
					}
				},
				"Left2": {
					"rotation": {
						"0.0": {
							"post": [0, 0, 17.5],
							"lerp_mode": "catmullrom"
						},
						"1.5": {
							"post": [0, 0, 27.5],
							"lerp_mode": "catmullrom"
						},
						"3.0": {
							"post": [0, 0, 17.5],
							"lerp_mode": "catmullrom"
						}
					}
				},
				"rightArm": {
					"rotation": {
						"0.0": {
							"post": [-14.51082, 3.84097, 14.51082],
							"lerp_mode": "catmullrom"
						},
						"1.5": {
							"post": [-14.13236, 5.07803, 19.36965],
							"lerp_mode": "catmullrom"
						},
						"3.0": {
							"post": [-14.51, 3.84, 14.51],
							"lerp_mode": "catmullrom"
						}
					},
					"position": [0, -1, 0]
				},
				"leftLeg": {
					"rotation": [-110.44582, -11.73507, 4.3361],
					"position": [0, 1.5, 0]
				},
				"LeftX": {
					"rotation": {
						"0.0": {
							"post": [87.49, -5, 0.22],
							"lerp_mode": "catmullrom"
						},
						"1.5": {
							"post": [84.99, -5, 0.22],
							"lerp_mode": "catmullrom"
						},
						"3.0": {
							"post": [87.49, -5, 0.22],
							"lerp_mode": "catmullrom"
						}
					},
					"position": [0, -2, 0],
					"scale": [1, 1.35, 1]
				},
				"rightLeg": {
					"rotation": [-85, 0, 0]
				},
				"RightX": {
					"rotation": {
						"0.0": {
							"post": [67.5, 0, 0],
							"lerp_mode": "catmullrom"
						},
						"1.5": {
							"post": [60, 0, 0],
							"lerp_mode": "catmullrom"
						},
						"3.0": {
							"post": [67.5, 0, 0],
							"lerp_mode": "catmullrom"
						}
					},
					"scale": [1, 1.25, 1]
				}
			}
		}
	}
}