{
	"format_version": "1.8.0",
	"animations": {
		"animation.a6": {
			"loop": true,
			"animation_length": 4,
			"bones": {
				"root": {
					"position": [0, -10.5, 0]
				},
				"waist": {
					"rotation": {
						"0.0": {
							"post": [-7.5, 0, 0],
							"lerp_mode": "catmullrom"
						},
						"2.0": {
							"post": [-10, 0, 0],
							"lerp_mode": "catmullrom"
						},
						"4.0": {
							"post": [-7.5, 0, 0],
							"lerp_mode": "catmullrom"
						}
					}
				},
				"leftArm": {
					"rotation": {
						"0.0": {
							"post": [149.5, 31.17, 41.3],
							"lerp_mode": "catmullrom"
						},
						"2.0": {
							"post": [141.5781, 45.66913, 28.68479],
							"lerp_mode": "catmullrom"
						},
						"4.0": {
							"post": [149.5, 31.17, 41.3],
							"lerp_mode": "catmullrom"
						}
					},
					"position": [-1, 0, 1.5]
				},
				"Left2": {
					"rotation": {
						"0.0": {
							"post": [0, 0, 72.5],
							"lerp_mode": "catmullrom"
						},
						"4.0": {
							"post": [0, 0, 72.5],
							"lerp_mode": "catmullrom"
						}
					}
				},
				"rightArm": {
					"rotation": {
						"0.0": {
							"post": [147.05902, -28.53623, -36.40051],
							"lerp_mode": "catmullrom"
						},
						"2.0": {
							"post": [144.45516, -34.74248, -31.44518],
							"lerp_mode": "catmullrom"
						},
						"4.0": {
							"post": [147.06, -28.54, -36.4],
							"lerp_mode": "catmullrom"
						}
					},
					"position": [1, 0, 1.5]
				},
				"Right2": {
					"rotation": {
						"0.0": {
							"post": [0, 0, -80],
							"lerp_mode": "catmullrom"
						},
						"4.0": {
							"post": [0, 0, -80],
							"lerp_mode": "catmullrom"
						}
					}
				},
				"leftLeg": {
					"rotation": {
						"0.0": {
							"post": [-90, 7.5, 0],
							"lerp_mode": "catmullrom"
						},
						"4.0": {
							"post": [-90, 7.5, 0],
							"lerp_mode": "catmullrom"
						}
					}
				},
				"LeftX": {
					"rotation": {
						"0.0": {
							"post": [67.4807, 2.30959, -0.95723],
							"lerp_mode": "catmullrom"
						},
						"2.0": {
							"post": [57.48, 2.31, -0.96],
							"lerp_mode": "catmullrom"
						},
						"4.0": {
							"post": [67.48, 2.31, -0.96],
							"lerp_mode": "catmullrom"
						}
					}
				},
				"rightLeg": {
					"rotation": {
						"0.0": {
							"post": [-123.7424, -14.6914, 9.61518],
							"lerp_mode": "catmullrom"
						},
						"2.0": {
							"post": [-123.74, -14.69, 9.62],
							"lerp_mode": "catmullrom"
						},
						"4.0": {
							"post": [-123.74, -14.69, 9.62],
							"lerp_mode": "catmullrom"
						}
					}
				},
				"RightX": {
					"rotation": {
						"0.0": {
							"post": [67.5, 0, 0],
							"lerp_mode": "catmullrom"
						},
						"2.0": {
							"post": [60, 0, 0],
							"lerp_mode": "catmullrom"
						},
						"4.0": {
							"post": [67.5, 0, 0],
							"lerp_mode": "catmullrom"
						}
					}
				},
				"BodySea": {
					"rotation": {
						"0.0": {
							"post": [0, 0, 0],
							"lerp_mode": "catmullrom"
						},
						"2.0": {
							"post": [12.5, 0, 0],
							"lerp_mode": "catmullrom"
						},
						"4.0": {
							"post": [0, 0, 0],
							"lerp_mode": "catmullrom"
						}
					},
					"position": {
						"0.0": {
							"post": [0, 0, 0],
							"lerp_mode": "catmullrom"
						},
						"2.0": {
							"post": [0, -0.5, 0],
							"lerp_mode": "catmullrom"
						},
						"4.0": {
							"post": [0, 0, 0],
							"lerp_mode": "catmullrom"
						}
					}
				},
				"head": {
					"rotation": {
						"0.0": {
							"post": [0, 0, 0],
							"lerp_mode": "catmullrom"
						},
						"1.0": {
							"post": [-3.78227, 7.48385, -0.49333],
							"lerp_mode": "catmullrom"
						},
						"2.0": {
							"post": [-7.5, 0, 0],
							"lerp_mode": "catmullrom"
						},
						"3.0": {
							"post": [-3.76969, -5.92925, 0.38836],
							"lerp_mode": "catmullrom"
						},
						"4.0": {
							"post": [0, 0, 0],
							"lerp_mode": "catmullrom"
						}
					},
					"position": {
						"0.0": {
							"post": [0, 0, 0],
							"lerp_mode": "catmullrom"
						}
					}
				}
			}
		}
	}
}