{
	"format_version": "1.8.0",
	"animations": {
		"animation.a7": {
			"loop": true,
			"animation_length": 2,
			"bones": {
				"waist": {
					"rotation": {
						"0.0": {
							"post": [22.5, 0, 0],
							"lerp_mode": "catmullrom"
						},
						"1.0": {
							"post": [17.5, 0, 0],
							"lerp_mode": "catmullrom"
						},
						"2.0": {
							"post": [22.5, 0, 0],
							"lerp_mode": "catmullrom"
						}
					}
				},
				"leftArm": {
					"rotation": {
						"0.0": {
							"post": [-78.66156, 8.64738, -15.27269],
							"lerp_mode": "catmullrom"
						},
						"1.0": {
							"post": [-78.66, 8.65, -15.27],
							"lerp_mode": "catmullrom"
						},
						"2.0": {
							"post": [-78.66, 8.65, -15.27],
							"lerp_mode": "catmullrom"
						}
					},
					"position": [-0.5, 0, -2]
				},
				"Left2": {
					"rotation": {
						"0.0": {
							"post": [-85, 0, 0],
							"lerp_mode": "catmullrom"
						},
						"1.0": {
							"post": [-87.5, 0, 0],
							"lerp_mode": "catmullrom"
						},
						"2.0": {
							"post": [-85, 0, 0],
							"lerp_mode": "catmullrom"
						}
					}
				},
				"rightArm": {
					"rotation": {
						"0.0": {
							"post": [-78.06, -3.73, 17.11],
							"lerp_mode": "catmullrom"
						},
						"1.0": {
							"post": [-75.56, -3.73, 17.11],
							"lerp_mode": "catmullrom"
						},
						"2.0": {
							"post": [-78.06, -3.73, 17.11],
							"lerp_mode": "catmullrom"
						}
					},
					"position": [0.5, 0, -2.5]
				},
				"Right2": {
					"rotation": {
						"0.0": {
							"post": [-82.5, 0, 0],
							"lerp_mode": "catmullrom"
						},
						"1.0": {
							"post": [-87.5, 0, 0],
							"lerp_mode": "catmullrom"
						},
						"2.0": {
							"post": [-82.5, 0, 0],
							"lerp_mode": "catmullrom"
						}
					}
				},
				"rightLeg": {
					"rotation": {
						"0.0": {
							"post": [-12.5, 0, 0],
							"lerp_mode": "catmullrom"
						},
						"2.0": {
							"post": [-12.5, 0, 0],
							"lerp_mode": "catmullrom"
						}
					}
				},
				"RightX": {
					"rotation": {
						"0.0": {
							"post": [32.04103, -5.7449, -2.02354],
							"lerp_mode": "catmullrom"
						},
						"2.0": {
							"post": [32.04, -5.74, -2.02],
							"lerp_mode": "catmullrom"
						}
					}
				},
				"body": {
					"rotation": [0, 0, 0]
				},
				"BodySea": {
					"rotation": {
						"0.0": {
							"post": [0, 0, 0],
							"lerp_mode": "catmullrom"
						},
						"1.0": {
							"post": [5, 0, 0],
							"lerp_mode": "catmullrom"
						},
						"2.0": {
							"post": [0, 0, 0],
							"lerp_mode": "catmullrom"
						}
					},
					"position": {
						"0.0": {
							"post": [0, 0, 0],
							"lerp_mode": "catmullrom"
						},
						"1.0": {
							"post": [0, -0.5, 0],
							"lerp_mode": "catmullrom"
						},
						"2.0": {
							"post": [0, 0, 0],
							"lerp_mode": "catmullrom"
						}
					}
				}
			}
		}
	}
}