{
	"format_version": "1.8.0",
	"animations": {
		"animation.a8": {
			"loop": true,
			"animation_length": 2,
			"bones": {
				"root": {
					"rotation": [0, -17.5, 0]
				},
				"head": {
					"rotation": {
						"0.0": {
							"post": [0, 10, 0],
							"lerp_mode": "catmullrom"
						},
						"0.75": {
							"post": [0, 15, 0],
							"lerp_mode": "catmullrom"
						},
						"1.25": {
							"post": [0, 5, 0],
							"lerp_mode": "catmullrom"
						},
						"2.0": {
							"post": [0, 10, 0],
							"lerp_mode": "catmullrom"
						}
					}
				},
				"leftArm": {
					"rotation": {
						"0.0": {
							"post": [-60.53073, 9.98839, 10.61588],
							"lerp_mode": "catmullrom"
						},
						"2.0": {
							"post": [-60.53, 9.99, 10.62],
							"lerp_mode": "catmullrom"
						}
					},
					"position": [-1, -0.5, -1]
				},
				"Left2": {
					"rotation": {
						"0.0": {
							"post": [0, 0, 80],
							"lerp_mode": "catmullrom"
						},
						"2.0": {
							"post": [0, 0, 80],
							"lerp_mode": "catmullrom"
						}
					},
					"scale": [1, 1.15, 1]
				},
				"rightArm": {
					"rotation": {
						"0.0": {
							"post": [-61.69995, -26.94622, -13.71217],
							"lerp_mode": "catmullrom"
						},
						"2.0": {
							"post": [-61.7, -26.95, -13.71],
							"lerp_mode": "catmullrom"
						}
					},
					"position": [1, -0.5, -0.5]
				},
				"Right2": {
					"rotation": {
						"0.0": {
							"post": [0, 0, -45],
							"lerp_mode": "catmullrom"
						},
						"2.0": {
							"post": [0, 0, -45],
							"lerp_mode": "catmullrom"
						}
					},
					"scale": [1, 1.1, 1]
				},
				"leftLeg": {
					"rotation": {
						"0.0": {
							"post": [5, 0, -2.5],
							"lerp_mode": "catmullrom"
						},
						"0.75": {
							"post": [2.5, 0, -2.5],
							"lerp_mode": "catmullrom"
						},
						"1.25": {
							"post": [3.32657, -0.10987, -3.00463],
							"lerp_mode": "catmullrom"
						},
						"2.0": {
							"post": [5, 0, -2.5],
							"lerp_mode": "catmullrom"
						}
					}
				},
				"LeftX": {
					"rotation": {
						"0.0": {
							"post": [2.5, 0, 0],
							"lerp_mode": "catmullrom"
						},
						"1.0": {
							"post": [5, 0, 0],
							"lerp_mode": "catmullrom"
						},
						"2.0": {
							"post": [2.5, 0, 0],
							"lerp_mode": "catmullrom"
						}
					}
				},
				"rightLeg": {
					"rotation": {
						"0.0": {
							"post": [-2.4905, 0.21782, 4.99527],
							"lerp_mode": "catmullrom"
						},
						"2.0": {
							"post": [-2.49, 0.22, 5],
							"lerp_mode": "catmullrom"
						}
					}
				},
				"waist": {
					"rotation": {
						"0.0": {
							"post": [0, 0, 0],
							"lerp_mode": "catmullrom"
						},
						"1.0": {
							"post": [-7.5, 0, 0],
							"lerp_mode": "catmullrom"
						},
						"2.0": {
							"post": [0, 0, 0],
							"lerp_mode": "catmullrom"
						}
					}
				},
				"BodySea": {
					"rotation": {
						"0.0": {
							"post": [0, 0, 0],
							"lerp_mode": "catmullrom"
						},
						"1.0": {
							"post": [10, 0, 0],
							"lerp_mode": "catmullrom"
						},
						"2.0": {
							"post": [0, 0, 0],
							"lerp_mode": "catmullrom"
						}
					},
					"position": {
						"0.0": {
							"post": [0, 0, 0],
							"lerp_mode": "catmullrom"
						},
						"1.0": {
							"post": [0, -0.5, 0],
							"lerp_mode": "catmullrom"
						},
						"2.0": {
							"post": [0, 0, 0],
							"lerp_mode": "catmullrom"
						}
					}
				}
			}
		}
	}
}