{
	"format_version": "1.8.0",
	"animations": {
		"animation.a9": {
			"loop": true,
			"animation_length": 10000,
			"override_previous_animation": true,
			"bones": {
				"root": {
					"position": [0, -5.5, 0]
				},
				"waist": {
					"rotation": [52.5, 0, 0],
					"position": [0, -1, 0.5]
				},
				"BodySea": {
					"rotation": [32.5, 0, 0],
					"position": [0, -1.125, 0.375]
				},
				"leftArm": {
					"rotation": [-85, 0, 0]
				},
				"rightArm": {
					"rotation": [-85, 0, 0]
				},
				"leftLeg": {
					"rotation": [2.5, 0, 0]
				},
				"LeftX": {
					"rotation": [74.9453, 4.82922, -1.29717]
				},
				"rightLeg": {
					"rotation": [4.8126, -0.26025, -1.34223]
				},
				"RightX": {
					"rotation": [67.4807, -2.30959, 0.95723]
				}
			}
		}
	}
}