{
  "format_version": "1.8.0",
  "animations": {
    "animation.a_phone3.new": {
      "loop": true,
      "bones": {
        "rightArm": {
          "position": [
            0,
            0,
            0
          ]
        }
      }
    },
    "animation.a_phone3.th": {
      "loop": true,
      "bones": {
        "rightitem": {
          "position": [
            0,
            0,
            0
          ]
        },
        "bone3": {
          "rotation": [
            107.3839880602327,
            20.002338680003504,
            -2.5420593492940498
          ],
          "position": [
            0,
            1,
            0
          ]
        }
      }
    },
    "animation.a_phone3.first": {
      "loop": true,
      "bones": {
        "rightitem": {
          "rotation": [
            0,
            30,
            0
          ]
        }
      }
    },
    "animation.a_phone3.mm": {
      "loop": true,
      "bones": {
        "rightitem": {
          "rotation": [
            90,
            90,
            90
          ],
          "position": [
            0,
            0,
            0
          ]
        },
        "bone3": {
          "position": [
            0,
            0,
            456
          ]
        }
      }
    }
  }
}