{
	"format_version": "1.8.0",
	"animations": {
		"animation.b10": {
			"loop": true,
			"animation_length": 0.5,
			"bones": {
				"root": {
					"rotation": [0, 0, -5],
					"position": [1, -1, 0]
				},
				"waist": {
					"rotation": {
						"0.0": {
							"post": [0, 0, 0],
							"lerp_mode": "catmullrom"
						},
						"0.25": {
							"post": [0, -7.5, 17.5],
							"lerp_mode": "catmullrom"
						},
						"0.5": {
							"post": [0, 0, 0],
							"lerp_mode": "catmullrom"
						}
					},
					"position": {
						"0.0": [0, 0, 0],
						"0.25": [0, -0.5, 0],
						"0.5": [0, 0, 0]
					}
				},
				"BodySea": {
					"rotation": {
						"0.0": {
							"post": [0, 0, 7.5],
							"lerp_mode": "catmullrom"
						},
						"0.25": {
							"post": [4.69999, 4.23614, -11.30955],
							"lerp_mode": "catmullrom"
						},
						"0.5": {
							"post": [0, 0, 7.5],
							"lerp_mode": "catmullrom"
						}
					},
					"position": {
						"0.0": [0, -0.5, 0],
						"0.25": [0, -1, 0],
						"0.5": [0, -0.5, 0]
					}
				},
				"leftArm": {
					"rotation": {
						"0.0": {
							"post": [-34.89743, -2.86544, -4.09918],
							"lerp_mode": "catmullrom"
						},
						"0.25": {
							"post": [38.31826, -8.07843, -47.06819],
							"lerp_mode": "catmullrom"
						},
						"0.5": {
							"post": [-34.9, -2.87, -4.1],
							"lerp_mode": "catmullrom"
						}
					}
				},
				"Left2": {
					"rotation": {
						"0.0": {
							"post": [-2.5, 0, 65],
							"lerp_mode": "catmullrom"
						},
						"0.25": {
							"post": [-1.84373, -1.68868, 22.52717],
							"lerp_mode": "catmullrom"
						},
						"0.5": {
							"post": [-2.5, 0, 65],
							"lerp_mode": "catmullrom"
						}
					}
				},
				"rightArm": {
					"rotation": {
						"0.0": {
							"post": [37.5, 0, 55],
							"lerp_mode": "catmullrom"
						},
						"0.25": {
							"post": [-59.91857, -21.82158, 8.4549],
							"lerp_mode": "catmullrom"
						},
						"0.5": {
							"post": [37.5, 0, 55],
							"lerp_mode": "catmullrom"
						}
					}
				},
				"Right2": {
					"rotation": {
						"0.0": {
							"post": [-11.12501, -5.73576, -26.94093],
							"lerp_mode": "catmullrom"
						},
						"0.25": {
							"post": [-6.67958, -0.58971, -58.05075],
							"lerp_mode": "catmullrom"
						},
						"0.5": {
							"post": [-11.13, -5.74, -26.94],
							"lerp_mode": "catmullrom"
						}
					}
				},
				"leftLeg": {
					"rotation": {
						"0.0": {
							"post": [6.53, -1.69, -9.76],
							"lerp_mode": "catmullrom"
						},
						"0.25": {
							"post": [-27.62862, 32.62403, -12.98548],
							"lerp_mode": "catmullrom"
						},
						"0.5": {
							"post": [6.53, -1.69, -9.76],
							"lerp_mode": "catmullrom"
						}
					}
				},
				"LeftX": {
					"rotation": {
						"0.0": {
							"post": [0, 0, 0],
							"lerp_mode": "catmullrom"
						},
						"0.25": {
							"post": [35, 0, 0],
							"lerp_mode": "catmullrom"
						},
						"0.5": {
							"post": [0, 0, 0],
							"lerp_mode": "catmullrom"
						}
					}
				},
				"rightLeg": {
					"rotation": {
						"0.0": {
							"post": [-10, 0, 25],
							"lerp_mode": "catmullrom"
						},
						"0.25": {
							"post": [3.43789, 30.79933, 26.63429],
							"lerp_mode": "catmullrom"
						},
						"0.5": {
							"post": [-10, 0, 25],
							"lerp_mode": "catmullrom"
						}
					}
				},
				"RightX": {
					"rotation": {
						"0.0": {
							"post": [20, 0, 0],
							"lerp_mode": "catmullrom"
						},
						"0.25": {
							"post": [19.37006, 5.07855, -14.13272],
							"lerp_mode": "catmullrom"
						},
						"0.5": {
							"post": [20, 0, 0],
							"lerp_mode": "catmullrom"
						}
					}
				}
			}
		}
	}
}