{
	"format_version": "1.8.0",
	"animations": {
		"animation.b13": {
			"animation_length": 10,
			"override_previous_animation": true,
			"bones": {
				"root": {
					"rotation": {
						"0.0": [0, -90, 0],
						"1.0": [0, -90, 0],
						"1.5": [0, -450, 0],
						"2.0": [0, -450, 0],
						"3.0": [0, -810, 0],
						"8.5": [0, -810, 0],
						"9.0": [0, -810, 0]
					}
				},
				"leftArm": {
					"rotation": {
						"0.0": {
							"post": [-19.7339, -11.0311, -28.07555],
							"lerp_mode": "catmullrom"
						},
						"0.3333": {
							"post": [-19.73, -11.03, -28.08],
							"lerp_mode": "catmullrom"
						},
						"0.5": {
							"post": [-169.84855, -32.4851, 4.79915],
							"lerp_mode": "catmullrom"
						},
						"0.8333": {
							"post": [-175.41, -33.28, 6.02],
							"lerp_mode": "catmullrom"
						},
						"1.0": {
							"post": [-67.37299, 5.0099, 4.89166],
							"lerp_mode": "catmullrom"
						},
						"1.3333": {
							"post": [-63.37, 6.43, 4.85],
							"lerp_mode": "catmullrom"
						},
						"1.5": {
							"post": [-24.88119, -44.67671, -21.42176],
							"lerp_mode": "catmullrom"
						},
						"1.8333": {
							"post": [-23.45, -46.57, -22.39],
							"lerp_mode": "catmullrom"
						},
						"2.0": {
							"post": [-43.8477, -88.11494, -100.72469],
							"lerp_mode": "catmullrom"
						},
						"4.0": {
							"post": [-43.85, -88.11, -100.72],
							"lerp_mode": "catmullrom"
						},
						"4.3333": {
							"post": [-43.85, -88.11, -100.72],
							"lerp_mode": "catmullrom"
						},
						"4.5": {
							"post": [-122.98702, 8.27875, -2.72084],
							"lerp_mode": "catmullrom"
						},
						"4.8333": {
							"post": [-125.92, 11.85, 0.91],
							"lerp_mode": "catmullrom"
						},
						"5.0": {
							"post": [-92.99, 8.28, -2.72],
							"lerp_mode": "catmullrom"
						},
						"5.3333": {
							"post": [-91.77, 8.15, -2.85],
							"lerp_mode": "catmullrom"
						},
						"5.5": {
							"post": [-42.99, 8.28, -2.72],
							"lerp_mode": "catmullrom"
						},
						"5.8333": {
							"post": [-41.18, 8.28, -2.72],
							"lerp_mode": "catmullrom"
						},
						"6.0": {
							"post": [14.92546, -10.59303, -22.81712],
							"lerp_mode": "catmullrom"
						},
						"8.0": {
							"post": [14.93, -10.59, -22.82],
							"lerp_mode": "catmullrom"
						},
						"8.25": {
							"post": [-151.40429, -31.14296, 19.02983],
							"lerp_mode": "catmullrom"
						},
						"10.0": {
							"post": [-151.4, -31.14, 19.03],
							"lerp_mode": "catmullrom"
						}
					}
				},
				"rightArm": {
					"rotation": {
						"0.0": {
							"post": [-69.50193, 30.82594, 10.8448],
							"lerp_mode": "catmullrom"
						},
						"0.3333": {
							"post": [-69.5, 30.83, 10.84],
							"lerp_mode": "catmullrom"
						},
						"0.5": {
							"post": [-149.5, 30.83, 10.84],
							"lerp_mode": "catmullrom"
						},
						"0.8333": {
							"post": [-152.46, 30.83, 10.84],
							"lerp_mode": "catmullrom"
						},
						"1.0": {
							"post": [-78.83617, 3.91342, 4.8639],
							"lerp_mode": "catmullrom"
						},
						"1.3333": {
							"post": [-76.11, 2.91, 4.64],
							"lerp_mode": "catmullrom"
						},
						"1.5": {
							"post": [-46.64815, 33.26124, 11.50599],
							"lerp_mode": "catmullrom"
						},
						"1.8333": {
							"post": [-45.56, 34.38, 11.76],
							"lerp_mode": "catmullrom"
						},
						"2.0": {
							"post": [-6.65, 33.26, 11.51],
							"lerp_mode": "catmullrom"
						},
						"4.0": {
							"post": [-6.65, 33.26, 11.51],
							"lerp_mode": "catmullrom"
						},
						"4.3333": {
							"post": [-6.65, 33.26, 11.51],
							"lerp_mode": "catmullrom"
						},
						"4.5": {
							"post": [-119.8293, -0.59747, 1.50733],
							"lerp_mode": "catmullrom"
						},
						"4.8333": {
							"post": [-124.02, -1.85, 1.14],
							"lerp_mode": "catmullrom"
						},
						"5.0": {
							"post": [-92.33, -0.6, 1.51],
							"lerp_mode": "catmullrom"
						},
						"5.3333": {
							"post": [-92.33, -0.6, 1.51],
							"lerp_mode": "catmullrom"
						},
						"5.5": {
							"post": [-47.33, -0.6, 1.51],
							"lerp_mode": "catmullrom"
						},
						"5.8333": {
							"post": [-47.33, -0.6, 1.51],
							"lerp_mode": "catmullrom"
						},
						"6.0": {
							"post": [-154.83, -0.6, 1.51],
							"lerp_mode": "catmullrom"
						},
						"8.0": {
							"post": [-155.42, -0.6, 1.51],
							"lerp_mode": "catmullrom"
						},
						"8.25": {
							"post": [-156.69426, 9.80185, -21.32986],
							"lerp_mode": "catmullrom"
						},
						"10.0": {
							"post": [-156.69, 9.8, -21.33],
							"lerp_mode": "catmullrom"
						}
					}
				},
				"leftLeg": {
					"rotation": {
						"0.0": {
							"post": [0, 0, 0],
							"lerp_mode": "catmullrom"
						},
						"0.3333": {
							"post": [0, 0, 0],
							"lerp_mode": "catmullrom"
						},
						"0.5": {
							"post": [-25, 0, 0],
							"lerp_mode": "catmullrom"
						},
						"0.8333": {
							"post": [-25.93, 0, 0],
							"lerp_mode": "catmullrom"
						},
						"1.0": {
							"post": [-29.64764, 0.00135, -1.84433],
							"lerp_mode": "catmullrom"
						},
						"1.3333": {
							"post": [-29.79, 0, -1.91],
							"lerp_mode": "catmullrom"
						},
						"1.5": {
							"post": [-16.76654, -3.65925, -13.80056],
							"lerp_mode": "catmullrom"
						},
						"1.8333": {
							"post": [-3.79, -3.8, -14.24],
							"lerp_mode": "catmullrom"
						},
						"2.0": {
							"post": [-13.30323, -10.92826, -40.56142],
							"lerp_mode": "catmullrom"
						},
						"4.0": {
							"post": [-13.3, -10.93, -40.56],
							"lerp_mode": "catmullrom"
						},
						"4.3333": {
							"post": [-13.3, -10.93, -40.56],
							"lerp_mode": "catmullrom"
						},
						"4.5": {
							"post": [2.25147, 2.97911, -3.25127],
							"lerp_mode": "catmullrom"
						},
						"5.8333": {
							"post": [2.25, 2.98, -3.25],
							"lerp_mode": "catmullrom"
						},
						"6.0": {
							"post": [7.25, 2.98, -3.25],
							"lerp_mode": "catmullrom"
						},
						"8.0": {
							"post": [7.28, 2.98, -3.25],
							"lerp_mode": "catmullrom"
						},
						"8.25": {
							"post": [10.68825, 2.73441, -20.23916],
							"lerp_mode": "catmullrom"
						},
						"10.0": {
							"post": [10.69, 2.73, -20.24],
							"lerp_mode": "catmullrom"
						}
					}
				},
				"rightLeg": {
					"rotation": {
						"0.0": {
							"post": [0, 0, 0],
							"lerp_mode": "catmullrom"
						},
						"0.3333": {
							"post": [0, 0, 0],
							"lerp_mode": "catmullrom"
						},
						"0.5": {
							"post": [15, 0, 0],
							"lerp_mode": "catmullrom"
						},
						"0.8333": {
							"post": [15.56, 0, 0],
							"lerp_mode": "catmullrom"
						},
						"1.0": {
							"post": [-7.5, 0, 0],
							"lerp_mode": "catmullrom"
						},
						"1.3333": {
							"post": [-8.35, 0, 0],
							"lerp_mode": "catmullrom"
						},
						"1.5": {
							"post": [12.75279, 1.93597, 14.87739],
							"lerp_mode": "catmullrom"
						},
						"1.8333": {
							"post": [12.75, 1.94, 14.88],
							"lerp_mode": "catmullrom"
						},
						"2.0": {
							"post": [-0.23478, 3.6821, 5.02064],
							"lerp_mode": "catmullrom"
						},
						"4.0": {
							"post": [-0.23, 3.68, 5.02],
							"lerp_mode": "catmullrom"
						},
						"4.3333": {
							"post": [-0.23, 3.68, 5.02],
							"lerp_mode": "catmullrom"
						},
						"4.5": {
							"post": [-0.23, 3.68, 5.02],
							"lerp_mode": "catmullrom"
						},
						"5.8333": {
							"post": [-0.23, 3.68, 5.02],
							"lerp_mode": "catmullrom"
						},
						"6.0": {
							"post": [-10.23, 3.68, 5.02],
							"lerp_mode": "catmullrom"
						},
						"8.0": {
							"post": [-10.23, 3.68, 5.02],
							"lerp_mode": "catmullrom"
						},
						"8.25": {
							"post": [-10.23, 3.68, 5.02],
							"lerp_mode": "catmullrom"
						},
						"10.0": {
							"post": [-10.23, 3.68, 5.02],
							"lerp_mode": "catmullrom"
						}
					}
				},
				"head": {
					"rotation": {
						"0.0": {
							"post": [0, 0, 0],
							"lerp_mode": "catmullrom"
						},
						"10.0": {
							"post": [0, 0, 0],
							"lerp_mode": "catmullrom"
						}
					}
				},
				"Left2": {
					"rotation": {
						"0.0": {
							"post": [0, 0, 0],
							"lerp_mode": "catmullrom"
						},
						"0.8333": {
							"post": [0, 0, 0],
							"lerp_mode": "catmullrom"
						},
						"1.0": {
							"post": [0, 0, 75],
							"lerp_mode": "catmullrom"
						},
						"1.3333": {
							"post": [0, 0, 77.78],
							"lerp_mode": "catmullrom"
						},
						"1.5": {
							"post": [0, 0, 17.5],
							"lerp_mode": "catmullrom"
						},
						"4.3333": {
							"post": [0, 0, 17.41],
							"lerp_mode": "catmullrom"
						},
						"4.5": {
							"post": [0, 0, 5],
							"lerp_mode": "catmullrom"
						},
						"10.0": {
							"post": [0, 0, 5],
							"lerp_mode": "catmullrom"
						}
					}
				},
				"Right2": {
					"rotation": {
						"0.0": {
							"post": [0, 0, 0],
							"lerp_mode": "catmullrom"
						},
						"0.8333": {
							"post": [0, 0, 0],
							"lerp_mode": "catmullrom"
						},
						"1.0": {
							"post": [0, 0, -72.5],
							"lerp_mode": "catmullrom"
						},
						"1.3333": {
							"post": [0, 0, -75.19],
							"lerp_mode": "catmullrom"
						},
						"1.5": {
							"post": [0, 0, -2.5],
							"lerp_mode": "catmullrom"
						},
						"10.0": {
							"post": [0, 0, -2.5],
							"lerp_mode": "catmullrom"
						}
					}
				},
				"LeftX": {
					"rotation": {
						"0.0": {
							"post": [0, 0, 0],
							"lerp_mode": "catmullrom"
						},
						"0.3333": {
							"post": [0, 0, 0],
							"lerp_mode": "catmullrom"
						},
						"0.5": {
							"post": [27.5, 0, 0],
							"lerp_mode": "catmullrom"
						},
						"1.3333": {
							"post": [27.82, 0, 0],
							"lerp_mode": "catmullrom"
						},
						"1.5": {
							"post": [0, 0, 0],
							"lerp_mode": "catmullrom"
						},
						"10.0": {
							"post": [0, 0, 0],
							"lerp_mode": "catmullrom"
						}
					}
				},
				"RightX": {
					"rotation": [0, 0, 0]
				}
			}
		}
	}
}