{
	"format_version": "1.8.0",
	"animations": {
		"animation.b2": {
			"loop": true,
			"animation_length": 0.5,
			"bones": {
				"root": {
					"rotation": [90, 0, 0],
					"position": {
						"0.0": {
							"post": [0, 7, 14],
							"lerp_mode": "catmullrom"
						},
						"0.25": {
							"post": [0, 2, 14],
							"lerp_mode": "catmullrom"
						},
						"0.5": {
							"post": [0, 7, 14],
							"lerp_mode": "catmullrom"
						}
					}
				},
				"waist": {
					"rotation": {
						"0.0": {
							"post": [0, 0, 0],
							"lerp_mode": "catmullrom"
						},
						"0.25": {
							"post": [-30, 0, 0],
							"lerp_mode": "catmullrom"
						},
						"0.5": {
							"post": [0, 0, 0],
							"lerp_mode": "catmullrom"
						}
					}
				},
				"body": {
					"rotation": {
						"0.0": {
							"post": [0, 0, 0],
							"lerp_mode": "catmullrom"
						},
						"0.5": {
							"post": [0, 0, 0],
							"lerp_mode": "catmullrom"
						}
					},
					"position": {
						"0.0": {
							"post": [0, 0, 0],
							"lerp_mode": "catmullrom"
						},
						"0.5": {
							"post": [0, 0, 0],
							"lerp_mode": "catmullrom"
						}
					}
				},
				"BodySea": {
					"rotation": {
						"0.0": {
							"post": [0, 0, 0],
							"lerp_mode": "catmullrom"
						},
						"0.5": {
							"post": [0, 0, 0],
							"lerp_mode": "catmullrom"
						}
					}
				},
				"head": {
					"rotation": [90, 0, 0]
				},
				"leftArm": {
					"rotation": {
						"0.0": {
							"post": [-90, 0, 0],
							"lerp_mode": "catmullrom"
						},
						"0.25": {
							"post": [-60, 0, 0],
							"lerp_mode": "catmullrom"
						},
						"0.5": {
							"post": [-90, 0, 0],
							"lerp_mode": "catmullrom"
						}
					}
				},
				"Left2": {
					"rotation": {
						"0.0": {
							"post": [-90, 0, 0],
							"lerp_mode": "catmullrom"
						},
						"0.5": {
							"post": [-90, 0, 0],
							"lerp_mode": "catmullrom"
						}
					},
					"position": [0, -3, 0]
				},
				"rightArm": {
					"rotation": {
						"0.0": {
							"post": [-90, 0, 0],
							"lerp_mode": "catmullrom"
						},
						"0.25": {
							"post": [-60, 0, 0],
							"lerp_mode": "catmullrom"
						},
						"0.5": {
							"post": [-90, 0, 0],
							"lerp_mode": "catmullrom"
						}
					}
				},
				"Right2": {
					"rotation": {
						"0.0": {
							"post": [-90, 0, 0],
							"lerp_mode": "catmullrom"
						},
						"0.5": {
							"post": [-90, 0, 0],
							"lerp_mode": "catmullrom"
						}
					},
					"position": [0, -3, 0]
				},
				"leftLeg": {
					"rotation": {
						"0.0": {
							"post": [-29.78729, -3.74196, -6.50446],
							"lerp_mode": "catmullrom"
						},
						"0.25": {
							"post": [-12.28865, -3.74098, -6.50223],
							"lerp_mode": "catmullrom"
						},
						"0.5": {
							"post": [-29.79, -3.74, -6.5],
							"lerp_mode": "catmullrom"
						}
					}
				},
				"LeftX": {
					"rotation": {
						"0.0": {
							"post": [0, 0, 0],
							"lerp_mode": "catmullrom"
						},
						"0.25": {
							"post": [12.5, 0, 0],
							"lerp_mode": "catmullrom"
						},
						"0.5": {
							"post": [0, 0, 0],
							"lerp_mode": "catmullrom"
						}
					}
				},
				"rightLeg": {
					"rotation": {
						"0.0": {
							"post": [-29.78729, 3.74196, 6.50446],
							"lerp_mode": "catmullrom"
						},
						"0.25": {
							"post": [-12.28865, 3.74098, 6.50223],
							"lerp_mode": "catmullrom"
						},
						"0.5": {
							"post": [-29.79, 3.74, 6.5],
							"lerp_mode": "catmullrom"
						}
					}
				},
				"RightX": {
					"rotation": {
						"0.0": {
							"post": [0, 0, 0],
							"lerp_mode": "catmullrom"
						},
						"0.25": {
							"post": [12.5, 0, 0],
							"lerp_mode": "catmullrom"
						},
						"0.5": {
							"post": [0, 0, 0],
							"lerp_mode": "catmullrom"
						}
					}
				}
			}
		}
	}
}