{
	"format_version": "1.8.0",
	"animations": {
		"animation.b3": {
			"loop": true,
			"animation_length": 0.5,
			"bones": {
				"root": {
					"rotation": [92.47142, -0.33779, -0.17485],
					"position": {
						"0.0": {
							"post": [0, 7, 14],
							"lerp_mode": "catmullrom"
						},
						"0.25": {
							"post": [0, 7, 11],
							"lerp_mode": "catmullrom"
						},
						"0.5": {
							"post": [0, 7, 14],
							"lerp_mode": "catmullrom"
						}
					}
				},
				"leftArm": {
					"rotation": {
						"0.0": {
							"post": [-90, 0, 0],
							"lerp_mode": "catmullrom"
						},
						"0.25": {
							"post": [-65, 0, 0],
							"lerp_mode": "catmullrom"
						},
						"0.5": {
							"post": [-90, 0, 0],
							"lerp_mode": "catmullrom"
						}
					}
				},
				"Left2": {
					"rotation": {
						"0.0": {
							"post": [-92.5, 0, 0],
							"lerp_mode": "catmullrom"
						},
						"0.25": {
							"post": [-115, 0, 0],
							"lerp_mode": "catmullrom"
						},
						"0.5": {
							"post": [-92.5, 0, 0],
							"lerp_mode": "catmullrom"
						}
					},
					"position": {
						"0.0": [0, -2, 0],
						"0.25": [0, -3, -2],
						"0.5": [0, -2, 0]
					},
					"scale": [1, 1.2, 1]
				},
				"rightArm": {
					"rotation": {
						"0.0": {
							"post": [-90, 0, 0],
							"lerp_mode": "catmullrom"
						},
						"0.25": {
							"post": [-67.5, 0, 0],
							"lerp_mode": "catmullrom"
						},
						"0.5": {
							"post": [-90, 0, 0],
							"lerp_mode": "catmullrom"
						}
					}
				},
				"Right2": {
					"rotation": {
						"0.0": {
							"post": [-92.5, 0, 0],
							"lerp_mode": "catmullrom"
						},
						"0.25": {
							"post": [-112.5, 0, 0],
							"lerp_mode": "catmullrom"
						},
						"0.5": {
							"post": [-92.5, 0, 0],
							"lerp_mode": "catmullrom"
						}
					},
					"position": {
						"0.0": [0, -2, 0],
						"0.25": [0, -3, -2],
						"0.5": [0, -2, 0]
					},
					"scale": [1, 1.2, 1]
				},
				"leftLeg": {
					"rotation": {
						"0.0": {
							"post": [-75.48918, 3.84097, -14.51082],
							"lerp_mode": "catmullrom"
						},
						"0.25": {
							"post": [-52.98959, 3.84048, -14.51041],
							"lerp_mode": "catmullrom"
						},
						"0.5": {
							"post": [-75.49, 3.84, -14.51],
							"lerp_mode": "catmullrom"
						}
					}
				},
				"LeftX": {
					"rotation": {
						"0.0": {
							"post": [75, 0, 0],
							"lerp_mode": "catmullrom"
						},
						"0.25": {
							"post": [50, 0, 0],
							"lerp_mode": "catmullrom"
						},
						"0.5": {
							"post": [75, 0, 0],
							"lerp_mode": "catmullrom"
						}
					}
				},
				"rightLeg": {
					"rotation": {
						"0.0": {
							"post": [-73.26366, -5.188, 16.73634],
							"lerp_mode": "catmullrom"
						},
						"0.25": {
							"post": [-55.76183, -5.189, 16.73817],
							"lerp_mode": "catmullrom"
						},
						"0.5": {
							"post": [-73.26, -5.19, 16.74],
							"lerp_mode": "catmullrom"
						}
					}
				},
				"RightX": {
					"rotation": {
						"0.0": {
							"post": [72.5, 0, 0],
							"lerp_mode": "catmullrom"
						},
						"0.25": {
							"post": [55, 0, 0],
							"lerp_mode": "catmullrom"
						},
						"0.5": {
							"post": [72.5, 0, 0],
							"lerp_mode": "catmullrom"
						}
					}
				}
			}
		}
	}
}