{
	"format_version": "1.8.0",
	"animations": {
		"animation.b5": {
			"loop": true,
			"animation_length": 0.75,
			"bones": {
				"root": {
					"position": [0, -4, 2]
				},
				"waist": {
					"rotation": [10, 0, 0]
				},
				"BodySea": {
					"rotation": [7.5, 0, 0],
					"position": {
						"0.0": [0, -0.25, 0.25],
						"0.7083": [0, -0.25, 0.25]
					}
				},
				"head": {
					"rotation": {
						"0.0": {
							"post": [-52.5, 0, 0],
							"lerp_mode": "catmullrom"
						},
						"0.125": {
							"post": [25, 0, 0],
							"lerp_mode": "catmullrom"
						},
						"0.25": {
							"post": [-52.5, 0, 0],
							"lerp_mode": "catmullrom"
						},
						"0.375": {
							"post": [25, 0, 0],
							"lerp_mode": "catmullrom"
						},
						"0.5": {
							"post": [-52.5, 0, 0],
							"lerp_mode": "catmullrom"
						},
						"0.625": {
							"post": [25, 0, 0],
							"lerp_mode": "catmullrom"
						},
						"0.75": {
							"post": [-52.5, 0, 0],
							"lerp_mode": "catmullrom"
						}
					}
				},
				"leftArm": {
					"rotation": [-7.5, 0, 0]
				},
				"Left2": {
					"rotation": [-12.5, 0, 0]
				},
				"rightArm": {
					"rotation": {
						"0.0": {
							"post": [-175.68163, 6.13784, -94.76837],
							"lerp_mode": "catmullrom"
						},
						"0.75": {
							"post": [-175.68, 6.14, -94.77],
							"lerp_mode": "catmullrom"
						}
					}
				},
				"Right2": {
					"rotation": [0, 0, -72.5]
				},
				"leftLeg": {
					"rotation": [-52.5, -45, 0]
				},
				"LeftX": {
					"rotation": [50, 0, 0]
				},
				"rightLeg": {
					"rotation": [-50, 35, 0]
				},
				"RightX": {
					"rotation": [45, 0, 0]
				}
			}
		}
	}
}