{
	"format_version": "1.8.0",
	"animations": {
		"animation.b6": {
			"loop": true,
			"animation_length": 0.5,
			"bones": {
				"root": {
					"position": {
						"0.0": {
							"post": [0, -1, 0],
							"lerp_mode": "catmullrom"
						},
						"0.25": {
							"post": [0, -7, 2],
							"lerp_mode": "catmullrom"
						},
						"0.5": {
							"post": [0, -1, 0],
							"lerp_mode": "catmullrom"
						}
					}
				},
				"waist": {
					"rotation": [17.5, 0, 0]
				},
				"head": {
					"rotation": [-17.5, 0, 0]
				},
				"leftArm": {
					"rotation": [-91.1025, -17.83496, 269.85137],
					"position": [0, -1, 0]
				},
				"rightArm": {
					"rotation": [-90, 17.5, 90],
					"position": [0, -1, 0]
				},
				"leftLeg": {
					"rotation": {
						"0.0": {
							"post": [-19.98247, -0.85481, -2.34941],
							"lerp_mode": "catmullrom"
						},
						"0.25": {
							"post": [-82.48124, -0.85241, -2.3497],
							"lerp_mode": "catmullrom"
						},
						"0.5": {
							"post": [-19.98, -0.85, -2.35],
							"lerp_mode": "catmullrom"
						}
					}
				},
				"LeftX": {
					"rotation": {
						"0.0": {
							"post": [17.43458, 0.48722, 1.23757],
							"lerp_mode": "catmullrom"
						},
						"0.25": {
							"post": [82.41854, -0.17088, -3.71758],
							"lerp_mode": "catmullrom"
						},
						"0.5": {
							"post": [17.43, 0.49, 1.24],
							"lerp_mode": "catmullrom"
						}
					}
				},
				"rightLeg": {
					"rotation": {
						"0.0": {
							"post": [-19.8423, 2.55868, 7.05239],
							"lerp_mode": "catmullrom"
						},
						"0.25": {
							"post": [-84.84115, 2.55934, 7.0512],
							"lerp_mode": "catmullrom"
						},
						"0.5": {
							"post": [-19.84, 2.56, 7.05],
							"lerp_mode": "catmullrom"
						}
					}
				},
				"RightX": {
					"rotation": {
						"0.0": {
							"post": [20, 0, 0],
							"lerp_mode": "catmullrom"
						},
						"0.25": {
							"post": [86.17971, 1.17296, -0.17373],
							"lerp_mode": "catmullrom"
						},
						"0.5": {
							"post": [20, 0, 0],
							"lerp_mode": "catmullrom"
						}
					}
				}
			}
		}
	}
}