{
	"format_version": "1.8.0",
	"animations": {
		"animation.b8": {
			"loop": true,
			"animation_length": 0.8,
			"bones": {
				"root": {
					"position": {
						"0.0": {
							"post": [-2, -0.5, 0],
							"lerp_mode": "catmullrom"
						},
						"0.2": {
							"post": [0, -0.06, 0],
							"lerp_mode": "catmullrom"
						},
						"0.4": {
							"post": [2, -0.5, 0],
							"lerp_mode": "catmullrom"
						},
						"0.6": {
							"post": [0, 0, 0],
							"lerp_mode": "catmullrom"
						},
						"0.8": {
							"post": [-2, -0.5, 0],
							"lerp_mode": "catmullrom"
						}
					}
				},
				"waist": {
					"rotation": {
						"0.0": {
							"post": [17.77052, -11.03574, 1.73063],
							"lerp_mode": "catmullrom"
						},
						"0.4": {
							"post": [14.41369, 18.68645, -2.41812],
							"lerp_mode": "catmullrom"
						},
						"0.8": {
							"post": [17.77, -11.04, 1.73],
							"lerp_mode": "catmullrom"
						}
					},
					"position": {
						"0.0": {
							"post": [0, 0, 0],
							"lerp_mode": "catmullrom"
						},
						"0.2": {
							"post": [0, -0.5, 0],
							"lerp_mode": "catmullrom"
						},
						"0.4": {
							"post": [0, 0, 0],
							"lerp_mode": "catmullrom"
						},
						"0.6": {
							"post": [0, -0.44, 0],
							"lerp_mode": "catmullrom"
						},
						"0.8": {
							"post": [0, 0, 0],
							"lerp_mode": "catmullrom"
						}
					}
				},
				"leftArm": {
					"rotation": {
						"0.0": {
							"post": [0, 0, -32.5],
							"lerp_mode": "catmullrom"
						},
						"0.8": {
							"post": [0, 0, -32.5],
							"lerp_mode": "catmullrom"
						}
					}
				},
				"Left2": {
					"rotation": {
						"0.0": {
							"post": [0, 0, 62.5],
							"lerp_mode": "catmullrom"
						},
						"0.8": {
							"post": [0, 0, 62.5],
							"lerp_mode": "catmullrom"
						}
					}
				},
				"rightArm": {
					"rotation": {
						"0.0": {
							"post": [0, 0, 27.5],
							"lerp_mode": "catmullrom"
						},
						"0.8": {
							"post": [0, 0, 27.5],
							"lerp_mode": "catmullrom"
						}
					}
				},
				"Right2": {
					"rotation": {
						"0.0": {
							"post": [0, 0, -57.5],
							"lerp_mode": "catmullrom"
						},
						"0.8": {
							"post": [0, 0, -57.5],
							"lerp_mode": "catmullrom"
						}
					}
				},
				"leftLeg": {
					"rotation": {
						"0.0": {
							"post": [-10, 0, -12.5],
							"lerp_mode": "catmullrom"
						},
						"0.4": {
							"post": [-15.63945, 10.9116, 8.78626],
							"lerp_mode": "catmullrom"
						},
						"0.8": {
							"post": [-10, 0, -12.5],
							"lerp_mode": "catmullrom"
						}
					}
				},
				"rightLeg": {
					"rotation": {
						"0.0": {
							"post": [-12.5, 0, -7.5],
							"lerp_mode": "catmullrom"
						},
						"0.4": {
							"post": [-11.57518, 4.75113, 14.51816],
							"lerp_mode": "catmullrom"
						},
						"0.8": {
							"post": [-12.5, 0, -7.5],
							"lerp_mode": "catmullrom"
						}
					}
				}
			}
		}
	}
}