{
	"format_version": "1.8.0",
	"animations": {
		"animation.b9": {
			"loop": true,
			"animation_length": 1,
			"bones": {
				"waist": {
					"rotation": {
						"0.0": {
							"post": [0, 0, -12.5],
							"lerp_mode": "catmullrom"
						},
						"0.5": {
							"post": [0, 0, 10],
							"lerp_mode": "catmullrom"
						},
						"1.0": {
							"post": [0, 0, -12.5],
							"lerp_mode": "catmullrom"
						}
					},
					"position": [0, -0.5, 0]
				},
				"BodySea": {
					"rotation": {
						"0.0": {
							"post": [0.25837, 0.60301, 17.47987],
							"lerp_mode": "catmullrom"
						},
						"0.5": {
							"post": [-0.10461, 0.64656, -15.02201],
							"lerp_mode": "catmullrom"
						},
						"1.0": {
							"post": [0.26, 0.6, 17.48],
							"lerp_mode": "catmullrom"
						}
					},
					"position": [0, -0.5, 0]
				},
				"leftArm": {
					"rotation": {
						"0.0": {
							"post": [-25.28661, 5.16572, 21.0096],
							"lerp_mode": "catmullrom"
						},
						"0.5": {
							"post": [-23.28999, 11.36835, 34.8196],
							"lerp_mode": "catmullrom"
						},
						"1.0": {
							"post": [-25.29, 5.17, 21.01],
							"lerp_mode": "catmullrom"
						}
					}
				},
				"rightArm": {
					"rotation": {
						"0.0": {
							"post": [-20.99692, -18.17696, -39.10406],
							"lerp_mode": "catmullrom"
						},
						"0.5": {
							"post": [-25.68272, -10.17564, -20.17373],
							"lerp_mode": "catmullrom"
						},
						"1.0": {
							"post": [-20.99429, -18.17151, -39.10374],
							"lerp_mode": "catmullrom"
						}
					}
				}
			}
		}
	}
}