{
	"format_version": "1.8.0",
	"animations": {
		"animation.buri": {
			"loop": true,
			"animation_length": 3,
			"bones": {
				"root": {
					"rotation": [-5, 0, 0],
					"position": [0, 0, -0.75]
				},
				"head": {
					"rotation": {
						"0.0": {
							"post": [5, 0, 0],
							"lerp_mode": "catmullrom"
						},
						"0.5": {
							"post": [5, 0, 0],
							"lerp_mode": "catmullrom"
						},
						"1.0": {
							"post": [16.46212, -8.17155, 3.06337],
							"lerp_mode": "catmullrom"
						},
						"3.0": {
							"post": [5, 0, 0],
							"lerp_mode": "catmullrom"
						}
					}
				},
				"leftArm": {
					"rotation": {
						"0.0": {
							"post": [0, 0, -10],
							"lerp_mode": "catmullrom"
						},
						"1.0": {
							"post": [-77.75682, 1.23391, 26.20639],
							"lerp_mode": "catmullrom"
						},
						"1.75": {
							"post": [-77.75682, 1.23391, 26.20639],
							"lerp_mode": "catmullrom"
						},
						"3.0": {
							"post": [0, 0, -10],
							"lerp_mode": "catmullrom"
						}
					}
				},
				"Left2": {
					"rotation": {
						"0.0": {
							"post": [0, 0, 0],
							"lerp_mode": "catmullrom"
						},
						"1.75": {
							"post": [0, 0, 53.52],
							"lerp_mode": "catmullrom"
						},
						"2.25": {
							"post": [0, 0, 60],
							"lerp_mode": "catmullrom"
						},
						"3.0": {
							"post": [0, 0, 0],
							"lerp_mode": "catmullrom"
						}
					}
				},
				"rightArm": {
					"rotation": {
						"0.0": {
							"post": [0, 0, 10],
							"lerp_mode": "catmullrom"
						},
						"1.25": {
							"post": [0, 0, 12.5],
							"lerp_mode": "catmullrom"
						},
						"3.0": {
							"post": [0, 0, 10],
							"lerp_mode": "catmullrom"
						}
					}
				},
				"Right2": {
					"rotation": {
						"0.0": {
							"post": [0, 0, 0],
							"lerp_mode": "catmullrom"
						},
						"1.25": {
							"post": [-5, 0, 0],
							"lerp_mode": "catmullrom"
						},
						"3.0": {
							"post": [0, 0, 0],
							"lerp_mode": "catmullrom"
						}
					}
				},
				"leftLeg": {
					"rotation": {
						"0.0": {
							"post": [0, 0, 0],
							"lerp_mode": "catmullrom"
						},
						"3.0": {
							"post": [0, 0, 0],
							"lerp_mode": "catmullrom"
						}
					}
				},
				"LeftX": {
					"rotation": {
						"0.0": {
							"post": [0, 0, 0],
							"lerp_mode": "catmullrom"
						},
						"3.0": {
							"post": [0, 0, 0],
							"lerp_mode": "catmullrom"
						}
					}
				},
				"rightLeg": {
					"rotation": {
						"0.0": {
							"post": [-15, 0, 0],
							"lerp_mode": "catmullrom"
						},
						"1.25": {
							"post": [-17.5, 0, 0],
							"lerp_mode": "catmullrom"
						},
						"3.0": {
							"post": [-15, 0, 0],
							"lerp_mode": "catmullrom"
						}
					}
				},
				"RightX": {
					"rotation": {
						"0.0": {
							"post": [72.48435, -2.38422, 0.7522],
							"lerp_mode": "catmullrom"
						},
						"1.25": {
							"post": [69.98435, -2.38422, 0.7522],
							"lerp_mode": "catmullrom"
						},
						"3.0": {
							"post": [72.48435, -2.38422, 0.7522],
							"lerp_mode": "catmullrom"
						}
					}
				}
			}
		}
	}
}