{
	"format_version": "1.8.0",
	"animations": {
		"animation.down": {
			"loop": true,
			"animation_length": 2,
			"bones": {
				"root": {
					"position": [0, -6, 0]
				},
				"head": {
					"rotation": {
						"0.0": {
							"post": [-10, 0, 0],
							"lerp_mode": "catmullrom"
						},
						"2.0": {
							"post": [-10, 0, 0],
							"lerp_mode": "catmullrom"
						}
					}
				},
				"leftArm": {
					"rotation": {
						"0.0": {
							"post": [-61.06197, 29.14089, 15.06885],
							"lerp_mode": "catmullrom"
						},
						"1.0": {
							"post": [-61.69799, 26.94537, 13.71325],
							"lerp_mode": "catmullrom"
						},
						"2.0": {
							"post": [-61.06, 29.14, 15.07],
							"lerp_mode": "catmullrom"
						}
					}
				},
				"Left2": {
					"rotation": {
						"0.0": {
							"post": [0, 0, 57.5],
							"lerp_mode": "catmullrom"
						},
						"2.0": {
							"post": [0, 0, 57.5],
							"lerp_mode": "catmullrom"
						}
					}
				},
				"rightArm": {
					"rotation": {
						"0.0": {
							"post": [-77.5, 0, 0],
							"lerp_mode": "catmullrom"
						},
						"1.0": {
							"post": [-87.5, 0, 0],
							"lerp_mode": "catmullrom"
						},
						"2.0": {
							"post": [-77.5, 0, 0],
							"lerp_mode": "catmullrom"
						}
					}
				},
				"Right2": {
					"rotation": {
						"0.0": {
							"post": [-30, 0, 0],
							"lerp_mode": "catmullrom"
						},
						"1.0": {
							"post": [-22.5, 0, 0],
							"lerp_mode": "catmullrom"
						},
						"2.0": {
							"post": [-30, 0, 0],
							"lerp_mode": "catmullrom"
						}
					}
				},
				"leftLeg": {
					"rotation": {
						"0.0": {
							"post": [-15, 0, 0],
							"lerp_mode": "catmullrom"
						},
						"2.0": {
							"post": [-15, 0, 0],
							"lerp_mode": "catmullrom"
						}
					}
				},
				"LeftX": {
					"rotation": {
						"0.0": {
							"post": [87.5, 0, 0],
							"lerp_mode": "catmullrom"
						},
						"2.0": {
							"post": [87.5, 0, 0],
							"lerp_mode": "catmullrom"
						}
					}
				},
				"rightLeg": {
					"rotation": {
						"0.0": {
							"post": [-80, 0, 0],
							"lerp_mode": "catmullrom"
						},
						"2.0": {
							"post": [-80, 0, 0],
							"lerp_mode": "catmullrom"
						}
					}
				},
				"RightX": {
					"rotation": {
						"0.0": {
							"post": [62.5, 0, 0],
							"lerp_mode": "catmullrom"
						},
						"2.0": {
							"post": [62.5, 0, 0],
							"lerp_mode": "catmullrom"
						}
					}
				}
			}
		}
	}
}