{
	"format_version": "1.8.0",
	"animations": {
		"animation.ka": {
			"loop": true,
			"bones": {
				"leftArm": {
					"rotation": [0, 0, -112.5]
				},
				"Left2": {
					"rotation": [0, 0, 50]
				},
				"rightArm": {
					"rotation": [0, 0, 117.5],
					"position": [0, 0, 0]
				},
				"Right2": {
					"rotation": [0, 0, -50]
				},
				"leftLeg": {
					"rotation": [-12.56069, -68.56937, -25.5454]
				},
				"LeftX": {
					"rotation": [70, 0, 0]
				},
				"rightLeg": {
					"rotation": [-10, 0, 0]
				},
				"RightX": {
					"rotation": [15, 0, 0]
				}
			}
		}
	}
}