{
	"format_version": "1.8.0",
	"animations": {
		"animation.mini": {
			"loop": true,
			"bones": {
				"root": {
					"position": [0, 100000, 0]
				},
				"head": {
					"position": [0, -100020.75, 0]
				},
				"leftArm": {
					"position": [-4, -100019, -2],
					"scale": [0.6, 0.3, 0.5]
				},
				"rightArm": {
					"position": [4, -100019, -2],
					"scale": [0.6, 0.3, 0.5]
				},
				"leftLeg": {
					"position": [-0.5, -100008.25, 1.5],
					"scale": [0.5, 0.3, 0.5]
				},
				"rightLeg": {
					"position": [0.5, -100008.25, 1.25],
					"scale": [0.5, 0.3, 0.5]
				}
			}
		}
	}
}