{
	"format_version": "1.8.0",
	"animations": {
		"animation.pap": {
			"loop": true,
			"animation_length": 2,
			"bones": {
				"root": {
					"position": [0, -9, 0]
				},
				"waist": {
					"rotation": [0, 0, -12.5]
				},
				"head": {
					"rotation": {
						"0.0": {
							"post": [0, 0, 15],
							"lerp_mode": "catmullrom"
						},
						"1.0": {
							"post": [0, -2.5, 15],
							"lerp_mode": "catmullrom"
						},
						"2.0": {
							"post": [0, 0, 15],
							"lerp_mode": "catmullrom"
						}
					}
				},
				"leftArm": {
					"rotation": {
						"0.0": {
							"post": [-31.66143, 6.97349, 5.11829],
							"lerp_mode": "catmullrom"
						},
						"1.0": {
							"post": [-29.16072, 6.97174, 5.11914],
							"lerp_mode": "catmullrom"
						},
						"2.0": {
							"post": [-31.66, 6.97, 5.12],
							"lerp_mode": "catmullrom"
						}
					}
				},
				"Left2": {
					"rotation": {
						"0.0": {
							"post": [-7.5, 0, 0],
							"lerp_mode": "catmullrom"
						},
						"1.0": {
							"post": [-10, 0, 0],
							"lerp_mode": "catmullrom"
						},
						"2.0": {
							"post": [-7.5, 0, 0],
							"lerp_mode": "catmullrom"
						}
					}
				},
				"rightArm": {
					"rotation": {
						"0.0": {
							"post": [0, 0, 22.5],
							"lerp_mode": "catmullrom"
						},
						"1.0": {
							"post": [0, 0, 20],
							"lerp_mode": "catmullrom"
						},
						"2.0": {
							"post": [0, 0, 22.5],
							"lerp_mode": "catmullrom"
						}
					}
				},
				"Right2": {
					"rotation": {
						"0.0": {
							"post": [-2.5, 0, 0],
							"lerp_mode": "catmullrom"
						},
						"1.0": {
							"post": [-7.5, 0, 0],
							"lerp_mode": "catmullrom"
						},
						"2.0": {
							"post": [-2.5, 0, 0],
							"lerp_mode": "catmullrom"
						}
					}
				},
				"leftLeg": {
					"rotation": {
						"0.0": {
							"post": [-20, 0, -55],
							"lerp_mode": "catmullrom"
						},
						"1.0": {
							"post": [-22.5, 0, -55],
							"lerp_mode": "catmullrom"
						},
						"2.0": {
							"post": [-20, 0, -55],
							"lerp_mode": "catmullrom"
						}
					},
					"position": [-3, 2, -3]
				},
				"LeftX": {
					"rotation": {
						"0.0": {
							"post": [37.5, 0, 0],
							"lerp_mode": "catmullrom"
						},
						"1.0": {
							"post": [40, 0, 0],
							"lerp_mode": "catmullrom"
						},
						"2.0": {
							"post": [37.5, 0, 0],
							"lerp_mode": "catmullrom"
						}
					}
				},
				"rightLeg": {
					"rotation": {
						"0.0": {
							"post": [-87.42184, 7.04533, -69.84126],
							"lerp_mode": "catmullrom"
						},
						"1.0": {
							"post": [-89.92092, 7.04766, -69.84063],
							"lerp_mode": "catmullrom"
						},
						"2.0": {
							"post": [-87.42, 7.05, -69.84],
							"lerp_mode": "catmullrom"
						}
					},
					"position": [-1, 0, -1]
				},
				"RightX": {
					"rotation": {
						"0.0": {
							"post": [50, 0, 0],
							"lerp_mode": "catmullrom"
						},
						"1.0": {
							"post": [55, 0, 0],
							"lerp_mode": "catmullrom"
						},
						"2.0": {
							"post": [50, 0, 0],
							"lerp_mode": "catmullrom"
						}
					}
				}
			}
		}
	}
}