{
	"format_version": "1.8.0",
	"animations": {
		"animation.sit": {
			"loop": true,
			"animation_length": 2,
			"bones": {
				"root": {
					"position": [0, -11, 0]
				},
				"waist": {
					"rotation": {
						"0.0": {
							"post": [-27.5, 0, 0],
							"lerp_mode": "catmullrom"
						},
						"1.0": {
							"post": [-30, 0, 0],
							"lerp_mode": "catmullrom"
						},
						"2.0": {
							"post": [-27.5, 0, 0],
							"lerp_mode": "catmullrom"
						}
					}
				},
				"leftArm": {
					"rotation": {
						"0.0": {
							"post": [40, 0, 0],
							"lerp_mode": "catmullrom"
						},
						"1.0": {
							"post": [45, 0, 0],
							"lerp_mode": "catmullrom"
						},
						"2.0": {
							"post": [40, 0, 0],
							"lerp_mode": "catmullrom"
						}
					}
				},
				"Left2": {
					"rotation": {
						"0.0": {
							"post": [-17.5, 0, 0],
							"lerp_mode": "catmullrom"
						},
						"2.0": {
							"post": [-17.5, 0, 0],
							"lerp_mode": "catmullrom"
						}
					}
				},
				"rightArm": {
					"rotation": {
						"0.0": {
							"post": [45, 0, 25],
							"lerp_mode": "catmullrom"
						},
						"1.0": {
							"post": [47.5, 0, 25],
							"lerp_mode": "catmullrom"
						},
						"2.0": {
							"post": [45, 0, 25],
							"lerp_mode": "catmullrom"
						}
					}
				},
				"Right2": {
					"rotation": {
						"0.0": {
							"post": [-17.5, 0, 0],
							"lerp_mode": "catmullrom"
						},
						"2.0": {
							"post": [-17.5, 0, 0],
							"lerp_mode": "catmullrom"
						}
					}
				},
				"leftLeg": {
					"rotation": {
						"0.0": {
							"post": [-120.31965, -14.72058, 1.57663],
							"lerp_mode": "catmullrom"
						},
						"1.0": {
							"post": [-122.81982, -14.72029, 1.57831],
							"lerp_mode": "catmullrom"
						},
						"2.0": {
							"post": [-120.32, -14.72, 1.58],
							"lerp_mode": "catmullrom"
						}
					}
				},
				"LeftX": {
					"rotation": {
						"0.0": {
							"post": [60, 0, 0],
							"lerp_mode": "catmullrom"
						},
						"1.0": {
							"post": [72.51564, 0.75155, 2.38443],
							"lerp_mode": "catmullrom"
						},
						"2.0": {
							"post": [60, 0, 0],
							"lerp_mode": "catmullrom"
						}
					}
				},
				"rightLeg": {
					"rotation": {
						"0.0": {
							"post": [-79.91547, 7.38542, 1.30962],
							"lerp_mode": "catmullrom"
						},
						"1.0": {
							"post": [-79.7668, 12.31175, 2.20461],
							"lerp_mode": "catmullrom"
						},
						"2.0": {
							"post": [-79.92, 7.39, 1.31],
							"lerp_mode": "catmullrom"
						}
					}
				},
				"RightX": {
					"rotation": [0, 0, 0]
				}
			}
		}
	}
}