{
	"format_version": "1.8.0",
	"animations": {
		"animation.sit2": {
			"loop": true,
			"animation_length": 2,
			"bones": {
				"root": {
					"position": [0, -11.5, 0]
				},
				"waist": {
					"rotation": [5, 0, 0]
				},
				"leftArm": {
					"rotation": {
						"0.0": {
							"post": [-57.5, 0, 0],
							"lerp_mode": "catmullrom"
						},
						"1.0": {
							"post": [-57.47527, 2.10829, 1.34386],
							"lerp_mode": "catmullrom"
						},
						"2.0": {
							"post": [-57.5, 0, 0],
							"lerp_mode": "catmullrom"
						}
					}
				},
				"Left2": {
					"rotation": {
						"0.0": {
							"post": [0, 0, 50],
							"lerp_mode": "catmullrom"
						},
						"2.0": {
							"post": [0, 0, 50],
							"lerp_mode": "catmullrom"
						}
					}
				},
				"rightArm": {
					"rotation": {
						"0.0": {
							"post": [-70, 0, 0],
							"lerp_mode": "catmullrom"
						},
						"1.0": {
							"post": [-69.98246, -2.34914, -0.85553],
							"lerp_mode": "catmullrom"
						},
						"2.0": {
							"post": [-70, 0, 0],
							"lerp_mode": "catmullrom"
						}
					}
				},
				"Right2": {
					"rotation": {
						"0.0": {
							"post": [0, 0, -37.5],
							"lerp_mode": "catmullrom"
						},
						"2.0": {
							"post": [0, 0, -37.5],
							"lerp_mode": "catmullrom"
						}
					}
				},
				"leftLeg": {
					"rotation": {
						"0.0": [-117.5, 0, 0],
						"1.0": [-117.52235, 2.21738, -1.15495],
						"2.0": [-117.5, 0, 0]
					},
					"position": {
						"0.0": {
							"post": [0, 0.25, -2],
							"lerp_mode": "catmullrom"
						}
					}
				},
				"LeftX": {
					"rotation": {
						"0.0": {
							"post": [87.50954, 4.99523, 0.21865],
							"lerp_mode": "catmullrom"
						},
						"1.0": {
							"post": [87.50977, 4.99761, 0.21933],
							"lerp_mode": "catmullrom"
						},
						"2.0": {
							"post": [87.51, 5, 0.22],
							"lerp_mode": "catmullrom"
						}
					}
				},
				"rightLeg": {
					"rotation": {
						"0.0": {
							"post": [-112.5, 0, 0],
							"lerp_mode": "catmullrom"
						},
						"1.0": {
							"post": [-112.5193, -2.30959, 0.95723],
							"lerp_mode": "catmullrom"
						},
						"2.0": {
							"post": [-112.5, 0, 0],
							"lerp_mode": "catmullrom"
						}
					},
					"position": [0, 1, -1.75]
				},
				"RightX": {
					"rotation": {
						"0.0": {
							"post": [85.5249, -6.67572, -1.78262],
							"lerp_mode": "catmullrom"
						},
						"1.0": {
							"post": [83.02245, -6.67786, -1.78131],
							"lerp_mode": "catmullrom"
						},
						"2.0": {
							"post": [85.52, -6.68, -1.78],
							"lerp_mode": "catmullrom"
						}
					}
				}
			}
		}
	}
}