{
	"format_version": "1.8.0",
	"animations": {
		"animation.sit3": {
			"loop": true,
			"animation_length": 4,
			"bones": {
				"root": {
					"position": [0, -11, 0]
				},
				"waist": {
					"rotation": [-9.45011, 3.10977, 0.79899]
				},
				"body": {
					"rotation": {
						"0.0": {
							"post": [0, 0, 0],
							"lerp_mode": "catmullrom"
						}
					}
				},
				"head": {
					"rotation": {
						"0.0": {
							"post": [12.5, 32.5, 0],
							"lerp_mode": "catmullrom"
						},
						"2.0": {
							"post": [20.84989, -14.12745, -9.47126],
							"lerp_mode": "catmullrom"
						},
						"4.0": {
							"post": [12.5, 32.5, 0],
							"lerp_mode": "catmullrom"
						}
					},
					"position": [0, 0, 0]
				},
				"leftArm": {
					"rotation": [37.5, 0, 0],
					"position": [0, -1, 0]
				},
				"Left2": {
					"rotation": [-12.5, 0, 0]
				},
				"rightArm": {
					"rotation": [25, 0, 0],
					"position": [0, -1, 0]
				},
				"Right2": {
					"rotation": [-5, 0, 0]
				},
				"leftLeg": {
					"rotation": {
						"0.0": {
							"post": [-79.99067, -2.462, -0.43439],
							"lerp_mode": "catmullrom"
						},
						"4.0": {
							"post": [-79.99, -2.46, -0.43],
							"lerp_mode": "catmullrom"
						}
					}
				},
				"LeftX": {
					"rotation": {
						"0.0": {
							"post": [0, 0, 0],
							"lerp_mode": "catmullrom"
						},
						"2.0": {
							"post": [50, 0, 0],
							"lerp_mode": "catmullrom"
						},
						"4.0": {
							"post": [0, 0, 0],
							"lerp_mode": "catmullrom"
						}
					}
				},
				"rightLeg": {
					"rotation": {
						"0.0": {
							"post": [-79.99067, 2.462, 0.43439],
							"lerp_mode": "catmullrom"
						},
						"4.0": {
							"post": [-79.99, 2.46, 0.43],
							"lerp_mode": "catmullrom"
						}
					}
				},
				"RightX": {
					"rotation": {
						"0.0": {
							"post": [52.5, 0, 0],
							"lerp_mode": "catmullrom"
						},
						"2.0": {
							"post": [0, 0, 0],
							"lerp_mode": "catmullrom"
						},
						"4.0": {
							"post": [52.5, 0, 0],
							"lerp_mode": "catmullrom"
						}
					}
				}
			}
		}
	}
}