{
	"format_version": "1.8.0",
	"animations": {
		"animation.stand": {
			"loop": true,
			"animation_length": 2,
			"bones": {
				"root": {
					"rotation": [-5, 0, 0]
				},
				"waist": {
					"rotation": {
						"0.0": {
							"post": [0, 0, 0],
							"lerp_mode": "catmullrom"
						},
						"1.0": {
							"post": [2.5, 0, 0],
							"lerp_mode": "catmullrom"
						},
						"2.0": {
							"post": [0, 0, 0],
							"lerp_mode": "catmullrom"
						}
					}
				},
				"leftArm": {
					"rotation": {
						"0.0": {
							"post": [-68.48112, 38.79925, 18.81464],
							"lerp_mode": "catmullrom"
						},
						"1.0": {
							"post": [-74.45762, 41.18956, 9.52658],
							"lerp_mode": "catmullrom"
						},
						"2.0": {
							"post": [-68.48, 38.8, 18.81],
							"lerp_mode": "catmullrom"
						}
					},
					"position": [-1, 0, 0]
				},
				"Left2": {
					"rotation": {
						"0.0": {
							"post": [2.5, 0, 37.5],
							"lerp_mode": "catmullrom"
						},
						"2.0": {
							"post": [2.5, 0, 37.5],
							"lerp_mode": "catmullrom"
						}
					}
				},
				"rightArm": {
					"rotation": {
						"0.0": {
							"post": [-66.02973, -24.09293, -6.8817],
							"lerp_mode": "catmullrom"
						},
						"1.0": {
							"post": [-71.02986, -24.09147, -6.88085],
							"lerp_mode": "catmullrom"
						},
						"2.0": {
							"post": [-66.03, -24.09, -6.88],
							"lerp_mode": "catmullrom"
						}
					},
					"position": [0.75, 0, 0]
				},
				"Right2": {
					"rotation": {
						"0.0": {
							"post": [-2.5, 0, -60],
							"lerp_mode": "catmullrom"
						},
						"2.0": {
							"post": [-2.5, 0, -60],
							"lerp_mode": "catmullrom"
						}
					}
				},
				"leftLeg": {
					"rotation": {
						"0.0": {
							"post": [7.5, 0, 0],
							"lerp_mode": "catmullrom"
						},
						"2.0": {
							"post": [7.5, 0, 0],
							"lerp_mode": "catmullrom"
						}
					}
				},
				"LeftX": {
					"rotation": {
						"0.0": {
							"post": [5, 0, 0],
							"lerp_mode": "catmullrom"
						},
						"2.0": {
							"post": [5, 0, 0],
							"lerp_mode": "catmullrom"
						}
					}
				},
				"rightLeg": {
					"rotation": {
						"0.0": {
							"post": [-27.5, 0, 0],
							"lerp_mode": "catmullrom"
						},
						"1.0": {
							"post": [-30, 0, 0],
							"lerp_mode": "catmullrom"
						},
						"2.0": {
							"post": [-27.5, 0, 0],
							"lerp_mode": "catmullrom"
						}
					}
				},
				"RightX": {
					"rotation": {
						"0.0": {
							"post": [72.5, 0, 0],
							"lerp_mode": "catmullrom"
						},
						"1.0": {
							"post": [67.51928, -0.95645, -2.30991],
							"lerp_mode": "catmullrom"
						},
						"2.0": {
							"post": [72.5, 0, 0],
							"lerp_mode": "catmullrom"
						}
					}
				}
			}
		}
	}
}