{
	"format_version": "1.8.0",
	"animations": {
		"animation.tap": {
			"animation_length": 3,
			"bones": {
				"rightArm": {
					"rotation": {
						"0.0": {
							"post": [0, 0, 0],
							"lerp_mode": "catmullrom"
						},
						"1.0": {
							"post": [98.94968, 76.86481, 196.70588],
							"lerp_mode": "catmullrom"
						},
						"1.75": {
							"post": [101.27, 78.66, 201.32],
							"lerp_mode": "catmullrom"
						},
						"2.0": {
							"post": [-92.32869, -29.49424, 369.13766],
							"lerp_mode": "catmullrom"
						},
						"3.0": {
							"post": [-4.82869, -29.49424, 369.13766],
							"lerp_mode": "catmullrom"
						}
					},
					"position": {
						"0.0": {
							"post": [0, 0, 0],
							"lerp_mode": "catmullrom"
						},
						"1.0": {
							"post": [0, 0, 0],
							"lerp_mode": "catmullrom"
						},
						"1.75": {
							"post": [0, 0, 0],
							"lerp_mode": "catmullrom"
						},
						"2.0": {
							"post": [2, -1, -3],
							"lerp_mode": "catmullrom"
						},
						"3.0": {
							"post": [0, 0, 0],
							"lerp_mode": "catmullrom"
						}
					}
				},
				"Right2": {
					"rotation": {
						"0.0": {
							"post": [0, 0, 0],
							"lerp_mode": "catmullrom"
						},
						"1.0": {
							"post": [0, 0, -27.5],
							"lerp_mode": "catmullrom"
						},
						"3.0": {
							"post": [0, 0, 0],
							"lerp_mode": "catmullrom"
						}
					}
				}
			}
		}
	}
}