{
	"format_version": "1.20.30",
	"minecraft:item": {
		"description": {
			"identifier": "goe_spa:watchtower",
			"menu_category": {
				"category": "items",
				"is_hidden_in_commands": false
			}
		},
		"components": {
			"minecraft:icon": "goe_spa_watchtower",
			"minecraft:display_name": { "value": "§7Watchtower Builder§f\n(Place on the ground to build)" },
			"minecraft:max_stack_size": 1,
			"minecraft:durability": { "max_durability": 500, "damage_chance": {"min": 1,"max": 1} },
			"minecraft:use_modifiers":{"use_duration":0}
		}
	}
}
