{
    "format_version": "1.21.0",
    "minecraft:client_entity": {
        "description": {
            "identifier": "goe_spa:delivery_package_entity",
            "materials": {
                "default": "entity_alphatest"
            },
            "textures": {
                "default": "textures/goe/spa/entity/delivery_package_entity"
            },
            "geometry": {
                "default": "geometry.goe_spa.delivery_package"
            },
            "render_controllers": [
                "controller.render.default"
            ],
            "animations": {
                "spin": "animation.goe_spa.delivery_package.spin"
            },
            "scripts": {
                "animate": [ 
                    { "spin": "q.variant == 1" }
                ]
            }
        }
    }
}