{
    "format_version": "1.21.20",
    "minecraft:client_entity": {
        "description": {
            "identifier": "goe_spa:rainbow",
            "materials": {
                "default": "entity_alphablend"
            },
            "textures": {
                "default": "textures/goe/spa/particles/realism/rainbow"
            },
            "geometry": {
                "default": "geometry.goe_spa.rainbow"
            },
            "render_controllers": [ "controller.render.goe_spa.rainbow" ]
        }
    }
}