{
    "format_version": "1.8.0",
    "minecraft:client_entity": {
      "description": {
        "identifier": "goe_spa:smart_wandering_trader",
        "materials": {
          "default": "wandering_trader"
        },
        "textures": {
          "default": "textures/goe/spa/entity/smart_wandering_trader"
        },
        "geometry": {
          "default": "geometry.goe_spa.smart_wandering_trader"
        },
        "scripts": {
          "scale": "0.9375"
        },
        "animations": {
          "general": "animation.villager.general",
          "look_at_target": "animation.common.look_at_target",
          "move": "animation.villager.move"
        },
        "animation_controllers": [
          { "general": "controller.animation.villager.general" },
          { "move": "controller.animation.villager.move" }
        ],
        "render_controllers": [ "controller.render.wandering_trader" ],
        "spawn_egg": {
          "texture": "spawn_egg_wandering_trader"
        }
      }
    }
  }