{
    "format_version": "1.12.0",
    "minecraft:client_entity": {
        "description": {
            "identifier": "goe_spa:sun_light",
            "materials": {
                "default": "goe_spa:sun_light"
            },
            "textures": {
                "day": "textures/goe/spa/entity/daily_sun",
                "moon": "textures/goe/spa/entity/moon"
            },
            "geometry": {
                "default": "geometry.goe_spa.sun_light"
            },
            "animations": {
                "state": "animation.goe_spa.vfx.sun_light"
            },
            "scripts": {
                "scale": "3",
                "pre_animation": [
                    "v.length_x = q.camera_rotation(0) + q.rotation_to_camera(0);",
                    "v.length_y = (Math.abs(Math.mod(q.camera_rotation(1) + q.rotation_to_camera(1) + 540, 360) - 180) > 90 ? (-(Math.mod(q.camera_rotation(1) + q.rotation_to_camera(1) + 540, 360) - 180) + 180 * (Math.mod(q.camera_rotation(1) + q.rotation_to_camera(1) + 540, 360) - 180 > 0? 1 :-1 ) ) : Math.mod(q.camera_rotation(1) + q.rotation_to_camera(1) + 540, 360) - 180) * (1 - math.exp((q.rotation_to_camera(0) - 90) / 10));"
                ],
                "animate": [
                    {
                        "state": 1
                    }
                ]
            },
            "render_controllers": [
                {
                    "controller.render.goe_spa.sun_light": "q.distance_from_camera > 54 && q.distance_from_camera < 56"
                }
            ]
        }
    }
}