{
  "format_version": "1.12.0",
  "minecraft:geometry": [
    {
      "description": {
        "identifier": "geometry.tdc_i_tim_green",
        "texture_width": 32,
        "texture_height": 32,
        "visible_bounds_width": 2,
        "visible_bounds_height": 3.5,
        "visible_bounds_offset": [
          0,
          1.25,
          0
        ]
      },
      "bones": [
        {
          "name": "waist",
          "pivot": [
            0,
            12,
            0
          ]
        },
        {
          "name": "head",
          "parent": "waist",
          "pivot": [
            0,
            24,
            0
          ]
        },
        {
          "name": "bone",
          "parent": "head",
          "pivot": [
            0,
            -0.7,
            -0.1
          ],
          "cubes": [
            {
              "origin": [
                -1.3,
                21.5,
                -6.2
              ],
              "size": [
                2.2,
                0.6,
                4.4
              ],
              "pivot": [
                2.4,
                22.1,
                -6.6
              ],
              "rotation": [
                40,
                0,
                0
              ],
              "uv": {
                "north": {
                  "uv": [
                    19,
                    8
                  ],
                  "uv_size": [
                    3,
                    0.75
                  ]
                },
                "east": {
                  "uv": [
                    17,
                    17
                  ],
                  "uv_size": [
                    3.5,
                    0.75
                  ]
                },
                "south": {
                  "uv": [
                    19,
                    9
                  ],
                  "uv_size": [
                    3,
                    0.75
                  ]
                },
                "west": {
                  "uv": [
                    17,
                    18
                  ],
                  "uv_size": [
                    3.5,
                    0.75
                  ]
                },
                "up": {
                  "uv": [
                    8,
                    16
                  ],
                  "uv_size": [
                    3,
                    3.5
                  ]
                },
                "down": {
                  "uv": [
                    16,
                    11.5
                  ],
                  "uv_size": [
                    3,
                    -3.5
                  ]
                }
              }
            },
            {
              "origin": [
                0.5,
                21.5,
                -6.3
              ],
              "size": [
                0.55,
                0.7,
                4.7
              ],
              "pivot": [
                2.2,
                22.1,
                -6.6
              ],
              "rotation": [
                40,
                0,
                0
              ],
              "uv": {
                "north": {
                  "uv": [
                    8,
                    20
                  ],
                  "uv_size": [
                    0.75,
                    1
                  ]
                },
                "east": {
                  "uv": [
                    11,
                    16
                  ],
                  "uv_size": [
                    3.75,
                    1
                  ]
                },
                "south": {
                  "uv": [
                    9,
                    20
                  ],
                  "uv_size": [
                    0.75,
                    1
                  ]
                },
                "west": {
                  "uv": [
                    16,
                    12
                  ],
                  "uv_size": [
                    3.75,
                    1
                  ]
                },
                "up": {
                  "uv": [
                    13,
                    17
                  ],
                  "uv_size": [
                    0.75,
                    3.75
                  ]
                },
                "down": {
                  "uv": [
                    14,
                    20.75
                  ],
                  "uv_size": [
                    0.75,
                    -3.75
                  ]
                }
              }
            },
            {
              "origin": [
                0.9,
                21.33585,
                -6.1318
              ],
              "size": [
                0.4,
                1,
                0.6
              ],
              "pivot": [
                1.3,
                21.83585,
                -5.3818
              ],
              "rotation": [
                13,
                0,
                0
              ],
              "uv": {
                "north": {
                  "uv": [
                    8,
                    20
                  ],
                  "uv_size": [
                    0.75,
                    1
                  ]
                },
                "east": {
                  "uv": [
                    11,
                    16
                  ],
                  "uv_size": [
                    3.75,
                    1
                  ]
                },
                "south": {
                  "uv": [
                    9,
                    20
                  ],
                  "uv_size": [
                    0.75,
                    1
                  ]
                },
                "west": {
                  "uv": [
                    16,
                    12
                  ],
                  "uv_size": [
                    3.75,
                    1
                  ]
                },
                "up": {
                  "uv": [
                    13,
                    17
                  ],
                  "uv_size": [
                    0.75,
                    3.75
                  ]
                },
                "down": {
                  "uv": [
                    14,
                    20.75
                  ],
                  "uv_size": [
                    0.75,
                    -3.75
                  ]
                }
              }
            },
            {
              "origin": [
                1.1,
                20.73585,
                -6.0318
              ],
              "size": [
                0.3,
                0.6,
                0.3
              ],
              "pivot": [
                1.5,
                20.83585,
                -5.5818
              ],
              "rotation": [
                13,
                0,
                0
              ],
              "uv": {
                "north": {
                  "uv": [
                    8,
                    20
                  ],
                  "uv_size": [
                    0.75,
                    1
                  ]
                },
                "east": {
                  "uv": [
                    11,
                    16
                  ],
                  "uv_size": [
                    3.75,
                    1
                  ]
                },
                "south": {
                  "uv": [
                    9,
                    20
                  ],
                  "uv_size": [
                    0.75,
                    1
                  ]
                },
                "west": {
                  "uv": [
                    16,
                    12
                  ],
                  "uv_size": [
                    3.75,
                    1
                  ]
                },
                "up": {
                  "uv": [
                    13,
                    17
                  ],
                  "uv_size": [
                    0.75,
                    3.75
                  ]
                },
                "down": {
                  "uv": [
                    14,
                    20.75
                  ],
                  "uv_size": [
                    0.75,
                    -3.75
                  ]
                }
              }
            },
            {
              "origin": [
                -1.3,
                21.5,
                -6.3
              ],
              "size": [
                0.65,
                0.7,
                4.7
              ],
              "pivot": [
                0.6,
                22.1,
                -6.6
              ],
              "rotation": [
                40,
                0,
                0
              ],
              "uv": {
                "north": {
                  "uv": [
                    10,
                    20
                  ],
                  "uv_size": [
                    0.75,
                    1
                  ]
                },
                "east": {
                  "uv": [
                    16,
                    13
                  ],
                  "uv_size": [
                    3.75,
                    1
                  ]
                },
                "south": {
                  "uv": [
                    20,
                    12
                  ],
                  "uv_size": [
                    0.75,
                    1
                  ]
                },
                "west": {
                  "uv": [
                    16,
                    14
                  ],
                  "uv_size": [
                    3.75,
                    1
                  ]
                },
                "up": {
                  "uv": [
                    15,
                    17
                  ],
                  "uv_size": [
                    0.75,
                    3.75
                  ]
                },
                "down": {
                  "uv": [
                    16,
                    20.75
                  ],
                  "uv_size": [
                    0.75,
                    -3.75
                  ]
                }
              }
            },
            {
              "origin": [
                -0.4,
                21.5,
                -6.3
              ],
              "size": [
                0.65,
                0.7,
                4.7
              ],
              "pivot": [
                1.4,
                22.1,
                -6.6
              ],
              "rotation": [
                40,
                0,
                0
              ],
              "uv": {
                "north": {
                  "uv": [
                    19,
                    16
                  ],
                  "uv_size": [
                    1,
                    1
                  ]
                },
                "east": {
                  "uv": [
                    15,
                    16
                  ],
                  "uv_size": [
                    3.75,
                    1
                  ]
                },
                "south": {
                  "uv": [
                    19,
                    19
                  ],
                  "uv_size": [
                    1,
                    1
                  ]
                },
                "west": {
                  "uv": [
                    16,
                    15
                  ],
                  "uv_size": [
                    3.75,
                    1
                  ]
                },
                "up": {
                  "uv": [
                    11,
                    17
                  ],
                  "uv_size": [
                    1,
                    3.75
                  ]
                },
                "down": {
                  "uv": [
                    12,
                    20.75
                  ],
                  "uv_size": [
                    1,
                    -3.75
                  ]
                }
              }
            },
            {
              "origin": [
                -0.2,
                19.6,
                -8
              ],
              "size": [
                0.3,
                0.4,
                3
              ],
              "pivot": [
                1.3,
                20,
                -9
              ],
              "rotation": [
                40,
                0,
                0
              ],
              "uv": {
                "north": {
                  "uv": [
                    20,
                    13
                  ],
                  "uv_size": [
                    0.5,
                    0.5
                  ]
                },
                "east": {
                  "uv": [
                    19,
                    10
                  ],
                  "uv_size": [
                    3,
                    0.5
                  ]
                },
                "south": {
                  "uv": [
                    20,
                    14
                  ],
                  "uv_size": [
                    0.5,
                    0.5
                  ]
                },
                "west": {
                  "uv": [
                    19,
                    11
                  ],
                  "uv_size": [
                    3,
                    0.5
                  ]
                },
                "up": {
                  "uv": [
                    17,
                    19
                  ],
                  "uv_size": [
                    0.5,
                    3
                  ]
                },
                "down": {
                  "uv": [
                    18,
                    22
                  ],
                  "uv_size": [
                    0.5,
                    -3
                  ]
                }
              }
            }
          ]
        }
      ]
    }
  ]
}