{
	"format_version": "1.10.0",
	"animation_controllers": {
		"controller.animation.thm_ecp.attachable": {
			"initial_state": "default",
			"states": {
				"default": {
					"animations": [
						{
							"first_person_hold": "c.item_slot == 'main_hand'"
						},
						{
							"first_person_hold_offhand": "c.item_slot != 'main_hand'"
						}
					],
					"transitions": [
						{
							"third_person": "!c.is_first_person"
						}
					]
				},
				"third_person": {
					"animations": [ "third_person_hold" ],
					"transitions": [
						{
							"default": "c.is_first_person"
						}
					]
				}
			}
		}
	}
}
