{
    "format_version": "1.12",
    "minecraft:recipe_shapeless": {
        "description": {
            "identifier": "farmersdelight:barbecue_stick"
        },
        "tags": [
            "crafting_table"
        ],
        "ingredients": [
            {
                "tag": "farmersdelight:is_onion"
            },
            {
                "tag": "farmersdelight:is_tomato"
            },
            {
                "tag": "minecraft:is_cooked"
            },
            {
                "item": "minecraft:stick"
            }
        ],
        "result": {
            "item": "farmersdelight:barbecue_stick"
        }
    }
}