{
    "format_version": "1.12",
    "minecraft:recipe_shapeless": {
        "description": {
            "identifier": "farmersdelight:egg_sandwich"
        },
        "tags": [
            "crafting_table"
        ],
        "ingredients": [
            {
                "item": "minecraft:bread"
            },
            {
                "tag": "farmersdelight:is_cooked_egg"
            },
            {
                "tag": "farmersdelight:is_cooked_egg"
            }
        ],
        "result": {
            "item": "farmersdelight:egg_sandwich"
        }
    }
}