{
    "format_version": "1.12",
    "minecraft:recipe_shapeless": {
        "description": {
            "identifier": "farmersdelight:fruit_salad"
        },
        "tags": [
            "crafting_table"
        ],
        "ingredients": [
            {
                "item": "minecraft:bowl"
            },
            {
                "item": "minecraft:melon_slice"
            },
            {
                "item": "minecraft:melon_slice"
            },
            {
                "item": "minecraft:sweet_berries"
            },
            {
                "item": "minecraft:sweet_berries"
            },
            {
                "item": "minecraft:apple"
            },
            {
                "item": "farmersdelight:pumpkin_slice"
            }
        ],
        "result": {
            "item": "farmersdelight:fruit_salad"
        }
    }
}