{
    "format_version": "1.12",
    "minecraft:recipe_shapeless": {
        "description": {
            "identifier": "farmersdelight:grilled_salmon_item"
        },
        "tags": [
            "crafting_table"
        ],
        "ingredients": [
            {
                "item": "minecraft:cooked_salmon"
            },
            {
                "item": "minecraft:sweet_berries"
            },
            {
                "item": "minecraft:bowl"
            },
            {
                "tag": "farmersdelight:is_onion"
            },
            {
                "tag": "farmersdelight:is_cabbage"
            }
        ],
        "result": {
            "item": "farmersdelight:grilled_salmon"
        }
    }
}