{
    "format_version": "1.12",
    "minecraft:recipe_shapeless": {
        "description": {
            "identifier": "farmersdelight:honey_cookie"
        },
        "tags": [
            "crafting_table"
        ],
        "ingredients": [
            {
                "item": "minecraft:wheat"
            },
            {
                "item": "minecraft:wheat"
            },
            {
                "item": "minecraft:honey_bottle"
            }
        ],
        "result": 
            {
                "item": "farmersdelight:honey_cookie",
                "count": 8
            }
    }
}