{
    "format_version": "1.12",
    "minecraft:recipe_shaped": {
        "description": {
            "identifier": "farmersdelight:horse_feed_wheat"
        },
        "tags": [
            "crafting_table"
        ],
        "pattern": [
            "AW",
            "W#"
        ],
        "key": {
            "A": {
                "item": "minecraft:hay_block"
            },
            "W": {
                "item": "minecraft:apple"
            },
            "#": {
                "item": "minecraft:golden_carrot"
            }
        },
        "result": [
            {
                "item": "farmersdelight:horse_feed"
            }
        ]
    }
}