{
    "format_version": "1.12",
    "minecraft:recipe_shapeless": {
        "description": {
            "identifier": "farmersdelight:melon_juice"
        },
        "tags": [
            "crafting_table"
        ],
        "ingredients": [
            {
                "item": "minecraft:glass_bottle"
            },
            {
                "item": "minecraft:melon_slice"
            },
            {
                "item": "minecraft:melon_slice"
            },
            {
                "item": "minecraft:melon_slice"
            },
            {
                "item": "minecraft:melon_slice"
            },
            {
                "item": "minecraft:sugar"
            }
        ],
        "result": {
            "item": "farmersdelight:melon_juice"
        }
    }
}