{
  "format_version": "1.21.60",
  "minecraft:item": {
    "components": {
      "minecraft:food": {
        "can_always_eat": false,
        "nutrition": 4,
        "saturation_modifier": 0.8
      },
      "minecraft:icon": {
        "textures": {
          "default": "farmersdelight:cooked_bacon"
        }
      },
      "minecraft:tags": {
        "tags": [
          "minecraft:is_cooked"
        ]
      },
      "minecraft:use_animation": "eat",
      "minecraft:use_modifiers": {
        "use_duration": 1.6,
        "movement_modifier": 0.4
      },
      "minecraft:compostable": {
        "composting_chance": 35
      }
    },
    "description": {
      "identifier": "farmersdelight:cooked_bacon",
      "menu_category": {
        "category": "equipment",
        "group": "farmersdelight:itemGroup.name.cookedFood"
      }
    }
  }
}