{
  "format_version": "1.21.60",
  "minecraft:item": {
    "components": {
      "minecraft:food": {
        "can_always_eat": false,
        "nutrition": 14,
        "saturation_modifier": 0.8
      },
      "minecraft:icon": {
        "textures": {
          "default": "farmersdelight:smoked_ham"
        }
      },
      "minecraft:tags": {
        "tags": [
          "farmersdelight:can_cut.tag.farmersdelight:is_knife"
        ]
      },
      "minecraft:use_animation": "eat",
      "minecraft:use_modifiers": {
        "use_duration": 1.6,
        "movement_modifier": 0.4
      },
      "minecraft:compostable": {
        "composting_chance": 85
      }
    },
    "description": {
      "identifier": "farmersdelight:smoked_ham",
      "menu_category": {
        "category": "equipment",
        "group": "farmersdelight:itemGroup.name.miscFood"
      }
    }
  }
}