{
	"texture_data": {
		"_oraev_hats__my_melody": {
			"textures": "textures/items/_oraev_hats__my_melody.png"
		},
		"_oraev_hats__pompompurin": {
			"textures": "textures/items/_oraev_hats__pompompurin.png"
		},
		"_oraev_hats__kuromi": {
			"textures": "textures/items/_oraev_hats__kuromi.png"
		},
		"_oraev_hats__cinnamoroll": {
			"textures": "textures/items/_oraev_hats__cinnamoroll.png"
		},
		"_oraev_hats__mamegoma": {
			"textures": "textures/items/_oraev_hats__mamegoma.png"
		},
		"_oraev_hats__hamtoro": {
			"textures": "textures/items/_oraev_hats__hamtoro.png"
		},
		"_oraev_hats__miffy": {
			"textures": "textures/items/_oraev_hats__miffy.png"
		},
		"test_item": {
			"textures": "textures/items/test_item.png"
		},
		"_oraev_hats__whipped_cream_dollop": {
			"textures": "textures/items/_oraev_hats__whipped_cream_dollop.png"
		},
		"_oraev_hats__custard_pudding": {
			"textures": "textures/items/_oraev_hats__custard_pudding.png"
		},
		"_oraev_hats__pudding": {
			"textures": "textures/items/_oraev_hats__pudding.png"
		},
		"_oraev_hats__korilakkuma": {
			"textures": "textures/items/_oraev_hats__korilakkuma.png"
		},
		"_oraev_hats__rilakkuma": {
			"textures": "textures/items/_oraev_hats__rilakkuma.png"
		},
		"_oraev_hats__usagi": {
			"textures": "textures/items/_oraev_hats__usagi.png"
		},
		"_oraev_hats__hachiware": {
			"textures": "textures/items/_oraev_hats__hachiware.png"
		},
		"_oraev_hats__chiikawa": {
			"textures": "textures/items/_oraev_hats__chiikawa.png"
		},
		"_oraev_hats_frog": {
			"textures": "textures/items/_oraev_hats_frog.png"
		},
		"_oraev_hats_strawberry": {
			"textures": "textures/items/_oraev_hats_strawberry.png"
		}
	},
	"resource_pack_name": "【 Oraev Hats 】 -- 1.21+",
	"texture_name": "atlas.items"
}