{"format_version":"1.21.20","minecraft:block":{"description":{"identifier":"mdnext:basketball_ring_mdnext","menu_category":{"category":"items","group":"itemGroup.name.mdnext"},"traits":{"minecraft:placement_direction":{"enabled_states":["minecraft:cardinal_direction"]}},"states":{"md:top":[0,1],"md:bottom":[0,1]}},"permutations":[{"condition":"q.block_state('minecraft:cardinal_direction') == 'north'","components":{"minecraft:transformation":{"rotation":[0,180,0]}}},{"condition":"q.block_state('minecraft:cardinal_direction') == 'south'","components":{"minecraft:transformation":{"rotation":[0,0,0]}}},{"condition":"q.block_state('minecraft:cardinal_direction') == 'east'","components":{"minecraft:transformation":{"rotation":[0,90,0]}}},{"condition":"q.block_state('minecraft:cardinal_direction') == 'west'","components":{"minecraft:transformation":{"rotation":[0,-90,0]}}},{"condition":"(q.block_state('md:bottom') && !q.block_state('md:top'))","components":{"minecraft:geometry":{"identifier":"geometry.basketball_ring_mdnext","bone_visibility":{"bottom":false,"middle":false,"top":true}}}},{"condition":"(q.block_state('md:bottom') && q.block_state('md:top'))","components":{"minecraft:geometry":{"identifier":"geometry.basketball_ring_mdnext","bone_visibility":{"bottom":false,"middle":true,"top":false}}}},{"condition":"(!q.block_state('md:bottom') && q.block_state('md:top'))","components":{"minecraft:geometry":{"identifier":"geometry.basketball_ring_mdnext","bone_visibility":{"bottom":true,"middle":false,"top":false}}}}],"components":{"tag:basketball_ring_mdnext":{},"minecraft:geometry":{"identifier":"geometry.basketball_ring_mdnext","bone_visibility":{"bottom":false,"middle":false,"top":true}},"minecraft:material_instances":{"1":{"texture":"basketball_ring_md","render_method":"alpha_test"},"*":{"texture":"metal_dark_md","render_method":"alpha_test"}},"minecraft:collision_box":{"origin":[-7,0,-7],"size":[14,16,14]},"minecraft:selection_box":{"origin":[-7,0,-7],"size":[14,16,14]},"minecraft:light_dampening":0,"minecraft:light_emission":0,"minecraft:custom_components":["md:vertical_connected","md:vertical_destroy"]}}}