{"format_version":"1.21.20","minecraft:block":{"description":{"identifier":"mdnext:bathtub_1_mdnext","menu_category":{"category":"items","group":"itemGroup.name.toilet"},"traits":{"minecraft:placement_direction":{"enabled_states":["minecraft:cardinal_direction"]}},"states":{"md:north_neighbor":[0,1],"md:east_neighbor":[0,1],"md:south_neighbor":[0,1],"md:west_neighbor":[0,1]}},"permutations":[{"condition":"q.block_state('minecraft:cardinal_direction') == 'north'","components":{"minecraft:transformation":{"rotation":[0,180,0]}}},{"condition":"q.block_state('minecraft:cardinal_direction') == 'south'","components":{"minecraft:transformation":{"rotation":[0,0,0]}}},{"condition":"q.block_state('minecraft:cardinal_direction') == 'east'","components":{"minecraft:transformation":{"rotation":[0,90,0]}}},{"condition":"q.block_state('minecraft:cardinal_direction') == 'west'","components":{"minecraft:transformation":{"rotation":[0,-90,0]}}},{"condition":"((q.block_state('minecraft:cardinal_direction') == 'north' || q.block_state('minecraft:cardinal_direction') == 'south') && (!q.block_state('md:east_neighbor') && !q.block_state('md:west_neighbor'))) || ((q.block_state('minecraft:cardinal_direction') == 'west' || q.block_state('minecraft:cardinal_direction') == 'east') && (!q.block_state('md:north_neighbor') && !q.block_state('md:south_neighbor')))","components":{"minecraft:geometry":{"identifier":"geometry.bathtub_1_mdnext","bone_visibility":{"main":true,"bottom_left":true,"bottom_mid":true,"bottom_right":true,"left":true,"right":true,"top_left":true,"top_mid":true,"top_right":true}}}},{"condition":"(q.block_state('minecraft:cardinal_direction') == 'north' && q.block_state('md:east_neighbor') && !q.block_state('md:west_neighbor')) || (q.block_state('minecraft:cardinal_direction') == 'south' && q.block_state('md:west_neighbor') && !q.block_state('md:east_neighbor')) || (q.block_state('minecraft:cardinal_direction') == 'west' && q.block_state('md:north_neighbor') && !q.block_state('md:south_neighbor')) || (q.block_state('minecraft:cardinal_direction') == 'east' && q.block_state('md:south_neighbor') && !q.block_state('md:north_neighbor'))","components":{"minecraft:geometry":{"identifier":"geometry.bathtub_1_mdnext","bone_visibility":{"main":true,"bottom_left":true,"bottom_mid":true,"bottom_right":false,"left":true,"right":false,"top_left":true,"top_mid":true,"top_right":false}}}},{"condition":"(q.block_state('minecraft:cardinal_direction') == 'north' || q.block_state('minecraft:cardinal_direction') == 'south') && (q.block_state('md:east_neighbor') && q.block_state('md:west_neighbor')) || (q.block_state('minecraft:cardinal_direction') == 'west' || q.block_state('minecraft:cardinal_direction') == 'east') && (q.block_state('md:north_neighbor') && q.block_state('md:south_neighbor'))","components":{"minecraft:geometry":{"identifier":"geometry.bathtub_1_mdnext","bone_visibility":{"main":true,"bottom_left":false,"bottom_mid":true,"bottom_right":false,"left":false,"right":false,"top_left":false,"top_mid":true,"top_right":false}}}},{"condition":"(q.block_state('minecraft:cardinal_direction') == 'north' && q.block_state('md:west_neighbor') && !q.block_state('md:east_neighbor')) || (q.block_state('minecraft:cardinal_direction') == 'south' && q.block_state('md:east_neighbor') && !q.block_state('md:west_neighbor')) || (q.block_state('minecraft:cardinal_direction') == 'west' && q.block_state('md:south_neighbor') && !q.block_state('md:north_neighbor')) || (q.block_state('minecraft:cardinal_direction') == 'east' && q.block_state('md:north_neighbor') && !q.block_state('md:south_neighbor'))","components":{"minecraft:geometry":{"identifier":"geometry.bathtub_1_mdnext","bone_visibility":{"main":true,"bottom_left":false,"bottom_mid":true,"bottom_right":true,"left":false,"right":true,"top_left":false,"top_mid":true,"top_right":true}}}},{"condition":"(q.block_state('minecraft:cardinal_direction') == 'north' && !q.block_state('md:north_neighbor') && q.block_state('md:south_neighbor')) || (q.block_state('minecraft:cardinal_direction') == 'south' && !q.block_state('md:south_neighbor') && q.block_state('md:north_neighbor')) || (q.block_state('minecraft:cardinal_direction') == 'west' && !q.block_state('md:west_neighbor') && q.block_state('md:east_neighbor')) || (q.block_state('minecraft:cardinal_direction') == 'east' && !q.block_state('md:east_neighbor') && q.block_state('md:west_neighbor'))","components":{"minecraft:geometry":{"identifier":"geometry.bathtub_1_mdnext","bone_visibility":{"main":true,"bottom_left":false,"bottom_mid":false,"bottom_right":false,"left":true,"right":true,"top_left":true,"top_mid":true,"top_right":true}}}},{"condition":"(q.block_state('minecraft:cardinal_direction') == 'north' && q.block_state('md:north_neighbor') && q.block_state('md:south_neighbor')) || (q.block_state('minecraft:cardinal_direction') == 'south' && q.block_state('md:south_neighbor') && q.block_state('md:north_neighbor')) || (q.block_state('minecraft:cardinal_direction') == 'west' && q.block_state('md:west_neighbor') && q.block_state('md:east_neighbor')) || (q.block_state('minecraft:cardinal_direction') == 'east' && q.block_state('md:east_neighbor') && q.block_state('md:west_neighbor'))","components":{"minecraft:geometry":{"identifier":"geometry.bathtub_1_mdnext","bone_visibility":{"main":true,"bottom_left":false,"bottom_mid":false,"bottom_right":false,"left":true,"right":true,"top_left":false,"top_mid":false,"top_right":false}}}},{"condition":"(q.block_state('minecraft:cardinal_direction') == 'north' && q.block_state('md:north_neighbor') && !q.block_state('md:south_neighbor')) || (q.block_state('minecraft:cardinal_direction') == 'south' && q.block_state('md:south_neighbor') && !q.block_state('md:north_neighbor')) || (q.block_state('minecraft:cardinal_direction') == 'west' && q.block_state('md:west_neighbor') && !q.block_state('md:east_neighbor')) || (q.block_state('minecraft:cardinal_direction') == 'east' && q.block_state('md:east_neighbor') && !q.block_state('md:west_neighbor'))","components":{"minecraft:geometry":{"identifier":"geometry.bathtub_1_mdnext","bone_visibility":{"main":true,"bottom_left":true,"bottom_mid":true,"bottom_right":true,"left":true,"right":true,"top_left":false,"top_mid":false,"top_right":false}}}},{"condition":"(q.block_state('minecraft:cardinal_direction') == 'north' && q.block_state('md:north_neighbor') && q.block_state('md:east_neighbor')) || (q.block_state('minecraft:cardinal_direction') == 'south' && q.block_state('md:south_neighbor') && q.block_state('md:west_neighbor')) || (q.block_state('minecraft:cardinal_direction') == 'west' && q.block_state('md:west_neighbor') && q.block_state('md:north_neighbor')) || (q.block_state('minecraft:cardinal_direction') == 'east' && q.block_state('md:east_neighbor') && q.block_state('md:south_neighbor'))","components":{"minecraft:geometry":{"identifier":"geometry.bathtub_1_mdnext","bone_visibility":{"main":true,"bottom_left":true,"bottom_mid":true,"bottom_right":false,"left":true,"right":false,"top_left":false,"top_mid":false,"top_right":false}}}},{"condition":"(q.block_state('minecraft:cardinal_direction') == 'north' && q.block_state('md:north_neighbor') && q.block_state('md:east_neighbor') && q.block_state('md:west_neighbor')) || (q.block_state('minecraft:cardinal_direction') == 'south' && q.block_state('md:south_neighbor') && q.block_state('md:west_neighbor') && q.block_state('md:east_neighbor')) || (q.block_state('minecraft:cardinal_direction') == 'west' && q.block_state('md:west_neighbor') && q.block_state('md:north_neighbor') && q.block_state('md:south_neighbor')) || (q.block_state('minecraft:cardinal_direction') == 'east' && q.block_state('md:east_neighbor') && q.block_state('md:south_neighbor') && q.block_state('md:north_neighbor'))","components":{"minecraft:geometry":{"identifier":"geometry.bathtub_1_mdnext","bone_visibility":{"main":true,"bottom_left":false,"bottom_mid":true,"bottom_right":false,"left":false,"right":false,"top_left":false,"top_mid":false,"top_right":false}}}},{"condition":"(q.block_state('minecraft:cardinal_direction') == 'north' && q.block_state('md:north_neighbor') && !q.block_state('md:east_neighbor') && q.block_state('md:west_neighbor')) || (q.block_state('minecraft:cardinal_direction') == 'south' && q.block_state('md:south_neighbor') && !q.block_state('md:west_neighbor') && q.block_state('md:east_neighbor')) || (q.block_state('minecraft:cardinal_direction') == 'west' && q.block_state('md:west_neighbor') && !q.block_state('md:north_neighbor') && q.block_state('md:south_neighbor')) || (q.block_state('minecraft:cardinal_direction') == 'east' && q.block_state('md:east_neighbor') && !q.block_state('md:south_neighbor') && q.block_state('md:north_neighbor'))","components":{"minecraft:geometry":{"identifier":"geometry.bathtub_1_mdnext","bone_visibility":{"main":true,"bottom_left":false,"bottom_mid":true,"bottom_right":true,"left":false,"right":true,"top_left":false,"top_mid":false,"top_right":false}}}},{"condition":"(q.block_state('minecraft:cardinal_direction') == 'north' && q.block_state('md:north_neighbor') && q.block_state('md:east_neighbor') && q.block_state('md:south_neighbor') && !q.block_state('md:west_neighbor')) || (q.block_state('minecraft:cardinal_direction') == 'south' && q.block_state('md:south_neighbor') && q.block_state('md:west_neighbor') && q.block_state('md:north_neighbor') && !q.block_state('md:east_neighbor')) || (q.block_state('minecraft:cardinal_direction') == 'west' && q.block_state('md:west_neighbor') && q.block_state('md:north_neighbor') && q.block_state('md:east_neighbor') && !q.block_state('md:south_neighbor')) || (q.block_state('minecraft:cardinal_direction') == 'east' && q.block_state('md:east_neighbor') && q.block_state('md:south_neighbor') && q.block_state('md:west_neighbor') && !q.block_state('md:north_neighbor'))","components":{"minecraft:geometry":{"identifier":"geometry.bathtub_1_mdnext","bone_visibility":{"main":true,"bottom_left":false,"bottom_mid":false,"bottom_right":false,"left":true,"right":false,"top_left":false,"top_mid":false,"top_right":false}}}},{"condition":"(q.block_state('minecraft:cardinal_direction') == 'north' && q.block_state('md:north_neighbor') && q.block_state('md:east_neighbor') && q.block_state('md:south_neighbor') && q.block_state('md:west_neighbor')) || (q.block_state('minecraft:cardinal_direction') == 'south' && q.block_state('md:south_neighbor') && q.block_state('md:west_neighbor') && q.block_state('md:north_neighbor') && q.block_state('md:east_neighbor')) || (q.block_state('minecraft:cardinal_direction') == 'west' && q.block_state('md:west_neighbor') && q.block_state('md:north_neighbor') && q.block_state('md:east_neighbor') && q.block_state('md:south_neighbor')) || (q.block_state('minecraft:cardinal_direction') == 'east' && q.block_state('md:east_neighbor') && q.block_state('md:south_neighbor') && q.block_state('md:west_neighbor') && q.block_state('md:north_neighbor'))","components":{"minecraft:geometry":{"identifier":"geometry.bathtub_1_mdnext","bone_visibility":{"main":true,"bottom_left":false,"bottom_mid":false,"bottom_right":false,"left":false,"right":false,"top_left":false,"top_mid":false,"top_right":false}}}},{"condition":"(q.block_state('minecraft:cardinal_direction') == 'north' && q.block_state('md:north_neighbor') && !q.block_state('md:east_neighbor') && q.block_state('md:south_neighbor') && q.block_state('md:west_neighbor')) || (q.block_state('minecraft:cardinal_direction') == 'south' && q.block_state('md:south_neighbor') && !q.block_state('md:west_neighbor') && q.block_state('md:north_neighbor') && q.block_state('md:east_neighbor')) || (q.block_state('minecraft:cardinal_direction') == 'west' && q.block_state('md:west_neighbor') && !q.block_state('md:north_neighbor') && q.block_state('md:east_neighbor') && q.block_state('md:south_neighbor')) || (q.block_state('minecraft:cardinal_direction') == 'east' && q.block_state('md:east_neighbor') && !q.block_state('md:south_neighbor') && q.block_state('md:west_neighbor') && q.block_state('md:north_neighbor'))","components":{"minecraft:geometry":{"identifier":"geometry.bathtub_1_mdnext","bone_visibility":{"main":true,"bottom_left":false,"bottom_mid":false,"bottom_right":false,"left":false,"right":true,"top_left":false,"top_mid":false,"top_right":false}}}},{"condition":"(q.block_state('minecraft:cardinal_direction') == 'north' && !q.block_state('md:north_neighbor') && q.block_state('md:east_neighbor') && q.block_state('md:south_neighbor') && !q.block_state('md:west_neighbor')) || (q.block_state('minecraft:cardinal_direction') == 'south' && !q.block_state('md:south_neighbor') && q.block_state('md:west_neighbor') && q.block_state('md:north_neighbor') && !q.block_state('md:east_neighbor')) || (q.block_state('minecraft:cardinal_direction') == 'west' && !q.block_state('md:west_neighbor') && q.block_state('md:north_neighbor') && q.block_state('md:east_neighbor') && !q.block_state('md:south_neighbor')) || (q.block_state('minecraft:cardinal_direction') == 'east' && !q.block_state('md:east_neighbor') && q.block_state('md:south_neighbor') && q.block_state('md:west_neighbor') && !q.block_state('md:north_neighbor'))","components":{"minecraft:geometry":{"identifier":"geometry.bathtub_1_mdnext","bone_visibility":{"main":true,"bottom_left":false,"bottom_mid":false,"bottom_right":false,"left":true,"right":false,"top_left":true,"top_mid":true,"top_right":false}}}},{"condition":"(q.block_state('minecraft:cardinal_direction') == 'north' && !q.block_state('md:north_neighbor') && q.block_state('md:east_neighbor') && q.block_state('md:south_neighbor') && q.block_state('md:west_neighbor')) || (q.block_state('minecraft:cardinal_direction') == 'south' && !q.block_state('md:south_neighbor') && q.block_state('md:west_neighbor') && q.block_state('md:north_neighbor') && q.block_state('md:east_neighbor')) || (q.block_state('minecraft:cardinal_direction') == 'west' && !q.block_state('md:west_neighbor') && q.block_state('md:north_neighbor') && q.block_state('md:east_neighbor') && q.block_state('md:south_neighbor')) || (q.block_state('minecraft:cardinal_direction') == 'east' && !q.block_state('md:east_neighbor') && q.block_state('md:south_neighbor') && q.block_state('md:west_neighbor') && q.block_state('md:north_neighbor'))","components":{"minecraft:geometry":{"identifier":"geometry.bathtub_1_mdnext","bone_visibility":{"main":true,"bottom_left":false,"bottom_mid":false,"bottom_right":false,"left":false,"right":false,"top_left":false,"top_mid":true,"top_right":false}}}},{"condition":"(q.block_state('minecraft:cardinal_direction') == 'north' && !q.block_state('md:north_neighbor') && !q.block_state('md:east_neighbor') && q.block_state('md:south_neighbor') && q.block_state('md:west_neighbor')) || (q.block_state('minecraft:cardinal_direction') == 'south' && !q.block_state('md:south_neighbor') && !q.block_state('md:west_neighbor') && q.block_state('md:north_neighbor') && q.block_state('md:east_neighbor')) || (q.block_state('minecraft:cardinal_direction') == 'west' && !q.block_state('md:west_neighbor') && !q.block_state('md:north_neighbor') && q.block_state('md:east_neighbor') && q.block_state('md:south_neighbor')) || (q.block_state('minecraft:cardinal_direction') == 'east' && !q.block_state('md:east_neighbor') && !q.block_state('md:south_neighbor') && q.block_state('md:west_neighbor') && q.block_state('md:north_neighbor'))","components":{"minecraft:geometry":{"identifier":"geometry.bathtub_1_mdnext","bone_visibility":{"main":true,"bottom_left":false,"bottom_mid":false,"bottom_right":false,"left":false,"right":true,"top_left":false,"top_mid":true,"top_right":true}}}}],"components":{"tag:bathtub_1_mdnext":{},"minecraft:geometry":"geometry.bathtub_1_mdnext","minecraft:material_instances":{"1":{"texture":"water_md","render_method":"opaque"},"*":{"texture":"concrete_white_md","render_method":"opaque"}},"minecraft:collision_box":{"origin":[-8,0,-8],"size":[16,9,16]},"minecraft:selection_box":{"origin":[-8,0,-8],"size":[16,16,16]},"minecraft:light_dampening":0,"minecraft:light_emission":0,"minecraft:custom_components":["md:horizontal_full_connected","md:horizontal_full_destroy","md:sit"]}}}