{"format_version":"1.21.20","minecraft:block":{"description":{"identifier":"mdnext:bathtub_faucet_1_gold_mdnext","menu_category":{"category":"items","group":"itemGroup.name.toilet"},"traits":{"minecraft:placement_direction":{"enabled_states":["minecraft:cardinal_direction"]}}},"permutations":[{"condition":"q.block_state('minecraft:cardinal_direction') == 'north'","components":{"minecraft:transformation":{"rotation":[0,180,0]}}},{"condition":"q.block_state('minecraft:cardinal_direction') == 'south'","components":{"minecraft:transformation":{"rotation":[0,0,0]}}},{"condition":"q.block_state('minecraft:cardinal_direction') == 'east'","components":{"minecraft:transformation":{"rotation":[0,90,0]}}},{"condition":"q.block_state('minecraft:cardinal_direction') == 'west'","components":{"minecraft:transformation":{"rotation":[0,-90,0]}}}],"components":{"tag:bathtub_faucet_1_gold_mdnext":{},"minecraft:geometry":"geometry.bathtub_faucet_1_mdnext","minecraft:material_instances":{"*":{"texture":"metal_gold_md","render_method":"alpha_test"}},"minecraft:collision_box":{"origin":[0,0,0],"size":[0,0,0]},"minecraft:selection_box":{"origin":[-5.5,0,4],"size":[11,9,4]},"minecraft:light_dampening":0,"minecraft:light_emission":0}}}