{"format_version":"1.21.20","minecraft:block":{"description":{"identifier":"mdnext:big_amplifier_mdnext","menu_category":{"category":"items","group":"itemGroup.name.mdnext"},"traits":{"minecraft:placement_direction":{"enabled_states":["minecraft:cardinal_direction"]}},"states":{"md:top":[0,1],"md:bottom":[0,1]}},"permutations":[{"condition":"q.block_state('minecraft:cardinal_direction') == 'north'","components":{"minecraft:transformation":{"rotation":[0,180,0]}}},{"condition":"q.block_state('minecraft:cardinal_direction') == 'south'","components":{"minecraft:transformation":{"rotation":[0,0,0]}}},{"condition":"q.block_state('minecraft:cardinal_direction') == 'east'","components":{"minecraft:transformation":{"rotation":[0,90,0]}}},{"condition":"q.block_state('minecraft:cardinal_direction') == 'west'","components":{"minecraft:transformation":{"rotation":[0,-90,0]}}},{"condition":"(q.block_state('md:bottom') && !q.block_state('md:top'))","components":{"minecraft:geometry":{"identifier":"geometry.big_amplifier_mdnext","bone_visibility":{"bottom":true,"top":true}}}},{"condition":"(q.block_state('md:bottom') && q.block_state('md:top'))","components":{"minecraft:geometry":{"identifier":"geometry.big_amplifier_mdnext","bone_visibility":{"bottom":true,"top":false}}}},{"condition":"(!q.block_state('md:bottom') && q.block_state('md:top'))","components":{"minecraft:geometry":{"identifier":"geometry.big_amplifier_mdnext","bone_visibility":{"bottom":true,"top":false}}}}],"components":{"tag:big_amplifier_mdnext":{},"minecraft:geometry":{"identifier":"geometry.big_amplifier_mdnext"},"minecraft:material_instances":{"1":{"texture":"big_amplifier_mdnext","render_method":"opaque"},"2":{"texture":"speaker_monitor_stage","render_method":"opaque"},"*":{"texture":"metal_dark_md","render_method":"opaque"}},"minecraft:collision_box":{"origin":[-8,0,-8],"size":[16,16,16]},"minecraft:selection_box":{"origin":[-8,0,-8],"size":[16,16,16]},"minecraft:light_dampening":0,"minecraft:light_emission":0,"minecraft:custom_components":["md:vertical_connected","md:vertical_destroy"]}}}