{"format_version":"1.21.20","minecraft:block":{"description":{"identifier":"mdnext:blind_curtain_1_brown_mdnext","menu_category":{"category":"items","group":"itemGroup.name.curtain"},"traits":{"minecraft:placement_direction":{"enabled_states":["minecraft:cardinal_direction"]}},"states":{"md:north_neighbor":[0,1],"md:east_neighbor":[0,1],"md:south_neighbor":[0,1],"md:west_neighbor":[0,1],"md:top":[0,1],"md:bottom":[0,1]}},"permutations":[{"condition":"q.block_state('minecraft:cardinal_direction') == 'north'","components":{"minecraft:transformation":{"rotation":[0,180,0]}}},{"condition":"q.block_state('minecraft:cardinal_direction') == 'south'","components":{"minecraft:transformation":{"rotation":[0,0,0]}}},{"condition":"q.block_state('minecraft:cardinal_direction') == 'east'","components":{"minecraft:transformation":{"rotation":[0,90,0]}}},{"condition":"q.block_state('minecraft:cardinal_direction') == 'west'","components":{"minecraft:transformation":{"rotation":[0,-90,0]}}},{"condition":"((q.block_state('minecraft:cardinal_direction') == 'north' || q.block_state('minecraft:cardinal_direction') == 'south') && (!q.block_state('md:east_neighbor') && !q.block_state('md:west_neighbor'))) || ((q.block_state('minecraft:cardinal_direction') == 'west' || q.block_state('minecraft:cardinal_direction') == 'east') && (!q.block_state('md:north_neighbor') && !q.block_state('md:south_neighbor')))","components":{"minecraft:geometry":{"identifier":"geometry.blind_curtain_1_mdnext","bone_visibility":{"top":true,"left":true,"middle":true,"right":true}}}},{"condition":"(q.block_state('minecraft:cardinal_direction') == 'north' && q.block_state('md:east_neighbor') && !q.block_state('md:west_neighbor')) || (q.block_state('minecraft:cardinal_direction') == 'south' && q.block_state('md:west_neighbor') && !q.block_state('md:east_neighbor')) || (q.block_state('minecraft:cardinal_direction') == 'west' && q.block_state('md:north_neighbor') && !q.block_state('md:south_neighbor')) || (q.block_state('minecraft:cardinal_direction') == 'east' && q.block_state('md:south_neighbor') && !q.block_state('md:north_neighbor'))","components":{"minecraft:geometry":{"identifier":"geometry.blind_curtain_1_mdnext","bone_visibility":{"top":true,"left":true,"middle":true,"right":false}}}},{"condition":"(q.block_state('minecraft:cardinal_direction') == 'north' || q.block_state('minecraft:cardinal_direction') == 'south') && (q.block_state('md:east_neighbor') && q.block_state('md:west_neighbor')) || (q.block_state('minecraft:cardinal_direction') == 'west' || q.block_state('minecraft:cardinal_direction') == 'east') && (q.block_state('md:north_neighbor') && q.block_state('md:south_neighbor'))","components":{"minecraft:geometry":{"identifier":"geometry.blind_curtain_1_mdnext","bone_visibility":{"top":true,"left":false,"middle":true,"right":false}}}},{"condition":"(q.block_state('minecraft:cardinal_direction') == 'north' && q.block_state('md:west_neighbor') && !q.block_state('md:east_neighbor')) || (q.block_state('minecraft:cardinal_direction') == 'south' && q.block_state('md:east_neighbor') && !q.block_state('md:west_neighbor')) || (q.block_state('minecraft:cardinal_direction') == 'west' && q.block_state('md:south_neighbor') && !q.block_state('md:north_neighbor')) || (q.block_state('minecraft:cardinal_direction') == 'east' && q.block_state('md:north_neighbor') && !q.block_state('md:south_neighbor'))","components":{"minecraft:geometry":{"identifier":"geometry.blind_curtain_1_mdnext","bone_visibility":{"top":true,"left":false,"middle":true,"right":true}}}},{"condition":"((q.block_state('minecraft:cardinal_direction') == 'north' && q.block_state('md:top') && !q.block_state('md:bottom')) || (q.block_state('minecraft:cardinal_direction') == 'south' && q.block_state('md:top') && !q.block_state('md:bottom')) || (q.block_state('minecraft:cardinal_direction') == 'west' && q.block_state('md:top') && !q.block_state('md:bottom')) || (q.block_state('minecraft:cardinal_direction') == 'east' && q.block_state('md:top') && !q.block_state('md:bottom')))","components":{"minecraft:geometry":{"identifier":"geometry.blind_curtain_1_mdnext","bone_visibility":{"top":false,"left":true,"middle":true,"right":true}}}},{"condition":"((q.block_state('minecraft:cardinal_direction') == 'north' && q.block_state('md:top') && q.block_state('md:bottom')) || (q.block_state('minecraft:cardinal_direction') == 'south' && q.block_state('md:top') && q.block_state('md:bottom')) || (q.block_state('minecraft:cardinal_direction') == 'west' && q.block_state('md:top') && q.block_state('md:bottom')) || (q.block_state('minecraft:cardinal_direction') == 'east' && q.block_state('md:top') && q.block_state('md:bottom')))","components":{"minecraft:geometry":{"identifier":"geometry.blind_curtain_1_mdnext","bone_visibility":{"top":false,"left":true,"middle":true,"right":true}}}},{"condition":"((q.block_state('minecraft:cardinal_direction') == 'north' && !q.block_state('md:top') && q.block_state('md:bottom')) || (q.block_state('minecraft:cardinal_direction') == 'south' && !q.block_state('md:top') && q.block_state('md:bottom')) || (q.block_state('minecraft:cardinal_direction') == 'west' && !q.block_state('md:top') && q.block_state('md:bottom')) || (q.block_state('minecraft:cardinal_direction') == 'east' && !q.block_state('md:top') && q.block_state('md:bottom')))","components":{"minecraft:geometry":{"identifier":"geometry.blind_curtain_1_mdnext","bone_visibility":{"top":true,"left":true,"middle":true,"right":true}}}},{"condition":"((q.block_state('minecraft:cardinal_direction') == 'north' && q.block_state('md:east_neighbor') && !q.block_state('md:west_neighbor') && q.block_state('md:top') && !q.block_state('md:bottom')) || (q.block_state('minecraft:cardinal_direction') == 'south' && q.block_state('md:west_neighbor') && !q.block_state('md:east_neighbor') && q.block_state('md:top') && !q.block_state('md:bottom')) || (q.block_state('minecraft:cardinal_direction') == 'west' && q.block_state('md:north_neighbor') && !q.block_state('md:south_neighbor') && q.block_state('md:top') && !q.block_state('md:bottom')) || (q.block_state('minecraft:cardinal_direction') == 'east' && q.block_state('md:south_neighbor') && !q.block_state('md:north_neighbor') && q.block_state('md:top') && !q.block_state('md:bottom')))","components":{"minecraft:geometry":{"identifier":"geometry.blind_curtain_1_mdnext","bone_visibility":{"top":false,"left":true,"middle":true,"right":false}}}},{"condition":"(q.block_state('minecraft:cardinal_direction') == 'north' && q.block_state('md:top') || q.block_state('minecraft:cardinal_direction') == 'south') && (q.block_state('md:east_neighbor') && q.block_state('md:west_neighbor')) && q.block_state('md:top') || (q.block_state('minecraft:cardinal_direction') == 'west' && q.block_state('md:top') || q.block_state('minecraft:cardinal_direction') == 'east') && (q.block_state('md:north_neighbor') && q.block_state('md:south_neighbor') && q.block_state('md:top'))","components":{"minecraft:geometry":{"identifier":"geometry.blind_curtain_1_mdnext","bone_visibility":{"top":false,"left":false,"middle":true,"right":false}}}},{"condition":"(q.block_state('minecraft:cardinal_direction') == 'north' && q.block_state('md:west_neighbor') && !q.block_state('md:east_neighbor')) && q.block_state('md:top') || (q.block_state('minecraft:cardinal_direction') == 'south' && q.block_state('md:east_neighbor') && !q.block_state('md:west_neighbor')) && q.block_state('md:top') || (q.block_state('minecraft:cardinal_direction') == 'west' && q.block_state('md:south_neighbor') && !q.block_state('md:north_neighbor')) && q.block_state('md:top') || (q.block_state('minecraft:cardinal_direction') == 'east' && q.block_state('md:north_neighbor') && !q.block_state('md:south_neighbor') && q.block_state('md:top'))","components":{"minecraft:geometry":{"identifier":"geometry.blind_curtain_1_mdnext","bone_visibility":{"top":false,"left":false,"middle":true,"right":true}}}},{"condition":"(q.block_state('minecraft:cardinal_direction') == 'north' && q.block_state('md:east_neighbor') && !q.block_state('md:west_neighbor')) && q.block_state('md:top') && q.block_state('md:bottom') || (q.block_state('minecraft:cardinal_direction') == 'south' && q.block_state('md:west_neighbor') && !q.block_state('md:east_neighbor')) && q.block_state('md:top') && q.block_state('md:bottom') || (q.block_state('minecraft:cardinal_direction') == 'west' && q.block_state('md:north_neighbor') && !q.block_state('md:south_neighbor')) && q.block_state('md:top') && q.block_state('md:bottom') || (q.block_state('minecraft:cardinal_direction') == 'east' && q.block_state('md:south_neighbor') && !q.block_state('md:north_neighbor') && q.block_state('md:top') && q.block_state('md:bottom'))","components":{"minecraft:geometry":{"identifier":"geometry.blind_curtain_1_mdnext","bone_visibility":{"top":false,"left":true,"middle":true,"right":false}}}},{"condition":"(q.block_state('minecraft:cardinal_direction') == 'north' && q.block_state('md:top') && q.block_state('md:bottom') || q.block_state('minecraft:cardinal_direction') == 'south') && (q.block_state('md:east_neighbor') && q.block_state('md:west_neighbor')) && q.block_state('md:top') && q.block_state('md:bottom') || (q.block_state('minecraft:cardinal_direction') == 'west' && q.block_state('md:top') && q.block_state('md:bottom') || q.block_state('minecraft:cardinal_direction') == 'east') && (q.block_state('md:north_neighbor') && q.block_state('md:south_neighbor') && q.block_state('md:top') && q.block_state('md:bottom'))","components":{"minecraft:geometry":{"identifier":"geometry.blind_curtain_1_mdnext","bone_visibility":{"top":false,"left":false,"middle":true,"right":false}}}},{"condition":"(q.block_state('minecraft:cardinal_direction') == 'north' && q.block_state('md:west_neighbor') && !q.block_state('md:east_neighbor')) && q.block_state('md:top') && q.block_state('md:bottom') || (q.block_state('minecraft:cardinal_direction') == 'south' && q.block_state('md:east_neighbor') && !q.block_state('md:west_neighbor')) && q.block_state('md:top') && q.block_state('md:bottom') || (q.block_state('minecraft:cardinal_direction') == 'west' && q.block_state('md:south_neighbor') && !q.block_state('md:north_neighbor')) && q.block_state('md:top') && q.block_state('md:bottom') || (q.block_state('minecraft:cardinal_direction') == 'east' && q.block_state('md:north_neighbor') && !q.block_state('md:south_neighbor') && q.block_state('md:top') && q.block_state('md:bottom'))","components":{"minecraft:geometry":{"identifier":"geometry.blind_curtain_1_mdnext","bone_visibility":{"top":false,"left":false,"middle":true,"right":true}}}},{"condition":"(q.block_state('minecraft:cardinal_direction') == 'north' && q.block_state('md:east_neighbor') && !q.block_state('md:west_neighbor')) && !q.block_state('md:top') && q.block_state('md:bottom') || (q.block_state('minecraft:cardinal_direction') == 'south' && q.block_state('md:west_neighbor') && !q.block_state('md:east_neighbor')) && !q.block_state('md:top') && q.block_state('md:bottom') || (q.block_state('minecraft:cardinal_direction') == 'west' && q.block_state('md:north_neighbor') && !q.block_state('md:south_neighbor')) && !q.block_state('md:top') && q.block_state('md:bottom') || (q.block_state('minecraft:cardinal_direction') == 'east' && q.block_state('md:south_neighbor') && !q.block_state('md:north_neighbor') && !q.block_state('md:top') && q.block_state('md:bottom'))","components":{"minecraft:geometry":{"identifier":"geometry.blind_curtain_1_mdnext","bone_visibility":{"top":true,"left":true,"middle":true,"right":false}}}},{"condition":"(q.block_state('minecraft:cardinal_direction') == 'north' && !q.block_state('md:top') && q.block_state('md:bottom') || q.block_state('minecraft:cardinal_direction') == 'south') && (q.block_state('md:east_neighbor') && q.block_state('md:west_neighbor')) && !q.block_state('md:top') && q.block_state('md:bottom') || (q.block_state('minecraft:cardinal_direction') == 'west' && !q.block_state('md:top') && q.block_state('md:bottom') || q.block_state('minecraft:cardinal_direction') == 'east') && (q.block_state('md:north_neighbor') && q.block_state('md:south_neighbor') && !q.block_state('md:top') && q.block_state('md:bottom'))","components":{"minecraft:geometry":{"identifier":"geometry.blind_curtain_1_mdnext","bone_visibility":{"top":true,"left":false,"middle":true,"right":false}}}},{"condition":"(q.block_state('minecraft:cardinal_direction') == 'north' && q.block_state('md:west_neighbor') && !q.block_state('md:east_neighbor')) && !q.block_state('md:top') && q.block_state('md:bottom') || (q.block_state('minecraft:cardinal_direction') == 'south' && q.block_state('md:east_neighbor') && !q.block_state('md:west_neighbor')) && !q.block_state('md:top') && q.block_state('md:bottom') || (q.block_state('minecraft:cardinal_direction') == 'west' && q.block_state('md:south_neighbor') && !q.block_state('md:north_neighbor')) && !q.block_state('md:top') && q.block_state('md:bottom') || (q.block_state('minecraft:cardinal_direction') == 'east' && q.block_state('md:north_neighbor') && !q.block_state('md:south_neighbor') && !q.block_state('md:top') && q.block_state('md:bottom'))","components":{"minecraft:geometry":{"identifier":"geometry.blind_curtain_1_mdnext","bone_visibility":{"top":true,"left":false,"middle":true,"right":true}}}}],"components":{"tag:blind_curtain_1_brown_mdnext":{},"minecraft:geometry":"geometry.blind_curtain_1_mdnext","minecraft:material_instances":{"*":{"texture":"wood_brown_md","render_method":"alpha_test"}},"minecraft:collision_box":{"origin":[-8,0,-8],"size":[0,0,0]},"minecraft:selection_box":{"origin":[-8,0,6],"size":[16,16,2]},"minecraft:light_dampening":0,"minecraft:light_emission":0,"minecraft:custom_components":["md:vertical_full_connected","md:vertical_full_destroy"]}}}