{"format_version":"1.21.20","minecraft:block":{"description":{"identifier":"mdnext:board_sign_wall_toilet_woman_mdnext","menu_category":{"category":"items","group":"itemGroup.name.board_sign"},"traits":{"minecraft:placement_direction":{"enabled_states":["minecraft:cardinal_direction"]}}},"permutations":[{"condition":"q.block_state('minecraft:cardinal_direction') == 'north'","components":{"minecraft:transformation":{"rotation":[0,180,0]}}},{"condition":"q.block_state('minecraft:cardinal_direction') == 'south'","components":{"minecraft:transformation":{"rotation":[0,0,0]}}},{"condition":"q.block_state('minecraft:cardinal_direction') == 'east'","components":{"minecraft:transformation":{"rotation":[0,90,0]}}},{"condition":"q.block_state('minecraft:cardinal_direction') == 'west'","components":{"minecraft:transformation":{"rotation":[0,-90,0]}}}],"components":{"tag:board_sign_wall_toilet_woman_mdnext":{},"minecraft:geometry":"geometry.board_sign_wall_mdnext","minecraft:material_instances":{"*":{"texture":"board_sign_wall_toilet_woman_mdnext","render_method":"opaque"}},"minecraft:collision_box":{"origin":[-3.5,4,6],"size":[7,9,2]},"minecraft:selection_box":{"origin":[-3.5,4,6],"size":[7,9,2]},"minecraft:light_dampening":0,"minecraft:light_emission":0}}}