{"format_version":"1.21.20","minecraft:block":{"description":{"identifier":"mdnext:bowling_balls_blue_mdnext","menu_category":{"category":"items","group":"itemGroup.name.display"},"traits":{"minecraft:placement_direction":{"enabled_states":["minecraft:cardinal_direction"]}}},"permutations":[{"condition":"q.block_state('minecraft:cardinal_direction') == 'north'","components":{"minecraft:transformation":{"rotation":[0,180,0]}}},{"condition":"q.block_state('minecraft:cardinal_direction') == 'south'","components":{"minecraft:transformation":{"rotation":[0,0,0]}}},{"condition":"q.block_state('minecraft:cardinal_direction') == 'east'","components":{"minecraft:transformation":{"rotation":[0,90,0]}}},{"condition":"q.block_state('minecraft:cardinal_direction') == 'west'","components":{"minecraft:transformation":{"rotation":[0,-90,0]}}}],"components":{"tag:bowling_balls_blue_mdnext":{},"minecraft:geometry":"geometry.bowling_balls_mdnext","minecraft:material_instances":{"*":{"texture":"bowling_balls_blue_mdnext","render_method":"opaque"}},"minecraft:collision_box":{"origin":[-8,0,-7],"size":[16,13,14]},"minecraft:selection_box":{"origin":[-8,0,-7],"size":[16,13,14]},"minecraft:light_dampening":0,"minecraft:light_emission":0}}}