{"format_version":"1.21.20","minecraft:block":{"description":{"identifier":"mdnext:cat_poop_red_mdnext","menu_category":{"category":"items","group":"itemGroup.name.pets"},"traits":{"minecraft:placement_direction":{"enabled_states":["minecraft:cardinal_direction"]}}},"permutations":[{"condition":"q.block_state('minecraft:cardinal_direction') == 'north'","components":{"minecraft:transformation":{"rotation":[0,180,0]}}},{"condition":"q.block_state('minecraft:cardinal_direction') == 'south'","components":{"minecraft:transformation":{"rotation":[0,0,0]}}},{"condition":"q.block_state('minecraft:cardinal_direction') == 'east'","components":{"minecraft:transformation":{"rotation":[0,90,0]}}},{"condition":"q.block_state('minecraft:cardinal_direction') == 'west'","components":{"minecraft:transformation":{"rotation":[0,-90,0]}}}],"components":{"tag:cat_poop_red_mdnext":{},"minecraft:geometry":"geometry.cat_poop_mdnext","minecraft:material_instances":{"*":{"texture":"concrete_red_md","render_method":"opaque"},"1":{"texture":"sand_mc","render_method":"opaque"}},"minecraft:collision_box":{"origin":[-7.5,0,-5],"size":[15,5,10]},"minecraft:selection_box":{"origin":[-7.5,0,-5],"size":[15,5,10]},"minecraft:light_dampening":0,"minecraft:light_emission":0}}}