{"format_version":"1.21.20","minecraft:block":{"description":{"identifier":"mdnext:charging_station_mdnext","menu_category":{"category":"items","group":"itemGroup.name.mdnext"},"traits":{"minecraft:placement_direction":{"enabled_states":["minecraft:cardinal_direction"]}},"states":{"md:top":[0,1],"md:bottom":[0,1]}},"permutations":[{"condition":"q.block_state('minecraft:cardinal_direction') == 'north'","components":{"minecraft:transformation":{"rotation":[0,180,0]}}},{"condition":"q.block_state('minecraft:cardinal_direction') == 'south'","components":{"minecraft:transformation":{"rotation":[0,0,0]}}},{"condition":"q.block_state('minecraft:cardinal_direction') == 'east'","components":{"minecraft:transformation":{"rotation":[0,90,0]}}},{"condition":"q.block_state('minecraft:cardinal_direction') == 'west'","components":{"minecraft:transformation":{"rotation":[0,-90,0]}}},{"condition":"(q.block_state('md:bottom') && !q.block_state('md:top'))","components":{"minecraft:geometry":{"identifier":"geometry.chaging_station_mdnext","bone_visibility":{"bottom":false,"middle":false,"top":true}}}},{"condition":"(q.block_state('md:bottom') && q.block_state('md:top'))","components":{"minecraft:geometry":{"identifier":"geometry.chaging_station_mdnext","bone_visibility":{"bottom":false,"middle":true,"top":false}}}},{"condition":"(!q.block_state('md:bottom') && q.block_state('md:top'))","components":{"minecraft:geometry":{"identifier":"geometry.chaging_station_mdnext","bone_visibility":{"bottom":true,"middle":false,"top":false}}}}],"components":{"tag:charging_station_mdnext":{},"minecraft:geometry":{"identifier":"geometry.chaging_station_mdnext","bone_visibility":{"bottom":false,"middle":true,"top":false}},"minecraft:material_instances":{"1":{"texture":"charging_station_mdnext","render_method":"opaque"},"3":{"texture":"metal_dark_md","render_method":"opaque"},"4":{"texture":"metal_gray_md","render_method":"opaque"},"5":{"texture":"concrete_light_blue_md","render_method":"opaque","ambient_occlusion":false,"face_dimming":false},"*":{"texture":"metal_white_md","render_method":"opaque"}},"minecraft:collision_box":{"origin":[-8,0,-8],"size":[16,16,16]},"minecraft:selection_box":{"origin":[-8,0,-8],"size":[16,16,16]},"minecraft:light_dampening":0,"minecraft:light_emission":5,"minecraft:custom_components":["md:vertical_connected","md:vertical_destroy"]}}}