{"format_version":"1.21.20","minecraft:block":{"description":{"identifier":"mdnext:christmas_tree_mdnext","menu_category":{"category":"items","group":"itemGroup.name.display"},"traits":{"minecraft:placement_direction":{"enabled_states":["minecraft:cardinal_direction"]}},"states":{"md:inout":[0,1]}},"permutations":[{"condition":"q.block_state('md:inout') == 0","components":{"minecraft:geometry":{"identifier":"geometry.christmas_tree_mdnext","bone_visibility":{"main":true,"in":false}},"minecraft:collision_box":{"origin":[-8,0,-8],"size":[0,0,0]},"minecraft:selection_box":{"origin":[-3,0,-3],"size":[6,16,6]}}},{"condition":"q.block_state('md:inout') == 1","components":{"minecraft:geometry":{"identifier":"geometry.christmas_tree_mdnext","bone_visibility":{"main":false,"in":true}},"minecraft:collision_box":{"origin":[-8,0,-8],"size":[0,0,0]},"minecraft:selection_box":{"origin":[-8,0,5],"size":[16,16,3]}}},{"condition":"q.block_state('minecraft:cardinal_direction') == 'north'","components":{"minecraft:transformation":{"rotation":[0,180,0]}}},{"condition":"q.block_state('minecraft:cardinal_direction') == 'south'","components":{"minecraft:transformation":{"rotation":[0,0,0]}}},{"condition":"q.block_state('minecraft:cardinal_direction') == 'east'","components":{"minecraft:transformation":{"rotation":[0,90,0]}}},{"condition":"q.block_state('minecraft:cardinal_direction') == 'west'","components":{"minecraft:transformation":{"rotation":[0,-90,0]}}}],"components":{"tag:christmas_tree_mdnext":{},"minecraft:geometry":"geometry.christmas_tree_mdnext","minecraft:material_instances":{"*":{"texture":"wood_brown_md","render_method":"alpha_test"},"1":{"texture":"christmas_tree_mdnext","render_method":"alpha_test"}},"minecraft:light_dampening":0,"minecraft:light_emission":0,"minecraft:custom_components":["md:push_0","md:retail_place_0"]}}}