{"format_version":"1.21.20","minecraft:block":{"description":{"identifier":"mdnext:coffee_1_mdnext","menu_category":{"category":"items","group":"itemGroup.name.drinks"},"traits":{"minecraft:placement_direction":{"enabled_states":["minecraft:cardinal_direction"]}},"states":{"md:rotate":[0,1,2]}},"permutations":[{"condition":"q.block_state('md:rotate') == 0","components":{"minecraft:geometry":{"identifier":"geometry.coffee_1_mdnext","bone_visibility":{"1":false,"2":false,"main":true}},"minecraft:collision_box":{"origin":[-8,0,-8],"size":[0,0,0]},"minecraft:selection_box":{"origin":[-8,0,-8],"size":[16,5,16]}}},{"condition":"q.block_state('md:rotate') == 1","components":{"minecraft:geometry":{"identifier":"geometry.coffee_1_mdnext","bone_visibility":{"1":true,"2":false,"main":true}},"minecraft:collision_box":{"origin":[-8,0,-8],"size":[0,0,0]},"minecraft:selection_box":{"origin":[-8,0,-8],"size":[16,5,16]}}},{"condition":"q.block_state('md:rotate') == 2","components":{"minecraft:geometry":{"identifier":"geometry.coffee_1_mdnext","bone_visibility":{"1":true,"2":true,"main":true}},"minecraft:collision_box":{"origin":[-8,0,-8],"size":[0,0,0]},"minecraft:selection_box":{"origin":[-8,0,-8],"size":[16,5,16]}}},{"condition":"q.block_state('minecraft:cardinal_direction') == 'north'","components":{"minecraft:transformation":{"rotation":[0,180,0]}}},{"condition":"q.block_state('minecraft:cardinal_direction') == 'south'","components":{"minecraft:transformation":{"rotation":[0,0,0]}}},{"condition":"q.block_state('minecraft:cardinal_direction') == 'east'","components":{"minecraft:transformation":{"rotation":[0,90,0]}}},{"condition":"q.block_state('minecraft:cardinal_direction') == 'west'","components":{"minecraft:transformation":{"rotation":[0,-90,0]}}}],"components":{"tag:coffee_1_mdnext":{},"minecraft:geometry":"geometry.coffee_1_mdnext","minecraft:material_instances":{"*":{"texture":"coffee_1","render_method":"alpha_test"}},"minecraft:light_dampening":0,"minecraft:light_emission":0,"minecraft:custom_components":["md:rotate"]}}}