{"format_version":"1.21.20","minecraft:block":{"description":{"identifier":"mdnext:deer_head_display_mdnext","menu_category":{"category":"items","group":"itemGroup.name.display"},"traits":{"minecraft:placement_direction":{"enabled_states":["minecraft:cardinal_direction"]}}},"permutations":[{"condition":"q.block_state('minecraft:cardinal_direction') == 'north'","components":{"minecraft:transformation":{"rotation":[0,180,0]}}},{"condition":"q.block_state('minecraft:cardinal_direction') == 'south'","components":{"minecraft:transformation":{"rotation":[0,0,0]}}},{"condition":"q.block_state('minecraft:cardinal_direction') == 'east'","components":{"minecraft:transformation":{"rotation":[0,90,0]}}},{"condition":"q.block_state('minecraft:cardinal_direction') == 'west'","components":{"minecraft:transformation":{"rotation":[0,-90,0]}}}],"components":{"tag:deer_head_display_mdnext":{},"minecraft:geometry":"geometry.deer_head_display_mdnext","minecraft:material_instances":{"*":{"texture":"deer_head_display_mdnext","render_method":"opaque"},"1":{"texture":"metal_dark_md","render_method":"opaque"}},"minecraft:collision_box":{"origin":[-7.5,6,-2],"size":[15,6,10]},"minecraft:selection_box":{"origin":[-7.5,0,-2],"size":[15,16,10]},"minecraft:light_dampening":0,"minecraft:light_emission":0}}}