{"format_version":"1.21.20","minecraft:block":{"description":{"identifier":"mdnext:dish_rack_2_dark_mdnext","menu_category":{"category":"items","group":"itemGroup.name.kitchen"},"traits":{"minecraft:placement_direction":{"enabled_states":["minecraft:cardinal_direction"]}}},"permutations":[{"condition":"q.block_state('minecraft:cardinal_direction') == 'north'","components":{"minecraft:transformation":{"rotation":[0,180,0]}}},{"condition":"q.block_state('minecraft:cardinal_direction') == 'south'","components":{"minecraft:transformation":{"rotation":[0,0,0]}}},{"condition":"q.block_state('minecraft:cardinal_direction') == 'east'","components":{"minecraft:transformation":{"rotation":[0,90,0]}}},{"condition":"q.block_state('minecraft:cardinal_direction') == 'west'","components":{"minecraft:transformation":{"rotation":[0,-90,0]}}}],"components":{"tag:dish_rack_2_dark_mdnext":{},"tag:md_rack":{},"minecraft:geometry":"geometry.dish_rack_2_mdnext","minecraft:material_instances":{"*":{"texture":"wood_dark_md","render_method":"opaque"},"1":{"texture":"dish_rack_1","render_method":"opaque"}},"minecraft:collision_box":{"origin":[-8,0,-8],"size":[16,16,16]},"minecraft:selection_box":{"origin":[-8,0,-8],"size":[16,16,16]},"minecraft:light_dampening":0,"minecraft:light_emission":0}}}