{"format_version":"1.21.20","minecraft:block":{"description":{"identifier":"mdnext:generator_mdnext","menu_category":{"category":"items","group":"itemGroup.name.mechanic"},"traits":{"minecraft:placement_direction":{"enabled_states":["minecraft:cardinal_direction"]}}},"permutations":[{"condition":"q.block_state('minecraft:cardinal_direction') == 'north'","components":{"minecraft:transformation":{"rotation":[0,180,0]}}},{"condition":"q.block_state('minecraft:cardinal_direction') == 'south'","components":{"minecraft:transformation":{"rotation":[0,0,0]}}},{"condition":"q.block_state('minecraft:cardinal_direction') == 'east'","components":{"minecraft:transformation":{"rotation":[0,90,0]}}},{"condition":"q.block_state('minecraft:cardinal_direction') == 'west'","components":{"minecraft:transformation":{"rotation":[0,-90,0]}}}],"components":{"tag:generator_mdnext":{},"minecraft:geometry":"geometry.generator_mdnext","minecraft:material_instances":{"*":{"texture":"metal_dark_rusted_md","render_method":"opaque"},"1":{"texture":"generator_mdnext","render_method":"opaque"},"2":{"texture":"metal_gold_md","render_method":"opaque"}},"minecraft:collision_box":true,"minecraft:selection_box":true,"minecraft:light_dampening":0,"minecraft:light_emission":0}}}