{"format_version":"1.21.20","minecraft:block":{"description":{"identifier":"mdnext:gift_display_red_mdnext","menu_category":{"category":"items","group":"itemGroup.name.gift"},"traits":{"minecraft:placement_direction":{"enabled_states":["minecraft:cardinal_direction"]}}},"permutations":[{"condition":"q.block_state('minecraft:cardinal_direction') == 'north'","components":{"minecraft:transformation":{"rotation":[0,180,0]}}},{"condition":"q.block_state('minecraft:cardinal_direction') == 'south'","components":{"minecraft:transformation":{"rotation":[0,0,0]}}},{"condition":"q.block_state('minecraft:cardinal_direction') == 'east'","components":{"minecraft:transformation":{"rotation":[0,90,0]}}},{"condition":"q.block_state('minecraft:cardinal_direction') == 'west'","components":{"minecraft:transformation":{"rotation":[0,-90,0]}}}],"components":{"tag:gift_display_red_mdnext":{},"minecraft:geometry":"geometry.gift_display_mdnext","minecraft:material_instances":{"1":{"texture":"concrete_red_md","render_method":"opaque"},"*":{"texture":"fabric_white_md","render_method":"opaque"}},"minecraft:light_dampening":0,"minecraft:light_emission":0}}}