{"format_version":"1.21.20","minecraft:block":{"description":{"identifier":"mdnext:glasses_display_2_mdnext","menu_category":{"category":"items","group":"itemGroup.name.fashion"},"traits":{"minecraft:placement_direction":{"enabled_states":["minecraft:cardinal_direction"]}},"states":{"md:inout":[0,1]}},"permutations":[{"condition":"q.block_state('md:inout') == 0","components":{"minecraft:geometry":{"identifier":"geometry.glasses_display_2_mdnext","bone_visibility":{"main":true,"in":false}},"minecraft:collision_box":{"origin":[-3.5,0,-3.5],"size":[7,10,7]},"minecraft:selection_box":{"origin":[-3.5,0,-3.5],"size":[7,10,7]}}},{"condition":"q.block_state('md:inout') == 1","components":{"minecraft:geometry":{"identifier":"geometry.glasses_display_2_mdnext","bone_visibility":{"main":false,"in":true}},"minecraft:collision_box":{"origin":[-8,0,-8],"size":[0,0,0]},"minecraft:selection_box":{"origin":[-8,0,5],"size":[16,16,3]}}},{"condition":"q.block_state('minecraft:cardinal_direction') == 'north'","components":{"minecraft:transformation":{"rotation":[0,180,0]}}},{"condition":"q.block_state('minecraft:cardinal_direction') == 'south'","components":{"minecraft:transformation":{"rotation":[0,0,0]}}},{"condition":"q.block_state('minecraft:cardinal_direction') == 'east'","components":{"minecraft:transformation":{"rotation":[0,90,0]}}},{"condition":"q.block_state('minecraft:cardinal_direction') == 'west'","components":{"minecraft:transformation":{"rotation":[0,-90,0]}}}],"components":{"tag:glasses_display_2_mdnext":{},"minecraft:geometry":"geometry.glasses_display_2_mdnext","minecraft:material_instances":{"1":{"texture":"glasses_display_2_mdnext","render_method":"alpha_test"},"*":{"texture":"metal_white_md","render_method":"alpha_test"}},"minecraft:light_dampening":0,"minecraft:light_emission":0,"minecraft:custom_components":["md:push_0","md:retail_place_0"]}}}