{"format_version":"1.21.20","minecraft:block":{"description":{"identifier":"mdnext:globe_display_1_mdnext","menu_category":{"category":"items","group":"itemGroup.name.display"},"traits":{"minecraft:placement_direction":{"enabled_states":["minecraft:cardinal_direction"]}}},"permutations":[{"condition":"q.block_state('minecraft:cardinal_direction') == 'north'","components":{"minecraft:transformation":{"rotation":[0,180,0]}}},{"condition":"q.block_state('minecraft:cardinal_direction') == 'south'","components":{"minecraft:transformation":{"rotation":[0,0,0]}}},{"condition":"q.block_state('minecraft:cardinal_direction') == 'east'","components":{"minecraft:transformation":{"rotation":[0,90,0]}}},{"condition":"q.block_state('minecraft:cardinal_direction') == 'west'","components":{"minecraft:transformation":{"rotation":[0,-90,0]}}}],"components":{"tag:globe_display_1_mdnext":{},"minecraft:geometry":"geometry.globe_display_1","minecraft:material_instances":{"*":{"texture":"metal_white_md","render_method":"opaque"},"1":{"texture":"globe_display_1_mdnext","render_method":"opaque"}},"minecraft:collision_box":{"origin":[-7,0,-6.5],"size":[14,16,13]},"minecraft:selection_box":{"origin":[-7,0,-6.5],"size":[14,16,13]},"minecraft:light_dampening":0,"minecraft:light_emission":0}}}