{"format_version":"1.21.20","minecraft:block":{"description":{"identifier":"mdnext:iron_stage_slim_brown_mdnext","menu_category":{"category":"items","group":"itemGroup.name.construction"},"traits":{"minecraft:placement_direction":{"enabled_states":["minecraft:cardinal_direction"]}}},"permutations":[{"condition":"q.block_state('minecraft:cardinal_direction') == 'north'","components":{"minecraft:transformation":{"rotation":[0,180,0]}}},{"condition":"q.block_state('minecraft:cardinal_direction') == 'south'","components":{"minecraft:transformation":{"rotation":[0,0,0]}}},{"condition":"q.block_state('minecraft:cardinal_direction') == 'east'","components":{"minecraft:transformation":{"rotation":[0,90,0]}}},{"condition":"q.block_state('minecraft:cardinal_direction') == 'west'","components":{"minecraft:transformation":{"rotation":[0,-90,0]}}}],"components":{"tag:iron_stage_slim_brown_mdnext":{},"minecraft:geometry":"geometry.iron_stage_slim_mdnext","minecraft:material_instances":{"*":{"texture":"wood_brown_md","render_method":"opaque"}},"minecraft:collision_box":{"origin":[-5,0,-5],"size":[10,16,10]},"minecraft:selection_box":{"origin":[-5,0,-5],"size":[10,16,10]},"minecraft:light_dampening":0,"minecraft:light_emission":0}}}