{"format_version":"1.21.20","minecraft:block":{"description":{"identifier":"mdnext:lamp_ceiling_3_brown_mdnext","menu_category":{"category":"items","group":"itemGroup.name.lamp"},"traits":{"minecraft:placement_direction":{"enabled_states":["minecraft:cardinal_direction"]}},"states":{"md:half_direction":[false,true]}},"permutations":[{"condition":"q.block_state('minecraft:cardinal_direction') == 'north'","components":{"minecraft:transformation":{"rotation":[0,180,0]}}},{"condition":"q.block_state('minecraft:cardinal_direction') == 'east'","components":{"minecraft:transformation":{"rotation":[0,90,0]}}},{"condition":"q.block_state('minecraft:cardinal_direction') == 'west'","components":{"minecraft:transformation":{"rotation":[0,-90,0]}}}],"components":{"tag:lamp_ceiling_3_brown_mdnext":{},"minecraft:geometry":{"identifier":"geometry.lamp_ceiling_3_mdnext","bone_visibility":{"main":"!q.block_state('md:half_direction')","main2":"q.block_state('md:half_direction')"}},"minecraft:material_instances":{"*":{"texture":"wood_brown_md","render_method":"opaque"},"1":{"texture":"concrete_white_md","render_method":"opaque","ambient_occlusion":false,"face_dimming":false}},"minecraft:collision_box":{"origin":[-8,0,-4],"size":[16,16,8]},"minecraft:selection_box":{"origin":[-8,0,-4],"size":[16,16,8]},"minecraft:light_dampening":0,"minecraft:light_emission":15,"minecraft:custom_components":["md:half_direction"]}}}