{"format_version":"1.21.20","minecraft:block":{"description":{"identifier":"mdnext:lamp_ceiling_5_dark_mdnext","menu_category":{"category":"items","group":"itemGroup.name.lamp"},"traits":{"minecraft:placement_direction":{"enabled_states":["minecraft:cardinal_direction"]}}},"permutations":[{"condition":"q.block_state('minecraft:cardinal_direction') == 'north'","components":{"minecraft:transformation":{"rotation":[0,180,0]}}},{"condition":"q.block_state('minecraft:cardinal_direction') == 'south'","components":{"minecraft:transformation":{"rotation":[0,0,0]}}},{"condition":"q.block_state('minecraft:cardinal_direction') == 'east'","components":{"minecraft:transformation":{"rotation":[0,90,0]}}},{"condition":"q.block_state('minecraft:cardinal_direction') == 'west'","components":{"minecraft:transformation":{"rotation":[0,-90,0]}}}],"components":{"tag:lamp_ceiling_5_dark_mdnext":{},"minecraft:geometry":"geometry.lamp_ceiling_5_mdnext","minecraft:material_instances":{"*":{"texture":"metal_dark_md","render_method":"opaque"},"1":{"texture":"concrete_white_md","render_method":"opaque","ambient_occlusion":false,"face_dimming":false}},"minecraft:collision_box":{"origin":[-8,12,-8],"size":[16,4,16]},"minecraft:selection_box":{"origin":[-8,12,-8],"size":[16,4,16]},"minecraft:light_dampening":0,"minecraft:light_emission":15}}}