{"format_version":"1.21.20","minecraft:block":{"description":{"identifier":"mdnext:laptop_g1_dark_mdnext","menu_category":{"category":"items","group":"itemGroup.name.laptop"},"traits":{"minecraft:placement_direction":{"enabled_states":["minecraft:cardinal_direction"]}},"states":{"md:on":[false,true],"md:half_direction":[false,true]}},"permutations":[{"condition":"q.block_state('minecraft:cardinal_direction') == 'north'","components":{"minecraft:transformation":{"rotation":[0,180,0]}}},{"condition":"q.block_state('minecraft:cardinal_direction') == 'east'","components":{"minecraft:transformation":{"rotation":[0,90,0]}}},{"condition":"q.block_state('minecraft:cardinal_direction') == 'west'","components":{"minecraft:transformation":{"rotation":[0,-90,0]}}},{"condition":"!q.block_state('md:on')","components":{"minecraft:geometry":{"identifier":"geometry.laptop_g1_mdnext","bone_visibility":{"1":false,"2":true,"main":true}},"minecraft:collision_box":{"origin":[-8,0,-8],"size":[16,1,16]},"minecraft:selection_box":{"origin":[-8,0,-8],"size":[16,1,16]}}},{"condition":"q.block_state('md:on')","components":{"minecraft:geometry":{"identifier":"geometry.laptop_g1_mdnext","bone_visibility":{"1":true,"2":false,"main":true}},"minecraft:collision_box":{"origin":[-8,0,4.5],"size":[16,13,3]},"minecraft:selection_box":{"origin":[-8,0,-8],"size":[16,14,16]}}},{"condition":"q.block_state('md:half_direction')","components":{"minecraft:geometry":{"identifier":"geometry.laptop_g1_mdnext.half","bone_visibility":{"1":"q.block_state('md:on')","2":"!q.block_state('md:on')","main":true}}}}],"components":{"tag:laptop_g1_dark_mdnext":{},"minecraft:geometry":"geometry.laptop_g1_mdnext","minecraft:material_instances":{"*":{"texture":"laptop_g1_dark_mdnext","render_method":"opaque"}},"minecraft:light_dampening":0,"minecraft:light_emission":4,"minecraft:custom_components":["md:half_direction","md:interactive_0"]}}}