{"format_version":"1.21.20","minecraft:block":{"description":{"identifier":"mdnext:laptop_p1_silver_mdnext","menu_category":{"category":"items","group":"itemGroup.name.laptop"},"traits":{"minecraft:placement_direction":{"enabled_states":["minecraft:cardinal_direction"]}},"states":{"md:half_direction":[false,true]}},"permutations":[{"condition":"q.block_state('minecraft:cardinal_direction') == 'north'","components":{"minecraft:transformation":{"rotation":[0,180,0]}}},{"condition":"q.block_state('minecraft:cardinal_direction') == 'east'","components":{"minecraft:transformation":{"rotation":[0,90,0]}}},{"condition":"q.block_state('minecraft:cardinal_direction') == 'west'","components":{"minecraft:transformation":{"rotation":[0,-90,0]}}}],"components":{"tag:laptop_p1_silver_mdnext":{},"minecraft:geometry":{"identifier":"geometry.laptop_p1_mdnext","bone_visibility":{"main":"!q.block_state('md:half_direction')","main2":"q.block_state('md:half_direction')"}},"minecraft:material_instances":{"*":{"texture":"laptop_g1_white_mdnext","render_method":"opaque"}},"minecraft:collision_box":{"origin":[-7,0,-5],"size":[14,12,10]},"minecraft:selection_box":{"origin":[-7,0,-5],"size":[14,12,10]},"minecraft:light_dampening":0,"minecraft:light_emission":4,"minecraft:custom_components":["md:half_direction"]}}}