{"format_version":"1.21.20","minecraft:block":{"description":{"identifier":"mdnext:mannequin_male_1_yellow_mdnext","menu_category":{"category":"items","group":"itemGroup.name.fashion"},"traits":{"minecraft:placement_direction":{"enabled_states":["minecraft:cardinal_direction"]}}},"permutations":[{"condition":"q.block_state('minecraft:cardinal_direction') == 'north'","components":{"minecraft:transformation":{"rotation":[0,180,0]}}},{"condition":"q.block_state('minecraft:cardinal_direction') == 'south'","components":{"minecraft:transformation":{"rotation":[0,0,0]}}},{"condition":"q.block_state('minecraft:cardinal_direction') == 'east'","components":{"minecraft:transformation":{"rotation":[0,90,0]}}},{"condition":"q.block_state('minecraft:cardinal_direction') == 'west'","components":{"minecraft:transformation":{"rotation":[0,-90,0]}}}],"components":{"tag:mannequin_male_1_yellow_mdnext":{},"minecraft:geometry":"geometry.mannequin_male_1_mdnext","minecraft:material_instances":{"1":{"texture":"clothes","render_method":"opaque"},"*":{"texture":"wood_brown_md","render_method":"opaque"}},"minecraft:collision_box":{"origin":[-4,0,-4],"size":[8,16,8]},"minecraft:selection_box":{"origin":[-4,0,-4],"size":[8,16,8]},"minecraft:light_dampening":0,"minecraft:light_emission":0}}}