{"format_version":"1.21.20","minecraft:block":{"description":{"identifier":"mdnext:menu_ground_mdnext","menu_category":{"category":"items","group":"itemGroup.name.display"},"traits":{"minecraft:placement_direction":{"enabled_states":["minecraft:cardinal_direction"]}}},"permutations":[{"condition":"q.block_state('minecraft:cardinal_direction') == 'north'","components":{"minecraft:transformation":{"rotation":[0,180,0]}}},{"condition":"q.block_state('minecraft:cardinal_direction') == 'south'","components":{"minecraft:transformation":{"rotation":[0,0,0]}}},{"condition":"q.block_state('minecraft:cardinal_direction') == 'east'","components":{"minecraft:transformation":{"rotation":[0,90,0]}}},{"condition":"q.block_state('minecraft:cardinal_direction') == 'west'","components":{"minecraft:transformation":{"rotation":[0,-90,0]}}}],"components":{"tag:menu_ground_mdnext":{},"minecraft:geometry":"geometry.menu_ground_mdnext","minecraft:material_instances":{"*":{"texture":"menu_ground_mdnext","render_method":"opaque"}},"minecraft:collision_box":{"origin":[-3,0,-2],"size":[6,8,4]},"minecraft:selection_box":{"origin":[-3,0,-2],"size":[6,8,4]},"minecraft:light_dampening":0,"minecraft:light_emission":0}}}