{"format_version":"1.21.20","minecraft:block":{"description":{"identifier":"mdnext:mini_speaker_1_white_mdnext","menu_category":{"category":"items","group":"itemGroup.name.pc"},"traits":{"minecraft:placement_direction":{"enabled_states":["minecraft:cardinal_direction"]}},"states":{"md:half_direction":[false,true]}},"permutations":[{"condition":"q.block_state('minecraft:cardinal_direction') == 'north'","components":{"minecraft:transformation":{"rotation":[0,180,0]}}},{"condition":"q.block_state('minecraft:cardinal_direction') == 'south'","components":{"minecraft:transformation":{"rotation":[0,0,0]}}},{"condition":"q.block_state('minecraft:cardinal_direction') == 'east'","components":{"minecraft:transformation":{"rotation":[0,90,0]}}},{"condition":"q.block_state('minecraft:cardinal_direction') == 'west'","components":{"minecraft:transformation":{"rotation":[0,-90,0]}}}],"components":{"tag:mini_speaker_1_white_mdnext":{},"minecraft:geometry":{"identifier":"geometry.mini_speaker_1_mdnext","bone_visibility":{"main":"!q.block_state('md:half_direction')","main2":"q.block_state('md:half_direction')"}},"minecraft:material_instances":{"*":{"texture":"mini_speaker_1_white","render_method":"opaque"}},"minecraft:collision_box":{"origin":[-6,0,-5.5],"size":[12,8,11]},"minecraft:selection_box":{"origin":[-6,0,-5.5],"size":[12,8,11]},"minecraft:light_dampening":0,"minecraft:light_emission":0,"minecraft:custom_components":["md:half_direction"]}}}