{"format_version":"1.21.20","minecraft:block":{"description":{"identifier":"mdnext:modern_office_table_3_white_mdnext","menu_category":{"category":"items","group":"itemGroup.name.table"},"traits":{"minecraft:placement_direction":{"enabled_states":["minecraft:cardinal_direction"]}},"states":{"md:north_neighbor":[0,1],"md:east_neighbor":[0,1],"md:south_neighbor":[0,1],"md:west_neighbor":[0,1]}},"permutations":[{"condition":"q.block_state('minecraft:cardinal_direction') == 'north'","components":{"minecraft:transformation":{"rotation":[0,180,0]}}},{"condition":"q.block_state('minecraft:cardinal_direction') == 'south'","components":{"minecraft:transformation":{"rotation":[0,0,0]}}},{"condition":"q.block_state('minecraft:cardinal_direction') == 'east'","components":{"minecraft:transformation":{"rotation":[0,90,0]}}},{"condition":"q.block_state('minecraft:cardinal_direction') == 'west'","components":{"minecraft:transformation":{"rotation":[0,-90,0]}}},{"condition":"(query.block_state('minecraft:cardinal_direction') == 'north' && query.block_state('md:east_neighbor') && !query.block_state('md:west_neighbor')) || (query.block_state('minecraft:cardinal_direction') == 'south' && query.block_state('md:west_neighbor') && !query.block_state('md:east_neighbor')) || (query.block_state('minecraft:cardinal_direction') == 'west' && query.block_state('md:north_neighbor') && !query.block_state('md:south_neighbor')) || (query.block_state('minecraft:cardinal_direction') == 'east' && query.block_state('md:south_neighbor') && !query.block_state('md:north_neighbor'))","components":{"minecraft:geometry":{"identifier":"geometry.modern_office_table_3_mdnext","bone_visibility":{"left":true,"middle":true,"right":false}}}},{"condition":"(query.block_state('minecraft:cardinal_direction') == 'north' || query.block_state('minecraft:cardinal_direction') == 'south') && (query.block_state('md:east_neighbor') && query.block_state('md:west_neighbor')) || (query.block_state('minecraft:cardinal_direction') == 'west' || query.block_state('minecraft:cardinal_direction') == 'east') && (query.block_state('md:north_neighbor') && query.block_state('md:south_neighbor'))","components":{"minecraft:geometry":{"identifier":"geometry.modern_office_table_3_mdnext","bone_visibility":{"left":false,"middle":true,"right":false}}}},{"condition":"(query.block_state('minecraft:cardinal_direction') == 'north' && query.block_state('md:west_neighbor') && !query.block_state('md:east_neighbor')) || (query.block_state('minecraft:cardinal_direction') == 'south' && query.block_state('md:east_neighbor') && !query.block_state('md:west_neighbor')) || (query.block_state('minecraft:cardinal_direction') == 'west' && query.block_state('md:south_neighbor') && !query.block_state('md:north_neighbor')) || (query.block_state('minecraft:cardinal_direction') == 'east' && query.block_state('md:north_neighbor') && !query.block_state('md:south_neighbor'))","components":{"minecraft:geometry":{"identifier":"geometry.modern_office_table_3_mdnext","bone_visibility":{"left":false,"middle":true,"right":true}}}}],"components":{"tag:modern_office_table_3_white_mdnext":{},"minecraft:geometry":{"identifier":"geometry.modern_office_table_3_mdnext","bone_visibility":{"left":true,"middle":true,"right":true}},"minecraft:material_instances":{"1":{"texture":"wood_white_md","render_method":"opaque"},"*":{"texture":"concrete_white_md","render_method":"opaque"}},"minecraft:collision_box":{"origin":[-8,0,-8],"size":[16,16,16]},"minecraft:selection_box":{"origin":[-8,0,-8],"size":[16,16,16]},"minecraft:light_dampening":0,"minecraft:light_emission":0,"minecraft:custom_components":["md:horizontal_full_connected","md:horizontal_full_destroy"]}}}