{"format_version":"1.21.20","minecraft:block":{"description":{"identifier":"mdnext:modern_fence_1_gray_mdnext","menu_category":{"category":"items","group":"itemGroup.name.fence"},"traits":{"minecraft:placement_direction":{"enabled_states":["minecraft:cardinal_direction"]}}},"permutations":[{"condition":"q.block_state('minecraft:cardinal_direction') == 'north'","components":{"minecraft:transformation":{"rotation":[0,180,0]}}},{"condition":"q.block_state('minecraft:cardinal_direction') == 'south'","components":{"minecraft:transformation":{"rotation":[0,0,0]}}},{"condition":"q.block_state('minecraft:cardinal_direction') == 'east'","components":{"minecraft:transformation":{"rotation":[0,90,0]}}},{"condition":"q.block_state('minecraft:cardinal_direction') == 'west'","components":{"minecraft:transformation":{"rotation":[0,-90,0]}}}],"components":{"tag:modern_fence_1_gray_mdnext":{},"minecraft:geometry":"geometry.modern_fence_1_mdnext","minecraft:material_instances":{"*":{"texture":"metal_gray_md","render_method":"opaque"}},"minecraft:collision_box":{"origin":[-8,0,-2.5],"size":[16,16,5]},"minecraft:selection_box":{"origin":[-8,0,-2.5],"size":[16,16,5]},"minecraft:light_dampening":0,"minecraft:light_emission":0}}}