{"format_version":"1.21.20","minecraft:block":{"description":{"identifier":"mdnext:nightstand_2_brown_mdnext","menu_category":{"category":"items","group":"itemGroup.name.table"},"traits":{"minecraft:placement_direction":{"enabled_states":["minecraft:cardinal_direction"]}}},"permutations":[{"condition":"q.block_state('minecraft:cardinal_direction') == 'north'","components":{"minecraft:transformation":{"rotation":[0,180,0]}}},{"condition":"q.block_state('minecraft:cardinal_direction') == 'south'","components":{"minecraft:transformation":{"rotation":[0,0,0]}}},{"condition":"q.block_state('minecraft:cardinal_direction') == 'east'","components":{"minecraft:transformation":{"rotation":[0,90,0]}}},{"condition":"q.block_state('minecraft:cardinal_direction') == 'west'","components":{"minecraft:transformation":{"rotation":[0,-90,0]}}}],"components":{"tag:nightstand_2_brown_mdnext":{},"minecraft:geometry":"geometry.nightstand_2_mdnext","minecraft:material_instances":{"*":{"texture":"metal_dark_md","render_method":"opaque"},"1":{"texture":"wood_brown_md","render_method":"opaque"},"2":{"texture":"metal_white_md","render_method":"opaque"}},"minecraft:collision_box":{"origin":[-6,0,-6],"size":[12,16,12]},"minecraft:selection_box":{"origin":[-6,0,-6],"size":[12,16,12]},"minecraft:light_dampening":0,"minecraft:light_emission":0}}}