{"format_version":"1.21.20","minecraft:block":{"description":{"identifier":"mdnext:nightstand_1_white_mdnext","menu_category":{"category":"items","group":"itemGroup.name.table"},"traits":{"minecraft:placement_direction":{"enabled_states":["minecraft:cardinal_direction"]}}},"permutations":[{"condition":"q.block_state('minecraft:cardinal_direction') == 'north'","components":{"minecraft:transformation":{"rotation":[0,180,0]}}},{"condition":"q.block_state('minecraft:cardinal_direction') == 'south'","components":{"minecraft:transformation":{"rotation":[0,0,0]}}},{"condition":"q.block_state('minecraft:cardinal_direction') == 'east'","components":{"minecraft:transformation":{"rotation":[0,90,0]}}},{"condition":"q.block_state('minecraft:cardinal_direction') == 'west'","components":{"minecraft:transformation":{"rotation":[0,-90,0]}}}],"components":{"tag:nightstand_1_white_mdnext":{},"minecraft:geometry":"geometry.nightstand_1_mdnext","minecraft:material_instances":{"*":{"texture":"wood_white_md","render_method":"opaque"},"1":{"texture":"metal_white_md","render_method":"opaque"},"2":{"texture":"concrete_black_md","render_method":"opaque"},"3":{"texture":"metal_dark_rusted_md","render_method":"opaque"}},"minecraft:collision_box":{"origin":[-8,0,-8],"size":[16,16,16]},"minecraft:selection_box":{"origin":[-8,0,-8],"size":[16,16,16]},"minecraft:light_dampening":0,"minecraft:light_emission":0}}}