{"format_version":"1.21.20","minecraft:block":{"description":{"identifier":"mdnext:ottoman_sofa_1_blue_mdnext","menu_category":{"category":"items","group":"itemGroup.name.sofa"},"traits":{"minecraft:placement_direction":{"enabled_states":["minecraft:cardinal_direction"]}},"states":{"md:north_neighbor":[0,1],"md:east_neighbor":[0,1],"md:south_neighbor":[0,1],"md:west_neighbor":[0,1]}},"permutations":[{"condition":"q.block_state('minecraft:cardinal_direction') == 'north'","components":{"minecraft:transformation":{"rotation":[0,180,0]}}},{"condition":"q.block_state('minecraft:cardinal_direction') == 'south'","components":{"minecraft:transformation":{"rotation":[0,0,0]}}},{"condition":"q.block_state('minecraft:cardinal_direction') == 'east'","components":{"minecraft:transformation":{"rotation":[0,90,0]}}},{"condition":"q.block_state('minecraft:cardinal_direction') == 'west'","components":{"minecraft:transformation":{"rotation":[0,-90,0]}}},{"condition":"((q.block_state('minecraft:cardinal_direction') == 'north' || q.block_state('minecraft:cardinal_direction') == 'south') && (!q.block_state('md:east_neighbor') && !q.block_state('md:west_neighbor'))) || ((q.block_state('minecraft:cardinal_direction') == 'west' || q.block_state('minecraft:cardinal_direction') == 'east') && (!q.block_state('md:north_neighbor') && !q.block_state('md:south_neighbor')))","components":{"minecraft:geometry":{"identifier":"geometry.ottoman_sofa_1_mdnext","bone_visibility":{"top_left":true,"top_right":true,"bottom_left":true,"bottom_right":true}}}},{"condition":"(q.block_state('minecraft:cardinal_direction') == 'north' && q.block_state('md:east_neighbor') && !q.block_state('md:west_neighbor')) || (q.block_state('minecraft:cardinal_direction') == 'south' && q.block_state('md:west_neighbor') && !q.block_state('md:east_neighbor')) || (q.block_state('minecraft:cardinal_direction') == 'west' && q.block_state('md:north_neighbor') && !q.block_state('md:south_neighbor')) || (q.block_state('minecraft:cardinal_direction') == 'east' && q.block_state('md:south_neighbor') && !q.block_state('md:north_neighbor'))","components":{"minecraft:geometry":{"identifier":"geometry.ottoman_sofa_1_mdnext","bone_visibility":{"top_left":true,"top_right":false,"bottom_left":true,"bottom_right":false}}}},{"condition":"(q.block_state('minecraft:cardinal_direction') == 'north' || q.block_state('minecraft:cardinal_direction') == 'south') && (q.block_state('md:east_neighbor') && q.block_state('md:west_neighbor')) || (q.block_state('minecraft:cardinal_direction') == 'west' || q.block_state('minecraft:cardinal_direction') == 'east') && (q.block_state('md:north_neighbor') && q.block_state('md:south_neighbor'))","components":{"minecraft:geometry":{"identifier":"geometry.ottoman_sofa_1_mdnext","bone_visibility":{"top_left":false,"top_right":false,"bottom_left":false,"bottom_right":false}}}},{"condition":"(q.block_state('minecraft:cardinal_direction') == 'north' && q.block_state('md:west_neighbor') && !q.block_state('md:east_neighbor')) || (q.block_state('minecraft:cardinal_direction') == 'south' && q.block_state('md:east_neighbor') && !q.block_state('md:west_neighbor')) || (q.block_state('minecraft:cardinal_direction') == 'west' && q.block_state('md:south_neighbor') && !q.block_state('md:north_neighbor')) || (q.block_state('minecraft:cardinal_direction') == 'east' && q.block_state('md:north_neighbor') && !q.block_state('md:south_neighbor'))","components":{"minecraft:geometry":{"identifier":"geometry.ottoman_sofa_1_mdnext","bone_visibility":{"top_left":false,"top_right":true,"bottom_left":false,"bottom_right":true}}}},{"condition":"(q.block_state('minecraft:cardinal_direction') == 'north' && !q.block_state('md:north_neighbor') && q.block_state('md:south_neighbor')) || (q.block_state('minecraft:cardinal_direction') == 'south' && !q.block_state('md:south_neighbor') && q.block_state('md:north_neighbor')) || (q.block_state('minecraft:cardinal_direction') == 'west' && !q.block_state('md:west_neighbor') && q.block_state('md:east_neighbor')) || (q.block_state('minecraft:cardinal_direction') == 'east' && !q.block_state('md:east_neighbor') && q.block_state('md:west_neighbor'))","components":{"minecraft:geometry":{"identifier":"geometry.ottoman_sofa_1_mdnext","bone_visibility":{"top_left":true,"top_right":true,"bottom_left":false,"bottom_right":false}}}},{"condition":"(q.block_state('minecraft:cardinal_direction') == 'north' && q.block_state('md:north_neighbor') && q.block_state('md:south_neighbor')) || (q.block_state('minecraft:cardinal_direction') == 'south' && q.block_state('md:south_neighbor') && q.block_state('md:north_neighbor')) || (q.block_state('minecraft:cardinal_direction') == 'west' && q.block_state('md:west_neighbor') && q.block_state('md:east_neighbor')) || (q.block_state('minecraft:cardinal_direction') == 'east' && q.block_state('md:east_neighbor') && q.block_state('md:west_neighbor'))","components":{"minecraft:geometry":{"identifier":"geometry.ottoman_sofa_1_mdnext","bone_visibility":{"top_left":false,"top_right":false,"bottom_left":false,"bottom_right":false}}}},{"condition":"(q.block_state('minecraft:cardinal_direction') == 'north' && q.block_state('md:north_neighbor') && !q.block_state('md:south_neighbor')) || (q.block_state('minecraft:cardinal_direction') == 'south' && q.block_state('md:south_neighbor') && !q.block_state('md:north_neighbor')) || (q.block_state('minecraft:cardinal_direction') == 'west' && q.block_state('md:west_neighbor') && !q.block_state('md:east_neighbor')) || (q.block_state('minecraft:cardinal_direction') == 'east' && q.block_state('md:east_neighbor') && !q.block_state('md:west_neighbor'))","components":{"minecraft:geometry":{"identifier":"geometry.ottoman_sofa_1_mdnext","bone_visibility":{"top_left":false,"top_right":false,"bottom_left":true,"bottom_right":true}}}},{"condition":"(q.block_state('minecraft:cardinal_direction') == 'north' && q.block_state('md:north_neighbor') && q.block_state('md:east_neighbor')) || (q.block_state('minecraft:cardinal_direction') == 'south' && q.block_state('md:south_neighbor') && q.block_state('md:west_neighbor')) || (q.block_state('minecraft:cardinal_direction') == 'west' && q.block_state('md:west_neighbor') && q.block_state('md:north_neighbor')) || (q.block_state('minecraft:cardinal_direction') == 'east' && q.block_state('md:east_neighbor') && q.block_state('md:south_neighbor'))","components":{"minecraft:geometry":{"identifier":"geometry.ottoman_sofa_1_mdnext","bone_visibility":{"top_left":false,"top_right":false,"bottom_left":true,"bottom_right":false}}}},{"condition":"(q.block_state('minecraft:cardinal_direction') == 'north' && q.block_state('md:north_neighbor') && q.block_state('md:east_neighbor') && q.block_state('md:west_neighbor')) || (q.block_state('minecraft:cardinal_direction') == 'south' && q.block_state('md:south_neighbor') && q.block_state('md:west_neighbor') && q.block_state('md:east_neighbor')) || (q.block_state('minecraft:cardinal_direction') == 'west' && q.block_state('md:west_neighbor') && q.block_state('md:north_neighbor') && q.block_state('md:south_neighbor')) || (q.block_state('minecraft:cardinal_direction') == 'east' && q.block_state('md:east_neighbor') && q.block_state('md:south_neighbor') && q.block_state('md:north_neighbor'))","components":{"minecraft:geometry":{"identifier":"geometry.ottoman_sofa_1_mdnext","bone_visibility":{"top_left":false,"top_right":false,"bottom_left":false,"bottom_right":false}}}},{"condition":"(q.block_state('minecraft:cardinal_direction') == 'north' && q.block_state('md:north_neighbor') && !q.block_state('md:east_neighbor') && q.block_state('md:west_neighbor')) || (q.block_state('minecraft:cardinal_direction') == 'south' && q.block_state('md:south_neighbor') && !q.block_state('md:west_neighbor') && q.block_state('md:east_neighbor')) || (q.block_state('minecraft:cardinal_direction') == 'west' && q.block_state('md:west_neighbor') && !q.block_state('md:north_neighbor') && q.block_state('md:south_neighbor')) || (q.block_state('minecraft:cardinal_direction') == 'east' && q.block_state('md:east_neighbor') && !q.block_state('md:south_neighbor') && q.block_state('md:north_neighbor'))","components":{"minecraft:geometry":{"identifier":"geometry.ottoman_sofa_1_mdnext","bone_visibility":{"top_left":false,"top_right":false,"bottom_left":false,"bottom_right":true}}}},{"condition":"(q.block_state('minecraft:cardinal_direction') == 'north' && q.block_state('md:north_neighbor') && q.block_state('md:east_neighbor') && q.block_state('md:south_neighbor') && !q.block_state('md:west_neighbor')) || (q.block_state('minecraft:cardinal_direction') == 'south' && q.block_state('md:south_neighbor') && q.block_state('md:west_neighbor') && q.block_state('md:north_neighbor') && !q.block_state('md:east_neighbor')) || (q.block_state('minecraft:cardinal_direction') == 'west' && q.block_state('md:west_neighbor') && q.block_state('md:north_neighbor') && q.block_state('md:east_neighbor') && !q.block_state('md:south_neighbor')) || (q.block_state('minecraft:cardinal_direction') == 'east' && q.block_state('md:east_neighbor') && q.block_state('md:south_neighbor') && q.block_state('md:west_neighbor') && !q.block_state('md:north_neighbor'))","components":{"minecraft:geometry":{"identifier":"geometry.ottoman_sofa_1_mdnext","bone_visibility":{"top_left":false,"top_right":false,"bottom_left":false,"bottom_right":false}}}},{"condition":"(q.block_state('minecraft:cardinal_direction') == 'north' && q.block_state('md:north_neighbor') && q.block_state('md:east_neighbor') && q.block_state('md:south_neighbor') && q.block_state('md:west_neighbor')) || (q.block_state('minecraft:cardinal_direction') == 'south' && q.block_state('md:south_neighbor') && q.block_state('md:west_neighbor') && q.block_state('md:north_neighbor') && q.block_state('md:east_neighbor')) || (q.block_state('minecraft:cardinal_direction') == 'west' && q.block_state('md:west_neighbor') && q.block_state('md:north_neighbor') && q.block_state('md:east_neighbor') && q.block_state('md:south_neighbor')) || (q.block_state('minecraft:cardinal_direction') == 'east' && q.block_state('md:east_neighbor') && q.block_state('md:south_neighbor') && q.block_state('md:west_neighbor') && q.block_state('md:north_neighbor'))","components":{"minecraft:geometry":{"identifier":"geometry.ottoman_sofa_1_mdnext","bone_visibility":{"top_left":false,"top_right":false,"bottom_left":false,"bottom_right":false}}}},{"condition":"(q.block_state('minecraft:cardinal_direction') == 'north' && q.block_state('md:north_neighbor') && !q.block_state('md:east_neighbor') && q.block_state('md:south_neighbor') && q.block_state('md:west_neighbor')) || (q.block_state('minecraft:cardinal_direction') == 'south' && q.block_state('md:south_neighbor') && !q.block_state('md:west_neighbor') && q.block_state('md:north_neighbor') && q.block_state('md:east_neighbor')) || (q.block_state('minecraft:cardinal_direction') == 'west' && q.block_state('md:west_neighbor') && !q.block_state('md:north_neighbor') && q.block_state('md:east_neighbor') && q.block_state('md:south_neighbor')) || (q.block_state('minecraft:cardinal_direction') == 'east' && q.block_state('md:east_neighbor') && !q.block_state('md:south_neighbor') && q.block_state('md:west_neighbor') && q.block_state('md:north_neighbor'))","components":{"minecraft:geometry":{"identifier":"geometry.ottoman_sofa_1_mdnext","bone_visibility":{"top_left":false,"top_right":false,"bottom_left":false,"bottom_right":false}}}},{"condition":"(q.block_state('minecraft:cardinal_direction') == 'north' && !q.block_state('md:north_neighbor') && q.block_state('md:east_neighbor') && q.block_state('md:south_neighbor') && !q.block_state('md:west_neighbor')) || (q.block_state('minecraft:cardinal_direction') == 'south' && !q.block_state('md:south_neighbor') && q.block_state('md:west_neighbor') && q.block_state('md:north_neighbor') && !q.block_state('md:east_neighbor')) || (q.block_state('minecraft:cardinal_direction') == 'west' && !q.block_state('md:west_neighbor') && q.block_state('md:north_neighbor') && q.block_state('md:east_neighbor') && !q.block_state('md:south_neighbor')) || (q.block_state('minecraft:cardinal_direction') == 'east' && !q.block_state('md:east_neighbor') && q.block_state('md:south_neighbor') && q.block_state('md:west_neighbor') && !q.block_state('md:north_neighbor'))","components":{"minecraft:geometry":{"identifier":"geometry.ottoman_sofa_1_mdnext","bone_visibility":{"top_left":true,"top_right":false,"bottom_left":false,"bottom_right":false}}}},{"condition":"(q.block_state('minecraft:cardinal_direction') == 'north' && !q.block_state('md:north_neighbor') && q.block_state('md:east_neighbor') && q.block_state('md:south_neighbor') && q.block_state('md:west_neighbor')) || (q.block_state('minecraft:cardinal_direction') == 'south' && !q.block_state('md:south_neighbor') && q.block_state('md:west_neighbor') && q.block_state('md:north_neighbor') && q.block_state('md:east_neighbor')) || (q.block_state('minecraft:cardinal_direction') == 'west' && !q.block_state('md:west_neighbor') && q.block_state('md:north_neighbor') && q.block_state('md:east_neighbor') && q.block_state('md:south_neighbor')) || (q.block_state('minecraft:cardinal_direction') == 'east' && !q.block_state('md:east_neighbor') && q.block_state('md:south_neighbor') && q.block_state('md:west_neighbor') && q.block_state('md:north_neighbor'))","components":{"minecraft:geometry":{"identifier":"geometry.ottoman_sofa_1_mdnext","bone_visibility":{"top_left":false,"top_right":false,"bottom_left":false,"bottom_right":false}}}},{"condition":"(q.block_state('minecraft:cardinal_direction') == 'north' && !q.block_state('md:north_neighbor') && !q.block_state('md:east_neighbor') && q.block_state('md:south_neighbor') && q.block_state('md:west_neighbor')) || (q.block_state('minecraft:cardinal_direction') == 'south' && !q.block_state('md:south_neighbor') && !q.block_state('md:west_neighbor') && q.block_state('md:north_neighbor') && q.block_state('md:east_neighbor')) || (q.block_state('minecraft:cardinal_direction') == 'west' && !q.block_state('md:west_neighbor') && !q.block_state('md:north_neighbor') && q.block_state('md:east_neighbor') && q.block_state('md:south_neighbor')) || (q.block_state('minecraft:cardinal_direction') == 'east' && !q.block_state('md:east_neighbor') && !q.block_state('md:south_neighbor') && q.block_state('md:west_neighbor') && q.block_state('md:north_neighbor'))","components":{"minecraft:geometry":{"identifier":"geometry.ottoman_sofa_1_mdnext","bone_visibility":{"top_left":false,"top_right":true,"bottom_left":false,"bottom_right":false}}}}],"components":{"tag:ottoman_sofa_1_blue_mdnext":{},"minecraft:geometry":"geometry.ottoman_sofa_1_mdnext","minecraft:material_instances":{"*":{"texture":"wood_black_md","render_method":"opaque"},"1":{"texture":"ottoman_sofa_1_blue","render_method":"opaque"}},"minecraft:collision_box":{"origin":[-8,0,-8],"size":[16,13,16]},"minecraft:selection_box":{"origin":[-8,0,-8],"size":[16,13,16]},"minecraft:light_dampening":0,"minecraft:light_emission":0,"minecraft:custom_components":["md:horizontal_full_connected","md:horizontal_full_destroy","md:sit"]}}}