{"format_version":"1.21.20","minecraft:block":{"description":{"identifier":"mdnext:outdoor_grill_mdnext","menu_category":{"category":"items","group":"itemGroup.name.kitchen"},"traits":{"minecraft:placement_direction":{"enabled_states":["minecraft:cardinal_direction"]}}},"permutations":[{"condition":"q.block_state('minecraft:cardinal_direction') == 'north'","components":{"minecraft:transformation":{"rotation":[0,180,0]}}},{"condition":"q.block_state('minecraft:cardinal_direction') == 'south'","components":{"minecraft:transformation":{"rotation":[0,0,0]}}},{"condition":"q.block_state('minecraft:cardinal_direction') == 'east'","components":{"minecraft:transformation":{"rotation":[0,90,0]}}},{"condition":"q.block_state('minecraft:cardinal_direction') == 'west'","components":{"minecraft:transformation":{"rotation":[0,-90,0]}}}],"components":{"tag:outdoor_grill_mdnext":{},"minecraft:geometry":"geometry.outdor_grill_mdnext","minecraft:material_instances":{"1":{"texture":"concrete_red_md","render_method":"opaque"},"2":{"texture":"wood_brown_md","render_method":"opaque"},"*":{"texture":"metal_dark_rusted_md","render_method":"opaque"}},"minecraft:collision_box":{"origin":[-8,0,-8],"size":[16,16,16]},"minecraft:selection_box":{"origin":[-8,0,-8],"size":[16,16,16]},"minecraft:light_dampening":0,"minecraft:light_emission":0}}}