{"format_version":"1.21.20","minecraft:block":{"description":{"identifier":"mdnext:pc_setup_3_blue_mdnext","menu_category":{"category":"items","group":"itemGroup.name.display"},"traits":{"minecraft:placement_direction":{"enabled_states":["minecraft:cardinal_direction"]}},"states":{"md:on":[false,true]}},"permutations":[{"condition":"q.block_state('minecraft:cardinal_direction') == 'north'","components":{"minecraft:transformation":{"rotation":[0,180,0]}}},{"condition":"q.block_state('minecraft:cardinal_direction') == 'south'","components":{"minecraft:transformation":{"rotation":[0,0,0]}}},{"condition":"q.block_state('minecraft:cardinal_direction') == 'east'","components":{"minecraft:transformation":{"rotation":[0,90,0]}}},{"condition":"q.block_state('minecraft:cardinal_direction') == 'west'","components":{"minecraft:transformation":{"rotation":[0,-90,0]}}},{"condition":"!q.block_state('md:on')","components":{"minecraft:material_instances":{"1":{"texture":"pc_setup_1_mdnext","render_method":"opaque"},"2":{"texture":"pc_setup_1_off_mdnext","render_method":"opaque"},"*":{"texture":"metal_dark_md","render_method":"opaque"}}}},{"condition":"q.block_state('md:on')","components":{"minecraft:material_instances":{"1":{"texture":"pc_setup_1_mdnext","render_method":"opaque"},"2":{"texture":"pc_setup_1_mdnext","render_method":"opaque","ambient_occlusion":false,"face_dimming":false},"*":{"texture":"metal_dark_md","render_method":"opaque"}},"minecraft:light_emission":15}}],"components":{"tag:pc_setup_3_blue_mdnext":{},"minecraft:geometry":"geometry.pc_setup_3_mdnext","minecraft:collision_box":{"origin":[-8,0,0],"size":[16,16,8]},"minecraft:selection_box":{"origin":[-8,0,0],"size":[16,16,8]},"minecraft:light_dampening":0,"minecraft:light_emission":0,"minecraft:custom_components":["md:interactive_0"]}}}