{"format_version":"1.21.20","minecraft:block":{"description":{"identifier":"mdnext:pillar_3_brown_mdnext","menu_category":{"category":"items","group":"itemGroup.name.mdnext"},"traits":{"minecraft:placement_direction":{"enabled_states":["minecraft:cardinal_direction"]}},"states":{"md:top":[0,1],"md:bottom":[0,1]}},"permutations":[{"condition":"q.block_state('minecraft:cardinal_direction') == 'north'","components":{"minecraft:transformation":{"rotation":[0,180,0]}}},{"condition":"q.block_state('minecraft:cardinal_direction') == 'south'","components":{"minecraft:transformation":{"rotation":[0,0,0]}}},{"condition":"q.block_state('minecraft:cardinal_direction') == 'east'","components":{"minecraft:transformation":{"rotation":[0,90,0]}}},{"condition":"q.block_state('minecraft:cardinal_direction') == 'west'","components":{"minecraft:transformation":{"rotation":[0,-90,0]}}},{"condition":"(q.block_state('md:bottom') && !q.block_state('md:top'))","components":{"minecraft:geometry":{"identifier":"geometry.pillar_3_mdnext","bone_visibility":{"bottom":false,"middle":true,"top":true}}}},{"condition":"(q.block_state('md:bottom') && q.block_state('md:top'))","components":{"minecraft:geometry":{"identifier":"geometry.pillar_3_mdnext","bone_visibility":{"bottom":false,"middle":true,"top":false}}}},{"condition":"(!q.block_state('md:bottom') && q.block_state('md:top'))","components":{"minecraft:geometry":{"identifier":"geometry.pillar_3_mdnext","bone_visibility":{"bottom":true,"middle":true,"top":false}}}}],"components":{"tag:pillar_3_brown_mdnext":{},"minecraft:geometry":{"identifier":"geometry.pillar_3_mdnext","bone_visibility":{"bottom":true,"middle":true,"top":true}},"minecraft:material_instances":{"*":{"texture":"wood_brown_md","render_method":"opaque"}},"minecraft:collision_box":{"origin":[-4,0,-4],"size":[8,16,8]},"minecraft:selection_box":{"origin":[-4,0,-4],"size":[8,16,8]},"minecraft:light_dampening":0,"minecraft:light_emission":0,"minecraft:custom_components":["md:vertical_connected","md:vertical_destroy"]}}}