{"format_version":"1.21.20","minecraft:block":{"description":{"identifier":"mdnext:plate_setup_1_mdnext","menu_category":{"category":"items","group":"itemGroup.name.kitchen"},"traits":{"minecraft:placement_direction":{"enabled_states":["minecraft:cardinal_direction"]}}},"permutations":[{"condition":"q.block_state('minecraft:cardinal_direction') == 'north'","components":{"minecraft:transformation":{"rotation":[0,180,0]}}},{"condition":"q.block_state('minecraft:cardinal_direction') == 'south'","components":{"minecraft:transformation":{"rotation":[0,0,0]}}},{"condition":"q.block_state('minecraft:cardinal_direction') == 'east'","components":{"minecraft:transformation":{"rotation":[0,90,0]}}},{"condition":"q.block_state('minecraft:cardinal_direction') == 'west'","components":{"minecraft:transformation":{"rotation":[0,-90,0]}}}],"components":{"tag:plate_setup_1_mdnext":{},"minecraft:geometry":"geometry.plate_setup_1_mdnext","minecraft:material_instances":{"*":{"texture":"metal_gray_md","render_method":"opaque"},"1":{"texture":"concrete_white_md","render_method":"opaque"}},"minecraft:collision_box":{"origin":[-8,0,-8],"size":[0,0,0]},"minecraft:selection_box":{"origin":[-8,0,-5.5],"size":[16,2,11]},"minecraft:light_dampening":0,"minecraft:light_emission":0}}}