{"format_version":"1.21.20","minecraft:block":{"description":{"identifier":"mdnext:radiator_1_silver_mdnext","menu_category":{"category":"items","group":"itemGroup.name.mechanic"},"traits":{"minecraft:placement_direction":{"enabled_states":["minecraft:cardinal_direction"]}}},"permutations":[{"condition":"q.block_state('minecraft:cardinal_direction') == 'north'","components":{"minecraft:transformation":{"rotation":[0,180,0]}}},{"condition":"q.block_state('minecraft:cardinal_direction') == 'south'","components":{"minecraft:transformation":{"rotation":[0,0,0]}}},{"condition":"q.block_state('minecraft:cardinal_direction') == 'east'","components":{"minecraft:transformation":{"rotation":[0,90,0]}}},{"condition":"q.block_state('minecraft:cardinal_direction') == 'west'","components":{"minecraft:transformation":{"rotation":[0,-90,0]}}}],"components":{"tag:radiator_1_silver_mdnext":{},"minecraft:geometry":"geometry.radiator_1_mdnext","minecraft:material_instances":{"*":{"texture":"metal_white_md","render_method":"opaque"}},"minecraft:collision_box":{"origin":[-8,0,4],"size":[16,16,4]},"minecraft:selection_box":{"origin":[-8,0,4],"size":[16,16,4]},"minecraft:light_dampening":0,"minecraft:light_emission":0}}}