{"format_version":"1.21.20","minecraft:block":{"description":{"identifier":"mdnext:sewing_machine_mdnext","menu_category":{"category":"items","group":"itemGroup.name.fashion"},"traits":{"minecraft:placement_direction":{"enabled_states":["minecraft:cardinal_direction"]}}},"permutations":[{"condition":"q.block_state('minecraft:cardinal_direction') == 'north'","components":{"minecraft:transformation":{"rotation":[0,180,0]}}},{"condition":"q.block_state('minecraft:cardinal_direction') == 'south'","components":{"minecraft:transformation":{"rotation":[0,0,0]}}},{"condition":"q.block_state('minecraft:cardinal_direction') == 'east'","components":{"minecraft:transformation":{"rotation":[0,90,0]}}},{"condition":"q.block_state('minecraft:cardinal_direction') == 'west'","components":{"minecraft:transformation":{"rotation":[0,-90,0]}}}],"components":{"tag:sewing_machine_mdnext":{},"minecraft:geometry":"geometry.sewing_machine_mdnext","minecraft:material_instances":{"*":{"texture":"metal_white_md","render_method":"opaque"},"1":{"texture":"metal_dark_md","render_method":"opaque"}},"minecraft:collision_box":{"origin":[-8,0,-4],"size":[16,9,8]},"minecraft:selection_box":{"origin":[-8,0,-4],"size":[16,9,8]},"minecraft:light_dampening":0,"minecraft:light_emission":0}}}