{"format_version":"1.21.20","minecraft:block":{"description":{"identifier":"mdnext:sign_2_dark_mdnext","menu_category":{"category":"items","group":"itemGroup.name.alphabet"},"traits":{"minecraft:placement_direction":{"enabled_states":["minecraft:cardinal_direction"]}}},"permutations":[{"condition":"q.block_state('minecraft:cardinal_direction') == 'north'","components":{"minecraft:transformation":{"rotation":[0,180,0]}}},{"condition":"q.block_state('minecraft:cardinal_direction') == 'south'","components":{"minecraft:transformation":{"rotation":[0,0,0]}}},{"condition":"q.block_state('minecraft:cardinal_direction') == 'east'","components":{"minecraft:transformation":{"rotation":[0,90,0]}}},{"condition":"q.block_state('minecraft:cardinal_direction') == 'west'","components":{"minecraft:transformation":{"rotation":[0,-90,0]}}}],"components":{"tag:sign_2_dark_mdnext":{},"minecraft:geometry":"geometry.sign_2_mdnext","minecraft:material_instances":{"*":{"texture":"concrete_black_md","render_method":"opaque"}},"minecraft:collision_box":{"origin":[-7.5,0,6],"size":[15,16,2]},"minecraft:selection_box":{"origin":[-7.5,0,6],"size":[15,16,2]},"minecraft:light_dampening":0,"minecraft:light_emission":0}}}