{"format_version":"1.21.20","minecraft:block":{"description":{"identifier":"mdnext:sink_1_mdnext","menu_category":{"category":"items","group":"itemGroup.name.kitchen"},"traits":{"minecraft:placement_direction":{"enabled_states":["minecraft:cardinal_direction"]}},"states":{"md:on":[false,true]}},"permutations":[{"condition":"q.block_state('minecraft:cardinal_direction') == 'north'","components":{"minecraft:transformation":{"rotation":[0,180,0]}}},{"condition":"q.block_state('minecraft:cardinal_direction') == 'south'","components":{"minecraft:transformation":{"rotation":[0,0,0]}}},{"condition":"q.block_state('minecraft:cardinal_direction') == 'east'","components":{"minecraft:transformation":{"rotation":[0,90,0]}}},{"condition":"q.block_state('minecraft:cardinal_direction') == 'west'","components":{"minecraft:transformation":{"rotation":[0,-90,0]}}},{"condition":"!q.block_state('md:on')","components":{"minecraft:geometry":{"identifier":"geometry.sink_1_mdnext","bone_visibility":{"1":false,"main":true}},"minecraft:collision_box":{"origin":[-8,0,-8],"size":[16,16,16]},"minecraft:selection_box":{"origin":[-8,0,-8],"size":[16,16,16]}}},{"condition":"q.block_state('md:on')","components":{"minecraft:geometry":{"identifier":"geometry.sink_1_mdnext","bone_visibility":{"1":true,"main":true}},"minecraft:collision_box":{"origin":[-8,0,-8],"size":[16,16,16]},"minecraft:selection_box":{"origin":[-8,0,-8],"size":[16,16,16]}}}],"components":{"tag:sink_1_mdnext":{},"minecraft:geometry":"geometry.sink_1_mdnext","minecraft:material_instances":{"1":{"texture":"water_md","render_method":"opaque"},"2":{"texture":"concrete_gray_md","render_method":"opaque"},"*":{"texture":"metal_dark_md","render_method":"opaque"}},"minecraft:light_dampening":0,"minecraft:light_emission":0,"minecraft:custom_components":["md:interactive_0"]}}}