{"format_version":"1.21.20","minecraft:block":{"description":{"identifier":"mdnext:sneakers_box_3_mdnext","menu_category":{"category":"items","group":"itemGroup.name.fashion"},"traits":{"minecraft:placement_direction":{"enabled_states":["minecraft:cardinal_direction"]}},"states":{"md:rotate":[0,1,2]}},"permutations":[{"condition":"q.block_state('md:rotate') == 0","components":{"minecraft:geometry":{"identifier":"geometry.sneakers_box_mdnext","bone_visibility":{"main":true,"c1":false,"in":false}},"minecraft:collision_box":{"origin":[-7.5,0,-5.5],"size":[15,8,11]},"minecraft:selection_box":{"origin":[-7.5,0,-5.5],"size":[15,8,11]}}},{"condition":"q.block_state('md:rotate') == 1","components":{"minecraft:geometry":{"identifier":"geometry.sneakers_box_mdnext","bone_visibility":{"main":true,"c1":true,"in":false}},"minecraft:collision_box":{"origin":[-7.5,0,-5.5],"size":[15,16,11]},"minecraft:selection_box":{"origin":[-7.5,0,-5.5],"size":[15,16,11]}}},{"condition":"q.block_state('md:rotate') == 2","components":{"minecraft:geometry":{"identifier":"geometry.sneakers_box_mdnext","bone_visibility":{"main":false,"c1":false,"in":true}},"minecraft:collision_box":{"origin":[-8,0,-8],"size":[0,0,0]},"minecraft:selection_box":{"origin":[-8,0,6],"size":[16,16,2]}}},{"condition":"q.block_state('minecraft:cardinal_direction') == 'north'","components":{"minecraft:transformation":{"rotation":[0,180,0]}}},{"condition":"q.block_state('minecraft:cardinal_direction') == 'south'","components":{"minecraft:transformation":{"rotation":[0,0,0]}}},{"condition":"q.block_state('minecraft:cardinal_direction') == 'east'","components":{"minecraft:transformation":{"rotation":[0,90,0]}}},{"condition":"q.block_state('minecraft:cardinal_direction') == 'west'","components":{"minecraft:transformation":{"rotation":[0,-90,0]}}}],"components":{"tag:sneakers_box_3_mdnext":{},"minecraft:geometry":"geometry.sneakers_box_mdnext","minecraft:material_instances":{"*":{"texture":"sneakers_box_3_mdnext","render_method":"opaque"}},"minecraft:light_dampening":0,"minecraft:light_emission":0,"minecraft:custom_components":["md:rotate"]}}  }