{"format_version":"1.21.20","minecraft:block":{"description":{"identifier":"mdnext:stairs_modern_1_white_mdnext","menu_category":{"category":"items","group":"itemGroup.name.stairs_modern"},"traits":{"minecraft:placement_direction":{"enabled_states":["minecraft:cardinal_direction"]}}},"permutations":[{"condition":"q.block_state('minecraft:cardinal_direction') == 'north'","components":{"minecraft:transformation":{"rotation":[0,180,0]}}},{"condition":"q.block_state('minecraft:cardinal_direction') == 'south'","components":{"minecraft:transformation":{"rotation":[0,0,0]}}},{"condition":"q.block_state('minecraft:cardinal_direction') == 'east'","components":{"minecraft:transformation":{"rotation":[0,90,0]}}},{"condition":"q.block_state('minecraft:cardinal_direction') == 'west'","components":{"minecraft:transformation":{"rotation":[0,-90,0]}}}],"components":{"tag:stairs_modern_1_white_mdnext":{},"minecraft:geometry":"geometry.stairs_modern_1_mdnext","minecraft:material_instances":{"1":{"texture":"concrete_white_md","render_method":"opaque"},"*":{"texture":"wood_white_md","render_method":"opaque"}},"minecraft:collision_box":{"origin":[-8,0,-8],"size":[16,8,16]},"minecraft:selection_box":{"origin":[-8,0,-8],"size":[16,16,16]},"minecraft:light_dampening":0,"minecraft:light_emission":0}}}