{"format_version":"1.21.20","minecraft:block":{"description":{"identifier":"mdnext:telephone_wall_1_dark_mdnext","menu_category":{"category":"items","group":"itemGroup.name.telephone"},"traits":{"minecraft:placement_direction":{"enabled_states":["minecraft:cardinal_direction"]}}},"permutations":[{"condition":"q.block_state('minecraft:cardinal_direction') == 'north'","components":{"minecraft:transformation":{"rotation":[0,180,0]}}},{"condition":"q.block_state('minecraft:cardinal_direction') == 'south'","components":{"minecraft:transformation":{"rotation":[0,0,0]}}},{"condition":"q.block_state('minecraft:cardinal_direction') == 'east'","components":{"minecraft:transformation":{"rotation":[0,90,0]}}},{"condition":"q.block_state('minecraft:cardinal_direction') == 'west'","components":{"minecraft:transformation":{"rotation":[0,-90,0]}}}],"components":{"tag:telephone_wall_1_dark_mdnext":{},"minecraft:geometry":"geometry.telephone_wall_1_mdnext","minecraft:material_instances":{"*":{"texture":"telephone_gray","render_method":"alpha_test"}},"minecraft:collision_box":{"origin":[-6.5,0,2],"size":[13,13,6]},"minecraft:selection_box":{"origin":[-6.5,0,2],"size":[13,13,6]},"minecraft:light_dampening":0,"minecraft:light_emission":3}}}