{"format_version":"1.21.20","minecraft:block":{"description":{"identifier":"mdnext:toilet_suction_1_brown_mdnext","menu_category":{"category":"items","group":"itemGroup.name.toilet"},"traits":{"minecraft:placement_direction":{"enabled_states":["minecraft:cardinal_direction"]}}},"permutations":[{"condition":"q.block_state('minecraft:cardinal_direction') == 'north'","components":{"minecraft:transformation":{"rotation":[0,180,0]}}},{"condition":"q.block_state('minecraft:cardinal_direction') == 'south'","components":{"minecraft:transformation":{"rotation":[0,0,0]}}},{"condition":"q.block_state('minecraft:cardinal_direction') == 'east'","components":{"minecraft:transformation":{"rotation":[0,90,0]}}},{"condition":"q.block_state('minecraft:cardinal_direction') == 'west'","components":{"minecraft:transformation":{"rotation":[0,-90,0]}}}],"components":{"tag:toilet_suction_1_brown_mdnext":{},"minecraft:geometry":"geometry.toilet_suction_1_mdnext","minecraft:material_instances":{"1":{"texture":"wood_white_md","render_method":"opaque"},"*":{"texture":"concrete_brown_md","render_method":"opaque"}},"minecraft:collision_box":{"origin":[-3,0,-3],"size":[6,16,6]},"minecraft:selection_box":{"origin":[-3,0,-3],"size":[6,16,6]},"minecraft:light_dampening":0,"minecraft:light_emission":0}}}