{"format_version":"1.21.20","minecraft:block":{"description":{"identifier":"mdnext:toilet_faucet_1_mdnext","menu_category":{"category":"items","group":"itemGroup.name.toilet"},"traits":{"minecraft:placement_direction":{"enabled_states":["minecraft:cardinal_direction"]}},"states":{"md:rotate":[0,1,2]}},"permutations":[{"condition":"q.block_state('md:rotate') == 0","components":{"minecraft:geometry":{"identifier":"geometry.toilet_faucet_1_mdnext","bone_visibility":{"1":false,"2":false,"main":true}},"minecraft:collision_box":{"origin":[-2,0,4],"size":[4,13,4]},"minecraft:selection_box":{"origin":[-2,0,4],"size":[4,13,4]}}},{"condition":"q.block_state('md:rotate') == 1","components":{"minecraft:geometry":{"identifier":"geometry.toilet_faucet_1_mdnext","bone_visibility":{"1":true,"2":false,"main":false}},"minecraft:collision_box":{"origin":[-8,0,4],"size":[4,13,4]},"minecraft:selection_box":{"origin":[-8,0,4],"size":[4,13,4]}}},{"condition":"q.block_state('md:rotate') == 2","components":{"minecraft:geometry":{"identifier":"geometry.toilet_faucet_1_mdnext","bone_visibility":{"1":false,"2":true,"main":false}},"minecraft:collision_box":{"origin":[4,0,4],"size":[4,13,4]},"minecraft:selection_box":{"origin":[4,0,4],"size":[4,13,4]}}},{"condition":"q.block_state('minecraft:cardinal_direction') == 'north'","components":{"minecraft:transformation":{"rotation":[0,180,0]}}},{"condition":"q.block_state('minecraft:cardinal_direction') == 'south'","components":{"minecraft:transformation":{"rotation":[0,0,0]}}},{"condition":"q.block_state('minecraft:cardinal_direction') == 'east'","components":{"minecraft:transformation":{"rotation":[0,90,0]}}},{"condition":"q.block_state('minecraft:cardinal_direction') == 'west'","components":{"minecraft:transformation":{"rotation":[0,-90,0]}}}],"components":{"tag:toilet_faucet_1_mdnext":{},"minecraft:geometry":"geometry.toilet_faucet_1_mdnext","minecraft:material_instances":{"*":{"texture":"metal_white_md","render_method":"opaque"},"1":{"texture":"metal_gray_md","render_method":"opaque"}},"minecraft:light_dampening":0,"minecraft:light_emission":0,"minecraft:custom_components":["md:rotate"]}}}