{"format_version":"1.21.20","minecraft:block":{"description":{"identifier":"mdnext:touchscreen_menu_mdnext","menu_category":{"category":"items","group":"itemGroup.name.display"},"traits":{"minecraft:placement_direction":{"enabled_states":["minecraft:cardinal_direction"]}},"states":{"md:top":[0,1],"md:bottom":[0,1]}},"permutations":[{"condition":"q.block_state('minecraft:cardinal_direction') == 'north'","components":{"minecraft:transformation":{"rotation":[0,180,0]}}},{"condition":"q.block_state('minecraft:cardinal_direction') == 'south'","components":{"minecraft:transformation":{"rotation":[0,0,0]}}},{"condition":"q.block_state('minecraft:cardinal_direction') == 'east'","components":{"minecraft:transformation":{"rotation":[0,90,0]}}},{"condition":"q.block_state('minecraft:cardinal_direction') == 'west'","components":{"minecraft:transformation":{"rotation":[0,-90,0]}}},{"condition":"(q.block_state('md:bottom') && !q.block_state('md:top'))","components":{"minecraft:geometry":{"identifier":"geometry.touchscreen_menu_mdnext","bone_visibility":{"bottom":false,"top":true}}}},{"condition":"(q.block_state('md:bottom') && q.block_state('md:top'))","components":{"minecraft:geometry":{"identifier":"geometry.touchscreen_menu_mdnext","bone_visibility":{"bottom":true,"top":false}}}},{"condition":"(!q.block_state('md:bottom') && q.block_state('md:top'))","components":{"minecraft:geometry":{"identifier":"geometry.touchscreen_menu_mdnext","bone_visibility":{"bottom":true,"top":false}}}}],"components":{"tag:touchscreen_menu_mdnext":{},"minecraft:geometry":{"identifier":"geometry.touchscreen_menu_mdnext","bone_visibility":{"bottom":true,"top":false}},"minecraft:material_instances":{"*":{"texture":"metal_white_md","render_method":"opaque"},"1":{"texture":"touchscreen_menu_mdnext","render_method":"opaque"}},"minecraft:collision_box":{"origin":[-8,0,-4.5],"size":[16,16,9]},"minecraft:selection_box":{"origin":[-8,0,-4.5],"size":[16,16,9]},"minecraft:light_dampening":0,"minecraft:light_emission":0,"minecraft:custom_components":["md:vertical_connected","md:vertical_destroy"]}}}