{"format_version":"1.21.20","minecraft:block":{"description":{"identifier":"mdnext:traffic_blockage_mdnext","menu_category":{"category":"items","group":"itemGroup.name.traffic"},"traits":{"minecraft:placement_direction":{"enabled_states":["minecraft:cardinal_direction"]}},"states":{"md:north_neighbor":[0,1],"md:east_neighbor":[0,1],"md:south_neighbor":[0,1],"md:west_neighbor":[0,1]}},"permutations":[{"condition":"q.block_state('minecraft:cardinal_direction') == 'north'","components":{"minecraft:transformation":{"rotation":[0,180,0]}}},{"condition":"q.block_state('minecraft:cardinal_direction') == 'south'","components":{"minecraft:transformation":{"rotation":[0,0,0]}}},{"condition":"q.block_state('minecraft:cardinal_direction') == 'east'","components":{"minecraft:transformation":{"rotation":[0,90,0]}}},{"condition":"q.block_state('minecraft:cardinal_direction') == 'west'","components":{"minecraft:transformation":{"rotation":[0,-90,0]}}},{"condition":"(query.block_state('minecraft:cardinal_direction') == 'north' && query.block_state('md:east_neighbor') && !query.block_state('md:west_neighbor')) || (query.block_state('minecraft:cardinal_direction') == 'south' && query.block_state('md:west_neighbor') && !query.block_state('md:east_neighbor')) || (query.block_state('minecraft:cardinal_direction') == 'west' && query.block_state('md:north_neighbor') && !query.block_state('md:south_neighbor')) || (query.block_state('minecraft:cardinal_direction') == 'east' && query.block_state('md:south_neighbor') && !query.block_state('md:north_neighbor'))","components":{"minecraft:geometry":{"identifier":"geometry.traffic_blockage_mdnext","bone_visibility":{"left":true,"middle":true,"right":false}}}},{"condition":"(query.block_state('minecraft:cardinal_direction') == 'north' || query.block_state('minecraft:cardinal_direction') == 'south') && (query.block_state('md:east_neighbor') && query.block_state('md:west_neighbor')) || (query.block_state('minecraft:cardinal_direction') == 'west' || query.block_state('minecraft:cardinal_direction') == 'east') && (query.block_state('md:north_neighbor') && query.block_state('md:south_neighbor'))","components":{"minecraft:geometry":{"identifier":"geometry.traffic_blockage_mdnext","bone_visibility":{"left":false,"middle":true,"right":false}}}},{"condition":"(query.block_state('minecraft:cardinal_direction') == 'north' && query.block_state('md:west_neighbor') && !query.block_state('md:east_neighbor')) || (query.block_state('minecraft:cardinal_direction') == 'south' && query.block_state('md:east_neighbor') && !query.block_state('md:west_neighbor')) || (query.block_state('minecraft:cardinal_direction') == 'west' && query.block_state('md:south_neighbor') && !query.block_state('md:north_neighbor')) || (query.block_state('minecraft:cardinal_direction') == 'east' && query.block_state('md:north_neighbor') && !query.block_state('md:south_neighbor'))","components":{"minecraft:geometry":{"identifier":"geometry.traffic_blockage_mdnext","bone_visibility":{"left":false,"middle":true,"right":true}}}}],"components":{"tag:traffic_blockage_mdnext":{},"minecraft:geometry":{"identifier":"geometry.traffic_blockage_mdnext","bone_visibility":{"left":true,"middle":true,"right":true}},"minecraft:material_instances":{"*":{"texture":"metal_gray_rusted_md","render_method":"opaque"},"1":{"texture":"traffic_blockage_mdnext","render_method":"opaque"},"2":{"texture":"metal_gold_md","render_method":"opaque"}},"minecraft:collision_box":{"origin":[-8,0,-4.5],"size":[16,16,9]},"minecraft:selection_box":{"origin":[-8,0,-4.5],"size":[16,16,9]},"minecraft:light_dampening":0,"minecraft:light_emission":3,"minecraft:custom_components":["md:horizontal_full_connected","md:horizontal_full_destroy"]}}}