{"format_version":"1.21.20","minecraft:block":{"description":{"identifier":"mdnext:vending_machine_2_yellow_mdnext","menu_category":{"category":"items","group":"itemGroup.name.vending_machine"},"traits":{"minecraft:placement_direction":{"enabled_states":["minecraft:cardinal_direction"]}},"states":{"md:top":[0,1],"md:bottom":[0,1]}},"permutations":[{"condition":"q.block_state('minecraft:cardinal_direction') == 'north'","components":{"minecraft:transformation":{"rotation":[0,180,0]}}},{"condition":"q.block_state('minecraft:cardinal_direction') == 'south'","components":{"minecraft:transformation":{"rotation":[0,0,0]}}},{"condition":"q.block_state('minecraft:cardinal_direction') == 'east'","components":{"minecraft:transformation":{"rotation":[0,90,0]}}},{"condition":"q.block_state('minecraft:cardinal_direction') == 'west'","components":{"minecraft:transformation":{"rotation":[0,-90,0]}}},{"condition":"(q.block_state('md:bottom') && !q.block_state('md:top'))","components":{"minecraft:geometry":{"identifier":"geometry.vending_machine_md3","bone_visibility":{"bottom":false,"middle":false,"top":true}}}},{"condition":"(q.block_state('md:bottom') && q.block_state('md:top'))","components":{"minecraft:geometry":{"identifier":"geometry.vending_machine_md3","bone_visibility":{"bottom":false,"middle":true,"top":false}}}},{"condition":"(!q.block_state('md:bottom') && q.block_state('md:top'))","components":{"minecraft:geometry":{"identifier":"geometry.vending_machine_md3","bone_visibility":{"bottom":true,"middle":false,"top":false}}}}],"components":{"tag:vending_machine_2_yellow_mdnext":{},"minecraft:geometry":{"identifier":"geometry.vending_machine_md3","bone_visibility":{"bottom":false,"middle":false,"top":true}},"minecraft:material_instances":{"1":{"texture":"vending_machine_2_white","render_method":"opaque"},"*":{"texture":"concrete_white_md","render_method":"opaque"}},"minecraft:collision_box":{"origin":[-8,0,-8],"size":[16,16,16]},"minecraft:selection_box":{"origin":[-8,0,-8],"size":[16,16,16]},"minecraft:light_dampening":0,"minecraft:light_emission":8,"minecraft:custom_components":["md:vertical_connected","md:vertical_destroy"]}}}