{"format_version":"1.21.20","minecraft:block":{"description":{"identifier":"mdnext:ventilation_mdnext","menu_category":{"category":"items","group":"itemGroup.name.fan"},"traits":{"minecraft:placement_direction":{"enabled_states":["minecraft:cardinal_direction"]}}},"permutations":[{"condition":"q.block_state('minecraft:cardinal_direction') == 'north'","components":{"minecraft:transformation":{"rotation":[0,180,0]}}},{"condition":"q.block_state('minecraft:cardinal_direction') == 'south'","components":{"minecraft:transformation":{"rotation":[0,0,0]}}},{"condition":"q.block_state('minecraft:cardinal_direction') == 'east'","components":{"minecraft:transformation":{"rotation":[0,90,0]}}},{"condition":"q.block_state('minecraft:cardinal_direction') == 'west'","components":{"minecraft:transformation":{"rotation":[0,-90,0]}}}],"components":{"tag:ventilation_mdnext":{},"minecraft:geometry":"geometry.ventilation_mdnext","minecraft:material_instances":{"*":{"texture":"metal_dark_rusted_md","render_method":"alpha_test"},"1":{"texture":"metal_white_md","render_method":"alpha_test"}},"minecraft:collision_box":{"origin":[-8,0,-8],"size":[16,16,16]},"minecraft:selection_box":{"origin":[-8,0,-8],"size":[16,16,16]},"minecraft:light_dampening":0,"minecraft:light_emission":0}}}