{"format_version":"1.21.20","minecraft:block":{"description":{"identifier":"mdnext:shelf_wall_board_1_white_mdnext","menu_category":{"category":"items","group":"itemGroup.name.shelf_wall"},"traits":{"minecraft:placement_direction":{"enabled_states":["minecraft:cardinal_direction"]}}},"permutations":[{"condition":"q.block_state('minecraft:cardinal_direction') == 'north'","components":{"minecraft:transformation":{"rotation":[0,180,0]}}},{"condition":"q.block_state('minecraft:cardinal_direction') == 'south'","components":{"minecraft:transformation":{"rotation":[0,0,0]}}},{"condition":"q.block_state('minecraft:cardinal_direction') == 'east'","components":{"minecraft:transformation":{"rotation":[0,90,0]}}},{"condition":"q.block_state('minecraft:cardinal_direction') == 'west'","components":{"minecraft:transformation":{"rotation":[0,-90,0]}}}],"components":{"tag:shelf_wall_board_1_white_mdnext":{},"minecraft:geometry":"geometry.wall_shelf_board_1_mdnext","minecraft:material_instances":{"1":{"texture":"pc_office_md2","render_method":"alpha_test"},"2":{"texture":"metal_white_md","render_method":"alpha_test"},"*":{"texture":"wall_shelf_board_1_white","render_method":"alpha_test"}},"minecraft:collision_box":{"origin":[-8,0,2],"size":[16,12,6]},"minecraft:selection_box":{"origin":[-8,0,2],"size":[16,12,6]},"minecraft:light_dampening":0,"minecraft:light_emission":0}}}