{"format_version":"1.21.20","minecraft:block":{"description":{"identifier":"mdnext:water_heater_1_mdnext","menu_category":{"category":"items","group":"itemGroup.name.toilet"},"traits":{"minecraft:placement_direction":{"enabled_states":["minecraft:cardinal_direction"]}}},"permutations":[{"condition":"q.block_state('minecraft:cardinal_direction') == 'north'","components":{"minecraft:transformation":{"rotation":[0,180,0]}}},{"condition":"q.block_state('minecraft:cardinal_direction') == 'south'","components":{"minecraft:transformation":{"rotation":[0,0,0]}}},{"condition":"q.block_state('minecraft:cardinal_direction') == 'east'","components":{"minecraft:transformation":{"rotation":[0,90,0]}}},{"condition":"q.block_state('minecraft:cardinal_direction') == 'west'","components":{"minecraft:transformation":{"rotation":[0,-90,0]}}}],"components":{"tag:water_heater_1_mdnext":{},"minecraft:geometry":"geometry.water_heater_1_mdnext","minecraft:material_instances":{"1":{"texture":"water_heater_1_mdnext","render_method":"opaque"},"2":{"texture":"metal_white_md","render_method":"opaque"},"*":{"texture":"metal_dark_md","render_method":"opaque"}},"minecraft:collision_box":{"origin":[-8,0,4],"size":[16,16,4]},"minecraft:selection_box":{"origin":[-8,0,4],"size":[16,16,4]},"minecraft:light_dampening":0,"minecraft:light_emission":6}}}