{"format_version":"1.21.20","minecraft:block":{"description":{"identifier":"mdnext:wheel_chair_mdnext","menu_category":{"category":"items","group":"itemGroup.name.chair"},"traits":{"minecraft:placement_direction":{"enabled_states":["minecraft:cardinal_direction"]}}},"permutations":[{"condition":"q.block_state('minecraft:cardinal_direction') == 'north'","components":{"minecraft:transformation":{"rotation":[0,180,0]}}},{"condition":"q.block_state('minecraft:cardinal_direction') == 'east'","components":{"minecraft:transformation":{"rotation":[0,90,0]}}},{"condition":"q.block_state('minecraft:cardinal_direction') == 'west'","components":{"minecraft:transformation":{"rotation":[0,-90,0]}}},{"condition":"q.block_state('minecraft:cardinal_direction') == 'south'","components":{"minecraft:transformation":{"rotation":[0,0,0]}}}],"components":{"tag:wheel_chair_mdnext":{},"minecraft:geometry":{"identifier":"geometry.wheel_chair_mdnext"},"minecraft:material_instances":{"1":{"texture":"fabric_gray_md","render_method":"opaque"},"2":{"texture":"metal_white_md","render_method":"opaque"},"*":{"texture":"metal_dark_md","render_method":"opaque"}},"minecraft:collision_box":{"origin":[-8,0,-8],"size":[16,10,16]},"minecraft:selection_box":{"origin":[-8,0,-8],"size":[16,16,16]},"minecraft:light_dampening":0,"minecraft:light_emission":0,"minecraft:custom_components":["md:sit"]}}}