{"format_version":"1.21.20","minecraft:block":{"description":{"identifier":"mdnext:wine_bottle_3_mdnext","menu_category":{"category":"items","group":"itemGroup.name.display"},"traits":{"minecraft:placement_direction":{"enabled_states":["minecraft:cardinal_direction"]}}},"permutations":[{"condition":"q.block_state('minecraft:cardinal_direction') == 'north'","components":{"minecraft:transformation":{"rotation":[0,180,0]}}},{"condition":"q.block_state('minecraft:cardinal_direction') == 'south'","components":{"minecraft:transformation":{"rotation":[0,0,0]}}},{"condition":"q.block_state('minecraft:cardinal_direction') == 'east'","components":{"minecraft:transformation":{"rotation":[0,90,0]}}},{"condition":"q.block_state('minecraft:cardinal_direction') == 'west'","components":{"minecraft:transformation":{"rotation":[0,-90,0]}}}],"components":{"tag:wine_bottle_3_mdnext":{},"minecraft:geometry":"geometry.wine_bottle_3_mdnext","minecraft:material_instances":{"*":{"texture":"wine_1","render_method":"opaque"},"1":{"texture":"metal_dark_md","render_method":"opaque"}},"minecraft:collision_box":{"origin":[-8,0,-2],"size":[16,16,10]},"minecraft:selection_box":{"origin":[-8,0,-2],"size":[16,16,10]},"minecraft:light_dampening":0,"minecraft:light_emission":0}}}